{
    "(374, 236)": [
        "(804, 986)",
        "(830, 768)",
        "(246, 22)",
        "(146, 362)",
        "(769, 988)",
        "(727, 923)",
        "(293, 404)",
        "(351, 915)",
        "(583, 541)",
        "(745, 502)",
        "(575, 941)",
        "(658, 678)",
        "(992, 448)",
        "(473, 376)",
        "(792, 101)",
        "(737, 496)",
        "(249, 797)",
        "(119, 430)",
        "(345, 341)",
        "(400, 248)"
    ],
    "(164, 601)": [
        "(549, 834)",
        "(273, 945)",
        "(152, 976)",
        "(400, 248)",
        "(745, 502)",
        "(989, 714)",
        "(575, 941)",
        "(351, 915)",
        "(178, 457)",
        "(801, 447)",
        "(293, 404)",
        "(583, 541)",
        "(792, 101)",
        "(28, 961)",
        "(146, 362)"
    ],
    "(745, 502)": [
        "(246, 22)",
        "(244, 730)",
        "(298, 370)",
        "(727, 923)",
        "(164, 601)",
        "(374, 236)",
        "(804, 986)",
        "(149, 600)",
        "(658, 678)",
        "(549, 834)",
        "(152, 905)",
        "(301, 552)",
        "(769, 988)",
        "(473, 459)",
        "(830, 768)",
        "(787, 834)"
    ],
    "(991, 31)": [
        "(792, 101)",
        "(680, 930)",
        "(328, 962)",
        "(265, 551)",
        "(246, 22)",
        "(90, 73)",
        "(473, 459)",
        "(787, 834)",
        "(140, 693)",
        "(493, 71)",
        "(473, 376)",
        "(737, 496)",
        "(249, 797)",
        "(119, 430)",
        "(132, 266)"
    ],
    "(146, 362)": [
        "(865, 344)",
        "(374, 236)",
        "(737, 496)",
        "(989, 714)",
        "(665, 538)",
        "(140, 693)",
        "(132, 266)",
        "(298, 317)",
        "(406, 259)",
        "(149, 600)",
        "(825, 505)",
        "(244, 730)",
        "(473, 459)",
        "(164, 601)",
        "(301, 552)",
        "(787, 834)",
        "(792, 101)",
        "(246, 22)",
        "(22, 425)"
    ],
    "(293, 404)": [
        "(672, 264)",
        "(473, 459)",
        "(992, 448)",
        "(178, 457)",
        "(374, 236)",
        "(402, 585)",
        "(708, 301)",
        "(164, 601)",
        "(244, 730)",
        "(801, 447)",
        "(727, 923)",
        "(452, 65)",
        "(301, 552)",
        "(935, 228)",
        "(989, 714)",
        "(537, 724)",
        "(265, 551)",
        "(639, 65)",
        "(28, 961)"
    ],
    "(149, 600)": [
        "(406, 259)",
        "(452, 65)",
        "(28, 961)",
        "(830, 768)",
        "(178, 457)",
        "(400, 248)",
        "(246, 22)",
        "(801, 447)",
        "(146, 362)",
        "(549, 834)",
        "(737, 496)",
        "(745, 502)",
        "(22, 425)",
        "(273, 945)",
        "(865, 344)",
        "(992, 448)",
        "(351, 915)",
        "(575, 941)",
        "(90, 73)",
        "(152, 905)",
        "(345, 341)",
        "(825, 505)"
    ],
    "(249, 797)": [
        "(493, 71)",
        "(244, 730)",
        "(830, 768)",
        "(300, 136)",
        "(769, 988)",
        "(537, 724)",
        "(140, 693)",
        "(737, 496)",
        "(672, 264)",
        "(400, 92)",
        "(406, 259)",
        "(152, 905)",
        "(549, 834)",
        "(658, 678)",
        "(28, 961)",
        "(991, 31)",
        "(680, 930)",
        "(374, 236)"
    ],
    "(152, 905)": [
        "(152, 976)",
        "(559, 699)",
        "(119, 430)",
        "(301, 552)",
        "(549, 834)",
        "(265, 551)",
        "(298, 317)",
        "(935, 228)",
        "(345, 341)",
        "(639, 65)",
        "(249, 797)",
        "(244, 730)",
        "(792, 101)",
        "(737, 496)",
        "(90, 73)",
        "(745, 502)",
        "(665, 538)",
        "(727, 923)",
        "(149, 600)",
        "(804, 986)",
        "(178, 457)"
    ],
    "(792, 101)": [
        "(991, 31)",
        "(90, 73)",
        "(830, 768)",
        "(473, 376)",
        "(658, 678)",
        "(639, 65)",
        "(374, 236)",
        "(164, 601)",
        "(152, 905)",
        "(178, 457)",
        "(801, 447)",
        "(222, 974)",
        "(680, 930)",
        "(583, 541)",
        "(146, 362)",
        "(944, 159)",
        "(500, 542)"
    ],
    "(28, 961)": [
        "(400, 248)",
        "(395, 124)",
        "(149, 600)",
        "(222, 974)",
        "(944, 159)",
        "(500, 542)",
        "(119, 430)",
        "(680, 930)",
        "(300, 136)",
        "(575, 941)",
        "(152, 976)",
        "(249, 797)",
        "(164, 601)",
        "(473, 459)",
        "(549, 834)",
        "(787, 834)",
        "(273, 945)",
        "(672, 264)",
        "(293, 404)"
    ],
    "(665, 538)": [
        "(452, 65)",
        "(992, 448)",
        "(769, 988)",
        "(146, 362)",
        "(804, 986)",
        "(265, 551)",
        "(559, 699)",
        "(575, 941)",
        "(400, 248)",
        "(140, 693)",
        "(549, 834)",
        "(345, 341)",
        "(737, 496)",
        "(152, 905)",
        "(473, 459)"
    ],
    "(244, 730)": [
        "(658, 678)",
        "(249, 797)",
        "(537, 724)",
        "(745, 502)",
        "(944, 159)",
        "(639, 65)",
        "(473, 459)",
        "(406, 259)",
        "(293, 404)",
        "(152, 905)",
        "(146, 362)",
        "(400, 248)",
        "(178, 457)",
        "(830, 768)"
    ],
    "(298, 317)": [
        "(672, 264)",
        "(473, 459)",
        "(22, 425)",
        "(935, 228)",
        "(537, 724)",
        "(146, 362)",
        "(178, 457)",
        "(222, 974)",
        "(152, 905)",
        "(402, 585)",
        "(737, 496)",
        "(246, 22)",
        "(639, 65)",
        "(69, 54)",
        "(273, 945)"
    ],
    "(273, 945)": [
        "(164, 601)",
        "(787, 834)",
        "(672, 264)",
        "(452, 65)",
        "(406, 259)",
        "(537, 724)",
        "(149, 600)",
        "(801, 447)",
        "(119, 430)",
        "(298, 317)",
        "(583, 541)",
        "(140, 693)",
        "(400, 248)",
        "(28, 961)",
        "(500, 542)"
    ],
    "(537, 724)": [
        "(244, 730)",
        "(249, 797)",
        "(639, 65)",
        "(500, 542)",
        "(452, 65)",
        "(298, 317)",
        "(273, 945)",
        "(865, 182)",
        "(787, 834)",
        "(395, 124)",
        "(293, 404)",
        "(559, 699)",
        "(865, 344)",
        "(549, 834)",
        "(300, 136)",
        "(132, 266)"
    ],
    "(119, 430)": [
        "(140, 693)",
        "(400, 248)",
        "(152, 905)",
        "(801, 447)",
        "(265, 551)",
        "(500, 542)",
        "(549, 834)",
        "(989, 714)",
        "(22, 425)",
        "(28, 961)",
        "(69, 54)",
        "(672, 264)",
        "(493, 71)",
        "(178, 457)",
        "(246, 22)",
        "(991, 31)",
        "(273, 945)",
        "(708, 301)",
        "(345, 341)",
        "(152, 976)",
        "(374, 236)"
    ],
    "(575, 941)": [
        "(865, 344)",
        "(935, 228)",
        "(665, 538)",
        "(493, 71)",
        "(500, 542)",
        "(680, 930)",
        "(164, 601)",
        "(374, 236)",
        "(727, 923)",
        "(28, 961)",
        "(265, 551)",
        "(989, 714)",
        "(583, 541)",
        "(298, 370)",
        "(149, 600)",
        "(473, 459)",
        "(559, 699)",
        "(406, 259)"
    ],
    "(222, 974)": [
        "(680, 930)",
        "(28, 961)",
        "(402, 585)",
        "(400, 248)",
        "(549, 834)",
        "(301, 552)",
        "(500, 542)",
        "(298, 317)",
        "(246, 22)",
        "(178, 457)",
        "(140, 693)",
        "(865, 344)",
        "(658, 678)",
        "(152, 976)",
        "(792, 101)",
        "(830, 768)",
        "(559, 699)"
    ],
    "(493, 71)": [
        "(249, 797)",
        "(737, 496)",
        "(298, 370)",
        "(500, 542)",
        "(575, 941)",
        "(769, 988)",
        "(119, 430)",
        "(801, 447)",
        "(301, 552)",
        "(69, 54)",
        "(727, 923)",
        "(991, 31)",
        "(246, 22)",
        "(559, 699)",
        "(178, 457)",
        "(351, 915)"
    ],
    "(787, 834)": [
        "(400, 248)",
        "(69, 54)",
        "(298, 370)",
        "(273, 945)",
        "(944, 159)",
        "(825, 505)",
        "(680, 930)",
        "(830, 768)",
        "(991, 31)",
        "(583, 541)",
        "(351, 915)",
        "(537, 724)",
        "(402, 585)",
        "(804, 986)",
        "(28, 961)",
        "(146, 362)",
        "(658, 678)",
        "(801, 447)",
        "(745, 502)"
    ],
    "(402, 585)": [
        "(222, 974)",
        "(992, 448)",
        "(473, 459)",
        "(298, 317)",
        "(293, 404)",
        "(301, 552)",
        "(787, 834)",
        "(265, 551)",
        "(298, 370)"
    ],
    "(140, 693)": [
        "(119, 430)",
        "(935, 228)",
        "(672, 264)",
        "(246, 22)",
        "(345, 341)",
        "(146, 362)",
        "(249, 797)",
        "(737, 496)",
        "(473, 376)",
        "(665, 538)",
        "(989, 714)",
        "(865, 344)",
        "(991, 31)",
        "(222, 974)",
        "(639, 65)",
        "(301, 552)",
        "(273, 945)",
        "(825, 505)",
        "(944, 159)",
        "(992, 448)",
        "(395, 124)"
    ],
    "(473, 376)": [
        "(473, 459)",
        "(658, 678)",
        "(792, 101)",
        "(140, 693)",
        "(639, 65)",
        "(452, 65)",
        "(301, 552)",
        "(769, 988)",
        "(374, 236)",
        "(549, 834)",
        "(351, 915)",
        "(991, 31)",
        "(400, 248)"
    ],
    "(865, 344)": [
        "(575, 941)",
        "(146, 362)",
        "(865, 182)",
        "(672, 264)",
        "(708, 301)",
        "(395, 124)",
        "(680, 930)",
        "(132, 266)",
        "(500, 542)",
        "(140, 693)",
        "(222, 974)",
        "(149, 600)",
        "(769, 988)",
        "(537, 724)"
    ],
    "(300, 136)": [
        "(989, 714)",
        "(737, 496)",
        "(249, 797)",
        "(708, 301)",
        "(549, 834)",
        "(28, 961)",
        "(865, 182)",
        "(351, 915)",
        "(132, 266)",
        "(152, 976)",
        "(825, 505)",
        "(537, 724)"
    ],
    "(549, 834)": [
        "(164, 601)",
        "(119, 430)",
        "(559, 699)",
        "(152, 905)",
        "(639, 65)",
        "(222, 974)",
        "(178, 457)",
        "(90, 73)",
        "(300, 136)",
        "(665, 538)",
        "(249, 797)",
        "(708, 301)",
        "(149, 600)",
        "(473, 376)",
        "(830, 768)",
        "(745, 502)",
        "(28, 961)",
        "(351, 915)",
        "(537, 724)"
    ],
    "(737, 496)": [
        "(300, 136)",
        "(493, 71)",
        "(146, 362)",
        "(804, 986)",
        "(583, 541)",
        "(140, 693)",
        "(249, 797)",
        "(298, 317)",
        "(149, 600)",
        "(801, 447)",
        "(991, 31)",
        "(665, 538)",
        "(152, 905)",
        "(374, 236)",
        "(944, 159)",
        "(301, 552)"
    ],
    "(328, 962)": [
        "(400, 92)",
        "(991, 31)",
        "(298, 370)",
        "(658, 678)",
        "(672, 264)",
        "(246, 22)",
        "(90, 73)",
        "(944, 159)",
        "(178, 457)",
        "(935, 228)",
        "(801, 447)"
    ],
    "(452, 65)": [
        "(665, 538)",
        "(149, 600)",
        "(246, 22)",
        "(400, 248)",
        "(69, 54)",
        "(865, 182)",
        "(537, 724)",
        "(825, 505)",
        "(273, 945)",
        "(406, 259)",
        "(473, 376)",
        "(351, 915)",
        "(293, 404)",
        "(132, 266)",
        "(265, 551)"
    ],
    "(727, 923)": [
        "(825, 505)",
        "(351, 915)",
        "(374, 236)",
        "(132, 266)",
        "(745, 502)",
        "(559, 699)",
        "(90, 73)",
        "(680, 930)",
        "(865, 182)",
        "(575, 941)",
        "(801, 447)",
        "(493, 71)",
        "(293, 404)",
        "(935, 228)",
        "(406, 259)",
        "(473, 459)",
        "(301, 552)",
        "(152, 905)",
        "(944, 159)"
    ],
    "(989, 714)": [
        "(300, 136)",
        "(146, 362)",
        "(801, 447)",
        "(119, 430)",
        "(22, 425)",
        "(639, 65)",
        "(164, 601)",
        "(672, 264)",
        "(140, 693)",
        "(935, 228)",
        "(575, 941)",
        "(293, 404)"
    ],
    "(298, 370)": [
        "(769, 988)",
        "(583, 541)",
        "(395, 124)",
        "(493, 71)",
        "(745, 502)",
        "(787, 834)",
        "(400, 92)",
        "(265, 551)",
        "(830, 768)",
        "(90, 73)",
        "(328, 962)",
        "(69, 54)",
        "(406, 259)",
        "(152, 976)",
        "(801, 447)",
        "(246, 22)",
        "(575, 941)",
        "(402, 585)",
        "(708, 301)"
    ],
    "(935, 228)": [
        "(140, 693)",
        "(473, 459)",
        "(298, 317)",
        "(575, 941)",
        "(769, 988)",
        "(406, 259)",
        "(152, 905)",
        "(152, 976)",
        "(727, 923)",
        "(658, 678)",
        "(989, 714)",
        "(293, 404)",
        "(246, 22)",
        "(328, 962)"
    ],
    "(22, 425)": [
        "(400, 248)",
        "(298, 317)",
        "(989, 714)",
        "(395, 124)",
        "(119, 430)",
        "(769, 988)",
        "(149, 600)",
        "(865, 182)",
        "(992, 448)",
        "(672, 264)",
        "(500, 542)",
        "(473, 459)",
        "(146, 362)"
    ],
    "(400, 248)": [
        "(22, 425)",
        "(345, 341)",
        "(119, 430)",
        "(28, 961)",
        "(787, 834)",
        "(804, 986)",
        "(452, 65)",
        "(164, 601)",
        "(222, 974)",
        "(665, 538)",
        "(149, 600)",
        "(801, 447)",
        "(351, 915)",
        "(500, 542)",
        "(244, 730)",
        "(473, 459)",
        "(265, 551)",
        "(769, 988)",
        "(473, 376)",
        "(374, 236)",
        "(273, 945)"
    ],
    "(559, 699)": [
        "(865, 182)",
        "(152, 905)",
        "(549, 834)",
        "(769, 988)",
        "(301, 552)",
        "(727, 923)",
        "(665, 538)",
        "(804, 986)",
        "(345, 341)",
        "(830, 768)",
        "(493, 71)",
        "(537, 724)",
        "(222, 974)",
        "(672, 264)",
        "(178, 457)",
        "(575, 941)"
    ],
    "(90, 73)": [
        "(792, 101)",
        "(769, 988)",
        "(406, 259)",
        "(991, 31)",
        "(549, 834)",
        "(727, 923)",
        "(944, 159)",
        "(298, 370)",
        "(351, 915)",
        "(804, 986)",
        "(328, 962)",
        "(152, 905)",
        "(149, 600)",
        "(395, 124)",
        "(680, 930)"
    ],
    "(769, 988)": [
        "(865, 182)",
        "(665, 538)",
        "(298, 370)",
        "(90, 73)",
        "(249, 797)",
        "(374, 236)",
        "(559, 699)",
        "(944, 159)",
        "(672, 264)",
        "(935, 228)",
        "(493, 71)",
        "(22, 425)",
        "(473, 376)",
        "(865, 344)",
        "(745, 502)",
        "(500, 542)",
        "(400, 248)",
        "(473, 459)",
        "(658, 678)"
    ],
    "(345, 341)": [
        "(395, 124)",
        "(400, 248)",
        "(152, 976)",
        "(672, 264)",
        "(140, 693)",
        "(152, 905)",
        "(132, 266)",
        "(559, 699)",
        "(665, 538)",
        "(265, 551)",
        "(119, 430)",
        "(374, 236)",
        "(804, 986)",
        "(149, 600)"
    ],
    "(944, 159)": [
        "(395, 124)",
        "(301, 552)",
        "(244, 730)",
        "(769, 988)",
        "(672, 264)",
        "(28, 961)",
        "(830, 768)",
        "(787, 834)",
        "(90, 73)",
        "(680, 930)",
        "(328, 962)",
        "(737, 496)",
        "(792, 101)",
        "(727, 923)",
        "(140, 693)"
    ],
    "(400, 92)": [
        "(69, 54)",
        "(178, 457)",
        "(328, 962)",
        "(249, 797)",
        "(298, 370)",
        "(865, 182)",
        "(351, 915)"
    ],
    "(406, 259)": [
        "(132, 266)",
        "(149, 600)",
        "(69, 54)",
        "(90, 73)",
        "(830, 768)",
        "(935, 228)",
        "(244, 730)",
        "(146, 362)",
        "(249, 797)",
        "(452, 65)",
        "(273, 945)",
        "(298, 370)",
        "(825, 505)",
        "(727, 923)",
        "(575, 941)",
        "(351, 915)"
    ],
    "(804, 986)": [
        "(374, 236)",
        "(680, 930)",
        "(400, 248)",
        "(665, 538)",
        "(500, 542)",
        "(737, 496)",
        "(178, 457)",
        "(745, 502)",
        "(559, 699)",
        "(246, 22)",
        "(90, 73)",
        "(787, 834)",
        "(132, 266)",
        "(345, 341)",
        "(152, 905)"
    ],
    "(639, 65)": [
        "(69, 54)",
        "(825, 505)",
        "(537, 724)",
        "(549, 834)",
        "(244, 730)",
        "(989, 714)",
        "(792, 101)",
        "(152, 905)",
        "(246, 22)",
        "(473, 376)",
        "(865, 182)",
        "(680, 930)",
        "(132, 266)",
        "(178, 457)",
        "(298, 317)",
        "(140, 693)",
        "(830, 768)",
        "(293, 404)"
    ],
    "(69, 54)": [
        "(400, 92)",
        "(639, 65)",
        "(787, 834)",
        "(406, 259)",
        "(708, 301)",
        "(452, 65)",
        "(119, 430)",
        "(825, 505)",
        "(298, 370)",
        "(395, 124)",
        "(493, 71)",
        "(658, 678)",
        "(298, 317)",
        "(680, 930)",
        "(132, 266)"
    ],
    "(246, 22)": [
        "(745, 502)",
        "(374, 236)",
        "(452, 65)",
        "(140, 693)",
        "(991, 31)",
        "(222, 974)",
        "(149, 600)",
        "(639, 65)",
        "(804, 986)",
        "(708, 301)",
        "(825, 505)",
        "(298, 317)",
        "(328, 962)",
        "(493, 71)",
        "(119, 430)",
        "(152, 976)",
        "(298, 370)",
        "(672, 264)",
        "(935, 228)",
        "(865, 182)",
        "(830, 768)",
        "(146, 362)"
    ],
    "(395, 124)": [
        "(944, 159)",
        "(345, 341)",
        "(28, 961)",
        "(298, 370)",
        "(265, 551)",
        "(22, 425)",
        "(865, 344)",
        "(473, 459)",
        "(69, 54)",
        "(992, 448)",
        "(537, 724)",
        "(90, 73)",
        "(178, 457)",
        "(140, 693)"
    ],
    "(672, 264)": [
        "(293, 404)",
        "(140, 693)",
        "(298, 317)",
        "(865, 344)",
        "(345, 341)",
        "(769, 988)",
        "(944, 159)",
        "(680, 930)",
        "(273, 945)",
        "(583, 541)",
        "(249, 797)",
        "(119, 430)",
        "(989, 714)",
        "(328, 962)",
        "(658, 678)",
        "(265, 551)",
        "(22, 425)",
        "(246, 22)",
        "(351, 915)",
        "(559, 699)",
        "(28, 961)"
    ],
    "(825, 505)": [
        "(727, 923)",
        "(639, 65)",
        "(830, 768)",
        "(787, 834)",
        "(452, 65)",
        "(69, 54)",
        "(152, 976)",
        "(146, 362)",
        "(246, 22)",
        "(406, 259)",
        "(132, 266)",
        "(300, 136)",
        "(140, 693)",
        "(149, 600)"
    ],
    "(830, 768)": [
        "(152, 976)",
        "(374, 236)",
        "(249, 797)",
        "(792, 101)",
        "(944, 159)",
        "(149, 600)",
        "(406, 259)",
        "(825, 505)",
        "(301, 552)",
        "(787, 834)",
        "(298, 370)",
        "(473, 459)",
        "(549, 834)",
        "(132, 266)",
        "(559, 699)",
        "(178, 457)",
        "(222, 974)",
        "(639, 65)",
        "(745, 502)",
        "(246, 22)",
        "(244, 730)"
    ],
    "(680, 930)": [
        "(804, 986)",
        "(222, 974)",
        "(991, 31)",
        "(672, 264)",
        "(28, 961)",
        "(865, 344)",
        "(787, 834)",
        "(727, 923)",
        "(575, 941)",
        "(639, 65)",
        "(944, 159)",
        "(792, 101)",
        "(249, 797)",
        "(69, 54)",
        "(90, 73)"
    ],
    "(658, 678)": [
        "(244, 730)",
        "(473, 376)",
        "(792, 101)",
        "(374, 236)",
        "(328, 962)",
        "(69, 54)",
        "(672, 264)",
        "(473, 459)",
        "(745, 502)",
        "(249, 797)",
        "(222, 974)",
        "(935, 228)",
        "(865, 182)",
        "(769, 988)",
        "(787, 834)"
    ],
    "(301, 552)": [
        "(944, 159)",
        "(152, 905)",
        "(500, 542)",
        "(559, 699)",
        "(222, 974)",
        "(865, 182)",
        "(830, 768)",
        "(493, 71)",
        "(402, 585)",
        "(708, 301)",
        "(473, 376)",
        "(745, 502)",
        "(293, 404)",
        "(140, 693)",
        "(727, 923)",
        "(146, 362)",
        "(737, 496)"
    ],
    "(583, 541)": [
        "(298, 370)",
        "(473, 459)",
        "(737, 496)",
        "(374, 236)",
        "(672, 264)",
        "(787, 834)",
        "(164, 601)",
        "(500, 542)",
        "(575, 941)",
        "(792, 101)",
        "(273, 945)",
        "(265, 551)"
    ],
    "(865, 182)": [
        "(559, 699)",
        "(769, 988)",
        "(865, 344)",
        "(708, 301)",
        "(452, 65)",
        "(301, 552)",
        "(300, 136)",
        "(727, 923)",
        "(400, 92)",
        "(639, 65)",
        "(537, 724)",
        "(22, 425)",
        "(265, 551)",
        "(658, 678)",
        "(246, 22)"
    ],
    "(473, 459)": [
        "(293, 404)",
        "(473, 376)",
        "(935, 228)",
        "(298, 317)",
        "(583, 541)",
        "(801, 447)",
        "(244, 730)",
        "(402, 585)",
        "(395, 124)",
        "(500, 542)",
        "(991, 31)",
        "(658, 678)",
        "(146, 362)",
        "(830, 768)",
        "(28, 961)",
        "(400, 248)",
        "(727, 923)",
        "(575, 941)",
        "(769, 988)",
        "(745, 502)",
        "(665, 538)",
        "(22, 425)"
    ],
    "(708, 301)": [
        "(865, 182)",
        "(69, 54)",
        "(865, 344)",
        "(300, 136)",
        "(132, 266)",
        "(293, 404)",
        "(246, 22)",
        "(301, 552)",
        "(549, 834)",
        "(119, 430)",
        "(801, 447)",
        "(298, 370)"
    ],
    "(132, 266)": [
        "(406, 259)",
        "(727, 923)",
        "(146, 362)",
        "(708, 301)",
        "(865, 344)",
        "(345, 341)",
        "(639, 65)",
        "(300, 136)",
        "(825, 505)",
        "(804, 986)",
        "(830, 768)",
        "(452, 65)",
        "(992, 448)",
        "(991, 31)",
        "(69, 54)",
        "(537, 724)"
    ],
    "(500, 542)": [
        "(301, 552)",
        "(119, 430)",
        "(152, 976)",
        "(28, 961)",
        "(493, 71)",
        "(537, 724)",
        "(804, 986)",
        "(575, 941)",
        "(222, 974)",
        "(865, 344)",
        "(473, 459)",
        "(400, 248)",
        "(583, 541)",
        "(992, 448)",
        "(22, 425)",
        "(769, 988)",
        "(792, 101)",
        "(273, 945)"
    ],
    "(992, 448)": [
        "(665, 538)",
        "(293, 404)",
        "(265, 551)",
        "(402, 585)",
        "(374, 236)",
        "(395, 124)",
        "(22, 425)",
        "(149, 600)",
        "(500, 542)",
        "(132, 266)",
        "(140, 693)"
    ],
    "(265, 551)": [
        "(119, 430)",
        "(395, 124)",
        "(991, 31)",
        "(665, 538)",
        "(992, 448)",
        "(152, 905)",
        "(298, 370)",
        "(575, 941)",
        "(865, 182)",
        "(402, 585)",
        "(672, 264)",
        "(400, 248)",
        "(351, 915)",
        "(345, 341)",
        "(293, 404)",
        "(452, 65)",
        "(583, 541)"
    ],
    "(152, 976)": [
        "(152, 905)",
        "(830, 768)",
        "(345, 341)",
        "(164, 601)",
        "(500, 542)",
        "(935, 228)",
        "(825, 505)",
        "(298, 370)",
        "(28, 961)",
        "(246, 22)",
        "(222, 974)",
        "(300, 136)",
        "(119, 430)"
    ],
    "(351, 915)": [
        "(727, 923)",
        "(374, 236)",
        "(164, 601)",
        "(300, 136)",
        "(90, 73)",
        "(400, 248)",
        "(452, 65)",
        "(473, 376)",
        "(787, 834)",
        "(149, 600)",
        "(265, 551)",
        "(549, 834)",
        "(672, 264)",
        "(493, 71)",
        "(406, 259)",
        "(178, 457)",
        "(400, 92)"
    ],
    "(178, 457)": [
        "(400, 92)",
        "(293, 404)",
        "(149, 600)",
        "(549, 834)",
        "(804, 986)",
        "(298, 317)",
        "(164, 601)",
        "(222, 974)",
        "(119, 430)",
        "(639, 65)",
        "(792, 101)",
        "(244, 730)",
        "(830, 768)",
        "(493, 71)",
        "(559, 699)",
        "(328, 962)",
        "(395, 124)",
        "(351, 915)",
        "(152, 905)"
    ],
    "(801, 447)": [
        "(119, 430)",
        "(989, 714)",
        "(473, 459)",
        "(493, 71)",
        "(400, 248)",
        "(149, 600)",
        "(164, 601)",
        "(298, 370)",
        "(293, 404)",
        "(727, 923)",
        "(737, 496)",
        "(792, 101)",
        "(273, 945)",
        "(708, 301)",
        "(328, 962)",
        "(787, 834)"
    ]
}