{
    "(31, 733)": [
        "(359, 89)",
        "(602, 356)",
        "(711, 301)",
        "(363, 99)",
        "(602, 629)",
        "(858, 739)",
        "(303, 451)",
        "(146, 665)",
        "(694, 978)",
        "(772, 362)",
        "(936, 98)",
        "(236, 626)",
        "(922, 598)",
        "(133, 481)",
        "(873, 778)",
        "(195, 100)",
        "(120, 999)",
        "(313, 364)",
        "(251, 204)",
        "(553, 133)",
        "(26, 130)",
        "(196, 582)",
        "(870, 621)",
        "(524, 13)",
        "(2, 788)",
        "(857, 643)",
        "(693, 641)",
        "(231, 464)",
        "(529, 664)",
        "(357, 564)",
        "(188, 361)",
        "(448, 685)",
        "(535, 181)",
        "(628, 186)",
        "(555, 554)",
        "(379, 850)",
        "(590, 335)",
        "(392, 191)",
        "(327, 935)",
        "(336, 967)",
        "(783, 199)",
        "(855, 578)",
        "(834, 28)",
        "(898, 815)",
        "(281, 996)",
        "(302, 580)",
        "(312, 937)"
    ],
    "(448, 685)": [
        "(984, 292)",
        "(26, 130)",
        "(772, 362)",
        "(251, 204)",
        "(631, 645)",
        "(359, 89)",
        "(313, 364)",
        "(357, 92)",
        "(363, 99)",
        "(412, 365)",
        "(694, 978)",
        "(336, 967)",
        "(873, 778)",
        "(783, 199)",
        "(693, 641)",
        "(3, 330)",
        "(628, 186)",
        "(597, 44)",
        "(357, 564)",
        "(614, 845)",
        "(269, 273)",
        "(869, 725)",
        "(524, 13)",
        "(602, 356)",
        "(782, 793)",
        "(617, 927)",
        "(171, 697)",
        "(834, 28)",
        "(513, 120)",
        "(898, 815)",
        "(281, 996)",
        "(357, 834)",
        "(196, 582)",
        "(555, 554)",
        "(858, 739)",
        "(127, 381)",
        "(31, 733)",
        "(711, 301)",
        "(916, 984)",
        "(799, 873)",
        "(883, 71)"
    ],
    "(102, 845)": [
        "(602, 356)",
        "(231, 464)",
        "(858, 739)",
        "(984, 292)",
        "(312, 937)",
        "(575, 753)",
        "(120, 999)",
        "(783, 199)",
        "(703, 936)",
        "(590, 335)",
        "(127, 381)",
        "(275, 577)",
        "(133, 481)",
        "(602, 629)",
        "(694, 978)",
        "(799, 827)",
        "(23, 622)",
        "(614, 845)",
        "(883, 71)",
        "(711, 301)",
        "(698, 162)",
        "(782, 793)",
        "(628, 186)",
        "(357, 564)",
        "(780, 935)",
        "(188, 361)",
        "(392, 191)",
        "(596, 708)",
        "(873, 778)",
        "(36, 223)",
        "(196, 582)",
        "(834, 28)",
        "(195, 100)",
        "(281, 996)",
        "(529, 664)",
        "(359, 89)",
        "(393, 649)",
        "(171, 697)",
        "(857, 643)",
        "(870, 621)",
        "(251, 204)",
        "(357, 834)",
        "(26, 130)"
    ],
    "(870, 621)": [
        "(597, 44)",
        "(524, 13)",
        "(477, 305)",
        "(693, 641)",
        "(858, 739)",
        "(984, 292)",
        "(225, 403)",
        "(281, 996)",
        "(378, 997)",
        "(36, 223)",
        "(303, 451)",
        "(602, 629)",
        "(746, 459)",
        "(922, 598)",
        "(529, 664)",
        "(596, 708)",
        "(290, 977)",
        "(602, 356)",
        "(23, 622)",
        "(196, 582)",
        "(31, 733)",
        "(883, 71)",
        "(327, 935)",
        "(42, 382)",
        "(617, 927)",
        "(289, 959)",
        "(357, 92)",
        "(799, 873)",
        "(379, 850)",
        "(133, 481)",
        "(313, 364)",
        "(855, 578)",
        "(302, 580)",
        "(535, 181)",
        "(2, 788)",
        "(916, 984)",
        "(694, 978)",
        "(772, 362)",
        "(412, 365)",
        "(357, 834)",
        "(833, 179)",
        "(231, 464)",
        "(102, 845)",
        "(799, 827)",
        "(737, 942)"
    ],
    "(42, 382)": [
        "(120, 999)",
        "(36, 223)",
        "(772, 362)",
        "(869, 725)",
        "(863, 256)",
        "(359, 89)",
        "(698, 162)",
        "(529, 664)",
        "(313, 364)",
        "(289, 959)",
        "(146, 665)",
        "(703, 936)",
        "(596, 708)",
        "(188, 361)",
        "(336, 967)",
        "(617, 927)",
        "(614, 845)",
        "(711, 301)",
        "(23, 622)",
        "(799, 873)",
        "(898, 815)",
        "(393, 649)",
        "(2, 788)",
        "(312, 937)",
        "(363, 99)",
        "(3, 330)",
        "(631, 645)",
        "(290, 977)",
        "(171, 697)",
        "(379, 850)",
        "(936, 98)",
        "(780, 935)",
        "(524, 13)",
        "(799, 827)",
        "(870, 621)",
        "(245, 26)",
        "(513, 120)",
        "(195, 100)",
        "(535, 181)",
        "(477, 305)",
        "(602, 356)",
        "(883, 71)",
        "(269, 273)",
        "(225, 403)",
        "(783, 199)",
        "(357, 564)",
        "(327, 935)",
        "(303, 451)",
        "(357, 92)",
        "(873, 778)",
        "(694, 978)",
        "(858, 739)"
    ],
    "(922, 598)": [
        "(359, 89)",
        "(36, 223)",
        "(26, 130)",
        "(782, 793)",
        "(799, 827)",
        "(393, 649)",
        "(711, 301)",
        "(737, 942)",
        "(834, 28)",
        "(870, 621)",
        "(31, 733)",
        "(245, 26)",
        "(106, 755)",
        "(133, 481)",
        "(869, 725)",
        "(873, 778)",
        "(602, 356)",
        "(628, 186)",
        "(535, 181)",
        "(231, 464)",
        "(3, 330)",
        "(746, 459)",
        "(171, 697)",
        "(783, 199)",
        "(916, 984)",
        "(883, 71)",
        "(863, 256)",
        "(336, 967)",
        "(236, 626)",
        "(327, 935)",
        "(858, 739)",
        "(631, 645)",
        "(824, 465)",
        "(357, 834)",
        "(357, 564)",
        "(984, 292)",
        "(303, 451)",
        "(196, 582)",
        "(127, 381)",
        "(945, 180)"
    ],
    "(694, 978)": [
        "(26, 130)",
        "(590, 335)",
        "(858, 739)",
        "(869, 725)",
        "(302, 580)",
        "(225, 403)",
        "(703, 936)",
        "(529, 664)",
        "(3, 330)",
        "(448, 685)",
        "(269, 273)",
        "(120, 999)",
        "(31, 733)",
        "(102, 845)",
        "(412, 365)",
        "(834, 28)",
        "(313, 364)",
        "(984, 292)",
        "(746, 459)",
        "(133, 481)",
        "(312, 937)",
        "(303, 451)",
        "(290, 977)",
        "(357, 564)",
        "(855, 578)",
        "(780, 935)",
        "(146, 665)",
        "(772, 362)",
        "(275, 577)",
        "(477, 305)",
        "(631, 645)",
        "(363, 99)",
        "(614, 845)",
        "(357, 92)",
        "(782, 793)",
        "(2, 788)",
        "(617, 927)",
        "(711, 301)",
        "(524, 13)",
        "(870, 621)",
        "(231, 464)",
        "(236, 626)",
        "(392, 191)",
        "(945, 180)",
        "(883, 71)",
        "(916, 984)",
        "(188, 361)",
        "(535, 181)",
        "(245, 26)",
        "(42, 382)",
        "(251, 204)",
        "(575, 753)"
    ],
    "(195, 100)": [
        "(703, 936)",
        "(196, 582)",
        "(524, 13)",
        "(799, 827)",
        "(379, 850)",
        "(833, 179)",
        "(312, 937)",
        "(327, 935)",
        "(596, 708)",
        "(357, 92)",
        "(590, 335)",
        "(31, 733)",
        "(873, 778)",
        "(883, 71)",
        "(412, 365)",
        "(357, 564)",
        "(772, 362)",
        "(783, 199)",
        "(36, 223)",
        "(289, 959)",
        "(857, 643)",
        "(984, 292)",
        "(575, 753)",
        "(555, 554)",
        "(302, 580)",
        "(42, 382)",
        "(737, 942)",
        "(945, 180)",
        "(336, 967)",
        "(936, 98)",
        "(269, 273)",
        "(693, 641)",
        "(553, 133)",
        "(363, 99)",
        "(102, 845)",
        "(916, 984)",
        "(303, 451)",
        "(898, 815)",
        "(513, 120)",
        "(236, 626)"
    ],
    "(225, 403)": [
        "(936, 98)",
        "(120, 999)",
        "(698, 162)",
        "(869, 725)",
        "(945, 180)",
        "(127, 381)",
        "(694, 978)",
        "(870, 621)",
        "(188, 361)",
        "(196, 582)",
        "(393, 649)",
        "(171, 697)",
        "(824, 465)",
        "(146, 665)",
        "(363, 99)",
        "(873, 778)",
        "(602, 356)",
        "(834, 28)",
        "(780, 935)",
        "(357, 564)",
        "(303, 451)",
        "(555, 554)",
        "(833, 179)",
        "(3, 330)",
        "(42, 382)",
        "(513, 120)",
        "(628, 186)",
        "(251, 204)",
        "(883, 71)",
        "(855, 578)",
        "(379, 850)"
    ],
    "(357, 564)": [
        "(477, 305)",
        "(936, 98)",
        "(746, 459)",
        "(799, 873)",
        "(602, 629)",
        "(855, 578)",
        "(196, 582)",
        "(863, 256)",
        "(873, 778)",
        "(883, 71)",
        "(857, 643)",
        "(772, 362)",
        "(23, 622)",
        "(290, 977)",
        "(984, 292)",
        "(535, 181)",
        "(898, 815)",
        "(171, 697)",
        "(269, 273)",
        "(412, 365)",
        "(799, 827)",
        "(694, 978)",
        "(245, 26)",
        "(231, 464)",
        "(448, 685)",
        "(303, 451)",
        "(195, 100)",
        "(617, 927)",
        "(2, 788)",
        "(357, 834)",
        "(120, 999)",
        "(102, 845)",
        "(289, 959)",
        "(359, 89)",
        "(378, 997)",
        "(31, 733)",
        "(575, 753)",
        "(225, 403)",
        "(916, 984)",
        "(834, 28)",
        "(106, 755)",
        "(302, 580)",
        "(236, 626)",
        "(42, 382)",
        "(363, 99)",
        "(36, 223)",
        "(922, 598)",
        "(392, 191)",
        "(596, 708)"
    ],
    "(799, 873)": [
        "(617, 927)",
        "(357, 92)",
        "(290, 977)",
        "(26, 130)",
        "(357, 564)",
        "(313, 364)",
        "(869, 725)",
        "(146, 665)",
        "(553, 133)",
        "(251, 204)",
        "(873, 778)",
        "(936, 98)",
        "(42, 382)",
        "(782, 793)",
        "(883, 71)",
        "(196, 582)",
        "(359, 89)",
        "(703, 936)",
        "(363, 99)",
        "(3, 330)",
        "(336, 967)",
        "(772, 362)",
        "(133, 481)",
        "(231, 464)",
        "(23, 622)",
        "(870, 621)",
        "(984, 292)",
        "(945, 180)",
        "(357, 834)",
        "(392, 191)",
        "(597, 44)",
        "(245, 26)",
        "(833, 179)",
        "(302, 580)",
        "(698, 162)",
        "(448, 685)",
        "(236, 626)",
        "(863, 256)"
    ],
    "(327, 935)": [
        "(597, 44)",
        "(127, 381)",
        "(245, 26)",
        "(602, 629)",
        "(693, 641)",
        "(379, 850)",
        "(782, 793)",
        "(133, 481)",
        "(863, 256)",
        "(281, 996)",
        "(195, 100)",
        "(357, 834)",
        "(269, 273)",
        "(824, 465)",
        "(772, 362)",
        "(120, 999)",
        "(359, 89)",
        "(336, 967)",
        "(602, 356)",
        "(780, 935)",
        "(870, 621)",
        "(883, 71)",
        "(698, 162)",
        "(36, 223)",
        "(535, 181)",
        "(703, 936)",
        "(916, 984)",
        "(833, 179)",
        "(392, 191)",
        "(945, 180)",
        "(289, 959)",
        "(922, 598)",
        "(3, 330)",
        "(614, 845)",
        "(236, 626)",
        "(31, 733)",
        "(42, 382)",
        "(869, 725)",
        "(378, 997)",
        "(171, 697)",
        "(898, 815)"
    ],
    "(313, 364)": [
        "(596, 708)",
        "(746, 459)",
        "(857, 643)",
        "(236, 626)",
        "(448, 685)",
        "(42, 382)",
        "(196, 582)",
        "(799, 873)",
        "(357, 834)",
        "(513, 120)",
        "(617, 927)",
        "(363, 99)",
        "(945, 180)",
        "(359, 89)",
        "(694, 978)",
        "(36, 223)",
        "(336, 967)",
        "(916, 984)",
        "(133, 481)",
        "(535, 181)",
        "(824, 465)",
        "(590, 335)",
        "(31, 733)",
        "(783, 199)",
        "(834, 28)",
        "(737, 942)",
        "(602, 629)",
        "(120, 999)",
        "(863, 256)",
        "(127, 381)",
        "(873, 778)",
        "(23, 622)",
        "(799, 827)",
        "(106, 755)",
        "(870, 621)",
        "(302, 580)",
        "(693, 641)",
        "(553, 133)",
        "(378, 997)",
        "(312, 937)",
        "(936, 98)",
        "(703, 936)",
        "(269, 273)"
    ],
    "(127, 381)": [
        "(327, 935)",
        "(251, 204)",
        "(698, 162)",
        "(225, 403)",
        "(23, 622)",
        "(133, 481)",
        "(834, 28)",
        "(393, 649)",
        "(359, 89)",
        "(303, 451)",
        "(102, 845)",
        "(628, 186)",
        "(106, 755)",
        "(336, 967)",
        "(363, 99)",
        "(302, 580)",
        "(631, 645)",
        "(883, 71)",
        "(477, 305)",
        "(737, 942)",
        "(855, 578)",
        "(898, 815)",
        "(858, 739)",
        "(617, 927)",
        "(313, 364)",
        "(746, 459)",
        "(984, 292)",
        "(289, 959)",
        "(945, 180)",
        "(535, 181)",
        "(448, 685)",
        "(171, 697)",
        "(555, 554)",
        "(857, 643)",
        "(596, 708)",
        "(597, 44)",
        "(357, 92)",
        "(281, 996)",
        "(922, 598)"
    ],
    "(392, 191)": [
        "(477, 305)",
        "(3, 330)",
        "(772, 362)",
        "(746, 459)",
        "(590, 335)",
        "(312, 937)",
        "(575, 753)",
        "(231, 464)",
        "(869, 725)",
        "(833, 179)",
        "(883, 71)",
        "(336, 967)",
        "(617, 927)",
        "(359, 89)",
        "(597, 44)",
        "(711, 301)",
        "(799, 873)",
        "(693, 641)",
        "(524, 13)",
        "(188, 361)",
        "(120, 999)",
        "(102, 845)",
        "(327, 935)",
        "(302, 580)",
        "(393, 649)",
        "(513, 120)",
        "(602, 356)",
        "(31, 733)",
        "(628, 186)",
        "(694, 978)",
        "(783, 199)",
        "(529, 664)",
        "(357, 564)",
        "(251, 204)"
    ],
    "(188, 361)": [
        "(602, 356)",
        "(834, 28)",
        "(106, 755)",
        "(590, 335)",
        "(555, 554)",
        "(858, 739)",
        "(2, 788)",
        "(703, 936)",
        "(631, 645)",
        "(513, 120)",
        "(23, 622)",
        "(42, 382)",
        "(393, 649)",
        "(225, 403)",
        "(357, 834)",
        "(36, 223)",
        "(26, 130)",
        "(916, 984)",
        "(553, 133)",
        "(120, 999)",
        "(737, 942)",
        "(936, 98)",
        "(873, 778)",
        "(984, 292)",
        "(379, 850)",
        "(869, 725)",
        "(363, 99)",
        "(783, 199)",
        "(535, 181)",
        "(251, 204)",
        "(883, 71)",
        "(824, 465)",
        "(102, 845)",
        "(392, 191)",
        "(378, 997)",
        "(711, 301)",
        "(617, 927)",
        "(31, 733)",
        "(146, 665)",
        "(857, 643)",
        "(245, 26)",
        "(780, 935)",
        "(575, 753)",
        "(855, 578)",
        "(269, 273)",
        "(171, 697)",
        "(357, 92)",
        "(236, 626)",
        "(628, 186)",
        "(693, 641)",
        "(694, 978)",
        "(898, 815)",
        "(596, 708)"
    ],
    "(379, 850)": [
        "(737, 942)",
        "(303, 451)",
        "(327, 935)",
        "(513, 120)",
        "(703, 936)",
        "(195, 100)",
        "(555, 554)",
        "(833, 179)",
        "(529, 664)",
        "(251, 204)",
        "(597, 44)",
        "(196, 582)",
        "(2, 788)",
        "(936, 98)",
        "(783, 199)",
        "(628, 186)",
        "(916, 984)",
        "(231, 464)",
        "(855, 578)",
        "(412, 365)",
        "(772, 362)",
        "(363, 99)",
        "(188, 361)",
        "(42, 382)",
        "(873, 778)",
        "(711, 301)",
        "(290, 977)",
        "(870, 621)",
        "(898, 815)",
        "(171, 697)",
        "(824, 465)",
        "(146, 665)",
        "(596, 708)",
        "(857, 643)",
        "(535, 181)",
        "(883, 71)",
        "(834, 28)",
        "(602, 629)",
        "(31, 733)",
        "(869, 725)",
        "(780, 935)",
        "(3, 330)",
        "(858, 739)",
        "(617, 927)",
        "(590, 335)",
        "(225, 403)",
        "(553, 133)",
        "(275, 577)",
        "(614, 845)",
        "(945, 180)",
        "(746, 459)"
    ],
    "(2, 788)": [
        "(780, 935)",
        "(289, 959)",
        "(602, 356)",
        "(614, 845)",
        "(36, 223)",
        "(188, 361)",
        "(858, 739)",
        "(936, 98)",
        "(303, 451)",
        "(855, 578)",
        "(363, 99)",
        "(120, 999)",
        "(379, 850)",
        "(873, 778)",
        "(42, 382)",
        "(513, 120)",
        "(524, 13)",
        "(916, 984)",
        "(171, 697)",
        "(628, 186)",
        "(3, 330)",
        "(357, 564)",
        "(698, 162)",
        "(869, 725)",
        "(31, 733)",
        "(863, 256)",
        "(746, 459)",
        "(359, 89)",
        "(772, 362)",
        "(302, 580)",
        "(694, 978)",
        "(945, 180)",
        "(575, 753)",
        "(357, 834)",
        "(870, 621)",
        "(357, 92)",
        "(146, 665)",
        "(737, 942)",
        "(631, 645)",
        "(275, 577)"
    ],
    "(289, 959)": [
        "(513, 120)",
        "(236, 626)",
        "(2, 788)",
        "(858, 739)",
        "(357, 92)",
        "(780, 935)",
        "(824, 465)",
        "(363, 99)",
        "(3, 330)",
        "(42, 382)",
        "(783, 199)",
        "(269, 273)",
        "(378, 997)",
        "(336, 967)",
        "(231, 464)",
        "(312, 937)",
        "(412, 365)",
        "(23, 622)",
        "(833, 179)",
        "(36, 223)",
        "(555, 554)",
        "(303, 451)",
        "(602, 356)",
        "(529, 664)",
        "(195, 100)",
        "(746, 459)",
        "(870, 621)",
        "(357, 564)",
        "(477, 305)",
        "(575, 753)",
        "(127, 381)",
        "(553, 133)",
        "(327, 935)",
        "(281, 996)",
        "(782, 793)",
        "(146, 665)",
        "(863, 256)",
        "(703, 936)"
    ],
    "(628, 186)": [
        "(984, 292)",
        "(336, 967)",
        "(231, 464)",
        "(513, 120)",
        "(783, 199)",
        "(127, 381)",
        "(834, 28)",
        "(196, 582)",
        "(106, 755)",
        "(379, 850)",
        "(614, 845)",
        "(575, 753)",
        "(711, 301)",
        "(236, 626)",
        "(799, 827)",
        "(448, 685)",
        "(936, 98)",
        "(412, 365)",
        "(922, 598)",
        "(2, 788)",
        "(275, 577)",
        "(23, 622)",
        "(102, 845)",
        "(855, 578)",
        "(590, 335)",
        "(833, 179)",
        "(617, 927)",
        "(782, 793)",
        "(945, 180)",
        "(171, 697)",
        "(693, 641)",
        "(378, 997)",
        "(553, 133)",
        "(31, 733)",
        "(869, 725)",
        "(524, 13)",
        "(225, 403)",
        "(597, 44)",
        "(392, 191)",
        "(703, 936)",
        "(3, 330)",
        "(188, 361)",
        "(824, 465)",
        "(363, 99)",
        "(916, 984)"
    ],
    "(984, 292)": [
        "(448, 685)",
        "(916, 984)",
        "(628, 186)",
        "(936, 98)",
        "(171, 697)",
        "(102, 845)",
        "(275, 577)",
        "(834, 28)",
        "(870, 621)",
        "(290, 977)",
        "(553, 133)",
        "(357, 564)",
        "(146, 665)",
        "(529, 664)",
        "(602, 629)",
        "(23, 622)",
        "(694, 978)",
        "(378, 997)",
        "(302, 580)",
        "(251, 204)",
        "(693, 641)",
        "(863, 256)",
        "(617, 927)",
        "(412, 365)",
        "(26, 130)",
        "(3, 330)",
        "(477, 305)",
        "(873, 778)",
        "(188, 361)",
        "(858, 739)",
        "(524, 13)",
        "(195, 100)",
        "(783, 199)",
        "(127, 381)",
        "(602, 356)",
        "(799, 873)",
        "(231, 464)",
        "(535, 181)",
        "(855, 578)",
        "(824, 465)",
        "(196, 582)",
        "(357, 834)",
        "(555, 554)",
        "(359, 89)",
        "(614, 845)",
        "(799, 827)",
        "(922, 598)",
        "(393, 649)"
    ],
    "(855, 578)": [
        "(824, 465)",
        "(23, 622)",
        "(357, 564)",
        "(780, 935)",
        "(857, 643)",
        "(302, 580)",
        "(269, 273)",
        "(513, 120)",
        "(171, 697)",
        "(2, 788)",
        "(127, 381)",
        "(772, 362)",
        "(711, 301)",
        "(529, 664)",
        "(106, 755)",
        "(783, 199)",
        "(945, 180)",
        "(363, 99)",
        "(236, 626)",
        "(694, 978)",
        "(898, 815)",
        "(617, 927)",
        "(379, 850)",
        "(357, 92)",
        "(858, 739)",
        "(883, 71)",
        "(477, 305)",
        "(628, 186)",
        "(26, 130)",
        "(870, 621)",
        "(984, 292)",
        "(120, 999)",
        "(290, 977)",
        "(281, 996)",
        "(524, 13)",
        "(359, 89)",
        "(863, 256)",
        "(188, 361)",
        "(312, 937)",
        "(275, 577)",
        "(575, 753)",
        "(602, 629)",
        "(31, 733)",
        "(698, 162)",
        "(799, 827)",
        "(225, 403)",
        "(36, 223)",
        "(357, 834)",
        "(693, 641)",
        "(378, 997)",
        "(535, 181)"
    ],
    "(703, 936)": [
        "(195, 100)",
        "(869, 725)",
        "(824, 465)",
        "(833, 179)",
        "(245, 26)",
        "(188, 361)",
        "(379, 850)",
        "(102, 845)",
        "(42, 382)",
        "(694, 978)",
        "(857, 643)",
        "(312, 937)",
        "(883, 71)",
        "(363, 99)",
        "(513, 120)",
        "(106, 755)",
        "(231, 464)",
        "(617, 927)",
        "(799, 873)",
        "(575, 753)",
        "(746, 459)",
        "(945, 180)",
        "(133, 481)",
        "(693, 641)",
        "(936, 98)",
        "(359, 89)",
        "(858, 739)",
        "(783, 199)",
        "(327, 935)",
        "(303, 451)",
        "(146, 665)",
        "(3, 330)",
        "(873, 778)",
        "(290, 977)",
        "(336, 967)",
        "(120, 999)",
        "(357, 92)",
        "(23, 622)",
        "(236, 626)",
        "(477, 305)",
        "(711, 301)",
        "(628, 186)",
        "(590, 335)",
        "(378, 997)",
        "(281, 996)",
        "(313, 364)",
        "(251, 204)",
        "(596, 708)",
        "(289, 959)",
        "(357, 834)",
        "(302, 580)"
    ],
    "(711, 301)": [
        "(23, 622)",
        "(477, 305)",
        "(617, 927)",
        "(231, 464)",
        "(31, 733)",
        "(535, 181)",
        "(596, 708)",
        "(120, 999)",
        "(359, 89)",
        "(922, 598)",
        "(281, 996)",
        "(898, 815)",
        "(312, 937)",
        "(590, 335)",
        "(303, 451)",
        "(834, 28)",
        "(245, 26)",
        "(783, 199)",
        "(855, 578)",
        "(378, 997)",
        "(42, 382)",
        "(772, 362)",
        "(833, 179)",
        "(628, 186)",
        "(290, 977)",
        "(602, 629)",
        "(102, 845)",
        "(857, 643)",
        "(737, 942)",
        "(302, 580)",
        "(36, 223)",
        "(379, 850)",
        "(393, 649)",
        "(746, 459)",
        "(392, 191)",
        "(693, 641)",
        "(3, 330)",
        "(945, 180)",
        "(188, 361)",
        "(513, 120)",
        "(133, 481)",
        "(858, 739)",
        "(694, 978)",
        "(448, 685)",
        "(236, 626)",
        "(799, 827)",
        "(703, 936)",
        "(524, 13)",
        "(780, 935)",
        "(869, 725)",
        "(553, 133)",
        "(555, 554)",
        "(631, 645)"
    ],
    "(869, 725)": [
        "(694, 978)",
        "(42, 382)",
        "(631, 645)",
        "(23, 622)",
        "(936, 98)",
        "(378, 997)",
        "(225, 403)",
        "(703, 936)",
        "(196, 582)",
        "(693, 641)",
        "(698, 162)",
        "(799, 873)",
        "(26, 130)",
        "(363, 99)",
        "(357, 92)",
        "(236, 626)",
        "(617, 927)",
        "(392, 191)",
        "(357, 834)",
        "(922, 598)",
        "(858, 739)",
        "(312, 937)",
        "(883, 71)",
        "(393, 649)",
        "(120, 999)",
        "(448, 685)",
        "(529, 664)",
        "(772, 362)",
        "(188, 361)",
        "(3, 330)",
        "(555, 554)",
        "(2, 788)",
        "(275, 577)",
        "(513, 120)",
        "(780, 935)",
        "(575, 753)",
        "(269, 273)",
        "(171, 697)",
        "(783, 199)",
        "(245, 26)",
        "(477, 305)",
        "(251, 204)",
        "(133, 481)",
        "(628, 186)",
        "(535, 181)",
        "(379, 850)",
        "(106, 755)",
        "(302, 580)",
        "(916, 984)",
        "(833, 179)",
        "(327, 935)",
        "(737, 942)",
        "(711, 301)",
        "(945, 180)",
        "(290, 977)",
        "(602, 356)"
    ],
    "(553, 133)": [
        "(303, 451)",
        "(275, 577)",
        "(984, 292)",
        "(171, 697)",
        "(772, 362)",
        "(799, 873)",
        "(596, 708)",
        "(898, 815)",
        "(188, 361)",
        "(737, 942)",
        "(336, 967)",
        "(36, 223)",
        "(799, 827)",
        "(31, 733)",
        "(602, 629)",
        "(231, 464)",
        "(575, 753)",
        "(245, 26)",
        "(590, 335)",
        "(631, 645)",
        "(412, 365)",
        "(945, 180)",
        "(746, 459)",
        "(289, 959)",
        "(477, 305)",
        "(290, 977)",
        "(628, 186)",
        "(195, 100)",
        "(3, 330)",
        "(863, 256)",
        "(783, 199)",
        "(617, 927)",
        "(146, 665)",
        "(359, 89)",
        "(313, 364)",
        "(357, 92)",
        "(363, 99)",
        "(529, 664)",
        "(711, 301)",
        "(379, 850)",
        "(857, 643)",
        "(106, 755)"
    ],
    "(529, 664)": [
        "(269, 273)",
        "(146, 665)",
        "(3, 330)",
        "(42, 382)",
        "(281, 996)",
        "(236, 626)",
        "(694, 978)",
        "(984, 292)",
        "(379, 850)",
        "(312, 937)",
        "(513, 120)",
        "(870, 621)",
        "(855, 578)",
        "(883, 71)",
        "(782, 793)",
        "(477, 305)",
        "(412, 365)",
        "(869, 725)",
        "(359, 89)",
        "(289, 959)",
        "(302, 580)",
        "(945, 180)",
        "(772, 362)",
        "(858, 739)",
        "(698, 162)",
        "(363, 99)",
        "(120, 999)",
        "(26, 130)",
        "(31, 733)",
        "(231, 464)",
        "(617, 927)",
        "(290, 977)",
        "(614, 845)",
        "(23, 622)",
        "(102, 845)",
        "(378, 997)",
        "(834, 28)",
        "(275, 577)",
        "(824, 465)",
        "(196, 582)",
        "(898, 815)",
        "(746, 459)",
        "(553, 133)",
        "(833, 179)",
        "(392, 191)"
    ],
    "(275, 577)": [
        "(513, 120)",
        "(936, 98)",
        "(984, 292)",
        "(393, 649)",
        "(553, 133)",
        "(357, 834)",
        "(357, 92)",
        "(916, 984)",
        "(312, 937)",
        "(281, 996)",
        "(614, 845)",
        "(102, 845)",
        "(336, 967)",
        "(857, 643)",
        "(236, 626)",
        "(833, 179)",
        "(303, 451)",
        "(133, 481)",
        "(535, 181)",
        "(245, 26)",
        "(602, 629)",
        "(602, 356)",
        "(628, 186)",
        "(782, 793)",
        "(694, 978)",
        "(869, 725)",
        "(898, 815)",
        "(945, 180)",
        "(863, 256)",
        "(590, 335)",
        "(412, 365)",
        "(597, 44)",
        "(378, 997)",
        "(359, 89)",
        "(524, 13)",
        "(698, 162)",
        "(529, 664)",
        "(855, 578)",
        "(2, 788)",
        "(379, 850)",
        "(251, 204)",
        "(772, 362)"
    ],
    "(597, 44)": [
        "(327, 935)",
        "(870, 621)",
        "(290, 977)",
        "(513, 120)",
        "(231, 464)",
        "(312, 937)",
        "(378, 997)",
        "(524, 13)",
        "(936, 98)",
        "(772, 362)",
        "(873, 778)",
        "(379, 850)",
        "(281, 996)",
        "(916, 984)",
        "(602, 356)",
        "(106, 755)",
        "(834, 28)",
        "(448, 685)",
        "(133, 481)",
        "(782, 793)",
        "(698, 162)",
        "(251, 204)",
        "(392, 191)",
        "(617, 927)",
        "(336, 967)",
        "(363, 99)",
        "(737, 942)",
        "(799, 873)",
        "(275, 577)",
        "(357, 92)",
        "(26, 130)",
        "(783, 199)",
        "(945, 180)",
        "(628, 186)",
        "(127, 381)",
        "(171, 697)",
        "(575, 753)",
        "(36, 223)",
        "(596, 708)",
        "(824, 465)",
        "(631, 645)"
    ],
    "(693, 641)": [
        "(302, 580)",
        "(870, 621)",
        "(133, 481)",
        "(327, 935)",
        "(698, 162)",
        "(799, 827)",
        "(869, 725)",
        "(26, 130)",
        "(3, 330)",
        "(824, 465)",
        "(146, 665)",
        "(336, 967)",
        "(984, 292)",
        "(357, 92)",
        "(780, 935)",
        "(448, 685)",
        "(378, 997)",
        "(303, 451)",
        "(477, 305)",
        "(513, 120)",
        "(936, 98)",
        "(524, 13)",
        "(269, 273)",
        "(31, 733)",
        "(703, 936)",
        "(392, 191)",
        "(782, 793)",
        "(711, 301)",
        "(590, 335)",
        "(412, 365)",
        "(36, 223)",
        "(873, 778)",
        "(628, 186)",
        "(602, 356)",
        "(195, 100)",
        "(555, 554)",
        "(575, 753)",
        "(313, 364)",
        "(106, 755)",
        "(281, 996)",
        "(834, 28)",
        "(188, 361)",
        "(855, 578)",
        "(196, 582)"
    ],
    "(873, 778)": [
        "(106, 755)",
        "(780, 935)",
        "(303, 451)",
        "(196, 582)",
        "(698, 162)",
        "(357, 564)",
        "(146, 665)",
        "(936, 98)",
        "(312, 937)",
        "(378, 997)",
        "(863, 256)",
        "(737, 942)",
        "(336, 967)",
        "(834, 28)",
        "(133, 481)",
        "(597, 44)",
        "(799, 873)",
        "(2, 788)",
        "(31, 733)",
        "(916, 984)",
        "(448, 685)",
        "(195, 100)",
        "(922, 598)",
        "(236, 626)",
        "(984, 292)",
        "(188, 361)",
        "(524, 13)",
        "(26, 130)",
        "(313, 364)",
        "(379, 850)",
        "(225, 403)",
        "(857, 643)",
        "(120, 999)",
        "(269, 273)",
        "(703, 936)",
        "(693, 641)",
        "(102, 845)",
        "(824, 465)",
        "(617, 927)",
        "(281, 996)",
        "(42, 382)",
        "(357, 834)",
        "(535, 181)"
    ],
    "(602, 356)": [
        "(102, 845)",
        "(188, 361)",
        "(31, 733)",
        "(524, 13)",
        "(2, 788)",
        "(631, 645)",
        "(412, 365)",
        "(393, 649)",
        "(597, 44)",
        "(833, 179)",
        "(916, 984)",
        "(617, 927)",
        "(698, 162)",
        "(23, 622)",
        "(870, 621)",
        "(535, 181)",
        "(799, 827)",
        "(327, 935)",
        "(36, 223)",
        "(922, 598)",
        "(448, 685)",
        "(275, 577)",
        "(289, 959)",
        "(378, 997)",
        "(281, 996)",
        "(290, 977)",
        "(834, 28)",
        "(225, 403)",
        "(857, 643)",
        "(984, 292)",
        "(42, 382)",
        "(336, 967)",
        "(693, 641)",
        "(363, 99)",
        "(269, 273)",
        "(236, 626)",
        "(392, 191)",
        "(602, 629)",
        "(146, 665)",
        "(869, 725)"
    ],
    "(863, 256)": [
        "(302, 580)",
        "(555, 554)",
        "(336, 967)",
        "(590, 335)",
        "(42, 382)",
        "(357, 564)",
        "(290, 977)",
        "(799, 827)",
        "(269, 273)",
        "(378, 997)",
        "(36, 223)",
        "(327, 935)",
        "(873, 778)",
        "(477, 305)",
        "(196, 582)",
        "(834, 28)",
        "(698, 162)",
        "(631, 645)",
        "(984, 292)",
        "(535, 181)",
        "(251, 204)",
        "(614, 845)",
        "(313, 364)",
        "(2, 788)",
        "(275, 577)",
        "(524, 13)",
        "(922, 598)",
        "(855, 578)",
        "(916, 984)",
        "(945, 180)",
        "(553, 133)",
        "(746, 459)",
        "(359, 89)",
        "(393, 649)",
        "(357, 92)",
        "(617, 927)",
        "(303, 451)",
        "(289, 959)",
        "(799, 873)"
    ],
    "(783, 199)": [
        "(857, 643)",
        "(535, 181)",
        "(628, 186)",
        "(289, 959)",
        "(102, 845)",
        "(359, 89)",
        "(477, 305)",
        "(833, 179)",
        "(711, 301)",
        "(412, 365)",
        "(855, 578)",
        "(378, 997)",
        "(379, 850)",
        "(448, 685)",
        "(590, 335)",
        "(513, 120)",
        "(313, 364)",
        "(251, 204)",
        "(195, 100)",
        "(363, 99)",
        "(602, 629)",
        "(984, 292)",
        "(357, 92)",
        "(746, 459)",
        "(188, 361)",
        "(922, 598)",
        "(302, 580)",
        "(106, 755)",
        "(303, 451)",
        "(945, 180)",
        "(575, 753)",
        "(869, 725)",
        "(703, 936)",
        "(614, 845)",
        "(782, 793)",
        "(269, 273)",
        "(617, 927)",
        "(858, 739)",
        "(23, 622)",
        "(196, 582)",
        "(42, 382)",
        "(245, 26)",
        "(597, 44)",
        "(392, 191)",
        "(553, 133)",
        "(596, 708)",
        "(31, 733)",
        "(312, 937)"
    ],
    "(290, 977)": [
        "(936, 98)",
        "(597, 44)",
        "(251, 204)",
        "(824, 465)",
        "(799, 873)",
        "(3, 330)",
        "(196, 582)",
        "(984, 292)",
        "(357, 564)",
        "(863, 256)",
        "(602, 629)",
        "(614, 845)",
        "(336, 967)",
        "(575, 753)",
        "(133, 481)",
        "(393, 649)",
        "(780, 935)",
        "(746, 459)",
        "(870, 621)",
        "(694, 978)",
        "(883, 71)",
        "(711, 301)",
        "(26, 130)",
        "(42, 382)",
        "(782, 793)",
        "(245, 26)",
        "(602, 356)",
        "(379, 850)",
        "(799, 827)",
        "(269, 273)",
        "(236, 626)",
        "(146, 665)",
        "(303, 451)",
        "(555, 554)",
        "(857, 643)",
        "(855, 578)",
        "(529, 664)",
        "(553, 133)",
        "(703, 936)",
        "(858, 739)",
        "(737, 942)",
        "(916, 984)",
        "(378, 997)",
        "(698, 162)",
        "(363, 99)",
        "(590, 335)",
        "(357, 834)",
        "(898, 815)",
        "(302, 580)",
        "(869, 725)",
        "(357, 92)"
    ],
    "(231, 464)": [
        "(102, 845)",
        "(628, 186)",
        "(711, 301)",
        "(834, 28)",
        "(597, 44)",
        "(477, 305)",
        "(614, 845)",
        "(916, 984)",
        "(26, 130)",
        "(392, 191)",
        "(698, 162)",
        "(289, 959)",
        "(617, 927)",
        "(746, 459)",
        "(357, 92)",
        "(412, 365)",
        "(379, 850)",
        "(357, 564)",
        "(703, 936)",
        "(553, 133)",
        "(922, 598)",
        "(799, 873)",
        "(535, 181)",
        "(336, 967)",
        "(883, 71)",
        "(302, 580)",
        "(106, 755)",
        "(555, 554)",
        "(945, 180)",
        "(251, 204)",
        "(984, 292)",
        "(31, 733)",
        "(529, 664)",
        "(857, 643)",
        "(694, 978)",
        "(898, 815)",
        "(824, 465)",
        "(133, 481)",
        "(870, 621)",
        "(303, 451)",
        "(393, 649)"
    ],
    "(36, 223)": [
        "(23, 622)",
        "(590, 335)",
        "(3, 330)",
        "(42, 382)",
        "(106, 755)",
        "(922, 598)",
        "(602, 629)",
        "(303, 451)",
        "(2, 788)",
        "(863, 256)",
        "(870, 621)",
        "(269, 273)",
        "(188, 361)",
        "(313, 364)",
        "(799, 827)",
        "(133, 481)",
        "(575, 753)",
        "(553, 133)",
        "(883, 71)",
        "(602, 356)",
        "(289, 959)",
        "(195, 100)",
        "(171, 697)",
        "(378, 997)",
        "(711, 301)",
        "(780, 935)",
        "(327, 935)",
        "(614, 845)",
        "(359, 89)",
        "(26, 130)",
        "(693, 641)",
        "(102, 845)",
        "(936, 98)",
        "(357, 834)",
        "(357, 564)",
        "(597, 44)",
        "(251, 204)",
        "(855, 578)",
        "(336, 967)"
    ],
    "(245, 26)": [
        "(251, 204)",
        "(327, 935)",
        "(703, 936)",
        "(631, 645)",
        "(883, 71)",
        "(302, 580)",
        "(780, 935)",
        "(535, 181)",
        "(782, 793)",
        "(555, 554)",
        "(590, 335)",
        "(711, 301)",
        "(922, 598)",
        "(357, 564)",
        "(858, 739)",
        "(275, 577)",
        "(553, 133)",
        "(290, 977)",
        "(336, 967)",
        "(42, 382)",
        "(26, 130)",
        "(869, 725)",
        "(833, 179)",
        "(236, 626)",
        "(772, 362)",
        "(945, 180)",
        "(303, 451)",
        "(477, 305)",
        "(799, 873)",
        "(188, 361)",
        "(783, 199)",
        "(312, 937)",
        "(196, 582)",
        "(575, 753)",
        "(3, 330)",
        "(524, 13)",
        "(378, 997)",
        "(357, 834)",
        "(614, 845)",
        "(694, 978)",
        "(602, 629)"
    ],
    "(780, 935)": [
        "(873, 778)",
        "(2, 788)",
        "(302, 580)",
        "(133, 481)",
        "(855, 578)",
        "(289, 959)",
        "(746, 459)",
        "(336, 967)",
        "(596, 708)",
        "(245, 26)",
        "(898, 815)",
        "(106, 755)",
        "(303, 451)",
        "(290, 977)",
        "(3, 330)",
        "(535, 181)",
        "(693, 641)",
        "(694, 978)",
        "(327, 935)",
        "(42, 382)",
        "(834, 28)",
        "(869, 725)",
        "(393, 649)",
        "(936, 98)",
        "(102, 845)",
        "(36, 223)",
        "(513, 120)",
        "(799, 827)",
        "(146, 665)",
        "(171, 697)",
        "(602, 629)",
        "(225, 403)",
        "(883, 71)",
        "(188, 361)",
        "(236, 626)",
        "(378, 997)",
        "(379, 850)",
        "(357, 834)",
        "(575, 753)",
        "(631, 645)",
        "(711, 301)",
        "(281, 996)",
        "(772, 362)",
        "(590, 335)",
        "(614, 845)",
        "(737, 942)"
    ],
    "(357, 834)": [
        "(746, 459)",
        "(555, 554)",
        "(858, 739)",
        "(312, 937)",
        "(275, 577)",
        "(833, 179)",
        "(799, 827)",
        "(313, 364)",
        "(133, 481)",
        "(412, 365)",
        "(188, 361)",
        "(327, 935)",
        "(513, 120)",
        "(869, 725)",
        "(251, 204)",
        "(834, 28)",
        "(236, 626)",
        "(631, 645)",
        "(945, 180)",
        "(357, 564)",
        "(698, 162)",
        "(171, 697)",
        "(448, 685)",
        "(799, 873)",
        "(146, 665)",
        "(393, 649)",
        "(857, 643)",
        "(2, 788)",
        "(303, 451)",
        "(281, 996)",
        "(302, 580)",
        "(575, 753)",
        "(36, 223)",
        "(984, 292)",
        "(290, 977)",
        "(336, 967)",
        "(780, 935)",
        "(524, 13)",
        "(782, 793)",
        "(922, 598)",
        "(870, 621)",
        "(245, 26)",
        "(120, 999)",
        "(855, 578)",
        "(535, 181)",
        "(873, 778)",
        "(102, 845)",
        "(703, 936)"
    ],
    "(746, 459)": [
        "(357, 834)",
        "(313, 364)",
        "(596, 708)",
        "(824, 465)",
        "(357, 564)",
        "(617, 927)",
        "(780, 935)",
        "(133, 481)",
        "(590, 335)",
        "(303, 451)",
        "(858, 739)",
        "(357, 92)",
        "(3, 330)",
        "(392, 191)",
        "(524, 13)",
        "(782, 793)",
        "(857, 643)",
        "(393, 649)",
        "(251, 204)",
        "(898, 815)",
        "(870, 621)",
        "(694, 978)",
        "(290, 977)",
        "(231, 464)",
        "(883, 71)",
        "(120, 999)",
        "(631, 645)",
        "(737, 942)",
        "(799, 827)",
        "(703, 936)",
        "(922, 598)",
        "(289, 959)",
        "(783, 199)",
        "(936, 98)",
        "(127, 381)",
        "(477, 305)",
        "(196, 582)",
        "(553, 133)",
        "(711, 301)",
        "(2, 788)",
        "(614, 845)",
        "(26, 130)",
        "(23, 622)",
        "(863, 256)",
        "(106, 755)",
        "(833, 179)",
        "(834, 28)",
        "(529, 664)",
        "(171, 697)",
        "(379, 850)"
    ],
    "(303, 451)": [
        "(553, 133)",
        "(772, 362)",
        "(873, 778)",
        "(379, 850)",
        "(412, 365)",
        "(36, 223)",
        "(513, 120)",
        "(106, 755)",
        "(746, 459)",
        "(127, 381)",
        "(31, 733)",
        "(916, 984)",
        "(2, 788)",
        "(302, 580)",
        "(711, 301)",
        "(602, 629)",
        "(870, 621)",
        "(780, 935)",
        "(631, 645)",
        "(782, 793)",
        "(275, 577)",
        "(575, 753)",
        "(694, 978)",
        "(945, 180)",
        "(357, 564)",
        "(693, 641)",
        "(289, 959)",
        "(936, 98)",
        "(834, 28)",
        "(535, 181)",
        "(858, 739)",
        "(783, 199)",
        "(290, 977)",
        "(703, 936)",
        "(833, 179)",
        "(245, 26)",
        "(225, 403)",
        "(357, 834)",
        "(857, 643)",
        "(898, 815)",
        "(378, 997)",
        "(195, 100)",
        "(42, 382)",
        "(359, 89)",
        "(863, 256)",
        "(922, 598)",
        "(231, 464)",
        "(698, 162)",
        "(281, 996)",
        "(133, 481)"
    ],
    "(883, 71)": [
        "(602, 629)",
        "(312, 937)",
        "(575, 753)",
        "(357, 92)",
        "(357, 564)",
        "(898, 815)",
        "(245, 26)",
        "(127, 381)",
        "(703, 936)",
        "(477, 305)",
        "(529, 664)",
        "(936, 98)",
        "(772, 362)",
        "(102, 845)",
        "(392, 191)",
        "(799, 873)",
        "(746, 459)",
        "(290, 977)",
        "(195, 100)",
        "(631, 645)",
        "(869, 725)",
        "(36, 223)",
        "(782, 793)",
        "(870, 621)",
        "(855, 578)",
        "(327, 935)",
        "(590, 335)",
        "(231, 464)",
        "(922, 598)",
        "(614, 845)",
        "(188, 361)",
        "(171, 697)",
        "(42, 382)",
        "(281, 996)",
        "(524, 13)",
        "(833, 179)",
        "(780, 935)",
        "(236, 626)",
        "(945, 180)",
        "(379, 850)",
        "(857, 643)",
        "(412, 365)",
        "(694, 978)",
        "(824, 465)",
        "(225, 403)",
        "(448, 685)",
        "(269, 273)",
        "(393, 649)",
        "(596, 708)"
    ],
    "(631, 645)": [
        "(448, 685)",
        "(869, 725)",
        "(772, 362)",
        "(312, 937)",
        "(602, 356)",
        "(106, 755)",
        "(614, 845)",
        "(188, 361)",
        "(245, 26)",
        "(171, 697)",
        "(127, 381)",
        "(303, 451)",
        "(857, 643)",
        "(863, 256)",
        "(269, 273)",
        "(834, 28)",
        "(357, 834)",
        "(883, 71)",
        "(746, 459)",
        "(42, 382)",
        "(196, 582)",
        "(281, 996)",
        "(694, 978)",
        "(936, 98)",
        "(553, 133)",
        "(513, 120)",
        "(133, 481)",
        "(302, 580)",
        "(336, 967)",
        "(898, 815)",
        "(922, 598)",
        "(2, 788)",
        "(780, 935)",
        "(555, 554)",
        "(357, 92)",
        "(251, 204)",
        "(711, 301)",
        "(597, 44)"
    ],
    "(524, 13)": [
        "(602, 356)",
        "(772, 362)",
        "(870, 621)",
        "(898, 815)",
        "(195, 100)",
        "(597, 44)",
        "(945, 180)",
        "(302, 580)",
        "(614, 845)",
        "(799, 827)",
        "(746, 459)",
        "(393, 649)",
        "(359, 89)",
        "(858, 739)",
        "(106, 755)",
        "(2, 788)",
        "(448, 685)",
        "(873, 778)",
        "(984, 292)",
        "(698, 162)",
        "(31, 733)",
        "(42, 382)",
        "(236, 626)",
        "(693, 641)",
        "(196, 582)",
        "(23, 622)",
        "(412, 365)",
        "(513, 120)",
        "(146, 665)",
        "(916, 984)",
        "(863, 256)",
        "(392, 191)",
        "(312, 937)",
        "(363, 99)",
        "(824, 465)",
        "(855, 578)",
        "(883, 71)",
        "(857, 643)",
        "(628, 186)",
        "(275, 577)",
        "(26, 130)",
        "(694, 978)",
        "(833, 179)",
        "(3, 330)",
        "(245, 26)",
        "(711, 301)",
        "(596, 708)",
        "(357, 834)",
        "(834, 28)"
    ],
    "(596, 708)": [
        "(602, 629)",
        "(313, 364)",
        "(746, 459)",
        "(857, 643)",
        "(357, 92)",
        "(737, 942)",
        "(378, 997)",
        "(711, 301)",
        "(780, 935)",
        "(42, 382)",
        "(698, 162)",
        "(575, 753)",
        "(195, 100)",
        "(553, 133)",
        "(870, 621)",
        "(196, 582)",
        "(106, 755)",
        "(858, 739)",
        "(824, 465)",
        "(772, 362)",
        "(3, 330)",
        "(312, 937)",
        "(26, 130)",
        "(477, 305)",
        "(236, 626)",
        "(393, 649)",
        "(379, 850)",
        "(102, 845)",
        "(302, 580)",
        "(363, 99)",
        "(251, 204)",
        "(127, 381)",
        "(898, 815)",
        "(783, 199)",
        "(524, 13)",
        "(597, 44)",
        "(359, 89)",
        "(703, 936)",
        "(357, 564)",
        "(188, 361)",
        "(883, 71)"
    ],
    "(146, 665)": [
        "(302, 580)",
        "(529, 664)",
        "(251, 204)",
        "(602, 629)",
        "(614, 845)",
        "(363, 99)",
        "(936, 98)",
        "(873, 778)",
        "(42, 382)",
        "(799, 873)",
        "(799, 827)",
        "(984, 292)",
        "(196, 582)",
        "(31, 733)",
        "(916, 984)",
        "(737, 942)",
        "(693, 641)",
        "(898, 815)",
        "(225, 403)",
        "(694, 978)",
        "(590, 335)",
        "(23, 622)",
        "(26, 130)",
        "(106, 755)",
        "(524, 13)",
        "(780, 935)",
        "(290, 977)",
        "(357, 834)",
        "(379, 850)",
        "(703, 936)",
        "(535, 181)",
        "(188, 361)",
        "(477, 305)",
        "(782, 793)",
        "(2, 788)",
        "(236, 626)",
        "(553, 133)",
        "(336, 967)",
        "(602, 356)",
        "(289, 959)",
        "(359, 89)",
        "(513, 120)",
        "(617, 927)"
    ],
    "(133, 481)": [
        "(936, 98)",
        "(617, 927)",
        "(693, 641)",
        "(336, 967)",
        "(780, 935)",
        "(106, 755)",
        "(746, 459)",
        "(127, 381)",
        "(357, 92)",
        "(290, 977)",
        "(327, 935)",
        "(357, 834)",
        "(873, 778)",
        "(102, 845)",
        "(858, 739)",
        "(694, 978)",
        "(31, 733)",
        "(26, 130)",
        "(275, 577)",
        "(313, 364)",
        "(269, 273)",
        "(36, 223)",
        "(922, 598)",
        "(359, 89)",
        "(535, 181)",
        "(196, 582)",
        "(602, 629)",
        "(614, 845)",
        "(597, 44)",
        "(799, 873)",
        "(703, 936)",
        "(23, 622)",
        "(870, 621)",
        "(363, 99)",
        "(799, 827)",
        "(281, 996)",
        "(631, 645)",
        "(711, 301)",
        "(869, 725)",
        "(898, 815)",
        "(312, 937)",
        "(555, 554)",
        "(772, 362)",
        "(231, 464)",
        "(857, 643)",
        "(3, 330)",
        "(303, 451)"
    ],
    "(936, 98)": [
        "(275, 577)",
        "(290, 977)",
        "(225, 403)",
        "(133, 481)",
        "(984, 292)",
        "(357, 564)",
        "(869, 725)",
        "(23, 622)",
        "(555, 554)",
        "(824, 465)",
        "(698, 162)",
        "(590, 335)",
        "(146, 665)",
        "(302, 580)",
        "(873, 778)",
        "(597, 44)",
        "(236, 626)",
        "(251, 204)",
        "(336, 967)",
        "(2, 788)",
        "(196, 582)",
        "(31, 733)",
        "(379, 850)",
        "(799, 873)",
        "(883, 71)",
        "(628, 186)",
        "(188, 361)",
        "(858, 739)",
        "(303, 451)",
        "(693, 641)",
        "(42, 382)",
        "(3, 330)",
        "(746, 459)",
        "(737, 942)",
        "(602, 629)",
        "(631, 645)",
        "(780, 935)",
        "(357, 92)",
        "(703, 936)",
        "(171, 697)",
        "(477, 305)",
        "(195, 100)",
        "(312, 937)",
        "(36, 223)",
        "(945, 180)",
        "(535, 181)",
        "(916, 984)",
        "(313, 364)"
    ],
    "(120, 999)": [
        "(824, 465)",
        "(42, 382)",
        "(513, 120)",
        "(225, 403)",
        "(302, 580)",
        "(363, 99)",
        "(102, 845)",
        "(711, 301)",
        "(694, 978)",
        "(857, 643)",
        "(2, 788)",
        "(833, 179)",
        "(188, 361)",
        "(590, 335)",
        "(31, 733)",
        "(327, 935)",
        "(746, 459)",
        "(869, 725)",
        "(535, 181)",
        "(313, 364)",
        "(393, 649)",
        "(357, 564)",
        "(357, 92)",
        "(26, 130)",
        "(575, 753)",
        "(529, 664)",
        "(873, 778)",
        "(196, 582)",
        "(737, 942)",
        "(945, 180)",
        "(251, 204)",
        "(855, 578)",
        "(378, 997)",
        "(392, 191)",
        "(703, 936)",
        "(834, 28)",
        "(312, 937)",
        "(357, 834)"
    ],
    "(357, 92)": [
        "(596, 708)",
        "(799, 873)",
        "(171, 697)",
        "(602, 629)",
        "(448, 685)",
        "(883, 71)",
        "(289, 959)",
        "(275, 577)",
        "(23, 622)",
        "(133, 481)",
        "(746, 459)",
        "(945, 180)",
        "(869, 725)",
        "(269, 273)",
        "(195, 100)",
        "(617, 927)",
        "(363, 99)",
        "(231, 464)",
        "(693, 641)",
        "(26, 130)",
        "(575, 753)",
        "(614, 845)",
        "(855, 578)",
        "(251, 204)",
        "(833, 179)",
        "(857, 643)",
        "(783, 199)",
        "(120, 999)",
        "(698, 162)",
        "(870, 621)",
        "(936, 98)",
        "(236, 626)",
        "(898, 815)",
        "(694, 978)",
        "(535, 181)",
        "(597, 44)",
        "(703, 936)",
        "(782, 793)",
        "(2, 788)",
        "(302, 580)",
        "(127, 381)",
        "(188, 361)",
        "(863, 256)",
        "(42, 382)",
        "(553, 133)",
        "(631, 645)",
        "(290, 977)"
    ],
    "(575, 753)": [
        "(834, 28)",
        "(916, 984)",
        "(102, 845)",
        "(883, 71)",
        "(858, 739)",
        "(698, 162)",
        "(290, 977)",
        "(336, 967)",
        "(378, 997)",
        "(596, 708)",
        "(392, 191)",
        "(303, 451)",
        "(269, 273)",
        "(393, 649)",
        "(23, 622)",
        "(628, 186)",
        "(36, 223)",
        "(357, 92)",
        "(799, 827)",
        "(553, 133)",
        "(703, 936)",
        "(195, 100)",
        "(251, 204)",
        "(772, 362)",
        "(171, 697)",
        "(869, 725)",
        "(120, 999)",
        "(783, 199)",
        "(289, 959)",
        "(782, 793)",
        "(236, 626)",
        "(312, 937)",
        "(302, 580)",
        "(357, 564)",
        "(590, 335)",
        "(513, 120)",
        "(2, 788)",
        "(614, 845)",
        "(898, 815)",
        "(357, 834)",
        "(833, 179)",
        "(693, 641)",
        "(188, 361)",
        "(245, 26)",
        "(855, 578)",
        "(597, 44)",
        "(196, 582)",
        "(555, 554)",
        "(780, 935)",
        "(602, 629)",
        "(694, 978)"
    ],
    "(617, 927)": [
        "(799, 873)",
        "(614, 845)",
        "(133, 481)",
        "(711, 301)",
        "(251, 204)",
        "(746, 459)",
        "(313, 364)",
        "(42, 382)",
        "(869, 725)",
        "(357, 92)",
        "(231, 464)",
        "(602, 356)",
        "(984, 292)",
        "(916, 984)",
        "(824, 465)",
        "(106, 755)",
        "(855, 578)",
        "(834, 28)",
        "(857, 643)",
        "(555, 554)",
        "(357, 564)",
        "(127, 381)",
        "(703, 936)",
        "(535, 181)",
        "(945, 180)",
        "(602, 629)",
        "(392, 191)",
        "(477, 305)",
        "(870, 621)",
        "(898, 815)",
        "(448, 685)",
        "(269, 273)",
        "(597, 44)",
        "(281, 996)",
        "(783, 199)",
        "(26, 130)",
        "(529, 664)",
        "(628, 186)",
        "(3, 330)",
        "(694, 978)",
        "(188, 361)",
        "(312, 937)",
        "(873, 778)",
        "(590, 335)",
        "(737, 942)",
        "(553, 133)",
        "(833, 179)",
        "(236, 626)",
        "(863, 256)",
        "(379, 850)",
        "(146, 665)"
    ],
    "(359, 89)": [
        "(31, 733)",
        "(922, 598)",
        "(448, 685)",
        "(42, 382)",
        "(127, 381)",
        "(824, 465)",
        "(171, 697)",
        "(711, 301)",
        "(783, 199)",
        "(698, 162)",
        "(313, 364)",
        "(833, 179)",
        "(524, 13)",
        "(327, 935)",
        "(133, 481)",
        "(236, 626)",
        "(799, 873)",
        "(363, 99)",
        "(614, 845)",
        "(529, 664)",
        "(392, 191)",
        "(357, 564)",
        "(703, 936)",
        "(36, 223)",
        "(251, 204)",
        "(2, 788)",
        "(106, 755)",
        "(555, 554)",
        "(858, 739)",
        "(855, 578)",
        "(275, 577)",
        "(102, 845)",
        "(863, 256)",
        "(799, 827)",
        "(553, 133)",
        "(984, 292)",
        "(303, 451)",
        "(146, 665)",
        "(596, 708)",
        "(857, 643)",
        "(3, 330)"
    ],
    "(393, 649)": [
        "(275, 577)",
        "(171, 697)",
        "(614, 845)",
        "(127, 381)",
        "(106, 755)",
        "(922, 598)",
        "(188, 361)",
        "(746, 459)",
        "(290, 977)",
        "(602, 356)",
        "(524, 13)",
        "(916, 984)",
        "(824, 465)",
        "(225, 403)",
        "(575, 753)",
        "(42, 382)",
        "(363, 99)",
        "(535, 181)",
        "(269, 273)",
        "(869, 725)",
        "(26, 130)",
        "(120, 999)",
        "(780, 935)",
        "(302, 580)",
        "(711, 301)",
        "(782, 793)",
        "(596, 708)",
        "(357, 834)",
        "(392, 191)",
        "(412, 365)",
        "(23, 622)",
        "(863, 256)",
        "(102, 845)",
        "(883, 71)",
        "(477, 305)",
        "(984, 292)",
        "(231, 464)"
    ],
    "(412, 365)": [
        "(303, 451)",
        "(106, 755)",
        "(602, 356)",
        "(799, 827)",
        "(336, 967)",
        "(448, 685)",
        "(858, 739)",
        "(171, 697)",
        "(357, 834)",
        "(357, 564)",
        "(312, 937)",
        "(694, 978)",
        "(783, 199)",
        "(737, 942)",
        "(231, 464)",
        "(984, 292)",
        "(195, 100)",
        "(26, 130)",
        "(289, 959)",
        "(363, 99)",
        "(379, 850)",
        "(628, 186)",
        "(529, 664)",
        "(3, 330)",
        "(251, 204)",
        "(524, 13)",
        "(378, 997)",
        "(553, 133)",
        "(275, 577)",
        "(693, 641)",
        "(393, 649)",
        "(883, 71)",
        "(782, 793)",
        "(870, 621)",
        "(898, 815)",
        "(477, 305)"
    ],
    "(737, 942)": [
        "(269, 273)",
        "(379, 850)",
        "(312, 937)",
        "(596, 708)",
        "(922, 598)",
        "(873, 778)",
        "(590, 335)",
        "(833, 179)",
        "(127, 381)",
        "(146, 665)",
        "(336, 967)",
        "(553, 133)",
        "(412, 365)",
        "(857, 643)",
        "(916, 984)",
        "(313, 364)",
        "(188, 361)",
        "(782, 793)",
        "(746, 459)",
        "(711, 301)",
        "(602, 629)",
        "(171, 697)",
        "(302, 580)",
        "(936, 98)",
        "(195, 100)",
        "(945, 180)",
        "(477, 305)",
        "(196, 582)",
        "(834, 28)",
        "(23, 622)",
        "(120, 999)",
        "(597, 44)",
        "(290, 977)",
        "(2, 788)",
        "(363, 99)",
        "(617, 927)",
        "(898, 815)",
        "(869, 725)",
        "(3, 330)",
        "(870, 621)",
        "(780, 935)"
    ],
    "(106, 755)": [
        "(873, 778)",
        "(336, 967)",
        "(188, 361)",
        "(36, 223)",
        "(303, 451)",
        "(133, 481)",
        "(772, 362)",
        "(393, 649)",
        "(631, 645)",
        "(412, 365)",
        "(127, 381)",
        "(23, 622)",
        "(799, 827)",
        "(780, 935)",
        "(855, 578)",
        "(833, 179)",
        "(3, 330)",
        "(596, 708)",
        "(628, 186)",
        "(698, 162)",
        "(922, 598)",
        "(858, 739)",
        "(617, 927)",
        "(281, 996)",
        "(524, 13)",
        "(703, 936)",
        "(171, 697)",
        "(597, 44)",
        "(834, 28)",
        "(602, 629)",
        "(146, 665)",
        "(783, 199)",
        "(269, 273)",
        "(231, 464)",
        "(313, 364)",
        "(359, 89)",
        "(357, 564)",
        "(614, 845)",
        "(693, 641)",
        "(869, 725)",
        "(916, 984)",
        "(746, 459)",
        "(196, 582)",
        "(236, 626)",
        "(553, 133)"
    ],
    "(26, 130)": [
        "(694, 978)",
        "(448, 685)",
        "(799, 873)",
        "(922, 598)",
        "(782, 793)",
        "(251, 204)",
        "(869, 725)",
        "(693, 641)",
        "(799, 827)",
        "(698, 162)",
        "(231, 464)",
        "(188, 361)",
        "(236, 626)",
        "(133, 481)",
        "(357, 92)",
        "(312, 937)",
        "(513, 120)",
        "(984, 292)",
        "(602, 629)",
        "(412, 365)",
        "(614, 845)",
        "(555, 554)",
        "(393, 649)",
        "(290, 977)",
        "(31, 733)",
        "(146, 665)",
        "(833, 179)",
        "(873, 778)",
        "(590, 335)",
        "(772, 362)",
        "(245, 26)",
        "(120, 999)",
        "(529, 664)",
        "(596, 708)",
        "(855, 578)",
        "(617, 927)",
        "(36, 223)",
        "(269, 273)",
        "(746, 459)",
        "(597, 44)",
        "(524, 13)",
        "(858, 739)",
        "(857, 643)",
        "(824, 465)",
        "(535, 181)",
        "(102, 845)",
        "(363, 99)"
    ],
    "(251, 204)": [
        "(448, 685)",
        "(290, 977)",
        "(245, 26)",
        "(127, 381)",
        "(617, 927)",
        "(146, 665)",
        "(916, 984)",
        "(378, 997)",
        "(590, 335)",
        "(26, 130)",
        "(834, 28)",
        "(936, 98)",
        "(312, 937)",
        "(236, 626)",
        "(746, 459)",
        "(799, 873)",
        "(379, 850)",
        "(984, 292)",
        "(269, 273)",
        "(281, 996)",
        "(357, 834)",
        "(357, 92)",
        "(31, 733)",
        "(783, 199)",
        "(614, 845)",
        "(863, 256)",
        "(412, 365)",
        "(575, 753)",
        "(597, 44)",
        "(188, 361)",
        "(359, 89)",
        "(231, 464)",
        "(782, 793)",
        "(120, 999)",
        "(869, 725)",
        "(3, 330)",
        "(596, 708)",
        "(772, 362)",
        "(225, 403)",
        "(857, 643)",
        "(36, 223)",
        "(602, 629)",
        "(555, 554)",
        "(703, 936)",
        "(694, 978)",
        "(102, 845)",
        "(631, 645)",
        "(275, 577)",
        "(392, 191)"
    ],
    "(196, 582)": [
        "(195, 100)",
        "(357, 564)",
        "(269, 273)",
        "(873, 778)",
        "(290, 977)",
        "(898, 815)",
        "(378, 997)",
        "(869, 725)",
        "(313, 364)",
        "(772, 362)",
        "(146, 665)",
        "(225, 403)",
        "(336, 967)",
        "(863, 256)",
        "(936, 98)",
        "(858, 739)",
        "(379, 850)",
        "(628, 186)",
        "(596, 708)",
        "(236, 626)",
        "(833, 179)",
        "(799, 873)",
        "(133, 481)",
        "(916, 984)",
        "(870, 621)",
        "(631, 645)",
        "(31, 733)",
        "(857, 643)",
        "(524, 13)",
        "(746, 459)",
        "(513, 120)",
        "(363, 99)",
        "(737, 942)",
        "(120, 999)",
        "(448, 685)",
        "(783, 199)",
        "(698, 162)",
        "(102, 845)",
        "(614, 845)",
        "(23, 622)",
        "(245, 26)",
        "(984, 292)",
        "(281, 996)",
        "(106, 755)",
        "(575, 753)",
        "(555, 554)",
        "(529, 664)",
        "(312, 937)",
        "(922, 598)",
        "(945, 180)",
        "(693, 641)"
    ],
    "(477, 305)": [
        "(357, 564)",
        "(711, 301)",
        "(870, 621)",
        "(281, 996)",
        "(392, 191)",
        "(231, 464)",
        "(863, 256)",
        "(783, 199)",
        "(236, 626)",
        "(127, 381)",
        "(312, 937)",
        "(883, 71)",
        "(898, 815)",
        "(363, 99)",
        "(529, 664)",
        "(984, 292)",
        "(693, 641)",
        "(171, 697)",
        "(617, 927)",
        "(855, 578)",
        "(694, 978)",
        "(737, 942)",
        "(269, 273)",
        "(746, 459)",
        "(289, 959)",
        "(945, 180)",
        "(42, 382)",
        "(916, 984)",
        "(602, 629)",
        "(869, 725)",
        "(936, 98)",
        "(596, 708)",
        "(824, 465)",
        "(553, 133)",
        "(245, 26)",
        "(302, 580)",
        "(146, 665)",
        "(703, 936)",
        "(590, 335)",
        "(393, 649)",
        "(412, 365)"
    ],
    "(916, 984)": [
        "(984, 292)",
        "(575, 753)",
        "(3, 330)",
        "(378, 997)",
        "(251, 204)",
        "(602, 629)",
        "(275, 577)",
        "(898, 815)",
        "(303, 451)",
        "(834, 28)",
        "(146, 665)",
        "(231, 464)",
        "(597, 44)",
        "(393, 649)",
        "(873, 778)",
        "(602, 356)",
        "(188, 361)",
        "(269, 273)",
        "(313, 364)",
        "(379, 850)",
        "(617, 927)",
        "(737, 942)",
        "(363, 99)",
        "(833, 179)",
        "(196, 582)",
        "(2, 788)",
        "(590, 335)",
        "(782, 793)",
        "(922, 598)",
        "(236, 626)",
        "(524, 13)",
        "(535, 181)",
        "(477, 305)",
        "(327, 935)",
        "(357, 564)",
        "(281, 996)",
        "(863, 256)",
        "(870, 621)",
        "(448, 685)",
        "(290, 977)",
        "(195, 100)",
        "(23, 622)",
        "(106, 755)",
        "(869, 725)",
        "(694, 978)",
        "(936, 98)",
        "(628, 186)"
    ],
    "(698, 162)": [
        "(225, 403)",
        "(127, 381)",
        "(42, 382)",
        "(693, 641)",
        "(936, 98)",
        "(873, 778)",
        "(869, 725)",
        "(575, 753)",
        "(834, 28)",
        "(596, 708)",
        "(302, 580)",
        "(359, 89)",
        "(26, 130)",
        "(231, 464)",
        "(898, 815)",
        "(863, 256)",
        "(602, 356)",
        "(106, 755)",
        "(281, 996)",
        "(102, 845)",
        "(524, 13)",
        "(2, 788)",
        "(269, 273)",
        "(529, 664)",
        "(597, 44)",
        "(327, 935)",
        "(357, 834)",
        "(357, 92)",
        "(799, 827)",
        "(857, 643)",
        "(535, 181)",
        "(196, 582)",
        "(799, 873)",
        "(275, 577)",
        "(23, 622)",
        "(290, 977)",
        "(782, 793)",
        "(312, 937)",
        "(855, 578)",
        "(833, 179)",
        "(303, 451)"
    ],
    "(833, 179)": [
        "(357, 834)",
        "(703, 936)",
        "(535, 181)",
        "(379, 850)",
        "(195, 100)",
        "(783, 199)",
        "(737, 942)",
        "(513, 120)",
        "(275, 577)",
        "(106, 755)",
        "(602, 356)",
        "(359, 89)",
        "(711, 301)",
        "(120, 999)",
        "(336, 967)",
        "(799, 827)",
        "(392, 191)",
        "(196, 582)",
        "(945, 180)",
        "(916, 984)",
        "(289, 959)",
        "(269, 273)",
        "(357, 92)",
        "(602, 629)",
        "(26, 130)",
        "(555, 554)",
        "(23, 622)",
        "(3, 330)",
        "(245, 26)",
        "(628, 186)",
        "(327, 935)",
        "(303, 451)",
        "(883, 71)",
        "(857, 643)",
        "(225, 403)",
        "(312, 937)",
        "(799, 873)",
        "(575, 753)",
        "(524, 13)",
        "(782, 793)",
        "(746, 459)",
        "(617, 927)",
        "(869, 725)",
        "(698, 162)",
        "(870, 621)",
        "(529, 664)"
    ],
    "(23, 622)": [
        "(711, 301)",
        "(36, 223)",
        "(855, 578)",
        "(869, 725)",
        "(936, 98)",
        "(799, 827)",
        "(127, 381)",
        "(357, 92)",
        "(357, 564)",
        "(188, 361)",
        "(106, 755)",
        "(336, 967)",
        "(602, 629)",
        "(312, 937)",
        "(984, 292)",
        "(102, 845)",
        "(42, 382)",
        "(378, 997)",
        "(602, 356)",
        "(575, 753)",
        "(555, 554)",
        "(870, 621)",
        "(289, 959)",
        "(857, 643)",
        "(146, 665)",
        "(628, 186)",
        "(524, 13)",
        "(799, 873)",
        "(833, 179)",
        "(133, 481)",
        "(281, 996)",
        "(313, 364)",
        "(737, 942)",
        "(535, 181)",
        "(363, 99)",
        "(783, 199)",
        "(590, 335)",
        "(614, 845)",
        "(529, 664)",
        "(746, 459)",
        "(196, 582)",
        "(393, 649)",
        "(703, 936)",
        "(302, 580)",
        "(916, 984)",
        "(698, 162)",
        "(898, 815)",
        "(3, 330)",
        "(782, 793)"
    ],
    "(858, 739)": [
        "(694, 978)",
        "(102, 845)",
        "(357, 834)",
        "(289, 959)",
        "(363, 99)",
        "(870, 621)",
        "(188, 361)",
        "(575, 753)",
        "(782, 793)",
        "(2, 788)",
        "(799, 827)",
        "(555, 554)",
        "(31, 733)",
        "(746, 459)",
        "(378, 997)",
        "(772, 362)",
        "(281, 996)",
        "(945, 180)",
        "(412, 365)",
        "(133, 481)",
        "(196, 582)",
        "(596, 708)",
        "(524, 13)",
        "(106, 755)",
        "(245, 26)",
        "(127, 381)",
        "(869, 725)",
        "(855, 578)",
        "(269, 273)",
        "(984, 292)",
        "(936, 98)",
        "(3, 330)",
        "(529, 664)",
        "(303, 451)",
        "(602, 629)",
        "(898, 815)",
        "(703, 936)",
        "(783, 199)",
        "(448, 685)",
        "(359, 89)",
        "(711, 301)",
        "(290, 977)",
        "(922, 598)",
        "(26, 130)",
        "(379, 850)",
        "(42, 382)",
        "(312, 937)"
    ],
    "(824, 465)": [
        "(855, 578)",
        "(120, 999)",
        "(236, 626)",
        "(290, 977)",
        "(746, 459)",
        "(936, 98)",
        "(535, 181)",
        "(703, 936)",
        "(289, 959)",
        "(359, 89)",
        "(693, 641)",
        "(393, 649)",
        "(327, 935)",
        "(312, 937)",
        "(225, 403)",
        "(617, 927)",
        "(313, 364)",
        "(596, 708)",
        "(513, 120)",
        "(857, 643)",
        "(602, 629)",
        "(188, 361)",
        "(614, 845)",
        "(379, 850)",
        "(281, 996)",
        "(524, 13)",
        "(477, 305)",
        "(984, 292)",
        "(873, 778)",
        "(834, 28)",
        "(231, 464)",
        "(922, 598)",
        "(529, 664)",
        "(883, 71)",
        "(628, 186)",
        "(590, 335)",
        "(26, 130)",
        "(597, 44)"
    ],
    "(378, 997)": [
        "(513, 120)",
        "(869, 725)",
        "(916, 984)",
        "(614, 845)",
        "(251, 204)",
        "(596, 708)",
        "(196, 582)",
        "(597, 44)",
        "(858, 739)",
        "(873, 778)",
        "(870, 621)",
        "(863, 256)",
        "(799, 827)",
        "(289, 959)",
        "(575, 753)",
        "(711, 301)",
        "(857, 643)",
        "(984, 292)",
        "(783, 199)",
        "(23, 622)",
        "(693, 641)",
        "(590, 335)",
        "(3, 330)",
        "(602, 356)",
        "(36, 223)",
        "(412, 365)",
        "(357, 564)",
        "(188, 361)",
        "(302, 580)",
        "(120, 999)",
        "(275, 577)",
        "(628, 186)",
        "(290, 977)",
        "(303, 451)",
        "(780, 935)",
        "(529, 664)",
        "(281, 996)",
        "(245, 26)",
        "(602, 629)",
        "(171, 697)",
        "(555, 554)",
        "(313, 364)",
        "(703, 936)",
        "(327, 935)",
        "(945, 180)",
        "(855, 578)"
    ],
    "(3, 330)": [
        "(36, 223)",
        "(916, 984)",
        "(529, 664)",
        "(290, 977)",
        "(289, 959)",
        "(281, 996)",
        "(392, 191)",
        "(614, 845)",
        "(746, 459)",
        "(693, 641)",
        "(694, 978)",
        "(535, 181)",
        "(780, 935)",
        "(106, 755)",
        "(772, 362)",
        "(984, 292)",
        "(448, 685)",
        "(42, 382)",
        "(799, 873)",
        "(799, 827)",
        "(378, 997)",
        "(412, 365)",
        "(596, 708)",
        "(2, 788)",
        "(922, 598)",
        "(858, 739)",
        "(869, 725)",
        "(936, 98)",
        "(236, 626)",
        "(833, 179)",
        "(834, 28)",
        "(711, 301)",
        "(703, 936)",
        "(617, 927)",
        "(251, 204)",
        "(269, 273)",
        "(327, 935)",
        "(225, 403)",
        "(553, 133)",
        "(524, 13)",
        "(245, 26)",
        "(857, 643)",
        "(336, 967)",
        "(23, 622)",
        "(628, 186)",
        "(379, 850)",
        "(737, 942)",
        "(133, 481)",
        "(359, 89)"
    ],
    "(782, 793)": [
        "(26, 130)",
        "(857, 643)",
        "(922, 598)",
        "(171, 697)",
        "(858, 739)",
        "(327, 935)",
        "(555, 554)",
        "(746, 459)",
        "(245, 26)",
        "(269, 273)",
        "(945, 180)",
        "(303, 451)",
        "(529, 664)",
        "(799, 827)",
        "(799, 873)",
        "(363, 99)",
        "(737, 942)",
        "(883, 71)",
        "(448, 685)",
        "(102, 845)",
        "(290, 977)",
        "(275, 577)",
        "(916, 984)",
        "(602, 629)",
        "(336, 967)",
        "(597, 44)",
        "(575, 753)",
        "(783, 199)",
        "(693, 641)",
        "(393, 649)",
        "(251, 204)",
        "(694, 978)",
        "(628, 186)",
        "(535, 181)",
        "(357, 92)",
        "(289, 959)",
        "(146, 665)",
        "(412, 365)",
        "(833, 179)",
        "(698, 162)",
        "(357, 834)",
        "(23, 622)",
        "(614, 845)"
    ],
    "(772, 362)": [
        "(448, 685)",
        "(524, 13)",
        "(42, 382)",
        "(303, 451)",
        "(631, 645)",
        "(898, 815)",
        "(363, 99)",
        "(236, 626)",
        "(357, 564)",
        "(106, 755)",
        "(392, 191)",
        "(858, 739)",
        "(196, 582)",
        "(597, 44)",
        "(553, 133)",
        "(855, 578)",
        "(31, 733)",
        "(302, 580)",
        "(711, 301)",
        "(327, 935)",
        "(883, 71)",
        "(269, 273)",
        "(3, 330)",
        "(379, 850)",
        "(195, 100)",
        "(596, 708)",
        "(869, 725)",
        "(694, 978)",
        "(799, 873)",
        "(529, 664)",
        "(171, 697)",
        "(575, 753)",
        "(26, 130)",
        "(590, 335)",
        "(245, 26)",
        "(2, 788)",
        "(834, 28)",
        "(870, 621)",
        "(251, 204)",
        "(945, 180)",
        "(614, 845)",
        "(133, 481)",
        "(780, 935)",
        "(513, 120)",
        "(275, 577)"
    ],
    "(171, 697)": [
        "(984, 292)",
        "(302, 580)",
        "(357, 92)",
        "(393, 649)",
        "(782, 793)",
        "(359, 89)",
        "(535, 181)",
        "(855, 578)",
        "(602, 629)",
        "(631, 645)",
        "(357, 564)",
        "(553, 133)",
        "(412, 365)",
        "(898, 815)",
        "(555, 554)",
        "(225, 403)",
        "(106, 755)",
        "(2, 788)",
        "(42, 382)",
        "(477, 305)",
        "(922, 598)",
        "(36, 223)",
        "(737, 942)",
        "(772, 362)",
        "(575, 753)",
        "(448, 685)",
        "(869, 725)",
        "(379, 850)",
        "(357, 834)",
        "(936, 98)",
        "(780, 935)",
        "(945, 180)",
        "(883, 71)",
        "(628, 186)",
        "(127, 381)",
        "(236, 626)",
        "(378, 997)",
        "(188, 361)",
        "(597, 44)",
        "(102, 845)",
        "(336, 967)",
        "(327, 935)",
        "(746, 459)",
        "(590, 335)"
    ],
    "(535, 181)": [
        "(711, 301)",
        "(783, 199)",
        "(834, 28)",
        "(824, 465)",
        "(614, 845)",
        "(357, 564)",
        "(833, 179)",
        "(171, 697)",
        "(245, 26)",
        "(3, 330)",
        "(780, 935)",
        "(336, 967)",
        "(275, 577)",
        "(602, 356)",
        "(313, 364)",
        "(393, 649)",
        "(133, 481)",
        "(120, 999)",
        "(863, 256)",
        "(617, 927)",
        "(922, 598)",
        "(590, 335)",
        "(303, 451)",
        "(188, 361)",
        "(231, 464)",
        "(42, 382)",
        "(327, 935)",
        "(916, 984)",
        "(363, 99)",
        "(23, 622)",
        "(984, 292)",
        "(127, 381)",
        "(357, 92)",
        "(698, 162)",
        "(782, 793)",
        "(146, 665)",
        "(870, 621)",
        "(31, 733)",
        "(379, 850)",
        "(869, 725)",
        "(936, 98)",
        "(269, 273)",
        "(694, 978)",
        "(357, 834)",
        "(26, 130)",
        "(855, 578)",
        "(873, 778)"
    ],
    "(799, 827)": [
        "(602, 629)",
        "(693, 641)",
        "(23, 622)",
        "(922, 598)",
        "(858, 739)",
        "(590, 335)",
        "(195, 100)",
        "(863, 256)",
        "(412, 365)",
        "(357, 834)",
        "(146, 665)",
        "(26, 130)",
        "(378, 997)",
        "(524, 13)",
        "(106, 755)",
        "(857, 643)",
        "(102, 845)",
        "(357, 564)",
        "(833, 179)",
        "(36, 223)",
        "(782, 793)",
        "(602, 356)",
        "(628, 186)",
        "(575, 753)",
        "(553, 133)",
        "(555, 554)",
        "(746, 459)",
        "(3, 330)",
        "(236, 626)",
        "(42, 382)",
        "(290, 977)",
        "(780, 935)",
        "(698, 162)",
        "(313, 364)",
        "(133, 481)",
        "(711, 301)",
        "(359, 89)",
        "(984, 292)",
        "(513, 120)",
        "(855, 578)",
        "(870, 621)"
    ],
    "(336, 967)": [
        "(106, 755)",
        "(863, 256)",
        "(628, 186)",
        "(133, 481)",
        "(269, 273)",
        "(290, 977)",
        "(834, 28)",
        "(780, 935)",
        "(412, 365)",
        "(936, 98)",
        "(127, 381)",
        "(873, 778)",
        "(42, 382)",
        "(575, 753)",
        "(23, 622)",
        "(275, 577)",
        "(289, 959)",
        "(196, 582)",
        "(737, 942)",
        "(535, 181)",
        "(693, 641)",
        "(313, 364)",
        "(448, 685)",
        "(553, 133)",
        "(833, 179)",
        "(327, 935)",
        "(302, 580)",
        "(392, 191)",
        "(245, 26)",
        "(799, 873)",
        "(782, 793)",
        "(231, 464)",
        "(513, 120)",
        "(597, 44)",
        "(312, 937)",
        "(590, 335)",
        "(195, 100)",
        "(922, 598)",
        "(555, 554)",
        "(631, 645)",
        "(602, 356)",
        "(703, 936)",
        "(31, 733)",
        "(357, 834)",
        "(3, 330)",
        "(146, 665)",
        "(171, 697)",
        "(898, 815)",
        "(36, 223)"
    ],
    "(312, 937)": [
        "(102, 845)",
        "(357, 834)",
        "(883, 71)",
        "(631, 645)",
        "(737, 942)",
        "(597, 44)",
        "(275, 577)",
        "(873, 778)",
        "(251, 204)",
        "(711, 301)",
        "(703, 936)",
        "(392, 191)",
        "(412, 365)",
        "(23, 622)",
        "(529, 664)",
        "(195, 100)",
        "(477, 305)",
        "(694, 978)",
        "(289, 959)",
        "(824, 465)",
        "(26, 130)",
        "(869, 725)",
        "(42, 382)",
        "(590, 335)",
        "(596, 708)",
        "(898, 815)",
        "(513, 120)",
        "(336, 967)",
        "(945, 180)",
        "(524, 13)",
        "(575, 753)",
        "(936, 98)",
        "(617, 927)",
        "(833, 179)",
        "(133, 481)",
        "(245, 26)",
        "(120, 999)",
        "(855, 578)",
        "(302, 580)",
        "(555, 554)",
        "(783, 199)",
        "(698, 162)",
        "(313, 364)",
        "(196, 582)",
        "(31, 733)",
        "(858, 739)"
    ],
    "(590, 335)": [
        "(36, 223)",
        "(694, 978)",
        "(863, 256)",
        "(188, 361)",
        "(269, 273)",
        "(936, 98)",
        "(746, 459)",
        "(251, 204)",
        "(799, 827)",
        "(102, 845)",
        "(737, 942)",
        "(392, 191)",
        "(711, 301)",
        "(245, 26)",
        "(195, 100)",
        "(783, 199)",
        "(120, 999)",
        "(313, 364)",
        "(146, 665)",
        "(834, 28)",
        "(312, 937)",
        "(378, 997)",
        "(916, 984)",
        "(553, 133)",
        "(26, 130)",
        "(535, 181)",
        "(555, 554)",
        "(772, 362)",
        "(883, 71)",
        "(628, 186)",
        "(336, 967)",
        "(275, 577)",
        "(693, 641)",
        "(575, 753)",
        "(23, 622)",
        "(614, 845)",
        "(302, 580)",
        "(513, 120)",
        "(31, 733)",
        "(617, 927)",
        "(290, 977)",
        "(703, 936)",
        "(824, 465)",
        "(477, 305)",
        "(379, 850)",
        "(780, 935)",
        "(171, 697)",
        "(236, 626)"
    ],
    "(614, 845)": [
        "(617, 927)",
        "(2, 788)",
        "(269, 273)",
        "(146, 665)",
        "(393, 649)",
        "(378, 997)",
        "(535, 181)",
        "(236, 626)",
        "(631, 645)",
        "(290, 977)",
        "(3, 330)",
        "(275, 577)",
        "(231, 464)",
        "(524, 13)",
        "(42, 382)",
        "(628, 186)",
        "(102, 845)",
        "(357, 92)",
        "(26, 130)",
        "(448, 685)",
        "(359, 89)",
        "(251, 204)",
        "(133, 481)",
        "(555, 554)",
        "(945, 180)",
        "(863, 256)",
        "(36, 223)",
        "(883, 71)",
        "(783, 199)",
        "(824, 465)",
        "(694, 978)",
        "(302, 580)",
        "(529, 664)",
        "(746, 459)",
        "(590, 335)",
        "(575, 753)",
        "(23, 622)",
        "(327, 935)",
        "(106, 755)",
        "(196, 582)",
        "(363, 99)",
        "(772, 362)",
        "(984, 292)",
        "(245, 26)",
        "(782, 793)",
        "(379, 850)",
        "(780, 935)",
        "(857, 643)"
    ],
    "(898, 815)": [
        "(524, 13)",
        "(772, 362)",
        "(269, 273)",
        "(196, 582)",
        "(916, 984)",
        "(883, 71)",
        "(357, 564)",
        "(711, 301)",
        "(171, 697)",
        "(780, 935)",
        "(746, 459)",
        "(127, 381)",
        "(553, 133)",
        "(698, 162)",
        "(146, 665)",
        "(477, 305)",
        "(42, 382)",
        "(855, 578)",
        "(312, 937)",
        "(275, 577)",
        "(617, 927)",
        "(379, 850)",
        "(858, 739)",
        "(448, 685)",
        "(357, 92)",
        "(363, 99)",
        "(631, 645)",
        "(575, 753)",
        "(133, 481)",
        "(303, 451)",
        "(23, 622)",
        "(231, 464)",
        "(596, 708)",
        "(412, 365)",
        "(834, 28)",
        "(290, 977)",
        "(737, 942)",
        "(195, 100)",
        "(529, 664)",
        "(336, 967)",
        "(188, 361)",
        "(31, 733)",
        "(327, 935)"
    ],
    "(269, 273)": [
        "(737, 942)",
        "(529, 664)",
        "(945, 180)",
        "(602, 629)",
        "(590, 335)",
        "(614, 845)",
        "(196, 582)",
        "(898, 815)",
        "(855, 578)",
        "(336, 967)",
        "(289, 959)",
        "(863, 256)",
        "(357, 564)",
        "(694, 978)",
        "(782, 793)",
        "(36, 223)",
        "(357, 92)",
        "(327, 935)",
        "(575, 753)",
        "(631, 645)",
        "(251, 204)",
        "(916, 984)",
        "(133, 481)",
        "(772, 362)",
        "(393, 649)",
        "(448, 685)",
        "(363, 99)",
        "(833, 179)",
        "(302, 580)",
        "(858, 739)",
        "(698, 162)",
        "(693, 641)",
        "(555, 554)",
        "(106, 755)",
        "(477, 305)",
        "(869, 725)",
        "(290, 977)",
        "(617, 927)",
        "(873, 778)",
        "(783, 199)",
        "(195, 100)",
        "(26, 130)",
        "(3, 330)",
        "(42, 382)",
        "(602, 356)",
        "(188, 361)",
        "(535, 181)",
        "(883, 71)",
        "(313, 364)"
    ],
    "(363, 99)": [
        "(858, 739)",
        "(120, 999)",
        "(146, 665)",
        "(772, 362)",
        "(448, 685)",
        "(289, 959)",
        "(31, 733)",
        "(869, 725)",
        "(127, 381)",
        "(602, 629)",
        "(313, 364)",
        "(2, 788)",
        "(855, 578)",
        "(703, 936)",
        "(357, 92)",
        "(393, 649)",
        "(477, 305)",
        "(782, 793)",
        "(916, 984)",
        "(42, 382)",
        "(225, 403)",
        "(412, 365)",
        "(359, 89)",
        "(269, 273)",
        "(379, 850)",
        "(799, 873)",
        "(783, 199)",
        "(188, 361)",
        "(694, 978)",
        "(529, 664)",
        "(196, 582)",
        "(597, 44)",
        "(133, 481)",
        "(898, 815)",
        "(535, 181)",
        "(23, 622)",
        "(524, 13)",
        "(857, 643)",
        "(281, 996)",
        "(602, 356)",
        "(555, 554)",
        "(195, 100)",
        "(596, 708)",
        "(737, 942)",
        "(614, 845)",
        "(290, 977)",
        "(357, 564)",
        "(945, 180)",
        "(628, 186)",
        "(553, 133)",
        "(26, 130)"
    ],
    "(236, 626)": [
        "(824, 465)",
        "(289, 959)",
        "(313, 364)",
        "(772, 362)",
        "(281, 996)",
        "(614, 845)",
        "(857, 643)",
        "(936, 98)",
        "(529, 664)",
        "(869, 725)",
        "(251, 204)",
        "(477, 305)",
        "(31, 733)",
        "(275, 577)",
        "(945, 180)",
        "(26, 130)",
        "(196, 582)",
        "(855, 578)",
        "(628, 186)",
        "(357, 834)",
        "(359, 89)",
        "(873, 778)",
        "(602, 629)",
        "(799, 827)",
        "(834, 28)",
        "(524, 13)",
        "(916, 984)",
        "(3, 330)",
        "(357, 92)",
        "(245, 26)",
        "(290, 977)",
        "(575, 753)",
        "(922, 598)",
        "(596, 708)",
        "(883, 71)",
        "(711, 301)",
        "(171, 697)",
        "(602, 356)",
        "(327, 935)",
        "(357, 564)",
        "(703, 936)",
        "(780, 935)",
        "(146, 665)",
        "(694, 978)",
        "(799, 873)",
        "(617, 927)",
        "(188, 361)",
        "(195, 100)",
        "(106, 755)",
        "(590, 335)"
    ],
    "(513, 120)": [
        "(275, 577)",
        "(120, 999)",
        "(289, 959)",
        "(378, 997)",
        "(303, 451)",
        "(597, 44)",
        "(628, 186)",
        "(855, 578)",
        "(379, 850)",
        "(188, 361)",
        "(313, 364)",
        "(529, 664)",
        "(833, 179)",
        "(357, 834)",
        "(703, 936)",
        "(26, 130)",
        "(783, 199)",
        "(2, 788)",
        "(693, 641)",
        "(824, 465)",
        "(42, 382)",
        "(869, 725)",
        "(524, 13)",
        "(312, 937)",
        "(780, 935)",
        "(196, 582)",
        "(336, 967)",
        "(448, 685)",
        "(631, 645)",
        "(711, 301)",
        "(575, 753)",
        "(302, 580)",
        "(590, 335)",
        "(225, 403)",
        "(857, 643)",
        "(392, 191)",
        "(195, 100)",
        "(799, 827)",
        "(146, 665)",
        "(772, 362)"
    ],
    "(602, 629)": [
        "(596, 708)",
        "(883, 71)",
        "(36, 223)",
        "(357, 92)",
        "(269, 273)",
        "(327, 935)",
        "(799, 827)",
        "(357, 564)",
        "(146, 665)",
        "(916, 984)",
        "(290, 977)",
        "(31, 733)",
        "(171, 697)",
        "(23, 622)",
        "(363, 99)",
        "(303, 451)",
        "(984, 292)",
        "(870, 621)",
        "(102, 845)",
        "(555, 554)",
        "(26, 130)",
        "(711, 301)",
        "(313, 364)",
        "(133, 481)",
        "(275, 577)",
        "(553, 133)",
        "(833, 179)",
        "(236, 626)",
        "(783, 199)",
        "(737, 942)",
        "(617, 927)",
        "(782, 793)",
        "(106, 755)",
        "(834, 28)",
        "(281, 996)",
        "(936, 98)",
        "(858, 739)",
        "(824, 465)",
        "(857, 643)",
        "(477, 305)",
        "(780, 935)",
        "(302, 580)",
        "(379, 850)",
        "(602, 356)",
        "(378, 997)",
        "(251, 204)",
        "(855, 578)",
        "(575, 753)",
        "(245, 26)"
    ],
    "(834, 28)": [
        "(188, 361)",
        "(575, 753)",
        "(984, 292)",
        "(535, 181)",
        "(231, 464)",
        "(127, 381)",
        "(251, 204)",
        "(336, 967)",
        "(698, 162)",
        "(916, 984)",
        "(873, 778)",
        "(628, 186)",
        "(922, 598)",
        "(711, 301)",
        "(694, 978)",
        "(863, 256)",
        "(631, 645)",
        "(357, 834)",
        "(617, 927)",
        "(313, 364)",
        "(597, 44)",
        "(106, 755)",
        "(945, 180)",
        "(590, 335)",
        "(236, 626)",
        "(303, 451)",
        "(602, 629)",
        "(780, 935)",
        "(602, 356)",
        "(448, 685)",
        "(3, 330)",
        "(737, 942)",
        "(772, 362)",
        "(225, 403)",
        "(357, 564)",
        "(857, 643)",
        "(824, 465)",
        "(102, 845)",
        "(379, 850)",
        "(120, 999)",
        "(693, 641)",
        "(529, 664)",
        "(302, 580)",
        "(898, 815)",
        "(746, 459)",
        "(31, 733)",
        "(524, 13)"
    ],
    "(281, 996)": [
        "(236, 626)",
        "(477, 305)",
        "(3, 330)",
        "(275, 577)",
        "(529, 664)",
        "(870, 621)",
        "(711, 301)",
        "(858, 739)",
        "(327, 935)",
        "(597, 44)",
        "(251, 204)",
        "(106, 755)",
        "(698, 162)",
        "(302, 580)",
        "(631, 645)",
        "(602, 356)",
        "(602, 629)",
        "(23, 622)",
        "(448, 685)",
        "(617, 927)",
        "(824, 465)",
        "(133, 481)",
        "(855, 578)",
        "(883, 71)",
        "(363, 99)",
        "(916, 984)",
        "(289, 959)",
        "(357, 834)",
        "(945, 180)",
        "(102, 845)",
        "(693, 641)",
        "(378, 997)",
        "(196, 582)",
        "(873, 778)",
        "(703, 936)",
        "(127, 381)",
        "(31, 733)",
        "(780, 935)",
        "(303, 451)"
    ],
    "(945, 180)": [
        "(269, 273)",
        "(225, 403)",
        "(357, 92)",
        "(524, 13)",
        "(858, 739)",
        "(857, 643)",
        "(313, 364)",
        "(782, 793)",
        "(236, 626)",
        "(855, 578)",
        "(303, 451)",
        "(833, 179)",
        "(555, 554)",
        "(357, 834)",
        "(834, 28)",
        "(614, 845)",
        "(617, 927)",
        "(529, 664)",
        "(703, 936)",
        "(737, 942)",
        "(783, 199)",
        "(275, 577)",
        "(553, 133)",
        "(477, 305)",
        "(312, 937)",
        "(799, 873)",
        "(231, 464)",
        "(195, 100)",
        "(127, 381)",
        "(171, 697)",
        "(711, 301)",
        "(245, 26)",
        "(120, 999)",
        "(2, 788)",
        "(628, 186)",
        "(327, 935)",
        "(883, 71)",
        "(936, 98)",
        "(597, 44)",
        "(863, 256)",
        "(281, 996)",
        "(772, 362)",
        "(694, 978)",
        "(363, 99)",
        "(196, 582)",
        "(378, 997)",
        "(869, 725)",
        "(922, 598)",
        "(379, 850)"
    ],
    "(555, 554)": [
        "(357, 834)",
        "(863, 256)",
        "(188, 361)",
        "(936, 98)",
        "(858, 739)",
        "(782, 793)",
        "(379, 850)",
        "(245, 26)",
        "(171, 697)",
        "(602, 629)",
        "(23, 622)",
        "(945, 180)",
        "(26, 130)",
        "(617, 927)",
        "(799, 827)",
        "(289, 959)",
        "(614, 845)",
        "(869, 725)",
        "(195, 100)",
        "(833, 179)",
        "(590, 335)",
        "(269, 273)",
        "(231, 464)",
        "(290, 977)",
        "(359, 89)",
        "(448, 685)",
        "(336, 967)",
        "(225, 403)",
        "(127, 381)",
        "(363, 99)",
        "(31, 733)",
        "(693, 641)",
        "(133, 481)",
        "(984, 292)",
        "(312, 937)",
        "(196, 582)",
        "(575, 753)",
        "(378, 997)",
        "(631, 645)",
        "(251, 204)",
        "(711, 301)"
    ],
    "(857, 643)": [
        "(596, 708)",
        "(783, 199)",
        "(313, 364)",
        "(782, 793)",
        "(855, 578)",
        "(357, 564)",
        "(236, 626)",
        "(703, 936)",
        "(945, 180)",
        "(746, 459)",
        "(799, 827)",
        "(275, 577)",
        "(120, 999)",
        "(378, 997)",
        "(631, 645)",
        "(737, 942)",
        "(617, 927)",
        "(23, 622)",
        "(711, 301)",
        "(196, 582)",
        "(824, 465)",
        "(195, 100)",
        "(357, 92)",
        "(302, 580)",
        "(873, 778)",
        "(31, 733)",
        "(602, 356)",
        "(602, 629)",
        "(698, 162)",
        "(290, 977)",
        "(363, 99)",
        "(357, 834)",
        "(379, 850)",
        "(833, 179)",
        "(834, 28)",
        "(303, 451)",
        "(524, 13)",
        "(188, 361)",
        "(127, 381)",
        "(883, 71)",
        "(513, 120)",
        "(231, 464)",
        "(3, 330)",
        "(26, 130)",
        "(251, 204)",
        "(102, 845)",
        "(359, 89)",
        "(133, 481)",
        "(553, 133)",
        "(614, 845)"
    ],
    "(302, 580)": [
        "(146, 665)",
        "(863, 256)",
        "(693, 641)",
        "(171, 697)",
        "(780, 935)",
        "(120, 999)",
        "(855, 578)",
        "(936, 98)",
        "(694, 978)",
        "(524, 13)",
        "(245, 26)",
        "(698, 162)",
        "(127, 381)",
        "(303, 451)",
        "(772, 362)",
        "(984, 292)",
        "(336, 967)",
        "(269, 273)",
        "(281, 996)",
        "(529, 664)",
        "(195, 100)",
        "(711, 301)",
        "(737, 942)",
        "(857, 643)",
        "(783, 199)",
        "(393, 649)",
        "(231, 464)",
        "(870, 621)",
        "(378, 997)",
        "(2, 788)",
        "(575, 753)",
        "(631, 645)",
        "(614, 845)",
        "(602, 629)",
        "(392, 191)",
        "(590, 335)",
        "(596, 708)",
        "(513, 120)",
        "(477, 305)",
        "(313, 364)",
        "(357, 834)",
        "(799, 873)",
        "(357, 564)",
        "(357, 92)",
        "(23, 622)",
        "(869, 725)",
        "(834, 28)",
        "(312, 937)",
        "(290, 977)",
        "(31, 733)",
        "(703, 936)"
    ]
}