{
    "(988, 806)": [
        "(414, 316)",
        "(536, 240)",
        "(941, 805)",
        "(520, 683)",
        "(5, 81)",
        "(536, 307)",
        "(966, 851)",
        "(41, 346)",
        "(98, 201)"
    ],
    "(835, 107)": [
        "(144, 896)",
        "(536, 240)",
        "(192, 276)",
        "(702, 32)",
        "(523, 950)",
        "(679, 367)",
        "(851, 740)",
        "(594, 171)",
        "(520, 683)",
        "(541, 453)",
        "(966, 851)",
        "(414, 316)",
        "(741, 60)"
    ],
    "(702, 32)": [
        "(333, 44)",
        "(536, 307)",
        "(835, 107)",
        "(653, 509)",
        "(594, 171)",
        "(48, 107)",
        "(523, 950)",
        "(5, 81)",
        "(520, 683)"
    ],
    "(941, 805)": [
        "(741, 60)",
        "(48, 107)",
        "(192, 276)",
        "(476, 488)",
        "(988, 806)",
        "(41, 346)",
        "(5, 81)",
        "(536, 240)",
        "(966, 851)"
    ],
    "(653, 509)": [
        "(741, 60)",
        "(541, 453)",
        "(48, 107)",
        "(520, 683)",
        "(702, 32)",
        "(5, 81)",
        "(145, 227)",
        "(476, 488)",
        "(536, 240)",
        "(414, 316)",
        "(144, 896)",
        "(523, 950)",
        "(536, 307)"
    ],
    "(48, 107)": [
        "(98, 201)",
        "(851, 740)",
        "(541, 453)",
        "(523, 950)",
        "(941, 805)",
        "(192, 276)",
        "(333, 44)",
        "(966, 851)",
        "(476, 488)",
        "(653, 509)",
        "(679, 367)",
        "(702, 32)",
        "(414, 316)",
        "(594, 171)",
        "(520, 683)"
    ],
    "(414, 316)": [
        "(523, 950)",
        "(988, 806)",
        "(741, 60)",
        "(541, 453)",
        "(144, 896)",
        "(333, 44)",
        "(653, 509)",
        "(48, 107)",
        "(98, 201)",
        "(835, 107)",
        "(851, 740)",
        "(536, 240)",
        "(594, 171)"
    ],
    "(476, 488)": [
        "(41, 346)",
        "(536, 240)",
        "(679, 367)",
        "(48, 107)",
        "(941, 805)",
        "(98, 201)",
        "(594, 171)",
        "(653, 509)",
        "(520, 683)",
        "(536, 307)",
        "(966, 851)"
    ],
    "(851, 740)": [
        "(144, 896)",
        "(48, 107)",
        "(536, 307)",
        "(333, 44)",
        "(541, 453)",
        "(520, 683)",
        "(679, 367)",
        "(835, 107)",
        "(5, 81)",
        "(741, 60)",
        "(523, 950)",
        "(594, 171)",
        "(98, 201)",
        "(414, 316)"
    ],
    "(594, 171)": [
        "(98, 201)",
        "(541, 453)",
        "(192, 276)",
        "(702, 32)",
        "(476, 488)",
        "(966, 851)",
        "(835, 107)",
        "(536, 307)",
        "(851, 740)",
        "(41, 346)",
        "(741, 60)",
        "(5, 81)",
        "(414, 316)",
        "(48, 107)"
    ],
    "(541, 453)": [
        "(98, 201)",
        "(48, 107)",
        "(594, 171)",
        "(851, 740)",
        "(414, 316)",
        "(653, 509)",
        "(741, 60)",
        "(966, 851)",
        "(835, 107)",
        "(523, 950)"
    ],
    "(192, 276)": [
        "(145, 227)",
        "(835, 107)",
        "(594, 171)",
        "(144, 896)",
        "(48, 107)",
        "(333, 44)",
        "(941, 805)",
        "(679, 367)",
        "(966, 851)",
        "(5, 81)",
        "(98, 201)",
        "(741, 60)"
    ],
    "(536, 240)": [
        "(835, 107)",
        "(333, 44)",
        "(5, 81)",
        "(476, 488)",
        "(966, 851)",
        "(988, 806)",
        "(98, 201)",
        "(741, 60)",
        "(653, 509)",
        "(144, 896)",
        "(536, 307)",
        "(941, 805)",
        "(523, 950)",
        "(414, 316)"
    ],
    "(536, 307)": [
        "(702, 32)",
        "(851, 740)",
        "(679, 367)",
        "(966, 851)",
        "(333, 44)",
        "(988, 806)",
        "(594, 171)",
        "(536, 240)",
        "(476, 488)",
        "(653, 509)"
    ],
    "(144, 896)": [
        "(851, 740)",
        "(835, 107)",
        "(192, 276)",
        "(679, 367)",
        "(966, 851)",
        "(414, 316)",
        "(536, 240)",
        "(653, 509)",
        "(741, 60)"
    ],
    "(966, 851)": [
        "(5, 81)",
        "(333, 44)",
        "(145, 227)",
        "(536, 240)",
        "(48, 107)",
        "(144, 896)",
        "(41, 346)",
        "(594, 171)",
        "(536, 307)",
        "(192, 276)",
        "(541, 453)",
        "(476, 488)",
        "(835, 107)",
        "(988, 806)",
        "(679, 367)",
        "(941, 805)",
        "(741, 60)"
    ],
    "(741, 60)": [
        "(679, 367)",
        "(653, 509)",
        "(414, 316)",
        "(941, 805)",
        "(5, 81)",
        "(145, 227)",
        "(541, 453)",
        "(851, 740)",
        "(536, 240)",
        "(594, 171)",
        "(835, 107)",
        "(144, 896)",
        "(98, 201)",
        "(966, 851)",
        "(192, 276)"
    ],
    "(333, 44)": [
        "(702, 32)",
        "(41, 346)",
        "(851, 740)",
        "(536, 240)",
        "(966, 851)",
        "(98, 201)",
        "(5, 81)",
        "(48, 107)",
        "(192, 276)",
        "(523, 950)",
        "(520, 683)",
        "(536, 307)",
        "(414, 316)",
        "(679, 367)"
    ],
    "(41, 346)": [
        "(333, 44)",
        "(476, 488)",
        "(145, 227)",
        "(966, 851)",
        "(98, 201)",
        "(941, 805)",
        "(594, 171)",
        "(988, 806)"
    ],
    "(145, 227)": [
        "(192, 276)",
        "(966, 851)",
        "(520, 683)",
        "(741, 60)",
        "(41, 346)",
        "(523, 950)",
        "(653, 509)",
        "(5, 81)"
    ],
    "(98, 201)": [
        "(594, 171)",
        "(48, 107)",
        "(523, 950)",
        "(541, 453)",
        "(5, 81)",
        "(679, 367)",
        "(333, 44)",
        "(476, 488)",
        "(536, 240)",
        "(41, 346)",
        "(851, 740)",
        "(414, 316)",
        "(192, 276)",
        "(741, 60)",
        "(988, 806)"
    ],
    "(520, 683)": [
        "(679, 367)",
        "(851, 740)",
        "(145, 227)",
        "(653, 509)",
        "(988, 806)",
        "(333, 44)",
        "(476, 488)",
        "(835, 107)",
        "(702, 32)",
        "(48, 107)"
    ],
    "(523, 950)": [
        "(98, 201)",
        "(414, 316)",
        "(5, 81)",
        "(835, 107)",
        "(48, 107)",
        "(145, 227)",
        "(333, 44)",
        "(702, 32)",
        "(851, 740)",
        "(653, 509)",
        "(536, 240)",
        "(541, 453)"
    ],
    "(679, 367)": [
        "(741, 60)",
        "(98, 201)",
        "(520, 683)",
        "(835, 107)",
        "(851, 740)",
        "(144, 896)",
        "(476, 488)",
        "(192, 276)",
        "(48, 107)",
        "(536, 307)",
        "(966, 851)",
        "(333, 44)"
    ],
    "(5, 81)": [
        "(98, 201)",
        "(523, 950)",
        "(966, 851)",
        "(536, 240)",
        "(741, 60)",
        "(333, 44)",
        "(653, 509)",
        "(851, 740)",
        "(988, 806)",
        "(941, 805)",
        "(145, 227)",
        "(192, 276)",
        "(702, 32)",
        "(594, 171)"
    ]
}