{
    "(759, 141)": [
        "(118, 709)",
        "(922, 886)",
        "(503, 969)",
        "(271, 99)",
        "(36, 797)",
        "(677, 730)",
        "(849, 139)",
        "(179, 560)"
    ],
    "(435, 448)": [
        "(385, 307)",
        "(845, 221)",
        "(156, 690)",
        "(765, 826)",
        "(179, 560)",
        "(862, 326)",
        "(877, 112)",
        "(166, 591)",
        "(230, 715)"
    ],
    "(781, 58)": [
        "(166, 591)",
        "(771, 327)",
        "(580, 247)",
        "(708, 261)",
        "(607, 705)",
        "(502, 432)",
        "(425, 854)",
        "(731, 832)",
        "(145, 151)",
        "(397, 65)",
        "(580, 512)",
        "(697, 647)",
        "(86, 663)",
        "(862, 326)",
        "(385, 307)",
        "(36, 797)",
        "(271, 99)"
    ],
    "(454, 408)": [
        "(166, 591)",
        "(525, 785)",
        "(509, 813)",
        "(355, 614)",
        "(925, 349)",
        "(698, 745)",
        "(862, 326)",
        "(580, 247)",
        "(551, 577)",
        "(499, 968)",
        "(298, 436)",
        "(585, 885)",
        "(12, 617)",
        "(502, 432)"
    ],
    "(385, 307)": [
        "(156, 690)",
        "(132, 905)",
        "(435, 448)",
        "(731, 832)",
        "(476, 25)",
        "(36, 797)",
        "(907, 296)",
        "(698, 745)",
        "(230, 715)",
        "(219, 90)",
        "(912, 56)",
        "(9, 88)",
        "(304, 830)",
        "(771, 327)",
        "(781, 58)",
        "(763, 761)",
        "(551, 665)",
        "(536, 771)"
    ],
    "(118, 709)": [
        "(735, 626)",
        "(759, 141)",
        "(258, 339)",
        "(771, 327)",
        "(551, 665)",
        "(313, 714)",
        "(103, 538)",
        "(874, 850)",
        "(670, 694)",
        "(156, 690)",
        "(826, 367)"
    ],
    "(209, 236)": [
        "(697, 647)",
        "(862, 326)",
        "(551, 577)",
        "(298, 436)",
        "(708, 261)",
        "(304, 830)",
        "(685, 355)",
        "(503, 969)",
        "(922, 886)",
        "(691, 641)",
        "(12, 617)"
    ],
    "(764, 491)": [
        "(509, 813)",
        "(148, 798)",
        "(731, 832)",
        "(355, 614)",
        "(230, 715)",
        "(696, 683)",
        "(617, 400)",
        "(498, 997)"
    ],
    "(698, 745)": [
        "(685, 355)",
        "(298, 436)",
        "(454, 408)",
        "(385, 307)",
        "(580, 512)",
        "(9, 88)",
        "(509, 813)",
        "(566, 555)",
        "(925, 349)"
    ],
    "(997, 331)": [
        "(343, 272)",
        "(696, 683)",
        "(525, 785)",
        "(551, 665)",
        "(156, 690)",
        "(219, 90)",
        "(588, 598)",
        "(509, 813)",
        "(515, 12)"
    ],
    "(617, 400)": [
        "(271, 99)",
        "(551, 665)",
        "(86, 663)",
        "(219, 90)",
        "(862, 326)",
        "(66, 10)",
        "(397, 65)",
        "(36, 797)",
        "(585, 885)",
        "(764, 491)",
        "(697, 647)",
        "(899, 940)"
    ],
    "(551, 665)": [
        "(925, 349)",
        "(502, 432)",
        "(669, 208)",
        "(148, 798)",
        "(617, 400)",
        "(118, 709)",
        "(997, 331)",
        "(735, 626)",
        "(845, 221)",
        "(551, 577)",
        "(877, 112)",
        "(439, 987)",
        "(697, 793)",
        "(476, 25)",
        "(258, 339)",
        "(116, 148)",
        "(385, 307)"
    ],
    "(355, 614)": [
        "(230, 715)",
        "(551, 577)",
        "(907, 296)",
        "(454, 408)",
        "(899, 940)",
        "(912, 24)",
        "(455, 497)",
        "(764, 491)",
        "(17, 621)",
        "(731, 832)",
        "(219, 90)",
        "(148, 798)",
        "(66, 10)"
    ],
    "(502, 432)": [
        "(148, 798)",
        "(551, 665)",
        "(25, 622)",
        "(498, 997)",
        "(515, 12)",
        "(35, 485)",
        "(781, 58)",
        "(912, 24)",
        "(912, 56)",
        "(697, 793)",
        "(670, 694)",
        "(454, 408)"
    ],
    "(580, 247)": [
        "(708, 261)",
        "(36, 797)",
        "(781, 58)",
        "(580, 512)",
        "(607, 705)",
        "(35, 485)",
        "(179, 560)",
        "(265, 108)",
        "(454, 408)",
        "(12, 617)",
        "(17, 621)",
        "(499, 968)",
        "(156, 690)"
    ],
    "(685, 355)": [
        "(230, 715)",
        "(515, 12)",
        "(771, 327)",
        "(691, 641)",
        "(585, 885)",
        "(698, 745)",
        "(735, 626)",
        "(826, 367)",
        "(209, 236)",
        "(697, 793)",
        "(103, 538)",
        "(912, 56)"
    ],
    "(588, 598)": [
        "(25, 622)",
        "(907, 296)",
        "(849, 139)",
        "(35, 485)",
        "(145, 151)",
        "(313, 714)",
        "(498, 997)",
        "(997, 331)",
        "(219, 90)",
        "(607, 705)",
        "(670, 694)",
        "(826, 367)",
        "(116, 148)",
        "(638, 680)",
        "(132, 905)",
        "(230, 715)",
        "(862, 326)"
    ],
    "(503, 969)": [
        "(271, 99)",
        "(580, 512)",
        "(230, 715)",
        "(759, 141)",
        "(536, 771)",
        "(179, 560)",
        "(17, 621)",
        "(35, 485)",
        "(691, 641)",
        "(669, 208)",
        "(476, 25)",
        "(209, 236)",
        "(912, 24)",
        "(148, 798)"
    ],
    "(607, 705)": [
        "(502, 643)",
        "(460, 128)",
        "(258, 339)",
        "(907, 296)",
        "(166, 591)",
        "(580, 247)",
        "(781, 58)",
        "(670, 694)",
        "(588, 598)",
        "(219, 90)",
        "(912, 56)",
        "(304, 830)",
        "(874, 850)",
        "(708, 261)",
        "(66, 10)",
        "(735, 626)"
    ],
    "(536, 771)": [
        "(765, 826)",
        "(145, 151)",
        "(771, 327)",
        "(9, 88)",
        "(503, 969)",
        "(877, 112)",
        "(425, 854)",
        "(36, 797)",
        "(156, 690)",
        "(385, 307)"
    ],
    "(585, 885)": [
        "(343, 272)",
        "(685, 355)",
        "(179, 560)",
        "(103, 538)",
        "(617, 400)",
        "(912, 24)",
        "(771, 327)",
        "(826, 367)",
        "(708, 261)",
        "(116, 148)",
        "(454, 408)",
        "(925, 349)",
        "(9, 88)",
        "(12, 617)",
        "(17, 621)"
    ],
    "(230, 715)": [
        "(685, 355)",
        "(355, 614)",
        "(258, 339)",
        "(503, 969)",
        "(385, 307)",
        "(696, 683)",
        "(498, 997)",
        "(862, 326)",
        "(304, 830)",
        "(764, 491)",
        "(397, 65)",
        "(907, 296)",
        "(515, 12)",
        "(435, 448)",
        "(502, 643)",
        "(588, 598)"
    ],
    "(265, 108)": [
        "(763, 761)",
        "(498, 997)",
        "(343, 272)",
        "(849, 139)",
        "(691, 641)",
        "(697, 793)",
        "(66, 10)",
        "(907, 296)",
        "(17, 621)",
        "(103, 538)",
        "(580, 247)",
        "(580, 512)",
        "(271, 99)",
        "(298, 436)"
    ],
    "(670, 694)": [
        "(148, 798)",
        "(271, 99)",
        "(304, 830)",
        "(607, 705)",
        "(476, 25)",
        "(588, 598)",
        "(118, 709)",
        "(907, 296)",
        "(502, 432)",
        "(925, 349)"
    ],
    "(460, 128)": [
        "(607, 705)",
        "(103, 538)",
        "(425, 854)",
        "(845, 221)",
        "(129, 161)"
    ],
    "(771, 327)": [
        "(129, 161)",
        "(685, 355)",
        "(912, 56)",
        "(781, 58)",
        "(36, 797)",
        "(66, 10)",
        "(118, 709)",
        "(697, 647)",
        "(536, 771)",
        "(86, 663)",
        "(585, 885)",
        "(385, 307)",
        "(9, 88)",
        "(922, 886)",
        "(845, 221)"
    ],
    "(912, 24)": [
        "(498, 997)",
        "(148, 798)",
        "(669, 208)",
        "(355, 614)",
        "(455, 497)",
        "(845, 221)",
        "(585, 885)",
        "(502, 432)",
        "(907, 296)",
        "(503, 969)",
        "(826, 367)"
    ],
    "(9, 88)": [
        "(179, 560)",
        "(697, 647)",
        "(301, 385)",
        "(536, 771)",
        "(36, 797)",
        "(425, 854)",
        "(765, 826)",
        "(385, 307)",
        "(698, 745)",
        "(708, 261)",
        "(771, 327)",
        "(129, 161)",
        "(585, 885)"
    ],
    "(25, 622)": [
        "(862, 326)",
        "(145, 151)",
        "(502, 432)",
        "(588, 598)",
        "(731, 832)",
        "(763, 761)",
        "(476, 25)",
        "(298, 436)",
        "(103, 538)"
    ],
    "(12, 617)": [
        "(313, 714)",
        "(498, 997)",
        "(697, 793)",
        "(925, 349)",
        "(455, 497)",
        "(826, 367)",
        "(132, 905)",
        "(580, 247)",
        "(209, 236)",
        "(912, 56)",
        "(454, 408)",
        "(585, 885)"
    ],
    "(425, 854)": [
        "(708, 261)",
        "(9, 88)",
        "(525, 785)",
        "(460, 128)",
        "(781, 58)",
        "(455, 497)",
        "(536, 771)",
        "(145, 151)",
        "(907, 296)",
        "(697, 793)"
    ],
    "(697, 793)": [
        "(551, 577)",
        "(763, 761)",
        "(580, 512)",
        "(35, 485)",
        "(265, 108)",
        "(12, 617)",
        "(685, 355)",
        "(502, 432)",
        "(551, 665)",
        "(925, 349)",
        "(439, 987)",
        "(425, 854)"
    ],
    "(638, 680)": [
        "(179, 560)",
        "(877, 112)",
        "(696, 683)",
        "(588, 598)",
        "(502, 643)",
        "(845, 221)",
        "(476, 25)"
    ],
    "(313, 714)": [
        "(907, 296)",
        "(12, 617)",
        "(118, 709)",
        "(588, 598)",
        "(763, 761)",
        "(669, 208)",
        "(499, 968)"
    ],
    "(509, 813)": [
        "(764, 491)",
        "(454, 408)",
        "(997, 331)",
        "(907, 296)",
        "(698, 745)"
    ],
    "(925, 349)": [
        "(129, 161)",
        "(551, 665)",
        "(454, 408)",
        "(35, 485)",
        "(12, 617)",
        "(179, 560)",
        "(691, 641)",
        "(698, 745)",
        "(697, 793)",
        "(585, 885)",
        "(670, 694)"
    ],
    "(166, 591)": [
        "(781, 58)",
        "(566, 555)",
        "(271, 99)",
        "(454, 408)",
        "(66, 10)",
        "(607, 705)",
        "(765, 826)",
        "(669, 208)",
        "(435, 448)"
    ],
    "(250, 92)": [
        "(566, 555)",
        "(86, 663)",
        "(304, 830)",
        "(907, 296)",
        "(765, 826)",
        "(35, 485)"
    ],
    "(498, 997)": [
        "(912, 24)",
        "(265, 108)",
        "(502, 432)",
        "(862, 326)",
        "(304, 830)",
        "(12, 617)",
        "(588, 598)",
        "(116, 148)",
        "(849, 139)",
        "(86, 663)",
        "(230, 715)",
        "(298, 436)",
        "(826, 367)",
        "(764, 491)"
    ],
    "(304, 830)": [
        "(271, 99)",
        "(498, 997)",
        "(670, 694)",
        "(209, 236)",
        "(912, 56)",
        "(385, 307)",
        "(607, 705)",
        "(250, 92)",
        "(230, 715)",
        "(397, 65)",
        "(502, 643)"
    ],
    "(765, 826)": [
        "(536, 771)",
        "(103, 538)",
        "(435, 448)",
        "(877, 112)",
        "(166, 591)",
        "(9, 88)",
        "(298, 436)",
        "(731, 832)",
        "(677, 730)",
        "(145, 151)",
        "(250, 92)",
        "(397, 65)",
        "(219, 90)"
    ],
    "(271, 99)": [
        "(731, 832)",
        "(503, 969)",
        "(922, 886)",
        "(697, 647)",
        "(166, 591)",
        "(617, 400)",
        "(677, 730)",
        "(670, 694)",
        "(304, 830)",
        "(849, 139)",
        "(759, 141)",
        "(899, 940)",
        "(845, 221)",
        "(179, 560)",
        "(696, 683)",
        "(877, 112)",
        "(265, 108)",
        "(397, 65)",
        "(35, 485)",
        "(781, 58)"
    ],
    "(677, 730)": [
        "(258, 339)",
        "(271, 99)",
        "(759, 141)",
        "(765, 826)",
        "(691, 641)",
        "(525, 785)",
        "(849, 139)"
    ],
    "(907, 296)": [
        "(313, 714)",
        "(607, 705)",
        "(455, 497)",
        "(35, 485)",
        "(355, 614)",
        "(849, 139)",
        "(132, 905)",
        "(116, 148)",
        "(36, 797)",
        "(588, 598)",
        "(385, 307)",
        "(265, 108)",
        "(566, 555)",
        "(86, 663)",
        "(509, 813)",
        "(250, 92)",
        "(874, 850)",
        "(301, 385)",
        "(670, 694)",
        "(912, 24)",
        "(145, 151)",
        "(230, 715)",
        "(425, 854)",
        "(899, 940)",
        "(103, 538)"
    ],
    "(551, 577)": [
        "(697, 793)",
        "(355, 614)",
        "(691, 641)",
        "(179, 560)",
        "(209, 236)",
        "(735, 626)",
        "(454, 408)",
        "(551, 665)",
        "(877, 112)"
    ],
    "(826, 367)": [
        "(455, 497)",
        "(580, 512)",
        "(301, 385)",
        "(397, 65)",
        "(685, 355)",
        "(439, 987)",
        "(12, 617)",
        "(588, 598)",
        "(498, 997)",
        "(585, 885)",
        "(129, 161)",
        "(912, 24)",
        "(118, 709)"
    ],
    "(515, 12)": [
        "(685, 355)",
        "(697, 647)",
        "(17, 621)",
        "(502, 432)",
        "(343, 272)",
        "(763, 761)",
        "(129, 161)",
        "(525, 785)",
        "(301, 385)",
        "(230, 715)",
        "(997, 331)",
        "(145, 151)"
    ],
    "(735, 626)": [
        "(118, 709)",
        "(132, 905)",
        "(258, 339)",
        "(685, 355)",
        "(551, 665)",
        "(17, 621)",
        "(551, 577)",
        "(439, 987)",
        "(922, 886)",
        "(607, 705)"
    ],
    "(156, 690)": [
        "(385, 307)",
        "(580, 512)",
        "(36, 797)",
        "(435, 448)",
        "(997, 331)",
        "(922, 886)",
        "(129, 161)",
        "(536, 771)",
        "(118, 709)",
        "(697, 647)",
        "(580, 247)"
    ],
    "(86, 663)": [
        "(877, 112)",
        "(617, 400)",
        "(250, 92)",
        "(132, 905)",
        "(36, 797)",
        "(498, 997)",
        "(771, 327)",
        "(922, 886)",
        "(66, 10)",
        "(907, 296)",
        "(845, 221)",
        "(781, 58)",
        "(17, 621)",
        "(116, 148)"
    ],
    "(912, 56)": [
        "(771, 327)",
        "(132, 905)",
        "(298, 436)",
        "(385, 307)",
        "(304, 830)",
        "(607, 705)",
        "(502, 432)",
        "(685, 355)",
        "(12, 617)"
    ],
    "(17, 621)": [
        "(36, 797)",
        "(515, 12)",
        "(735, 626)",
        "(503, 969)",
        "(265, 108)",
        "(355, 614)",
        "(66, 10)",
        "(148, 798)",
        "(86, 663)",
        "(580, 247)",
        "(585, 885)"
    ],
    "(697, 647)": [
        "(209, 236)",
        "(271, 99)",
        "(515, 12)",
        "(899, 940)",
        "(566, 555)",
        "(771, 327)",
        "(9, 88)",
        "(502, 643)",
        "(36, 797)",
        "(781, 58)",
        "(617, 400)",
        "(156, 690)",
        "(691, 641)",
        "(845, 221)"
    ],
    "(877, 112)": [
        "(86, 663)",
        "(638, 680)",
        "(765, 826)",
        "(691, 641)",
        "(536, 771)",
        "(845, 221)",
        "(271, 99)",
        "(435, 448)",
        "(551, 665)",
        "(551, 577)"
    ],
    "(219, 90)": [
        "(899, 940)",
        "(617, 400)",
        "(691, 641)",
        "(997, 331)",
        "(731, 832)",
        "(385, 307)",
        "(588, 598)",
        "(607, 705)",
        "(355, 614)",
        "(765, 826)"
    ],
    "(129, 161)": [
        "(771, 327)",
        "(925, 349)",
        "(849, 139)",
        "(116, 148)",
        "(515, 12)",
        "(156, 690)",
        "(9, 88)",
        "(826, 367)",
        "(460, 128)"
    ],
    "(763, 761)": [
        "(265, 108)",
        "(455, 497)",
        "(697, 793)",
        "(25, 622)",
        "(313, 714)",
        "(515, 12)",
        "(36, 797)",
        "(148, 798)",
        "(385, 307)",
        "(922, 886)"
    ],
    "(499, 968)": [
        "(731, 832)",
        "(439, 987)",
        "(566, 555)",
        "(258, 339)",
        "(397, 65)",
        "(313, 714)",
        "(454, 408)",
        "(580, 247)"
    ],
    "(731, 832)": [
        "(271, 99)",
        "(499, 968)",
        "(385, 307)",
        "(25, 622)",
        "(764, 491)",
        "(219, 90)",
        "(922, 886)",
        "(781, 58)",
        "(355, 614)",
        "(765, 826)",
        "(476, 25)",
        "(566, 555)",
        "(502, 643)"
    ],
    "(696, 683)": [
        "(343, 272)",
        "(997, 331)",
        "(230, 715)",
        "(638, 680)",
        "(271, 99)",
        "(849, 139)",
        "(764, 491)"
    ],
    "(145, 151)": [
        "(25, 622)",
        "(132, 905)",
        "(536, 771)",
        "(922, 886)",
        "(588, 598)",
        "(862, 326)",
        "(781, 58)",
        "(765, 826)",
        "(907, 296)",
        "(425, 854)",
        "(515, 12)"
    ],
    "(525, 785)": [
        "(997, 331)",
        "(66, 10)",
        "(922, 886)",
        "(849, 139)",
        "(454, 408)",
        "(425, 854)",
        "(179, 560)",
        "(515, 12)",
        "(455, 497)",
        "(677, 730)"
    ],
    "(298, 436)": [
        "(698, 745)",
        "(912, 56)",
        "(209, 236)",
        "(765, 826)",
        "(25, 622)",
        "(498, 997)",
        "(454, 408)",
        "(265, 108)"
    ],
    "(258, 339)": [
        "(607, 705)",
        "(677, 730)",
        "(230, 715)",
        "(439, 987)",
        "(118, 709)",
        "(735, 626)",
        "(66, 10)",
        "(499, 968)",
        "(551, 665)"
    ],
    "(708, 261)": [
        "(103, 538)",
        "(580, 247)",
        "(425, 854)",
        "(781, 58)",
        "(209, 236)",
        "(849, 139)",
        "(9, 88)",
        "(585, 885)",
        "(607, 705)"
    ],
    "(301, 385)": [
        "(826, 367)",
        "(439, 987)",
        "(9, 88)",
        "(907, 296)",
        "(515, 12)"
    ],
    "(103, 538)": [
        "(708, 261)",
        "(899, 940)",
        "(765, 826)",
        "(460, 128)",
        "(585, 885)",
        "(118, 709)",
        "(265, 108)",
        "(691, 641)",
        "(685, 355)",
        "(25, 622)",
        "(66, 10)",
        "(907, 296)",
        "(179, 560)",
        "(502, 643)"
    ],
    "(874, 850)": [
        "(35, 485)",
        "(455, 497)",
        "(118, 709)",
        "(116, 148)",
        "(907, 296)",
        "(607, 705)"
    ],
    "(35, 485)": [
        "(907, 296)",
        "(874, 850)",
        "(697, 793)",
        "(588, 598)",
        "(691, 641)",
        "(580, 247)",
        "(503, 969)",
        "(502, 432)",
        "(925, 349)",
        "(250, 92)",
        "(271, 99)"
    ],
    "(397, 65)": [
        "(566, 555)",
        "(826, 367)",
        "(922, 886)",
        "(617, 400)",
        "(499, 968)",
        "(230, 715)",
        "(304, 830)",
        "(669, 208)",
        "(781, 58)",
        "(765, 826)",
        "(271, 99)",
        "(66, 10)"
    ],
    "(669, 208)": [
        "(922, 886)",
        "(566, 555)",
        "(551, 665)",
        "(912, 24)",
        "(166, 591)",
        "(503, 969)",
        "(313, 714)",
        "(397, 65)",
        "(439, 987)"
    ],
    "(922, 886)": [
        "(271, 99)",
        "(669, 208)",
        "(759, 141)",
        "(525, 785)",
        "(145, 151)",
        "(397, 65)",
        "(156, 690)",
        "(86, 663)",
        "(731, 832)",
        "(735, 626)",
        "(209, 236)",
        "(771, 327)",
        "(763, 761)"
    ],
    "(849, 139)": [
        "(265, 108)",
        "(907, 296)",
        "(525, 785)",
        "(36, 797)",
        "(588, 598)",
        "(129, 161)",
        "(271, 99)",
        "(498, 997)",
        "(708, 261)",
        "(696, 683)",
        "(759, 141)",
        "(677, 730)"
    ],
    "(66, 10)": [
        "(771, 327)",
        "(525, 785)",
        "(166, 591)",
        "(617, 400)",
        "(265, 108)",
        "(258, 339)",
        "(86, 663)",
        "(17, 621)",
        "(355, 614)",
        "(103, 538)",
        "(607, 705)",
        "(397, 65)"
    ],
    "(899, 940)": [
        "(219, 90)",
        "(697, 647)",
        "(103, 538)",
        "(355, 614)",
        "(271, 99)",
        "(907, 296)",
        "(455, 497)",
        "(617, 400)"
    ],
    "(862, 326)": [
        "(25, 622)",
        "(209, 236)",
        "(617, 400)",
        "(343, 272)",
        "(435, 448)",
        "(498, 997)",
        "(145, 151)",
        "(454, 408)",
        "(230, 715)",
        "(781, 58)",
        "(588, 598)"
    ],
    "(343, 272)": [
        "(696, 683)",
        "(997, 331)",
        "(585, 885)",
        "(265, 108)",
        "(862, 326)",
        "(476, 25)",
        "(515, 12)"
    ],
    "(439, 987)": [
        "(258, 339)",
        "(301, 385)",
        "(499, 968)",
        "(826, 367)",
        "(735, 626)",
        "(551, 665)",
        "(669, 208)",
        "(697, 793)"
    ],
    "(116, 148)": [
        "(580, 512)",
        "(907, 296)",
        "(498, 997)",
        "(129, 161)",
        "(874, 850)",
        "(588, 598)",
        "(585, 885)",
        "(551, 665)",
        "(86, 663)"
    ],
    "(455, 497)": [
        "(826, 367)",
        "(763, 761)",
        "(907, 296)",
        "(874, 850)",
        "(912, 24)",
        "(12, 617)",
        "(355, 614)",
        "(425, 854)",
        "(525, 785)",
        "(899, 940)"
    ],
    "(476, 25)": [
        "(385, 307)",
        "(343, 272)",
        "(25, 622)",
        "(670, 694)",
        "(503, 969)",
        "(731, 832)",
        "(638, 680)",
        "(551, 665)"
    ],
    "(502, 643)": [
        "(607, 705)",
        "(580, 512)",
        "(697, 647)",
        "(566, 555)",
        "(638, 680)",
        "(230, 715)",
        "(304, 830)",
        "(148, 798)",
        "(103, 538)",
        "(731, 832)"
    ],
    "(36, 797)": [
        "(771, 327)",
        "(17, 621)",
        "(156, 690)",
        "(580, 247)",
        "(86, 663)",
        "(385, 307)",
        "(849, 139)",
        "(907, 296)",
        "(617, 400)",
        "(9, 88)",
        "(759, 141)",
        "(132, 905)",
        "(697, 647)",
        "(536, 771)",
        "(763, 761)",
        "(781, 58)"
    ],
    "(691, 641)": [
        "(685, 355)",
        "(551, 577)",
        "(265, 108)",
        "(219, 90)",
        "(877, 112)",
        "(35, 485)",
        "(503, 969)",
        "(103, 538)",
        "(925, 349)",
        "(209, 236)",
        "(677, 730)",
        "(697, 647)"
    ],
    "(845, 221)": [
        "(435, 448)",
        "(551, 665)",
        "(460, 128)",
        "(271, 99)",
        "(86, 663)",
        "(912, 24)",
        "(877, 112)",
        "(638, 680)",
        "(697, 647)",
        "(771, 327)"
    ],
    "(179, 560)": [
        "(638, 680)",
        "(551, 577)",
        "(9, 88)",
        "(585, 885)",
        "(435, 448)",
        "(503, 969)",
        "(580, 247)",
        "(525, 785)",
        "(271, 99)",
        "(925, 349)",
        "(759, 141)",
        "(103, 538)"
    ],
    "(132, 905)": [
        "(385, 307)",
        "(735, 626)",
        "(145, 151)",
        "(907, 296)",
        "(912, 56)",
        "(86, 663)",
        "(580, 512)",
        "(36, 797)",
        "(12, 617)",
        "(588, 598)"
    ],
    "(580, 512)": [
        "(826, 367)",
        "(156, 690)",
        "(503, 969)",
        "(502, 643)",
        "(116, 148)",
        "(697, 793)",
        "(132, 905)",
        "(580, 247)",
        "(698, 745)",
        "(781, 58)",
        "(265, 108)"
    ],
    "(148, 798)": [
        "(502, 432)",
        "(912, 24)",
        "(670, 694)",
        "(551, 665)",
        "(764, 491)",
        "(17, 621)",
        "(763, 761)",
        "(355, 614)",
        "(503, 969)",
        "(502, 643)"
    ],
    "(566, 555)": [
        "(397, 65)",
        "(166, 591)",
        "(669, 208)",
        "(250, 92)",
        "(697, 647)",
        "(499, 968)",
        "(502, 643)",
        "(907, 296)",
        "(731, 832)",
        "(698, 745)"
    ]
}