{
    "(985, 968)": [
        "(883, 71)",
        "(984, 292)",
        "(313, 364)",
        "(782, 793)",
        "(535, 181)",
        "(412, 365)",
        "(873, 778)",
        "(231, 464)",
        "(781, 472)",
        "(196, 582)",
        "(245, 26)",
        "(772, 362)",
        "(732, 609)",
        "(36, 223)",
        "(628, 186)",
        "(204, 574)",
        "(780, 935)",
        "(448, 685)",
        "(936, 98)",
        "(392, 191)",
        "(133, 481)",
        "(120, 999)",
        "(805, 69)",
        "(783, 199)",
        "(694, 978)",
        "(289, 959)",
        "(869, 725)",
        "(188, 361)",
        "(653, 822)",
        "(42, 382)",
        "(707, 150)",
        "(916, 984)",
        "(225, 403)",
        "(590, 335)",
        "(922, 598)",
        "(858, 739)",
        "(870, 621)",
        "(31, 733)",
        "(833, 179)",
        "(703, 936)",
        "(799, 873)",
        "(799, 827)",
        "(693, 641)",
        "(863, 256)"
    ],
    "(707, 150)": [
        "(127, 381)",
        "(327, 935)",
        "(120, 999)",
        "(916, 984)",
        "(357, 92)",
        "(290, 977)",
        "(524, 13)",
        "(870, 621)",
        "(303, 451)",
        "(171, 697)",
        "(146, 665)",
        "(57, 822)",
        "(858, 739)",
        "(855, 578)",
        "(869, 725)",
        "(984, 292)",
        "(196, 582)",
        "(799, 873)",
        "(628, 186)",
        "(31, 733)",
        "(3, 330)",
        "(772, 362)",
        "(188, 361)",
        "(231, 464)",
        "(703, 936)",
        "(477, 305)",
        "(402, 609)",
        "(631, 645)",
        "(698, 162)",
        "(312, 937)",
        "(799, 827)",
        "(782, 793)",
        "(590, 335)",
        "(873, 778)",
        "(575, 753)",
        "(106, 755)",
        "(42, 382)",
        "(985, 968)",
        "(392, 191)",
        "(359, 89)",
        "(448, 685)",
        "(783, 199)",
        "(617, 927)",
        "(805, 69)",
        "(393, 649)"
    ],
    "(402, 609)": [
        "(869, 725)",
        "(597, 44)",
        "(251, 204)",
        "(127, 381)",
        "(3, 330)",
        "(524, 13)",
        "(883, 71)",
        "(529, 664)",
        "(188, 361)",
        "(782, 793)",
        "(694, 978)",
        "(984, 292)",
        "(746, 459)",
        "(590, 335)",
        "(883, 371)",
        "(824, 465)",
        "(26, 130)",
        "(772, 362)",
        "(231, 464)",
        "(379, 850)",
        "(737, 942)",
        "(698, 162)",
        "(313, 364)",
        "(102, 845)",
        "(707, 150)",
        "(602, 356)",
        "(225, 403)",
        "(195, 100)",
        "(438, 920)",
        "(780, 935)",
        "(711, 301)",
        "(693, 641)",
        "(359, 89)",
        "(31, 733)",
        "(628, 186)",
        "(146, 665)",
        "(133, 481)",
        "(23, 622)",
        "(783, 199)",
        "(732, 609)",
        "(575, 753)"
    ],
    "(805, 69)": [
        "(711, 301)",
        "(357, 834)",
        "(737, 942)",
        "(869, 725)",
        "(477, 305)",
        "(188, 361)",
        "(870, 621)",
        "(698, 162)",
        "(602, 356)",
        "(36, 223)",
        "(231, 464)",
        "(31, 733)",
        "(855, 578)",
        "(746, 459)",
        "(693, 641)",
        "(529, 664)",
        "(196, 582)",
        "(412, 365)",
        "(985, 968)",
        "(245, 26)",
        "(694, 978)",
        "(883, 371)",
        "(133, 481)",
        "(127, 381)",
        "(596, 708)",
        "(922, 598)",
        "(327, 935)",
        "(883, 71)",
        "(195, 100)",
        "(379, 850)",
        "(378, 997)",
        "(313, 364)",
        "(438, 920)",
        "(106, 755)",
        "(732, 609)",
        "(448, 685)",
        "(858, 739)",
        "(357, 92)",
        "(57, 822)",
        "(290, 977)",
        "(251, 204)",
        "(357, 564)",
        "(707, 150)",
        "(984, 292)"
    ],
    "(438, 920)": [
        "(883, 71)",
        "(146, 665)",
        "(783, 199)",
        "(378, 997)",
        "(855, 578)",
        "(693, 641)",
        "(357, 92)",
        "(196, 582)",
        "(711, 301)",
        "(357, 564)",
        "(188, 361)",
        "(631, 645)",
        "(628, 186)",
        "(57, 822)",
        "(313, 364)",
        "(171, 697)",
        "(120, 999)",
        "(781, 472)",
        "(336, 967)",
        "(984, 292)",
        "(916, 984)",
        "(195, 100)",
        "(312, 937)",
        "(575, 753)",
        "(392, 191)",
        "(535, 181)",
        "(858, 739)",
        "(746, 459)",
        "(602, 356)",
        "(3, 330)",
        "(127, 381)",
        "(596, 708)",
        "(231, 464)",
        "(303, 451)",
        "(772, 362)",
        "(290, 977)",
        "(42, 382)",
        "(782, 793)",
        "(26, 130)",
        "(597, 44)",
        "(448, 685)",
        "(402, 609)",
        "(357, 834)",
        "(590, 335)",
        "(922, 598)",
        "(873, 778)",
        "(805, 69)",
        "(694, 978)",
        "(225, 403)",
        "(780, 935)",
        "(133, 481)",
        "(275, 577)",
        "(245, 26)",
        "(31, 733)",
        "(617, 927)",
        "(863, 256)"
    ],
    "(732, 609)": [
        "(303, 451)",
        "(617, 927)",
        "(231, 464)",
        "(106, 755)",
        "(3, 330)",
        "(535, 181)",
        "(359, 89)",
        "(703, 936)",
        "(412, 365)",
        "(985, 968)",
        "(36, 223)",
        "(737, 942)",
        "(146, 665)",
        "(711, 301)",
        "(781, 472)",
        "(693, 641)",
        "(873, 778)",
        "(289, 959)",
        "(171, 697)",
        "(290, 977)",
        "(378, 997)",
        "(357, 834)",
        "(772, 362)",
        "(863, 256)",
        "(57, 822)",
        "(477, 305)",
        "(602, 356)",
        "(799, 827)",
        "(799, 873)",
        "(805, 69)",
        "(23, 622)",
        "(883, 71)",
        "(858, 739)",
        "(780, 935)",
        "(225, 403)",
        "(628, 186)",
        "(746, 459)",
        "(251, 204)",
        "(196, 582)",
        "(312, 937)",
        "(402, 609)"
    ],
    "(781, 472)": [
        "(251, 204)",
        "(824, 465)",
        "(553, 133)",
        "(357, 564)",
        "(711, 301)",
        "(275, 577)",
        "(782, 793)",
        "(357, 92)",
        "(102, 845)",
        "(985, 968)",
        "(438, 920)",
        "(737, 942)",
        "(127, 381)",
        "(855, 578)",
        "(303, 451)",
        "(936, 98)",
        "(590, 335)",
        "(883, 71)",
        "(231, 464)",
        "(799, 873)",
        "(703, 936)",
        "(357, 834)",
        "(732, 609)",
        "(133, 481)",
        "(171, 697)",
        "(597, 44)",
        "(916, 984)",
        "(524, 13)",
        "(575, 753)",
        "(772, 362)",
        "(883, 371)",
        "(289, 959)",
        "(359, 89)",
        "(869, 725)",
        "(596, 708)",
        "(36, 223)",
        "(188, 361)",
        "(631, 645)",
        "(698, 162)",
        "(379, 850)",
        "(799, 827)",
        "(23, 622)",
        "(535, 181)"
    ],
    "(204, 574)": [
        "(57, 822)",
        "(553, 133)",
        "(698, 162)",
        "(133, 481)",
        "(799, 873)",
        "(590, 335)",
        "(628, 186)",
        "(31, 733)",
        "(824, 465)",
        "(922, 598)",
        "(392, 191)",
        "(936, 98)",
        "(359, 89)",
        "(985, 968)",
        "(783, 199)",
        "(596, 708)",
        "(26, 130)",
        "(313, 364)",
        "(799, 827)",
        "(36, 223)",
        "(357, 834)",
        "(855, 578)",
        "(711, 301)",
        "(393, 649)",
        "(251, 204)",
        "(448, 685)",
        "(653, 822)",
        "(575, 753)",
        "(863, 256)",
        "(597, 44)",
        "(23, 622)",
        "(102, 845)",
        "(524, 13)",
        "(195, 100)",
        "(858, 739)"
    ],
    "(57, 822)": [
        "(780, 935)",
        "(359, 89)",
        "(204, 574)",
        "(393, 649)",
        "(378, 997)",
        "(693, 641)",
        "(289, 959)",
        "(438, 920)",
        "(707, 150)",
        "(984, 292)",
        "(23, 622)",
        "(883, 371)",
        "(31, 733)",
        "(251, 204)",
        "(590, 335)",
        "(171, 697)",
        "(575, 753)",
        "(313, 364)",
        "(327, 935)",
        "(127, 381)",
        "(231, 464)",
        "(732, 609)",
        "(36, 223)",
        "(799, 873)",
        "(653, 822)",
        "(631, 645)",
        "(392, 191)",
        "(870, 621)",
        "(146, 665)",
        "(3, 330)",
        "(799, 827)",
        "(42, 382)",
        "(869, 725)",
        "(833, 179)",
        "(102, 845)",
        "(694, 978)",
        "(133, 481)",
        "(922, 598)",
        "(805, 69)",
        "(529, 664)",
        "(916, 984)",
        "(290, 977)"
    ],
    "(653, 822)": [
        "(378, 997)",
        "(412, 365)",
        "(133, 481)",
        "(127, 381)",
        "(2, 788)",
        "(597, 44)",
        "(824, 465)",
        "(357, 834)",
        "(245, 26)",
        "(120, 999)",
        "(171, 697)",
        "(303, 451)",
        "(275, 577)",
        "(916, 984)",
        "(524, 13)",
        "(883, 71)",
        "(195, 100)",
        "(936, 98)",
        "(251, 204)",
        "(869, 725)",
        "(146, 665)",
        "(737, 942)",
        "(553, 133)",
        "(196, 582)",
        "(336, 967)",
        "(204, 574)",
        "(985, 968)",
        "(57, 822)",
        "(26, 130)",
        "(327, 935)",
        "(3, 330)",
        "(392, 191)",
        "(833, 179)",
        "(357, 564)",
        "(631, 645)",
        "(783, 199)",
        "(359, 89)"
    ],
    "(883, 371)": [
        "(477, 305)",
        "(251, 204)",
        "(631, 645)",
        "(824, 465)",
        "(127, 381)",
        "(289, 959)",
        "(31, 733)",
        "(102, 845)",
        "(855, 578)",
        "(783, 199)",
        "(225, 403)",
        "(412, 365)",
        "(448, 685)",
        "(357, 564)",
        "(290, 977)",
        "(378, 997)",
        "(357, 834)",
        "(402, 609)",
        "(57, 822)",
        "(106, 755)",
        "(870, 621)",
        "(575, 753)",
        "(3, 330)",
        "(916, 984)",
        "(602, 356)",
        "(805, 69)",
        "(737, 942)",
        "(524, 13)",
        "(799, 827)",
        "(693, 641)",
        "(936, 98)",
        "(711, 301)",
        "(245, 26)",
        "(781, 472)",
        "(392, 191)",
        "(146, 665)",
        "(535, 181)",
        "(628, 186)",
        "(171, 697)",
        "(327, 935)",
        "(799, 873)",
        "(196, 582)",
        "(357, 92)"
    ],
    "(31, 733)": [
        "(693, 641)",
        "(357, 834)",
        "(869, 725)",
        "(936, 98)",
        "(746, 459)",
        "(275, 577)",
        "(883, 371)",
        "(26, 130)",
        "(631, 645)",
        "(204, 574)",
        "(805, 69)",
        "(357, 92)",
        "(57, 822)",
        "(102, 845)",
        "(196, 582)",
        "(833, 179)",
        "(883, 71)",
        "(707, 150)",
        "(120, 999)",
        "(127, 381)",
        "(448, 685)",
        "(195, 100)",
        "(870, 621)",
        "(359, 89)",
        "(799, 827)",
        "(133, 481)",
        "(783, 199)",
        "(628, 186)",
        "(535, 181)",
        "(336, 967)",
        "(553, 133)",
        "(402, 609)",
        "(703, 936)",
        "(985, 968)",
        "(392, 191)",
        "(231, 464)",
        "(858, 739)",
        "(711, 301)",
        "(438, 920)",
        "(597, 44)",
        "(477, 305)"
    ],
    "(448, 685)": [
        "(26, 130)",
        "(359, 89)",
        "(628, 186)",
        "(922, 598)",
        "(535, 181)",
        "(617, 927)",
        "(883, 371)",
        "(855, 578)",
        "(23, 622)",
        "(858, 739)",
        "(188, 361)",
        "(102, 845)",
        "(120, 999)",
        "(336, 967)",
        "(694, 978)",
        "(196, 582)",
        "(985, 968)",
        "(146, 665)",
        "(3, 330)",
        "(799, 873)",
        "(31, 733)",
        "(916, 984)",
        "(596, 708)",
        "(529, 664)",
        "(631, 645)",
        "(204, 574)",
        "(225, 403)",
        "(782, 793)",
        "(438, 920)",
        "(703, 936)",
        "(42, 382)",
        "(127, 381)",
        "(2, 788)",
        "(883, 71)",
        "(805, 69)",
        "(707, 150)",
        "(780, 935)",
        "(477, 305)"
    ],
    "(102, 845)": [
        "(799, 873)",
        "(553, 133)",
        "(106, 755)",
        "(799, 827)",
        "(275, 577)",
        "(984, 292)",
        "(916, 984)",
        "(3, 330)",
        "(378, 997)",
        "(883, 371)",
        "(737, 942)",
        "(290, 977)",
        "(171, 697)",
        "(855, 578)",
        "(26, 130)",
        "(781, 472)",
        "(628, 186)",
        "(312, 937)",
        "(772, 362)",
        "(36, 223)",
        "(448, 685)",
        "(127, 381)",
        "(327, 935)",
        "(922, 598)",
        "(31, 733)",
        "(188, 361)",
        "(711, 301)",
        "(703, 936)",
        "(824, 465)",
        "(402, 609)",
        "(412, 365)",
        "(231, 464)",
        "(870, 621)",
        "(783, 199)",
        "(313, 364)",
        "(597, 44)",
        "(196, 582)",
        "(631, 645)",
        "(204, 574)",
        "(23, 622)",
        "(57, 822)",
        "(694, 978)",
        "(392, 191)",
        "(746, 459)",
        "(936, 98)",
        "(617, 927)",
        "(195, 100)"
    ],
    "(870, 621)": [
        "(378, 997)",
        "(42, 382)",
        "(707, 150)",
        "(694, 978)",
        "(529, 664)",
        "(805, 69)",
        "(379, 850)",
        "(703, 936)",
        "(106, 755)",
        "(602, 356)",
        "(617, 927)",
        "(984, 292)",
        "(303, 451)",
        "(883, 371)",
        "(195, 100)",
        "(251, 204)",
        "(31, 733)",
        "(3, 330)",
        "(782, 793)",
        "(596, 708)",
        "(102, 845)",
        "(746, 459)",
        "(146, 665)",
        "(477, 305)",
        "(597, 44)",
        "(863, 256)",
        "(392, 191)",
        "(858, 739)",
        "(57, 822)",
        "(772, 362)",
        "(127, 381)",
        "(693, 641)",
        "(873, 778)",
        "(936, 98)",
        "(985, 968)",
        "(36, 223)",
        "(357, 92)",
        "(869, 725)",
        "(412, 365)"
    ],
    "(42, 382)": [
        "(357, 92)",
        "(312, 937)",
        "(870, 621)",
        "(36, 223)",
        "(303, 451)",
        "(922, 598)",
        "(916, 984)",
        "(127, 381)",
        "(188, 361)",
        "(535, 181)",
        "(855, 578)",
        "(26, 130)",
        "(984, 292)",
        "(412, 365)",
        "(590, 335)",
        "(524, 13)",
        "(378, 997)",
        "(225, 403)",
        "(336, 967)",
        "(628, 186)",
        "(824, 465)",
        "(120, 999)",
        "(357, 834)",
        "(231, 464)",
        "(631, 645)",
        "(617, 927)",
        "(438, 920)",
        "(477, 305)",
        "(883, 71)",
        "(772, 362)",
        "(985, 968)",
        "(707, 150)",
        "(290, 977)",
        "(448, 685)",
        "(23, 622)",
        "(737, 942)",
        "(275, 577)",
        "(57, 822)",
        "(106, 755)",
        "(782, 793)",
        "(746, 459)",
        "(3, 330)",
        "(780, 935)",
        "(936, 98)",
        "(873, 778)"
    ],
    "(922, 598)": [
        "(590, 335)",
        "(863, 256)",
        "(869, 725)",
        "(916, 984)",
        "(231, 464)",
        "(127, 381)",
        "(448, 685)",
        "(631, 645)",
        "(42, 382)",
        "(873, 778)",
        "(313, 364)",
        "(133, 481)",
        "(204, 574)",
        "(120, 999)",
        "(780, 935)",
        "(3, 330)",
        "(357, 564)",
        "(393, 649)",
        "(746, 459)",
        "(102, 845)",
        "(737, 942)",
        "(883, 71)",
        "(312, 937)",
        "(597, 44)",
        "(575, 753)",
        "(524, 13)",
        "(984, 292)",
        "(412, 365)",
        "(805, 69)",
        "(694, 978)",
        "(392, 191)",
        "(188, 361)",
        "(824, 465)",
        "(858, 739)",
        "(36, 223)",
        "(438, 920)",
        "(698, 162)",
        "(985, 968)",
        "(275, 577)",
        "(596, 708)",
        "(251, 204)",
        "(628, 186)",
        "(693, 641)",
        "(57, 822)",
        "(535, 181)",
        "(529, 664)"
    ],
    "(694, 978)": [
        "(477, 305)",
        "(303, 451)",
        "(393, 649)",
        "(251, 204)",
        "(870, 621)",
        "(783, 199)",
        "(402, 609)",
        "(772, 362)",
        "(780, 935)",
        "(392, 191)",
        "(833, 179)",
        "(524, 13)",
        "(357, 564)",
        "(171, 697)",
        "(799, 873)",
        "(359, 89)",
        "(448, 685)",
        "(313, 364)",
        "(824, 465)",
        "(855, 578)",
        "(602, 356)",
        "(883, 71)",
        "(805, 69)",
        "(133, 481)",
        "(985, 968)",
        "(412, 365)",
        "(693, 641)",
        "(703, 936)",
        "(922, 598)",
        "(698, 162)",
        "(312, 937)",
        "(2, 788)",
        "(799, 827)",
        "(916, 984)",
        "(357, 834)",
        "(711, 301)",
        "(231, 464)",
        "(290, 977)",
        "(535, 181)",
        "(3, 330)",
        "(438, 920)",
        "(858, 739)",
        "(57, 822)",
        "(102, 845)",
        "(628, 186)",
        "(379, 850)",
        "(357, 92)",
        "(275, 577)",
        "(36, 223)"
    ],
    "(195, 100)": [
        "(553, 133)",
        "(602, 356)",
        "(336, 967)",
        "(698, 162)",
        "(628, 186)",
        "(26, 130)",
        "(290, 977)",
        "(196, 582)",
        "(438, 920)",
        "(870, 621)",
        "(36, 223)",
        "(653, 822)",
        "(477, 305)",
        "(188, 361)",
        "(858, 739)",
        "(737, 942)",
        "(575, 753)",
        "(703, 936)",
        "(23, 622)",
        "(31, 733)",
        "(379, 850)",
        "(312, 937)",
        "(357, 92)",
        "(869, 725)",
        "(805, 69)",
        "(631, 645)",
        "(402, 609)",
        "(746, 459)",
        "(357, 564)",
        "(204, 574)",
        "(772, 362)",
        "(529, 664)",
        "(102, 845)",
        "(3, 330)"
    ],
    "(225, 403)": [
        "(133, 481)",
        "(357, 834)",
        "(780, 935)",
        "(916, 984)",
        "(703, 936)",
        "(711, 301)",
        "(245, 26)",
        "(553, 133)",
        "(196, 582)",
        "(36, 223)",
        "(883, 371)",
        "(869, 725)",
        "(602, 356)",
        "(863, 256)",
        "(42, 382)",
        "(357, 92)",
        "(336, 967)",
        "(327, 935)",
        "(855, 578)",
        "(984, 292)",
        "(524, 13)",
        "(393, 649)",
        "(936, 98)",
        "(2, 788)",
        "(448, 685)",
        "(402, 609)",
        "(737, 942)",
        "(883, 71)",
        "(617, 927)",
        "(985, 968)",
        "(575, 753)",
        "(772, 362)",
        "(529, 664)",
        "(412, 365)",
        "(438, 920)",
        "(120, 999)",
        "(732, 609)",
        "(799, 873)",
        "(590, 335)",
        "(251, 204)",
        "(824, 465)"
    ],
    "(357, 564)": [
        "(590, 335)",
        "(290, 977)",
        "(737, 942)",
        "(438, 920)",
        "(883, 71)",
        "(698, 162)",
        "(393, 649)",
        "(781, 472)",
        "(336, 967)",
        "(883, 371)",
        "(412, 365)",
        "(524, 13)",
        "(694, 978)",
        "(628, 186)",
        "(379, 850)",
        "(922, 598)",
        "(26, 130)",
        "(477, 305)",
        "(245, 26)",
        "(799, 873)",
        "(303, 451)",
        "(783, 199)",
        "(392, 191)",
        "(251, 204)",
        "(869, 725)",
        "(535, 181)",
        "(916, 984)",
        "(196, 582)",
        "(36, 223)",
        "(833, 179)",
        "(711, 301)",
        "(357, 92)",
        "(327, 935)",
        "(693, 641)",
        "(146, 665)",
        "(602, 356)",
        "(275, 577)",
        "(653, 822)",
        "(195, 100)",
        "(378, 997)",
        "(597, 44)",
        "(529, 664)",
        "(746, 459)",
        "(805, 69)",
        "(596, 708)",
        "(171, 697)",
        "(289, 959)"
    ],
    "(799, 873)": [
        "(102, 845)",
        "(869, 725)",
        "(290, 977)",
        "(133, 481)",
        "(3, 330)",
        "(204, 574)",
        "(146, 665)",
        "(275, 577)",
        "(393, 649)",
        "(106, 755)",
        "(694, 978)",
        "(833, 179)",
        "(873, 778)",
        "(617, 927)",
        "(855, 578)",
        "(392, 191)",
        "(781, 472)",
        "(357, 564)",
        "(2, 788)",
        "(984, 292)",
        "(602, 356)",
        "(707, 150)",
        "(448, 685)",
        "(711, 301)",
        "(597, 44)",
        "(535, 181)",
        "(57, 822)",
        "(231, 464)",
        "(23, 622)",
        "(336, 967)",
        "(732, 609)",
        "(693, 641)",
        "(698, 162)",
        "(703, 936)",
        "(883, 371)",
        "(26, 130)",
        "(357, 92)",
        "(188, 361)",
        "(746, 459)",
        "(36, 223)",
        "(985, 968)",
        "(824, 465)",
        "(782, 793)",
        "(225, 403)",
        "(916, 984)",
        "(883, 71)"
    ],
    "(327, 935)": [
        "(707, 150)",
        "(863, 256)",
        "(873, 778)",
        "(106, 755)",
        "(393, 649)",
        "(412, 365)",
        "(782, 793)",
        "(596, 708)",
        "(936, 98)",
        "(245, 26)",
        "(336, 967)",
        "(36, 223)",
        "(703, 936)",
        "(617, 927)",
        "(146, 665)",
        "(133, 481)",
        "(102, 845)",
        "(524, 13)",
        "(2, 788)",
        "(378, 997)",
        "(188, 361)",
        "(225, 403)",
        "(602, 356)",
        "(535, 181)",
        "(57, 822)",
        "(529, 664)",
        "(916, 984)",
        "(805, 69)",
        "(858, 739)",
        "(799, 827)",
        "(711, 301)",
        "(653, 822)",
        "(357, 564)",
        "(698, 162)",
        "(392, 191)",
        "(575, 753)",
        "(824, 465)",
        "(289, 959)",
        "(883, 371)",
        "(737, 942)",
        "(303, 451)",
        "(379, 850)",
        "(120, 999)",
        "(597, 44)",
        "(357, 834)",
        "(313, 364)",
        "(127, 381)"
    ],
    "(313, 364)": [
        "(782, 793)",
        "(985, 968)",
        "(231, 464)",
        "(863, 256)",
        "(922, 598)",
        "(438, 920)",
        "(106, 755)",
        "(524, 13)",
        "(312, 937)",
        "(171, 697)",
        "(378, 997)",
        "(120, 999)",
        "(575, 753)",
        "(694, 978)",
        "(553, 133)",
        "(3, 330)",
        "(204, 574)",
        "(984, 292)",
        "(628, 186)",
        "(402, 609)",
        "(57, 822)",
        "(412, 365)",
        "(772, 362)",
        "(188, 361)",
        "(379, 850)",
        "(855, 578)",
        "(290, 977)",
        "(336, 967)",
        "(102, 845)",
        "(833, 179)",
        "(392, 191)",
        "(245, 26)",
        "(805, 69)",
        "(631, 645)",
        "(2, 788)",
        "(289, 959)",
        "(783, 199)",
        "(357, 92)",
        "(693, 641)",
        "(535, 181)",
        "(596, 708)",
        "(36, 223)",
        "(393, 649)",
        "(327, 935)",
        "(703, 936)"
    ],
    "(127, 381)": [
        "(707, 150)",
        "(36, 223)",
        "(863, 256)",
        "(402, 609)",
        "(711, 301)",
        "(653, 822)",
        "(883, 371)",
        "(524, 13)",
        "(922, 598)",
        "(858, 739)",
        "(379, 850)",
        "(42, 382)",
        "(984, 292)",
        "(869, 725)",
        "(106, 755)",
        "(357, 92)",
        "(133, 481)",
        "(936, 98)",
        "(737, 942)",
        "(781, 472)",
        "(357, 834)",
        "(312, 937)",
        "(102, 845)",
        "(883, 71)",
        "(231, 464)",
        "(412, 365)",
        "(196, 582)",
        "(275, 577)",
        "(31, 733)",
        "(698, 162)",
        "(438, 920)",
        "(57, 822)",
        "(477, 305)",
        "(833, 179)",
        "(336, 967)",
        "(805, 69)",
        "(782, 793)",
        "(799, 827)",
        "(553, 133)",
        "(746, 459)",
        "(26, 130)",
        "(393, 649)",
        "(289, 959)",
        "(245, 26)",
        "(870, 621)",
        "(448, 685)",
        "(359, 89)",
        "(596, 708)",
        "(188, 361)",
        "(327, 935)"
    ],
    "(392, 191)": [
        "(2, 788)",
        "(357, 834)",
        "(703, 936)",
        "(883, 71)",
        "(858, 739)",
        "(290, 977)",
        "(245, 26)",
        "(863, 256)",
        "(412, 365)",
        "(869, 725)",
        "(737, 942)",
        "(694, 978)",
        "(204, 574)",
        "(529, 664)",
        "(799, 873)",
        "(438, 920)",
        "(746, 459)",
        "(336, 967)",
        "(357, 92)",
        "(379, 850)",
        "(597, 44)",
        "(711, 301)",
        "(985, 968)",
        "(357, 564)",
        "(799, 827)",
        "(312, 937)",
        "(596, 708)",
        "(631, 645)",
        "(916, 984)",
        "(106, 755)",
        "(553, 133)",
        "(393, 649)",
        "(146, 665)",
        "(922, 598)",
        "(870, 621)",
        "(231, 464)",
        "(313, 364)",
        "(783, 199)",
        "(327, 935)",
        "(57, 822)",
        "(855, 578)",
        "(653, 822)",
        "(535, 181)",
        "(883, 371)",
        "(707, 150)",
        "(133, 481)",
        "(772, 362)",
        "(602, 356)",
        "(833, 179)",
        "(171, 697)",
        "(36, 223)",
        "(31, 733)",
        "(780, 935)",
        "(102, 845)",
        "(873, 778)",
        "(23, 622)",
        "(477, 305)"
    ],
    "(188, 361)": [
        "(289, 959)",
        "(438, 920)",
        "(805, 69)",
        "(402, 609)",
        "(42, 382)",
        "(120, 999)",
        "(936, 98)",
        "(703, 936)",
        "(737, 942)",
        "(448, 685)",
        "(783, 199)",
        "(617, 927)",
        "(102, 845)",
        "(327, 935)",
        "(575, 753)",
        "(195, 100)",
        "(477, 305)",
        "(707, 150)",
        "(597, 44)",
        "(393, 649)",
        "(984, 292)",
        "(313, 364)",
        "(863, 256)",
        "(833, 179)",
        "(2, 788)",
        "(922, 598)",
        "(985, 968)",
        "(312, 937)",
        "(336, 967)",
        "(780, 935)",
        "(146, 665)",
        "(781, 472)",
        "(378, 997)",
        "(127, 381)",
        "(693, 641)",
        "(711, 301)",
        "(873, 778)",
        "(799, 873)",
        "(275, 577)",
        "(26, 130)",
        "(245, 26)",
        "(553, 133)"
    ],
    "(379, 850)": [
        "(883, 71)",
        "(196, 582)",
        "(529, 664)",
        "(120, 999)",
        "(858, 739)",
        "(127, 381)",
        "(916, 984)",
        "(870, 621)",
        "(737, 942)",
        "(698, 162)",
        "(703, 936)",
        "(357, 92)",
        "(357, 564)",
        "(392, 191)",
        "(303, 451)",
        "(402, 609)",
        "(799, 827)",
        "(231, 464)",
        "(783, 199)",
        "(782, 793)",
        "(824, 465)",
        "(195, 100)",
        "(575, 753)",
        "(146, 665)",
        "(631, 645)",
        "(336, 967)",
        "(313, 364)",
        "(477, 305)",
        "(693, 641)",
        "(780, 935)",
        "(805, 69)",
        "(772, 362)",
        "(863, 256)",
        "(26, 130)",
        "(596, 708)",
        "(936, 98)",
        "(23, 622)",
        "(327, 935)",
        "(133, 481)",
        "(746, 459)",
        "(781, 472)",
        "(251, 204)",
        "(694, 978)",
        "(984, 292)"
    ],
    "(2, 788)": [
        "(858, 739)",
        "(602, 356)",
        "(392, 191)",
        "(245, 26)",
        "(653, 822)",
        "(703, 936)",
        "(783, 199)",
        "(596, 708)",
        "(251, 204)",
        "(3, 330)",
        "(477, 305)",
        "(26, 130)",
        "(336, 967)",
        "(171, 697)",
        "(23, 622)",
        "(312, 937)",
        "(133, 481)",
        "(869, 725)",
        "(873, 778)",
        "(737, 942)",
        "(327, 935)",
        "(799, 873)",
        "(984, 292)",
        "(824, 465)",
        "(359, 89)",
        "(916, 984)",
        "(782, 793)",
        "(225, 403)",
        "(188, 361)",
        "(196, 582)",
        "(780, 935)",
        "(694, 978)",
        "(575, 753)",
        "(313, 364)",
        "(36, 223)",
        "(275, 577)",
        "(448, 685)",
        "(146, 665)",
        "(357, 92)",
        "(303, 451)",
        "(106, 755)"
    ],
    "(289, 959)": [
        "(984, 292)",
        "(188, 361)",
        "(3, 330)",
        "(855, 578)",
        "(57, 822)",
        "(916, 984)",
        "(883, 371)",
        "(393, 649)",
        "(873, 778)",
        "(290, 977)",
        "(106, 755)",
        "(171, 697)",
        "(936, 98)",
        "(631, 645)",
        "(772, 362)",
        "(732, 609)",
        "(783, 199)",
        "(737, 942)",
        "(120, 999)",
        "(985, 968)",
        "(596, 708)",
        "(780, 935)",
        "(477, 305)",
        "(824, 465)",
        "(883, 71)",
        "(36, 223)",
        "(781, 472)",
        "(127, 381)",
        "(590, 335)",
        "(327, 935)",
        "(313, 364)",
        "(524, 13)",
        "(628, 186)",
        "(535, 181)",
        "(146, 665)",
        "(833, 179)",
        "(357, 564)"
    ],
    "(628, 186)": [
        "(783, 199)",
        "(275, 577)",
        "(36, 223)",
        "(448, 685)",
        "(617, 927)",
        "(698, 162)",
        "(195, 100)",
        "(438, 920)",
        "(204, 574)",
        "(133, 481)",
        "(26, 130)",
        "(102, 845)",
        "(737, 942)",
        "(231, 464)",
        "(985, 968)",
        "(357, 564)",
        "(833, 179)",
        "(357, 834)",
        "(106, 755)",
        "(707, 150)",
        "(873, 778)",
        "(357, 92)",
        "(42, 382)",
        "(171, 697)",
        "(313, 364)",
        "(245, 26)",
        "(3, 330)",
        "(31, 733)",
        "(251, 204)",
        "(858, 739)",
        "(524, 13)",
        "(553, 133)",
        "(984, 292)",
        "(590, 335)",
        "(289, 959)",
        "(883, 371)",
        "(402, 609)",
        "(746, 459)",
        "(146, 665)",
        "(336, 967)",
        "(799, 827)",
        "(922, 598)",
        "(883, 71)",
        "(711, 301)",
        "(869, 725)",
        "(694, 978)",
        "(732, 609)"
    ],
    "(984, 292)": [
        "(312, 937)",
        "(289, 959)",
        "(120, 999)",
        "(985, 968)",
        "(703, 936)",
        "(873, 778)",
        "(783, 199)",
        "(102, 845)",
        "(617, 927)",
        "(412, 365)",
        "(780, 935)",
        "(746, 459)",
        "(378, 997)",
        "(196, 582)",
        "(127, 381)",
        "(402, 609)",
        "(869, 725)",
        "(936, 98)",
        "(824, 465)",
        "(590, 335)",
        "(57, 822)",
        "(357, 834)",
        "(42, 382)",
        "(870, 621)",
        "(438, 920)",
        "(393, 649)",
        "(707, 150)",
        "(799, 873)",
        "(2, 788)",
        "(225, 403)",
        "(799, 827)",
        "(313, 364)",
        "(36, 223)",
        "(357, 92)",
        "(922, 598)",
        "(188, 361)",
        "(303, 451)",
        "(171, 697)",
        "(628, 186)",
        "(251, 204)",
        "(524, 13)",
        "(3, 330)",
        "(711, 301)",
        "(782, 793)",
        "(596, 708)",
        "(133, 481)",
        "(245, 26)",
        "(379, 850)",
        "(805, 69)"
    ],
    "(855, 578)": [
        "(357, 834)",
        "(438, 920)",
        "(780, 935)",
        "(289, 959)",
        "(357, 92)",
        "(883, 371)",
        "(448, 685)",
        "(102, 845)",
        "(42, 382)",
        "(120, 999)",
        "(781, 472)",
        "(805, 69)",
        "(251, 204)",
        "(106, 755)",
        "(133, 481)",
        "(799, 873)",
        "(26, 130)",
        "(707, 150)",
        "(196, 582)",
        "(378, 997)",
        "(3, 330)",
        "(225, 403)",
        "(602, 356)",
        "(694, 978)",
        "(204, 574)",
        "(698, 162)",
        "(553, 133)",
        "(693, 641)",
        "(313, 364)",
        "(782, 793)",
        "(392, 191)",
        "(312, 937)",
        "(529, 664)",
        "(916, 984)",
        "(824, 465)"
    ],
    "(703, 936)": [
        "(359, 89)",
        "(984, 292)",
        "(535, 181)",
        "(336, 967)",
        "(225, 403)",
        "(392, 191)",
        "(2, 788)",
        "(863, 256)",
        "(171, 697)",
        "(732, 609)",
        "(858, 739)",
        "(290, 977)",
        "(251, 204)",
        "(870, 621)",
        "(26, 130)",
        "(327, 935)",
        "(188, 361)",
        "(379, 850)",
        "(477, 305)",
        "(303, 451)",
        "(781, 472)",
        "(102, 845)",
        "(772, 362)",
        "(707, 150)",
        "(106, 755)",
        "(195, 100)",
        "(312, 937)",
        "(529, 664)",
        "(553, 133)",
        "(694, 978)",
        "(693, 641)",
        "(883, 71)",
        "(448, 685)",
        "(133, 481)",
        "(31, 733)",
        "(196, 582)",
        "(799, 873)",
        "(393, 649)",
        "(824, 465)",
        "(602, 356)",
        "(3, 330)",
        "(985, 968)",
        "(799, 827)",
        "(783, 199)",
        "(313, 364)"
    ],
    "(711, 301)": [
        "(133, 481)",
        "(805, 69)",
        "(290, 977)",
        "(863, 256)",
        "(127, 381)",
        "(799, 827)",
        "(438, 920)",
        "(225, 403)",
        "(869, 725)",
        "(781, 472)",
        "(393, 649)",
        "(916, 984)",
        "(23, 622)",
        "(737, 942)",
        "(693, 641)",
        "(3, 330)",
        "(732, 609)",
        "(102, 845)",
        "(392, 191)",
        "(799, 873)",
        "(196, 582)",
        "(204, 574)",
        "(575, 753)",
        "(303, 451)",
        "(26, 130)",
        "(883, 71)",
        "(617, 927)",
        "(772, 362)",
        "(883, 371)",
        "(357, 564)",
        "(359, 89)",
        "(327, 935)",
        "(824, 465)",
        "(858, 739)",
        "(402, 609)",
        "(694, 978)",
        "(312, 937)",
        "(984, 292)",
        "(412, 365)",
        "(553, 133)",
        "(188, 361)",
        "(628, 186)",
        "(36, 223)",
        "(231, 464)",
        "(31, 733)"
    ],
    "(869, 725)": [
        "(631, 645)",
        "(359, 89)",
        "(402, 609)",
        "(799, 873)",
        "(617, 927)",
        "(805, 69)",
        "(31, 733)",
        "(698, 162)",
        "(772, 362)",
        "(245, 26)",
        "(922, 598)",
        "(535, 181)",
        "(833, 179)",
        "(412, 365)",
        "(711, 301)",
        "(575, 753)",
        "(127, 381)",
        "(392, 191)",
        "(984, 292)",
        "(225, 403)",
        "(26, 130)",
        "(883, 71)",
        "(524, 13)",
        "(2, 788)",
        "(707, 150)",
        "(553, 133)",
        "(602, 356)",
        "(146, 665)",
        "(916, 984)",
        "(693, 641)",
        "(863, 256)",
        "(799, 827)",
        "(357, 564)",
        "(303, 451)",
        "(653, 822)",
        "(780, 935)",
        "(231, 464)",
        "(529, 664)",
        "(357, 92)",
        "(195, 100)",
        "(597, 44)",
        "(596, 708)",
        "(985, 968)",
        "(781, 472)",
        "(57, 822)",
        "(290, 977)",
        "(275, 577)",
        "(628, 186)",
        "(590, 335)",
        "(870, 621)"
    ],
    "(553, 133)": [
        "(102, 845)",
        "(195, 100)",
        "(26, 130)",
        "(781, 472)",
        "(204, 574)",
        "(225, 403)",
        "(36, 223)",
        "(873, 778)",
        "(275, 577)",
        "(378, 997)",
        "(3, 330)",
        "(23, 622)",
        "(782, 793)",
        "(251, 204)",
        "(133, 481)",
        "(106, 755)",
        "(916, 984)",
        "(869, 725)",
        "(313, 364)",
        "(855, 578)",
        "(703, 936)",
        "(529, 664)",
        "(392, 191)",
        "(653, 822)",
        "(863, 256)",
        "(120, 999)",
        "(127, 381)",
        "(833, 179)",
        "(290, 977)",
        "(858, 739)",
        "(772, 362)",
        "(357, 92)",
        "(628, 186)",
        "(31, 733)",
        "(596, 708)",
        "(590, 335)",
        "(196, 582)",
        "(524, 13)",
        "(359, 89)",
        "(597, 44)",
        "(693, 641)",
        "(617, 927)",
        "(336, 967)",
        "(711, 301)",
        "(393, 649)",
        "(188, 361)",
        "(303, 451)"
    ],
    "(529, 664)": [
        "(336, 967)",
        "(824, 465)",
        "(575, 753)",
        "(379, 850)",
        "(303, 451)",
        "(870, 621)",
        "(402, 609)",
        "(290, 977)",
        "(392, 191)",
        "(805, 69)",
        "(106, 755)",
        "(477, 305)",
        "(617, 927)",
        "(703, 936)",
        "(448, 685)",
        "(327, 935)",
        "(693, 641)",
        "(553, 133)",
        "(602, 356)",
        "(936, 98)",
        "(698, 162)",
        "(146, 665)",
        "(869, 725)",
        "(524, 13)",
        "(631, 645)",
        "(737, 942)",
        "(378, 997)",
        "(799, 827)",
        "(275, 577)",
        "(225, 403)",
        "(855, 578)",
        "(858, 739)",
        "(357, 834)",
        "(359, 89)",
        "(231, 464)",
        "(597, 44)",
        "(357, 564)",
        "(57, 822)",
        "(922, 598)",
        "(196, 582)",
        "(245, 26)",
        "(195, 100)"
    ],
    "(275, 577)": [
        "(628, 186)",
        "(245, 26)",
        "(693, 641)",
        "(171, 697)",
        "(524, 13)",
        "(102, 845)",
        "(31, 733)",
        "(653, 822)",
        "(553, 133)",
        "(737, 942)",
        "(412, 365)",
        "(781, 472)",
        "(575, 753)",
        "(746, 459)",
        "(799, 873)",
        "(290, 977)",
        "(127, 381)",
        "(863, 256)",
        "(597, 44)",
        "(772, 362)",
        "(780, 935)",
        "(824, 465)",
        "(873, 778)",
        "(535, 181)",
        "(782, 793)",
        "(529, 664)",
        "(357, 564)",
        "(378, 997)",
        "(42, 382)",
        "(231, 464)",
        "(2, 788)",
        "(922, 598)",
        "(869, 725)",
        "(106, 755)",
        "(799, 827)",
        "(617, 927)",
        "(188, 361)",
        "(438, 920)",
        "(694, 978)"
    ],
    "(597, 44)": [
        "(402, 609)",
        "(698, 162)",
        "(653, 822)",
        "(737, 942)",
        "(477, 305)",
        "(393, 649)",
        "(245, 26)",
        "(535, 181)",
        "(290, 977)",
        "(106, 755)",
        "(617, 927)",
        "(303, 451)",
        "(873, 778)",
        "(392, 191)",
        "(188, 361)",
        "(799, 873)",
        "(357, 834)",
        "(922, 598)",
        "(275, 577)",
        "(781, 472)",
        "(782, 793)",
        "(833, 179)",
        "(438, 920)",
        "(870, 621)",
        "(869, 725)",
        "(359, 89)",
        "(102, 845)",
        "(378, 997)",
        "(204, 574)",
        "(596, 708)",
        "(146, 665)",
        "(553, 133)",
        "(780, 935)",
        "(524, 13)",
        "(916, 984)",
        "(357, 564)",
        "(863, 256)",
        "(529, 664)",
        "(327, 935)",
        "(31, 733)"
    ],
    "(693, 641)": [
        "(31, 733)",
        "(251, 204)",
        "(275, 577)",
        "(438, 920)",
        "(26, 130)",
        "(57, 822)",
        "(631, 645)",
        "(858, 739)",
        "(799, 827)",
        "(133, 481)",
        "(245, 26)",
        "(303, 451)",
        "(711, 301)",
        "(805, 69)",
        "(916, 984)",
        "(732, 609)",
        "(869, 725)",
        "(359, 89)",
        "(855, 578)",
        "(529, 664)",
        "(694, 978)",
        "(703, 936)",
        "(379, 850)",
        "(883, 371)",
        "(783, 199)",
        "(357, 564)",
        "(402, 609)",
        "(833, 179)",
        "(799, 873)",
        "(870, 621)",
        "(873, 778)",
        "(590, 335)",
        "(412, 365)",
        "(313, 364)",
        "(553, 133)",
        "(188, 361)",
        "(922, 598)",
        "(602, 356)",
        "(985, 968)",
        "(780, 935)"
    ],
    "(873, 778)": [
        "(196, 582)",
        "(984, 292)",
        "(824, 465)",
        "(327, 935)",
        "(780, 935)",
        "(936, 98)",
        "(799, 827)",
        "(36, 223)",
        "(3, 330)",
        "(698, 162)",
        "(289, 959)",
        "(553, 133)",
        "(922, 598)",
        "(146, 665)",
        "(171, 697)",
        "(985, 968)",
        "(858, 739)",
        "(312, 937)",
        "(799, 873)",
        "(412, 365)",
        "(2, 788)",
        "(602, 356)",
        "(106, 755)",
        "(597, 44)",
        "(393, 649)",
        "(833, 179)",
        "(251, 204)",
        "(772, 362)",
        "(23, 622)",
        "(628, 186)",
        "(732, 609)",
        "(575, 753)",
        "(707, 150)",
        "(617, 927)",
        "(275, 577)",
        "(378, 997)",
        "(596, 708)",
        "(737, 942)",
        "(477, 305)",
        "(524, 13)",
        "(438, 920)",
        "(870, 621)",
        "(693, 641)",
        "(188, 361)",
        "(883, 71)",
        "(392, 191)",
        "(42, 382)"
    ],
    "(602, 356)": [
        "(2, 788)",
        "(631, 645)",
        "(195, 100)",
        "(359, 89)",
        "(883, 71)",
        "(596, 708)",
        "(805, 69)",
        "(870, 621)",
        "(146, 665)",
        "(23, 622)",
        "(231, 464)",
        "(225, 403)",
        "(412, 365)",
        "(378, 997)",
        "(312, 937)",
        "(873, 778)",
        "(869, 725)",
        "(799, 873)",
        "(855, 578)",
        "(327, 935)",
        "(863, 256)",
        "(883, 371)",
        "(694, 978)",
        "(357, 92)",
        "(438, 920)",
        "(535, 181)",
        "(858, 739)",
        "(529, 664)",
        "(402, 609)",
        "(732, 609)",
        "(772, 362)",
        "(106, 755)",
        "(833, 179)",
        "(120, 999)",
        "(357, 564)",
        "(393, 649)",
        "(392, 191)",
        "(703, 936)",
        "(693, 641)",
        "(916, 984)"
    ],
    "(863, 256)": [
        "(327, 935)",
        "(127, 381)",
        "(922, 598)",
        "(711, 301)",
        "(575, 753)",
        "(231, 464)",
        "(698, 162)",
        "(245, 26)",
        "(313, 364)",
        "(703, 936)",
        "(392, 191)",
        "(883, 71)",
        "(782, 793)",
        "(833, 179)",
        "(357, 92)",
        "(225, 403)",
        "(824, 465)",
        "(312, 937)",
        "(772, 362)",
        "(602, 356)",
        "(869, 725)",
        "(275, 577)",
        "(359, 89)",
        "(732, 609)",
        "(783, 199)",
        "(303, 451)",
        "(393, 649)",
        "(188, 361)",
        "(553, 133)",
        "(870, 621)",
        "(133, 481)",
        "(799, 827)",
        "(379, 850)",
        "(590, 335)",
        "(617, 927)",
        "(357, 834)",
        "(290, 977)",
        "(204, 574)",
        "(36, 223)",
        "(746, 459)",
        "(120, 999)",
        "(171, 697)",
        "(597, 44)",
        "(985, 968)",
        "(737, 942)",
        "(438, 920)"
    ],
    "(783, 199)": [
        "(628, 186)",
        "(378, 997)",
        "(438, 920)",
        "(984, 292)",
        "(196, 582)",
        "(231, 464)",
        "(290, 977)",
        "(2, 788)",
        "(694, 978)",
        "(698, 162)",
        "(883, 371)",
        "(596, 708)",
        "(188, 361)",
        "(412, 365)",
        "(204, 574)",
        "(357, 564)",
        "(393, 649)",
        "(772, 362)",
        "(303, 451)",
        "(936, 98)",
        "(379, 850)",
        "(985, 968)",
        "(289, 959)",
        "(782, 793)",
        "(863, 256)",
        "(590, 335)",
        "(336, 967)",
        "(102, 845)",
        "(31, 733)",
        "(693, 641)",
        "(392, 191)",
        "(359, 89)",
        "(799, 827)",
        "(313, 364)",
        "(357, 92)",
        "(23, 622)",
        "(780, 935)",
        "(171, 697)",
        "(631, 645)",
        "(707, 150)",
        "(653, 822)",
        "(402, 609)",
        "(916, 984)",
        "(703, 936)"
    ],
    "(290, 977)": [
        "(711, 301)",
        "(799, 873)",
        "(707, 150)",
        "(357, 564)",
        "(251, 204)",
        "(833, 179)",
        "(783, 199)",
        "(392, 191)",
        "(596, 708)",
        "(858, 739)",
        "(102, 845)",
        "(289, 959)",
        "(196, 582)",
        "(703, 936)",
        "(529, 664)",
        "(883, 371)",
        "(597, 44)",
        "(195, 100)",
        "(590, 335)",
        "(378, 997)",
        "(535, 181)",
        "(275, 577)",
        "(732, 609)",
        "(438, 920)",
        "(631, 645)",
        "(313, 364)",
        "(359, 89)",
        "(553, 133)",
        "(146, 665)",
        "(883, 71)",
        "(863, 256)",
        "(42, 382)",
        "(694, 978)",
        "(357, 834)",
        "(575, 753)",
        "(869, 725)",
        "(23, 622)",
        "(133, 481)",
        "(106, 755)",
        "(805, 69)",
        "(57, 822)",
        "(936, 98)"
    ],
    "(231, 464)": [
        "(698, 162)",
        "(732, 609)",
        "(922, 598)",
        "(863, 256)",
        "(772, 362)",
        "(783, 199)",
        "(313, 364)",
        "(782, 793)",
        "(985, 968)",
        "(858, 739)",
        "(602, 356)",
        "(805, 69)",
        "(628, 186)",
        "(146, 665)",
        "(781, 472)",
        "(127, 381)",
        "(596, 708)",
        "(26, 130)",
        "(402, 609)",
        "(120, 999)",
        "(133, 481)",
        "(707, 150)",
        "(379, 850)",
        "(42, 382)",
        "(171, 697)",
        "(438, 920)",
        "(336, 967)",
        "(57, 822)",
        "(869, 725)",
        "(196, 582)",
        "(102, 845)",
        "(357, 92)",
        "(631, 645)",
        "(799, 873)",
        "(412, 365)",
        "(392, 191)",
        "(824, 465)",
        "(694, 978)",
        "(535, 181)",
        "(275, 577)",
        "(106, 755)",
        "(529, 664)",
        "(378, 997)",
        "(799, 827)",
        "(31, 733)",
        "(524, 13)",
        "(711, 301)"
    ],
    "(36, 223)": [
        "(127, 381)",
        "(146, 665)",
        "(628, 186)",
        "(873, 778)",
        "(617, 927)",
        "(833, 179)",
        "(42, 382)",
        "(553, 133)",
        "(225, 403)",
        "(780, 935)",
        "(303, 451)",
        "(251, 204)",
        "(805, 69)",
        "(102, 845)",
        "(133, 481)",
        "(327, 935)",
        "(985, 968)",
        "(737, 942)",
        "(359, 89)",
        "(732, 609)",
        "(916, 984)",
        "(195, 100)",
        "(204, 574)",
        "(984, 292)",
        "(3, 330)",
        "(412, 365)",
        "(57, 822)",
        "(698, 162)",
        "(245, 26)",
        "(23, 622)",
        "(357, 564)",
        "(477, 305)",
        "(535, 181)",
        "(289, 959)",
        "(2, 788)",
        "(922, 598)",
        "(575, 753)",
        "(863, 256)",
        "(781, 472)",
        "(870, 621)",
        "(590, 335)",
        "(392, 191)",
        "(782, 793)",
        "(799, 873)",
        "(313, 364)",
        "(711, 301)",
        "(694, 978)"
    ],
    "(245, 26)": [
        "(746, 459)",
        "(275, 577)",
        "(596, 708)",
        "(869, 725)",
        "(2, 788)",
        "(863, 256)",
        "(251, 204)",
        "(653, 822)",
        "(225, 403)",
        "(936, 98)",
        "(392, 191)",
        "(327, 935)",
        "(799, 827)",
        "(196, 582)",
        "(916, 984)",
        "(597, 44)",
        "(737, 942)",
        "(985, 968)",
        "(693, 641)",
        "(357, 564)",
        "(698, 162)",
        "(780, 935)",
        "(378, 997)",
        "(805, 69)",
        "(628, 186)",
        "(146, 665)",
        "(824, 465)",
        "(36, 223)",
        "(883, 371)",
        "(313, 364)",
        "(524, 13)",
        "(127, 381)",
        "(357, 92)",
        "(303, 451)",
        "(984, 292)",
        "(188, 361)",
        "(529, 664)",
        "(438, 920)"
    ],
    "(780, 935)": [
        "(57, 822)",
        "(575, 753)",
        "(617, 927)",
        "(225, 403)",
        "(873, 778)",
        "(737, 942)",
        "(477, 305)",
        "(596, 708)",
        "(855, 578)",
        "(357, 834)",
        "(883, 71)",
        "(984, 292)",
        "(393, 649)",
        "(36, 223)",
        "(694, 978)",
        "(782, 793)",
        "(922, 598)",
        "(916, 984)",
        "(746, 459)",
        "(985, 968)",
        "(303, 451)",
        "(799, 827)",
        "(631, 645)",
        "(245, 26)",
        "(698, 162)",
        "(357, 92)",
        "(524, 13)",
        "(196, 582)",
        "(772, 362)",
        "(171, 697)",
        "(858, 739)",
        "(869, 725)",
        "(289, 959)",
        "(275, 577)",
        "(379, 850)",
        "(2, 788)",
        "(312, 937)",
        "(590, 335)",
        "(188, 361)",
        "(402, 609)",
        "(824, 465)",
        "(23, 622)",
        "(359, 89)",
        "(26, 130)",
        "(597, 44)",
        "(438, 920)",
        "(783, 199)",
        "(448, 685)",
        "(732, 609)",
        "(42, 382)",
        "(392, 191)",
        "(133, 481)",
        "(412, 365)",
        "(693, 641)",
        "(146, 665)"
    ],
    "(357, 834)": [
        "(31, 733)",
        "(855, 578)",
        "(225, 403)",
        "(805, 69)",
        "(303, 451)",
        "(392, 191)",
        "(535, 181)",
        "(336, 967)",
        "(653, 822)",
        "(772, 362)",
        "(780, 935)",
        "(824, 465)",
        "(984, 292)",
        "(883, 371)",
        "(378, 997)",
        "(127, 381)",
        "(477, 305)",
        "(628, 186)",
        "(858, 739)",
        "(106, 755)",
        "(781, 472)",
        "(171, 697)",
        "(204, 574)",
        "(42, 382)",
        "(133, 481)",
        "(732, 609)",
        "(597, 44)",
        "(312, 937)",
        "(590, 335)",
        "(617, 927)",
        "(26, 130)",
        "(863, 256)",
        "(438, 920)",
        "(596, 708)",
        "(694, 978)",
        "(746, 459)",
        "(524, 13)",
        "(196, 582)",
        "(290, 977)",
        "(529, 664)",
        "(737, 942)",
        "(698, 162)",
        "(251, 204)",
        "(327, 935)",
        "(146, 665)",
        "(936, 98)",
        "(799, 827)"
    ],
    "(746, 459)": [
        "(245, 26)",
        "(251, 204)",
        "(31, 733)",
        "(936, 98)",
        "(477, 305)",
        "(984, 292)",
        "(359, 89)",
        "(146, 665)",
        "(402, 609)",
        "(275, 577)",
        "(805, 69)",
        "(922, 598)",
        "(780, 935)",
        "(392, 191)",
        "(596, 708)",
        "(120, 999)",
        "(590, 335)",
        "(312, 937)",
        "(535, 181)",
        "(438, 920)",
        "(133, 481)",
        "(303, 451)",
        "(196, 582)",
        "(393, 649)",
        "(870, 621)",
        "(127, 381)",
        "(195, 100)",
        "(357, 834)",
        "(628, 186)",
        "(42, 382)",
        "(863, 256)",
        "(3, 330)",
        "(799, 873)",
        "(631, 645)",
        "(379, 850)",
        "(357, 564)",
        "(732, 609)",
        "(102, 845)",
        "(336, 967)"
    ],
    "(303, 451)": [
        "(936, 98)",
        "(732, 609)",
        "(631, 645)",
        "(251, 204)",
        "(694, 978)",
        "(357, 834)",
        "(858, 739)",
        "(106, 755)",
        "(707, 150)",
        "(529, 664)",
        "(653, 822)",
        "(42, 382)",
        "(36, 223)",
        "(597, 44)",
        "(781, 472)",
        "(23, 622)",
        "(693, 641)",
        "(870, 621)",
        "(703, 936)",
        "(535, 181)",
        "(357, 564)",
        "(780, 935)",
        "(171, 697)",
        "(379, 850)",
        "(617, 927)",
        "(575, 753)",
        "(783, 199)",
        "(869, 725)",
        "(746, 459)",
        "(438, 920)",
        "(711, 301)",
        "(863, 256)",
        "(412, 365)",
        "(984, 292)",
        "(916, 984)",
        "(133, 481)",
        "(524, 13)",
        "(26, 130)",
        "(245, 26)",
        "(327, 935)",
        "(120, 999)",
        "(2, 788)",
        "(553, 133)"
    ],
    "(883, 71)": [
        "(438, 920)",
        "(379, 850)",
        "(985, 968)",
        "(359, 89)",
        "(23, 622)",
        "(392, 191)",
        "(780, 935)",
        "(402, 609)",
        "(357, 564)",
        "(146, 665)",
        "(602, 356)",
        "(378, 997)",
        "(863, 256)",
        "(477, 305)",
        "(869, 725)",
        "(781, 472)",
        "(127, 381)",
        "(936, 98)",
        "(653, 822)",
        "(772, 362)",
        "(922, 598)",
        "(357, 92)",
        "(171, 697)",
        "(31, 733)",
        "(694, 978)",
        "(196, 582)",
        "(575, 753)",
        "(133, 481)",
        "(711, 301)",
        "(805, 69)",
        "(703, 936)",
        "(289, 959)",
        "(42, 382)",
        "(26, 130)",
        "(290, 977)",
        "(225, 403)",
        "(824, 465)",
        "(448, 685)",
        "(732, 609)",
        "(628, 186)",
        "(873, 778)",
        "(799, 873)"
    ],
    "(631, 645)": [
        "(869, 725)",
        "(26, 130)",
        "(303, 451)",
        "(772, 362)",
        "(602, 356)",
        "(936, 98)",
        "(883, 371)",
        "(617, 927)",
        "(922, 598)",
        "(120, 999)",
        "(438, 920)",
        "(693, 641)",
        "(31, 733)",
        "(477, 305)",
        "(393, 649)",
        "(858, 739)",
        "(289, 959)",
        "(359, 89)",
        "(780, 935)",
        "(336, 967)",
        "(42, 382)",
        "(392, 191)",
        "(698, 162)",
        "(448, 685)",
        "(379, 850)",
        "(707, 150)",
        "(290, 977)",
        "(575, 753)",
        "(312, 937)",
        "(737, 942)",
        "(529, 664)",
        "(231, 464)",
        "(195, 100)",
        "(57, 822)",
        "(824, 465)",
        "(313, 364)",
        "(412, 365)",
        "(102, 845)",
        "(171, 697)",
        "(653, 822)",
        "(782, 793)",
        "(746, 459)",
        "(781, 472)",
        "(783, 199)",
        "(23, 622)",
        "(196, 582)"
    ],
    "(524, 13)": [
        "(824, 465)",
        "(3, 330)",
        "(707, 150)",
        "(275, 577)",
        "(357, 92)",
        "(402, 609)",
        "(127, 381)",
        "(357, 564)",
        "(694, 978)",
        "(313, 364)",
        "(359, 89)",
        "(869, 725)",
        "(26, 130)",
        "(196, 582)",
        "(617, 927)",
        "(42, 382)",
        "(412, 365)",
        "(653, 822)",
        "(133, 481)",
        "(327, 935)",
        "(535, 181)",
        "(477, 305)",
        "(171, 697)",
        "(225, 403)",
        "(780, 935)",
        "(922, 598)",
        "(781, 472)",
        "(883, 371)",
        "(378, 997)",
        "(596, 708)",
        "(737, 942)",
        "(529, 664)",
        "(628, 186)",
        "(303, 451)",
        "(245, 26)",
        "(23, 622)",
        "(873, 778)",
        "(357, 834)",
        "(289, 959)",
        "(984, 292)",
        "(698, 162)",
        "(553, 133)",
        "(597, 44)",
        "(204, 574)",
        "(120, 999)",
        "(231, 464)",
        "(782, 793)"
    ],
    "(596, 708)": [
        "(245, 26)",
        "(780, 935)",
        "(2, 788)",
        "(327, 935)",
        "(290, 977)",
        "(698, 162)",
        "(378, 997)",
        "(602, 356)",
        "(251, 204)",
        "(357, 92)",
        "(783, 199)",
        "(231, 464)",
        "(3, 330)",
        "(782, 793)",
        "(746, 459)",
        "(204, 574)",
        "(799, 827)",
        "(392, 191)",
        "(438, 920)",
        "(448, 685)",
        "(833, 179)",
        "(26, 130)",
        "(524, 13)",
        "(289, 959)",
        "(805, 69)",
        "(870, 621)",
        "(869, 725)",
        "(357, 834)",
        "(553, 133)",
        "(858, 739)",
        "(873, 778)",
        "(379, 850)",
        "(597, 44)",
        "(781, 472)",
        "(393, 649)",
        "(127, 381)",
        "(922, 598)",
        "(359, 89)",
        "(336, 967)",
        "(984, 292)",
        "(313, 364)",
        "(146, 665)",
        "(357, 564)",
        "(312, 937)"
    ],
    "(146, 665)": [
        "(393, 649)",
        "(438, 920)",
        "(36, 223)",
        "(535, 181)",
        "(883, 71)",
        "(26, 130)",
        "(873, 778)",
        "(707, 150)",
        "(746, 459)",
        "(602, 356)",
        "(824, 465)",
        "(799, 873)",
        "(231, 464)",
        "(327, 935)",
        "(772, 362)",
        "(732, 609)",
        "(590, 335)",
        "(869, 725)",
        "(448, 685)",
        "(23, 622)",
        "(336, 967)",
        "(698, 162)",
        "(245, 26)",
        "(653, 822)",
        "(379, 850)",
        "(392, 191)",
        "(529, 664)",
        "(870, 621)",
        "(290, 977)",
        "(737, 942)",
        "(412, 365)",
        "(57, 822)",
        "(357, 564)",
        "(883, 371)",
        "(312, 937)",
        "(188, 361)",
        "(628, 186)",
        "(2, 788)",
        "(597, 44)",
        "(402, 609)",
        "(106, 755)",
        "(3, 330)",
        "(357, 834)",
        "(596, 708)",
        "(289, 959)",
        "(858, 739)",
        "(780, 935)"
    ],
    "(133, 481)": [
        "(711, 301)",
        "(225, 403)",
        "(799, 873)",
        "(653, 822)",
        "(204, 574)",
        "(120, 999)",
        "(698, 162)",
        "(628, 186)",
        "(171, 697)",
        "(127, 381)",
        "(693, 641)",
        "(922, 598)",
        "(737, 942)",
        "(36, 223)",
        "(2, 788)",
        "(855, 578)",
        "(553, 133)",
        "(327, 935)",
        "(524, 13)",
        "(781, 472)",
        "(231, 464)",
        "(985, 968)",
        "(357, 834)",
        "(746, 459)",
        "(805, 69)",
        "(694, 978)",
        "(883, 71)",
        "(31, 733)",
        "(833, 179)",
        "(916, 984)",
        "(863, 256)",
        "(782, 793)",
        "(303, 451)",
        "(3, 330)",
        "(312, 937)",
        "(703, 936)",
        "(392, 191)",
        "(251, 204)",
        "(936, 98)",
        "(359, 89)",
        "(290, 977)",
        "(477, 305)",
        "(402, 609)",
        "(438, 920)",
        "(379, 850)",
        "(57, 822)",
        "(780, 935)",
        "(984, 292)",
        "(106, 755)",
        "(799, 827)"
    ],
    "(936, 98)": [
        "(303, 451)",
        "(631, 645)",
        "(31, 733)",
        "(873, 778)",
        "(746, 459)",
        "(245, 26)",
        "(327, 935)",
        "(575, 753)",
        "(617, 927)",
        "(984, 292)",
        "(188, 361)",
        "(127, 381)",
        "(477, 305)",
        "(412, 365)",
        "(289, 959)",
        "(781, 472)",
        "(204, 574)",
        "(26, 130)",
        "(883, 71)",
        "(196, 582)",
        "(985, 968)",
        "(772, 362)",
        "(653, 822)",
        "(783, 199)",
        "(336, 967)",
        "(529, 664)",
        "(225, 403)",
        "(858, 739)",
        "(883, 371)",
        "(698, 162)",
        "(3, 330)",
        "(251, 204)",
        "(133, 481)",
        "(870, 621)",
        "(782, 793)",
        "(379, 850)",
        "(42, 382)",
        "(737, 942)",
        "(357, 92)",
        "(290, 977)",
        "(357, 834)",
        "(102, 845)"
    ],
    "(120, 999)": [
        "(698, 162)",
        "(984, 292)",
        "(707, 150)",
        "(379, 850)",
        "(251, 204)",
        "(133, 481)",
        "(653, 822)",
        "(631, 645)",
        "(188, 361)",
        "(916, 984)",
        "(438, 920)",
        "(855, 578)",
        "(922, 598)",
        "(448, 685)",
        "(313, 364)",
        "(26, 130)",
        "(231, 464)",
        "(746, 459)",
        "(31, 733)",
        "(985, 968)",
        "(42, 382)",
        "(858, 739)",
        "(289, 959)",
        "(196, 582)",
        "(553, 133)",
        "(106, 755)",
        "(575, 753)",
        "(590, 335)",
        "(602, 356)",
        "(617, 927)",
        "(863, 256)",
        "(303, 451)",
        "(225, 403)",
        "(327, 935)",
        "(378, 997)",
        "(312, 937)",
        "(524, 13)",
        "(393, 649)"
    ],
    "(357, 92)": [
        "(42, 382)",
        "(833, 179)",
        "(707, 150)",
        "(438, 920)",
        "(524, 13)",
        "(196, 582)",
        "(855, 578)",
        "(799, 827)",
        "(127, 381)",
        "(477, 305)",
        "(858, 739)",
        "(781, 472)",
        "(596, 708)",
        "(31, 733)",
        "(863, 256)",
        "(737, 942)",
        "(379, 850)",
        "(312, 937)",
        "(336, 967)",
        "(225, 403)",
        "(392, 191)",
        "(883, 71)",
        "(916, 984)",
        "(628, 186)",
        "(602, 356)",
        "(780, 935)",
        "(984, 292)",
        "(106, 755)",
        "(824, 465)",
        "(782, 793)",
        "(575, 753)",
        "(231, 464)",
        "(869, 725)",
        "(23, 622)",
        "(195, 100)",
        "(357, 564)",
        "(553, 133)",
        "(3, 330)",
        "(412, 365)",
        "(590, 335)",
        "(245, 26)",
        "(313, 364)",
        "(805, 69)",
        "(783, 199)",
        "(870, 621)",
        "(799, 873)",
        "(2, 788)",
        "(694, 978)",
        "(936, 98)",
        "(883, 371)"
    ],
    "(575, 753)": [
        "(312, 937)",
        "(780, 935)",
        "(863, 256)",
        "(529, 664)",
        "(23, 622)",
        "(393, 649)",
        "(936, 98)",
        "(869, 725)",
        "(275, 577)",
        "(26, 130)",
        "(833, 179)",
        "(378, 997)",
        "(313, 364)",
        "(438, 920)",
        "(883, 371)",
        "(57, 822)",
        "(916, 984)",
        "(188, 361)",
        "(412, 365)",
        "(303, 451)",
        "(883, 71)",
        "(195, 100)",
        "(379, 850)",
        "(711, 301)",
        "(922, 598)",
        "(698, 162)",
        "(873, 778)",
        "(631, 645)",
        "(357, 92)",
        "(120, 999)",
        "(707, 150)",
        "(535, 181)",
        "(781, 472)",
        "(204, 574)",
        "(590, 335)",
        "(327, 935)",
        "(2, 788)",
        "(225, 403)",
        "(36, 223)",
        "(290, 977)",
        "(3, 330)",
        "(359, 89)",
        "(402, 609)"
    ],
    "(617, 927)": [
        "(869, 725)",
        "(732, 609)",
        "(780, 935)",
        "(628, 186)",
        "(698, 162)",
        "(984, 292)",
        "(631, 645)",
        "(3, 330)",
        "(36, 223)",
        "(858, 739)",
        "(448, 685)",
        "(936, 98)",
        "(378, 997)",
        "(251, 204)",
        "(597, 44)",
        "(870, 621)",
        "(799, 873)",
        "(327, 935)",
        "(412, 365)",
        "(524, 13)",
        "(188, 361)",
        "(916, 984)",
        "(26, 130)",
        "(529, 664)",
        "(303, 451)",
        "(824, 465)",
        "(42, 382)",
        "(312, 937)",
        "(711, 301)",
        "(873, 778)",
        "(737, 942)",
        "(357, 834)",
        "(863, 256)",
        "(120, 999)",
        "(359, 89)",
        "(225, 403)",
        "(336, 967)",
        "(833, 179)",
        "(553, 133)",
        "(275, 577)",
        "(707, 150)",
        "(102, 845)",
        "(438, 920)"
    ],
    "(359, 89)": [
        "(703, 936)",
        "(869, 725)",
        "(57, 822)",
        "(448, 685)",
        "(883, 71)",
        "(336, 967)",
        "(602, 356)",
        "(393, 649)",
        "(196, 582)",
        "(732, 609)",
        "(746, 459)",
        "(251, 204)",
        "(204, 574)",
        "(694, 978)",
        "(524, 13)",
        "(36, 223)",
        "(772, 362)",
        "(631, 645)",
        "(590, 335)",
        "(2, 788)",
        "(863, 256)",
        "(31, 733)",
        "(693, 641)",
        "(737, 942)",
        "(290, 977)",
        "(535, 181)",
        "(711, 301)",
        "(783, 199)",
        "(781, 472)",
        "(597, 44)",
        "(378, 997)",
        "(617, 927)",
        "(402, 609)",
        "(127, 381)",
        "(106, 755)",
        "(707, 150)",
        "(780, 935)",
        "(553, 133)",
        "(133, 481)",
        "(529, 664)",
        "(596, 708)",
        "(171, 697)",
        "(653, 822)",
        "(575, 753)"
    ],
    "(393, 649)": [
        "(146, 665)",
        "(57, 822)",
        "(694, 978)",
        "(327, 935)",
        "(833, 179)",
        "(698, 162)",
        "(289, 959)",
        "(359, 89)",
        "(357, 564)",
        "(575, 753)",
        "(780, 935)",
        "(711, 301)",
        "(597, 44)",
        "(824, 465)",
        "(631, 645)",
        "(799, 873)",
        "(984, 292)",
        "(922, 598)",
        "(873, 778)",
        "(783, 199)",
        "(782, 793)",
        "(225, 403)",
        "(196, 582)",
        "(188, 361)",
        "(204, 574)",
        "(863, 256)",
        "(799, 827)",
        "(392, 191)",
        "(412, 365)",
        "(746, 459)",
        "(106, 755)",
        "(858, 739)",
        "(127, 381)",
        "(602, 356)",
        "(737, 942)",
        "(596, 708)",
        "(590, 335)",
        "(703, 936)",
        "(553, 133)",
        "(313, 364)",
        "(120, 999)",
        "(707, 150)"
    ],
    "(412, 365)": [
        "(653, 822)",
        "(984, 292)",
        "(327, 935)",
        "(336, 967)",
        "(985, 968)",
        "(869, 725)",
        "(824, 465)",
        "(732, 609)",
        "(392, 191)",
        "(275, 577)",
        "(883, 371)",
        "(357, 564)",
        "(602, 356)",
        "(171, 697)",
        "(936, 98)",
        "(42, 382)",
        "(873, 778)",
        "(617, 927)",
        "(524, 13)",
        "(783, 199)",
        "(477, 305)",
        "(127, 381)",
        "(805, 69)",
        "(575, 753)",
        "(698, 162)",
        "(313, 364)",
        "(36, 223)",
        "(922, 598)",
        "(772, 362)",
        "(303, 451)",
        "(694, 978)",
        "(102, 845)",
        "(3, 330)",
        "(393, 649)",
        "(799, 827)",
        "(231, 464)",
        "(251, 204)",
        "(146, 665)",
        "(357, 92)",
        "(693, 641)",
        "(225, 403)",
        "(631, 645)",
        "(711, 301)",
        "(833, 179)",
        "(780, 935)",
        "(870, 621)"
    ],
    "(737, 942)": [
        "(805, 69)",
        "(780, 935)",
        "(357, 564)",
        "(824, 465)",
        "(858, 739)",
        "(597, 44)",
        "(196, 582)",
        "(102, 845)",
        "(275, 577)",
        "(392, 191)",
        "(312, 937)",
        "(133, 481)",
        "(379, 850)",
        "(781, 472)",
        "(127, 381)",
        "(336, 967)",
        "(245, 26)",
        "(628, 186)",
        "(711, 301)",
        "(188, 361)",
        "(357, 92)",
        "(36, 223)",
        "(2, 788)",
        "(732, 609)",
        "(916, 984)",
        "(922, 598)",
        "(3, 330)",
        "(378, 997)",
        "(26, 130)",
        "(402, 609)",
        "(195, 100)",
        "(653, 822)",
        "(883, 371)",
        "(289, 959)",
        "(359, 89)",
        "(524, 13)",
        "(631, 645)",
        "(529, 664)",
        "(617, 927)",
        "(146, 665)",
        "(477, 305)",
        "(225, 403)",
        "(873, 778)",
        "(42, 382)",
        "(393, 649)",
        "(327, 935)",
        "(357, 834)",
        "(590, 335)",
        "(936, 98)",
        "(863, 256)"
    ],
    "(106, 755)": [
        "(102, 845)",
        "(732, 609)",
        "(327, 935)",
        "(303, 451)",
        "(23, 622)",
        "(824, 465)",
        "(378, 997)",
        "(127, 381)",
        "(313, 364)",
        "(289, 959)",
        "(870, 621)",
        "(597, 44)",
        "(799, 873)",
        "(336, 967)",
        "(855, 578)",
        "(883, 371)",
        "(553, 133)",
        "(529, 664)",
        "(357, 834)",
        "(858, 739)",
        "(873, 778)",
        "(628, 186)",
        "(196, 582)",
        "(703, 936)",
        "(26, 130)",
        "(357, 92)",
        "(3, 330)",
        "(392, 191)",
        "(698, 162)",
        "(120, 999)",
        "(602, 356)",
        "(772, 362)",
        "(393, 649)",
        "(707, 150)",
        "(42, 382)",
        "(805, 69)",
        "(359, 89)",
        "(146, 665)",
        "(171, 697)",
        "(833, 179)",
        "(275, 577)",
        "(290, 977)",
        "(231, 464)",
        "(133, 481)",
        "(2, 788)",
        "(590, 335)"
    ],
    "(26, 130)": [
        "(631, 645)",
        "(553, 133)",
        "(448, 685)",
        "(693, 641)",
        "(146, 665)",
        "(195, 100)",
        "(378, 997)",
        "(31, 733)",
        "(628, 186)",
        "(698, 162)",
        "(102, 845)",
        "(2, 788)",
        "(42, 382)",
        "(869, 725)",
        "(703, 936)",
        "(402, 609)",
        "(575, 753)",
        "(524, 13)",
        "(171, 697)",
        "(357, 564)",
        "(855, 578)",
        "(120, 999)",
        "(936, 98)",
        "(231, 464)",
        "(617, 927)",
        "(204, 574)",
        "(737, 942)",
        "(106, 755)",
        "(596, 708)",
        "(711, 301)",
        "(196, 582)",
        "(438, 920)",
        "(772, 362)",
        "(127, 381)",
        "(357, 834)",
        "(653, 822)",
        "(883, 71)",
        "(379, 850)",
        "(535, 181)",
        "(303, 451)",
        "(780, 935)",
        "(858, 739)",
        "(799, 873)",
        "(251, 204)",
        "(23, 622)",
        "(188, 361)",
        "(312, 937)"
    ],
    "(251, 204)": [
        "(693, 641)",
        "(303, 451)",
        "(781, 472)",
        "(402, 609)",
        "(883, 371)",
        "(290, 977)",
        "(746, 459)",
        "(245, 26)",
        "(378, 997)",
        "(694, 978)",
        "(120, 999)",
        "(477, 305)",
        "(2, 788)",
        "(312, 937)",
        "(359, 89)",
        "(36, 223)",
        "(703, 936)",
        "(617, 927)",
        "(596, 708)",
        "(855, 578)",
        "(57, 822)",
        "(553, 133)",
        "(870, 621)",
        "(873, 778)",
        "(653, 822)",
        "(357, 564)",
        "(204, 574)",
        "(628, 186)",
        "(833, 179)",
        "(412, 365)",
        "(984, 292)",
        "(936, 98)",
        "(133, 481)",
        "(922, 598)",
        "(26, 130)",
        "(357, 834)",
        "(379, 850)",
        "(805, 69)",
        "(732, 609)",
        "(225, 403)",
        "(23, 622)"
    ],
    "(196, 582)": [
        "(590, 335)",
        "(379, 850)",
        "(873, 778)",
        "(783, 199)",
        "(23, 622)",
        "(438, 920)",
        "(737, 942)",
        "(357, 92)",
        "(359, 89)",
        "(225, 403)",
        "(312, 937)",
        "(984, 292)",
        "(290, 977)",
        "(245, 26)",
        "(782, 793)",
        "(985, 968)",
        "(195, 100)",
        "(524, 13)",
        "(855, 578)",
        "(448, 685)",
        "(936, 98)",
        "(707, 150)",
        "(31, 733)",
        "(805, 69)",
        "(106, 755)",
        "(3, 330)",
        "(711, 301)",
        "(127, 381)",
        "(698, 162)",
        "(883, 71)",
        "(393, 649)",
        "(780, 935)",
        "(120, 999)",
        "(535, 181)",
        "(231, 464)",
        "(26, 130)",
        "(653, 822)",
        "(746, 459)",
        "(357, 564)",
        "(171, 697)",
        "(2, 788)",
        "(824, 465)",
        "(357, 834)",
        "(553, 133)",
        "(703, 936)",
        "(102, 845)",
        "(833, 179)",
        "(631, 645)",
        "(732, 609)",
        "(529, 664)",
        "(883, 371)",
        "(772, 362)"
    ],
    "(477, 305)": [
        "(883, 371)",
        "(694, 978)",
        "(805, 69)",
        "(780, 935)",
        "(251, 204)",
        "(746, 459)",
        "(23, 622)",
        "(2, 788)",
        "(597, 44)",
        "(357, 92)",
        "(631, 645)",
        "(883, 71)",
        "(936, 98)",
        "(703, 936)",
        "(357, 564)",
        "(357, 834)",
        "(529, 664)",
        "(524, 13)",
        "(412, 365)",
        "(772, 362)",
        "(195, 100)",
        "(188, 361)",
        "(707, 150)",
        "(535, 181)",
        "(127, 381)",
        "(732, 609)",
        "(379, 850)",
        "(698, 162)",
        "(289, 959)",
        "(42, 382)",
        "(36, 223)",
        "(870, 621)",
        "(378, 997)",
        "(737, 942)",
        "(873, 778)",
        "(312, 937)",
        "(133, 481)",
        "(448, 685)",
        "(916, 984)",
        "(392, 191)",
        "(31, 733)"
    ],
    "(916, 984)": [
        "(707, 150)",
        "(225, 403)",
        "(922, 598)",
        "(772, 362)",
        "(289, 959)",
        "(102, 845)",
        "(42, 382)",
        "(379, 850)",
        "(120, 999)",
        "(653, 822)",
        "(245, 26)",
        "(711, 301)",
        "(780, 935)",
        "(438, 920)",
        "(36, 223)",
        "(737, 942)",
        "(617, 927)",
        "(553, 133)",
        "(693, 641)",
        "(575, 753)",
        "(357, 92)",
        "(883, 371)",
        "(312, 937)",
        "(869, 725)",
        "(448, 685)",
        "(392, 191)",
        "(535, 181)",
        "(357, 564)",
        "(781, 472)",
        "(2, 788)",
        "(327, 935)",
        "(133, 481)",
        "(23, 622)",
        "(303, 451)",
        "(694, 978)",
        "(3, 330)",
        "(985, 968)",
        "(799, 827)",
        "(378, 997)",
        "(855, 578)",
        "(858, 739)",
        "(597, 44)",
        "(602, 356)",
        "(57, 822)",
        "(783, 199)",
        "(799, 873)",
        "(336, 967)",
        "(477, 305)"
    ],
    "(698, 162)": [
        "(120, 999)",
        "(231, 464)",
        "(869, 725)",
        "(204, 574)",
        "(597, 44)",
        "(863, 256)",
        "(378, 997)",
        "(617, 927)",
        "(628, 186)",
        "(195, 100)",
        "(393, 649)",
        "(873, 778)",
        "(357, 564)",
        "(782, 793)",
        "(596, 708)",
        "(133, 481)",
        "(783, 199)",
        "(805, 69)",
        "(26, 130)",
        "(379, 850)",
        "(245, 26)",
        "(780, 935)",
        "(146, 665)",
        "(412, 365)",
        "(196, 582)",
        "(336, 967)",
        "(312, 937)",
        "(402, 609)",
        "(127, 381)",
        "(855, 578)",
        "(631, 645)",
        "(575, 753)",
        "(833, 179)",
        "(106, 755)",
        "(36, 223)",
        "(707, 150)",
        "(477, 305)",
        "(529, 664)",
        "(694, 978)",
        "(936, 98)",
        "(327, 935)",
        "(858, 739)",
        "(799, 873)",
        "(922, 598)",
        "(524, 13)",
        "(3, 330)",
        "(357, 834)",
        "(781, 472)"
    ],
    "(833, 179)": [
        "(357, 92)",
        "(290, 977)",
        "(393, 649)",
        "(869, 725)",
        "(858, 739)",
        "(36, 223)",
        "(694, 978)",
        "(863, 256)",
        "(799, 873)",
        "(575, 753)",
        "(628, 186)",
        "(873, 778)",
        "(31, 733)",
        "(312, 937)",
        "(596, 708)",
        "(698, 162)",
        "(127, 381)",
        "(597, 44)",
        "(133, 481)",
        "(188, 361)",
        "(553, 133)",
        "(824, 465)",
        "(313, 364)",
        "(357, 564)",
        "(251, 204)",
        "(602, 356)",
        "(23, 622)",
        "(693, 641)",
        "(653, 822)",
        "(617, 927)",
        "(392, 191)",
        "(57, 822)",
        "(985, 968)",
        "(106, 755)",
        "(196, 582)",
        "(412, 365)",
        "(289, 959)"
    ],
    "(23, 622)": [
        "(782, 793)",
        "(883, 71)",
        "(824, 465)",
        "(196, 582)",
        "(575, 753)",
        "(106, 755)",
        "(477, 305)",
        "(448, 685)",
        "(57, 822)",
        "(312, 937)",
        "(602, 356)",
        "(711, 301)",
        "(303, 451)",
        "(553, 133)",
        "(2, 788)",
        "(146, 665)",
        "(873, 778)",
        "(535, 181)",
        "(195, 100)",
        "(772, 362)",
        "(36, 223)",
        "(916, 984)",
        "(357, 92)",
        "(799, 873)",
        "(833, 179)",
        "(524, 13)",
        "(42, 382)",
        "(780, 935)",
        "(204, 574)",
        "(732, 609)",
        "(379, 850)",
        "(102, 845)",
        "(783, 199)",
        "(290, 977)",
        "(402, 609)",
        "(26, 130)",
        "(631, 645)",
        "(392, 191)",
        "(781, 472)",
        "(251, 204)"
    ],
    "(858, 739)": [
        "(2, 788)",
        "(737, 942)",
        "(303, 451)",
        "(392, 191)",
        "(833, 179)",
        "(336, 967)",
        "(127, 381)",
        "(379, 850)",
        "(290, 977)",
        "(617, 927)",
        "(703, 936)",
        "(693, 641)",
        "(357, 92)",
        "(231, 464)",
        "(873, 778)",
        "(448, 685)",
        "(631, 645)",
        "(312, 937)",
        "(707, 150)",
        "(357, 834)",
        "(106, 755)",
        "(438, 920)",
        "(535, 181)",
        "(195, 100)",
        "(799, 827)",
        "(120, 999)",
        "(824, 465)",
        "(780, 935)",
        "(602, 356)",
        "(936, 98)",
        "(327, 935)",
        "(553, 133)",
        "(393, 649)",
        "(628, 186)",
        "(870, 621)",
        "(711, 301)",
        "(782, 793)",
        "(772, 362)",
        "(596, 708)",
        "(922, 598)",
        "(698, 162)",
        "(805, 69)",
        "(529, 664)",
        "(985, 968)",
        "(26, 130)",
        "(378, 997)",
        "(916, 984)",
        "(732, 609)",
        "(694, 978)",
        "(31, 733)",
        "(146, 665)",
        "(204, 574)"
    ],
    "(824, 465)": [
        "(524, 13)",
        "(781, 472)",
        "(873, 778)",
        "(529, 664)",
        "(23, 622)",
        "(883, 371)",
        "(737, 942)",
        "(653, 822)",
        "(106, 755)",
        "(378, 997)",
        "(412, 365)",
        "(357, 834)",
        "(984, 292)",
        "(393, 649)",
        "(146, 665)",
        "(204, 574)",
        "(402, 609)",
        "(863, 256)",
        "(694, 978)",
        "(102, 845)",
        "(2, 788)",
        "(42, 382)",
        "(617, 927)",
        "(858, 739)",
        "(379, 850)",
        "(590, 335)",
        "(245, 26)",
        "(357, 92)",
        "(289, 959)",
        "(275, 577)",
        "(833, 179)",
        "(922, 598)",
        "(231, 464)",
        "(631, 645)",
        "(711, 301)",
        "(327, 935)",
        "(196, 582)",
        "(883, 71)",
        "(780, 935)",
        "(703, 936)",
        "(855, 578)",
        "(799, 873)",
        "(225, 403)"
    ],
    "(378, 997)": [
        "(870, 621)",
        "(653, 822)",
        "(783, 199)",
        "(57, 822)",
        "(438, 920)",
        "(698, 162)",
        "(251, 204)",
        "(106, 755)",
        "(102, 845)",
        "(596, 708)",
        "(824, 465)",
        "(984, 292)",
        "(553, 133)",
        "(617, 927)",
        "(883, 71)",
        "(26, 130)",
        "(883, 371)",
        "(357, 834)",
        "(313, 364)",
        "(602, 356)",
        "(772, 362)",
        "(290, 977)",
        "(575, 753)",
        "(42, 382)",
        "(855, 578)",
        "(327, 935)",
        "(737, 942)",
        "(336, 967)",
        "(245, 26)",
        "(732, 609)",
        "(3, 330)",
        "(524, 13)",
        "(171, 697)",
        "(529, 664)",
        "(873, 778)",
        "(477, 305)",
        "(799, 827)",
        "(805, 69)",
        "(359, 89)",
        "(590, 335)",
        "(275, 577)",
        "(597, 44)",
        "(188, 361)",
        "(357, 564)",
        "(858, 739)",
        "(916, 984)",
        "(231, 464)",
        "(120, 999)"
    ],
    "(3, 330)": [
        "(524, 13)",
        "(402, 609)",
        "(799, 873)",
        "(732, 609)",
        "(289, 959)",
        "(617, 927)",
        "(873, 778)",
        "(102, 845)",
        "(2, 788)",
        "(553, 133)",
        "(922, 598)",
        "(711, 301)",
        "(596, 708)",
        "(855, 578)",
        "(336, 967)",
        "(313, 364)",
        "(737, 942)",
        "(448, 685)",
        "(883, 371)",
        "(707, 150)",
        "(196, 582)",
        "(799, 827)",
        "(438, 920)",
        "(870, 621)",
        "(36, 223)",
        "(628, 186)",
        "(106, 755)",
        "(378, 997)",
        "(412, 365)",
        "(357, 92)",
        "(133, 481)",
        "(653, 822)",
        "(916, 984)",
        "(57, 822)",
        "(936, 98)",
        "(312, 937)",
        "(694, 978)",
        "(984, 292)",
        "(698, 162)",
        "(746, 459)",
        "(782, 793)",
        "(703, 936)",
        "(42, 382)",
        "(575, 753)",
        "(146, 665)",
        "(195, 100)"
    ],
    "(782, 793)": [
        "(23, 622)",
        "(313, 364)",
        "(985, 968)",
        "(327, 935)",
        "(698, 162)",
        "(402, 609)",
        "(231, 464)",
        "(781, 472)",
        "(863, 256)",
        "(780, 935)",
        "(196, 582)",
        "(336, 967)",
        "(553, 133)",
        "(590, 335)",
        "(596, 708)",
        "(393, 649)",
        "(379, 850)",
        "(783, 199)",
        "(535, 181)",
        "(597, 44)",
        "(2, 788)",
        "(870, 621)",
        "(438, 920)",
        "(357, 92)",
        "(127, 381)",
        "(707, 150)",
        "(448, 685)",
        "(133, 481)",
        "(855, 578)",
        "(858, 739)",
        "(275, 577)",
        "(42, 382)",
        "(936, 98)",
        "(3, 330)",
        "(984, 292)",
        "(631, 645)",
        "(36, 223)",
        "(799, 873)",
        "(524, 13)"
    ],
    "(772, 362)": [
        "(631, 645)",
        "(869, 725)",
        "(231, 464)",
        "(916, 984)",
        "(357, 834)",
        "(694, 978)",
        "(312, 937)",
        "(102, 845)",
        "(985, 968)",
        "(378, 997)",
        "(359, 89)",
        "(146, 665)",
        "(171, 697)",
        "(402, 609)",
        "(883, 71)",
        "(863, 256)",
        "(873, 778)",
        "(289, 959)",
        "(936, 98)",
        "(707, 150)",
        "(477, 305)",
        "(703, 936)",
        "(783, 199)",
        "(732, 609)",
        "(438, 920)",
        "(780, 935)",
        "(535, 181)",
        "(313, 364)",
        "(23, 622)",
        "(412, 365)",
        "(275, 577)",
        "(711, 301)",
        "(602, 356)",
        "(26, 130)",
        "(106, 755)",
        "(379, 850)",
        "(553, 133)",
        "(781, 472)",
        "(858, 739)",
        "(42, 382)",
        "(870, 621)",
        "(225, 403)",
        "(392, 191)",
        "(195, 100)",
        "(196, 582)"
    ],
    "(171, 697)": [
        "(275, 577)",
        "(707, 150)",
        "(653, 822)",
        "(703, 936)",
        "(873, 778)",
        "(133, 481)",
        "(102, 845)",
        "(438, 920)",
        "(2, 788)",
        "(412, 365)",
        "(313, 364)",
        "(289, 959)",
        "(694, 978)",
        "(26, 130)",
        "(57, 822)",
        "(772, 362)",
        "(303, 451)",
        "(883, 71)",
        "(524, 13)",
        "(357, 834)",
        "(628, 186)",
        "(732, 609)",
        "(231, 464)",
        "(781, 472)",
        "(780, 935)",
        "(378, 997)",
        "(312, 937)",
        "(196, 582)",
        "(984, 292)",
        "(883, 371)",
        "(336, 967)",
        "(631, 645)",
        "(106, 755)",
        "(863, 256)",
        "(392, 191)",
        "(783, 199)",
        "(359, 89)",
        "(357, 564)"
    ],
    "(535, 181)": [
        "(703, 936)",
        "(357, 834)",
        "(146, 665)",
        "(869, 725)",
        "(732, 609)",
        "(985, 968)",
        "(448, 685)",
        "(312, 937)",
        "(42, 382)",
        "(597, 44)",
        "(290, 977)",
        "(303, 451)",
        "(524, 13)",
        "(438, 920)",
        "(590, 335)",
        "(746, 459)",
        "(23, 622)",
        "(858, 739)",
        "(357, 564)",
        "(327, 935)",
        "(602, 356)",
        "(916, 984)",
        "(799, 873)",
        "(477, 305)",
        "(772, 362)",
        "(782, 793)",
        "(196, 582)",
        "(575, 753)",
        "(31, 733)",
        "(359, 89)",
        "(275, 577)",
        "(36, 223)",
        "(392, 191)",
        "(336, 967)",
        "(26, 130)",
        "(883, 371)",
        "(694, 978)",
        "(289, 959)",
        "(231, 464)",
        "(313, 364)",
        "(922, 598)",
        "(781, 472)"
    ],
    "(799, 827)": [
        "(102, 845)",
        "(873, 778)",
        "(711, 301)",
        "(357, 92)",
        "(245, 26)",
        "(693, 641)",
        "(336, 967)",
        "(780, 935)",
        "(596, 708)",
        "(984, 292)",
        "(392, 191)",
        "(204, 574)",
        "(379, 850)",
        "(858, 739)",
        "(869, 725)",
        "(3, 330)",
        "(31, 733)",
        "(393, 649)",
        "(883, 371)",
        "(412, 365)",
        "(707, 150)",
        "(127, 381)",
        "(327, 935)",
        "(863, 256)",
        "(732, 609)",
        "(529, 664)",
        "(378, 997)",
        "(694, 978)",
        "(57, 822)",
        "(916, 984)",
        "(783, 199)",
        "(628, 186)",
        "(275, 577)",
        "(231, 464)",
        "(985, 968)",
        "(781, 472)",
        "(590, 335)",
        "(357, 834)",
        "(703, 936)",
        "(133, 481)"
    ],
    "(336, 967)": [
        "(529, 664)",
        "(703, 936)",
        "(357, 834)",
        "(195, 100)",
        "(359, 89)",
        "(858, 739)",
        "(412, 365)",
        "(357, 564)",
        "(799, 827)",
        "(2, 788)",
        "(438, 920)",
        "(312, 937)",
        "(737, 942)",
        "(327, 935)",
        "(782, 793)",
        "(106, 755)",
        "(448, 685)",
        "(357, 92)",
        "(392, 191)",
        "(3, 330)",
        "(225, 403)",
        "(42, 382)",
        "(146, 665)",
        "(378, 997)",
        "(698, 162)",
        "(631, 645)",
        "(936, 98)",
        "(231, 464)",
        "(127, 381)",
        "(783, 199)",
        "(379, 850)",
        "(313, 364)",
        "(653, 822)",
        "(31, 733)",
        "(188, 361)",
        "(799, 873)",
        "(535, 181)",
        "(617, 927)",
        "(171, 697)",
        "(628, 186)",
        "(553, 133)",
        "(596, 708)",
        "(746, 459)",
        "(916, 984)"
    ],
    "(312, 937)": [
        "(575, 753)",
        "(984, 292)",
        "(42, 382)",
        "(251, 204)",
        "(196, 582)",
        "(535, 181)",
        "(737, 942)",
        "(772, 362)",
        "(23, 622)",
        "(873, 778)",
        "(313, 364)",
        "(336, 967)",
        "(102, 845)",
        "(2, 788)",
        "(858, 739)",
        "(127, 381)",
        "(602, 356)",
        "(863, 256)",
        "(357, 92)",
        "(438, 920)",
        "(922, 598)",
        "(916, 984)",
        "(746, 459)",
        "(833, 179)",
        "(698, 162)",
        "(392, 191)",
        "(703, 936)",
        "(357, 834)",
        "(617, 927)",
        "(195, 100)",
        "(707, 150)",
        "(631, 645)",
        "(171, 697)",
        "(694, 978)",
        "(188, 361)",
        "(780, 935)",
        "(133, 481)",
        "(3, 330)",
        "(855, 578)",
        "(146, 665)",
        "(711, 301)",
        "(477, 305)",
        "(120, 999)",
        "(732, 609)",
        "(26, 130)",
        "(596, 708)"
    ],
    "(590, 335)": [
        "(196, 582)",
        "(922, 598)",
        "(357, 564)",
        "(204, 574)",
        "(984, 292)",
        "(402, 609)",
        "(781, 472)",
        "(782, 793)",
        "(42, 382)",
        "(290, 977)",
        "(57, 822)",
        "(146, 665)",
        "(746, 459)",
        "(535, 181)",
        "(359, 89)",
        "(357, 834)",
        "(783, 199)",
        "(824, 465)",
        "(707, 150)",
        "(120, 999)",
        "(780, 935)",
        "(863, 256)",
        "(575, 753)",
        "(289, 959)",
        "(378, 997)",
        "(357, 92)",
        "(438, 920)",
        "(553, 133)",
        "(985, 968)",
        "(628, 186)",
        "(693, 641)",
        "(393, 649)",
        "(36, 223)",
        "(737, 942)",
        "(869, 725)",
        "(799, 827)",
        "(225, 403)",
        "(106, 755)"
    ]
}