{
    "(79, 493)": [
        "(716, 782)",
        "(570, 597)",
        "(811, 113)",
        "(379, 343)",
        "(442, 831)",
        "(654, 355)",
        "(663, 333)",
        "(220, 659)",
        "(27, 227)",
        "(761, 957)",
        "(385, 565)",
        "(768, 235)",
        "(688, 761)",
        "(595, 476)",
        "(604, 491)",
        "(33, 710)",
        "(753, 217)",
        "(801, 784)",
        "(336, 502)",
        "(132, 260)",
        "(48, 417)",
        "(315, 678)",
        "(388, 978)",
        "(372, 656)",
        "(220, 517)",
        "(41, 202)"
    ],
    "(753, 217)": [
        "(513, 427)",
        "(379, 343)",
        "(570, 597)",
        "(768, 235)",
        "(542, 409)",
        "(273, 146)",
        "(871, 770)",
        "(220, 659)",
        "(795, 746)",
        "(41, 202)",
        "(475, 238)",
        "(768, 9)",
        "(965, 807)",
        "(220, 517)",
        "(385, 565)",
        "(79, 493)",
        "(797, 523)",
        "(811, 113)",
        "(486, 506)",
        "(991, 249)",
        "(801, 784)",
        "(315, 678)",
        "(442, 831)",
        "(602, 702)",
        "(33, 710)"
    ],
    "(716, 782)": [
        "(315, 678)",
        "(220, 659)",
        "(259, 660)",
        "(79, 493)",
        "(801, 784)",
        "(768, 235)",
        "(768, 9)",
        "(336, 502)",
        "(823, 570)",
        "(486, 506)",
        "(220, 517)",
        "(795, 746)",
        "(604, 491)",
        "(602, 702)",
        "(991, 249)",
        "(811, 113)",
        "(513, 427)",
        "(750, 234)",
        "(273, 146)",
        "(600, 813)",
        "(475, 238)",
        "(310, 1)"
    ],
    "(939, 225)": [
        "(48, 417)",
        "(768, 9)",
        "(385, 565)",
        "(388, 978)",
        "(220, 659)",
        "(513, 427)",
        "(315, 678)",
        "(542, 409)",
        "(342, 526)",
        "(600, 813)",
        "(688, 761)",
        "(801, 784)",
        "(750, 234)",
        "(602, 702)",
        "(761, 957)",
        "(871, 770)",
        "(310, 1)",
        "(486, 506)",
        "(595, 476)",
        "(604, 491)",
        "(654, 355)",
        "(372, 656)"
    ],
    "(654, 355)": [
        "(797, 523)",
        "(336, 502)",
        "(595, 476)",
        "(310, 1)",
        "(259, 660)",
        "(385, 565)",
        "(768, 235)",
        "(542, 409)",
        "(663, 333)",
        "(132, 260)",
        "(27, 227)",
        "(801, 784)",
        "(750, 234)",
        "(871, 770)",
        "(79, 493)",
        "(600, 813)",
        "(486, 506)",
        "(570, 597)",
        "(442, 831)",
        "(220, 517)",
        "(315, 678)",
        "(388, 978)",
        "(688, 761)",
        "(379, 343)",
        "(939, 225)",
        "(529, 386)",
        "(965, 807)",
        "(273, 146)"
    ],
    "(220, 517)": [
        "(750, 234)",
        "(315, 678)",
        "(663, 333)",
        "(801, 784)",
        "(871, 770)",
        "(372, 656)",
        "(542, 409)",
        "(220, 659)",
        "(513, 427)",
        "(768, 9)",
        "(753, 217)",
        "(716, 782)",
        "(336, 502)",
        "(185, 571)",
        "(595, 476)",
        "(654, 355)",
        "(310, 1)",
        "(273, 146)",
        "(259, 660)",
        "(688, 761)",
        "(600, 813)",
        "(41, 202)",
        "(442, 831)",
        "(79, 493)"
    ],
    "(513, 427)": [
        "(753, 217)",
        "(259, 660)",
        "(388, 978)",
        "(132, 260)",
        "(48, 417)",
        "(315, 678)",
        "(939, 225)",
        "(604, 491)",
        "(795, 746)",
        "(529, 386)",
        "(220, 517)",
        "(823, 570)",
        "(768, 9)",
        "(688, 761)",
        "(33, 710)",
        "(768, 235)",
        "(27, 227)",
        "(41, 202)",
        "(811, 113)",
        "(220, 659)",
        "(663, 333)",
        "(716, 782)",
        "(273, 146)",
        "(965, 807)",
        "(336, 502)",
        "(385, 565)",
        "(442, 831)",
        "(475, 238)"
    ],
    "(602, 702)": [
        "(595, 476)",
        "(132, 260)",
        "(823, 570)",
        "(259, 660)",
        "(33, 710)",
        "(801, 784)",
        "(871, 770)",
        "(486, 506)",
        "(939, 225)",
        "(570, 597)",
        "(185, 571)",
        "(48, 417)",
        "(716, 782)",
        "(41, 202)",
        "(768, 9)",
        "(273, 146)",
        "(753, 217)",
        "(529, 386)",
        "(991, 249)",
        "(385, 565)",
        "(688, 761)",
        "(220, 659)"
    ],
    "(27, 227)": [
        "(486, 506)",
        "(768, 235)",
        "(48, 417)",
        "(41, 202)",
        "(570, 597)",
        "(388, 978)",
        "(654, 355)",
        "(768, 9)",
        "(688, 761)",
        "(79, 493)",
        "(315, 678)",
        "(795, 746)",
        "(220, 659)",
        "(542, 409)",
        "(442, 831)",
        "(513, 427)",
        "(185, 571)",
        "(33, 710)",
        "(871, 770)",
        "(342, 526)",
        "(761, 957)",
        "(604, 491)",
        "(600, 813)",
        "(797, 523)"
    ],
    "(811, 113)": [
        "(220, 659)",
        "(342, 526)",
        "(385, 565)",
        "(750, 234)",
        "(79, 493)",
        "(663, 333)",
        "(871, 770)",
        "(336, 502)",
        "(315, 678)",
        "(801, 784)",
        "(41, 202)",
        "(761, 957)",
        "(442, 831)",
        "(259, 660)",
        "(595, 476)",
        "(513, 427)",
        "(753, 217)",
        "(768, 235)",
        "(604, 491)",
        "(716, 782)",
        "(33, 710)",
        "(768, 9)",
        "(372, 656)",
        "(965, 807)",
        "(310, 1)",
        "(379, 343)"
    ],
    "(33, 710)": [
        "(372, 656)",
        "(761, 957)",
        "(259, 660)",
        "(273, 146)",
        "(379, 343)",
        "(342, 526)",
        "(315, 678)",
        "(602, 702)",
        "(797, 523)",
        "(750, 234)",
        "(570, 597)",
        "(663, 333)",
        "(486, 506)",
        "(801, 784)",
        "(513, 427)",
        "(991, 249)",
        "(336, 502)",
        "(79, 493)",
        "(600, 813)",
        "(529, 386)",
        "(604, 491)",
        "(27, 227)",
        "(811, 113)",
        "(871, 770)",
        "(965, 807)",
        "(41, 202)",
        "(753, 217)",
        "(688, 761)"
    ],
    "(600, 813)": [
        "(342, 526)",
        "(388, 978)",
        "(542, 409)",
        "(801, 784)",
        "(871, 770)",
        "(595, 476)",
        "(48, 417)",
        "(939, 225)",
        "(132, 260)",
        "(991, 249)",
        "(41, 202)",
        "(654, 355)",
        "(795, 746)",
        "(259, 660)",
        "(761, 957)",
        "(372, 656)",
        "(663, 333)",
        "(273, 146)",
        "(33, 710)",
        "(336, 502)",
        "(823, 570)",
        "(486, 506)",
        "(570, 597)",
        "(310, 1)",
        "(220, 517)",
        "(27, 227)",
        "(716, 782)",
        "(797, 523)",
        "(379, 343)"
    ],
    "(442, 831)": [
        "(220, 659)",
        "(801, 784)",
        "(185, 571)",
        "(750, 234)",
        "(48, 417)",
        "(342, 526)",
        "(79, 493)",
        "(385, 565)",
        "(823, 570)",
        "(991, 249)",
        "(663, 333)",
        "(811, 113)",
        "(27, 227)",
        "(542, 409)",
        "(654, 355)",
        "(486, 506)",
        "(753, 217)",
        "(315, 678)",
        "(795, 746)",
        "(570, 597)",
        "(513, 427)",
        "(220, 517)",
        "(336, 502)",
        "(475, 238)"
    ],
    "(688, 761)": [
        "(259, 660)",
        "(132, 260)",
        "(48, 417)",
        "(27, 227)",
        "(310, 1)",
        "(939, 225)",
        "(513, 427)",
        "(79, 493)",
        "(750, 234)",
        "(185, 571)",
        "(41, 202)",
        "(220, 517)",
        "(823, 570)",
        "(654, 355)",
        "(797, 523)",
        "(602, 702)",
        "(33, 710)"
    ],
    "(379, 343)": [
        "(797, 523)",
        "(753, 217)",
        "(33, 710)",
        "(79, 493)",
        "(595, 476)",
        "(385, 565)",
        "(750, 234)",
        "(965, 807)",
        "(823, 570)",
        "(991, 249)",
        "(801, 784)",
        "(768, 235)",
        "(761, 957)",
        "(336, 502)",
        "(48, 417)",
        "(259, 660)",
        "(475, 238)",
        "(654, 355)",
        "(663, 333)",
        "(41, 202)",
        "(768, 9)",
        "(600, 813)",
        "(811, 113)"
    ],
    "(663, 333)": [
        "(768, 235)",
        "(220, 517)",
        "(372, 656)",
        "(811, 113)",
        "(761, 957)",
        "(595, 476)",
        "(654, 355)",
        "(33, 710)",
        "(79, 493)",
        "(801, 784)",
        "(542, 409)",
        "(185, 571)",
        "(310, 1)",
        "(220, 659)",
        "(442, 831)",
        "(600, 813)",
        "(48, 417)",
        "(513, 427)",
        "(529, 386)",
        "(604, 491)",
        "(795, 746)",
        "(379, 343)",
        "(797, 523)",
        "(871, 770)"
    ],
    "(475, 238)": [
        "(871, 770)",
        "(48, 417)",
        "(259, 660)",
        "(753, 217)",
        "(768, 9)",
        "(823, 570)",
        "(965, 807)",
        "(185, 571)",
        "(379, 343)",
        "(604, 491)",
        "(716, 782)",
        "(273, 146)",
        "(768, 235)",
        "(513, 427)",
        "(442, 831)"
    ],
    "(342, 526)": [
        "(529, 386)",
        "(600, 813)",
        "(811, 113)",
        "(750, 234)",
        "(801, 784)",
        "(595, 476)",
        "(33, 710)",
        "(442, 831)",
        "(939, 225)",
        "(48, 417)",
        "(273, 146)",
        "(259, 660)",
        "(388, 978)",
        "(965, 807)",
        "(27, 227)",
        "(336, 502)",
        "(385, 565)",
        "(486, 506)",
        "(761, 957)",
        "(797, 523)",
        "(132, 260)"
    ],
    "(385, 565)": [
        "(811, 113)",
        "(939, 225)",
        "(654, 355)",
        "(442, 831)",
        "(310, 1)",
        "(486, 506)",
        "(379, 343)",
        "(79, 493)",
        "(965, 807)",
        "(753, 217)",
        "(259, 660)",
        "(801, 784)",
        "(761, 957)",
        "(48, 417)",
        "(570, 597)",
        "(342, 526)",
        "(185, 571)",
        "(132, 260)",
        "(513, 427)",
        "(41, 202)",
        "(602, 702)"
    ],
    "(372, 656)": [
        "(33, 710)",
        "(663, 333)",
        "(310, 1)",
        "(220, 517)",
        "(315, 678)",
        "(132, 260)",
        "(220, 659)",
        "(761, 957)",
        "(273, 146)",
        "(600, 813)",
        "(965, 807)",
        "(823, 570)",
        "(871, 770)",
        "(750, 234)",
        "(604, 491)",
        "(768, 235)",
        "(41, 202)",
        "(939, 225)",
        "(811, 113)",
        "(79, 493)"
    ],
    "(761, 957)": [
        "(33, 710)",
        "(801, 784)",
        "(663, 333)",
        "(315, 678)",
        "(185, 571)",
        "(871, 770)",
        "(823, 570)",
        "(486, 506)",
        "(336, 502)",
        "(79, 493)",
        "(570, 597)",
        "(372, 656)",
        "(939, 225)",
        "(811, 113)",
        "(600, 813)",
        "(379, 343)",
        "(750, 234)",
        "(385, 565)",
        "(768, 235)",
        "(220, 659)",
        "(27, 227)",
        "(342, 526)",
        "(595, 476)",
        "(310, 1)",
        "(795, 746)"
    ],
    "(132, 260)": [
        "(750, 234)",
        "(602, 702)",
        "(768, 9)",
        "(801, 784)",
        "(41, 202)",
        "(513, 427)",
        "(654, 355)",
        "(688, 761)",
        "(600, 813)",
        "(372, 656)",
        "(871, 770)",
        "(542, 409)",
        "(273, 146)",
        "(310, 1)",
        "(336, 502)",
        "(315, 678)",
        "(79, 493)",
        "(823, 570)",
        "(529, 386)",
        "(385, 565)",
        "(570, 597)",
        "(595, 476)",
        "(48, 417)",
        "(342, 526)",
        "(185, 571)",
        "(388, 978)"
    ],
    "(273, 146)": [
        "(823, 570)",
        "(33, 710)",
        "(753, 217)",
        "(310, 1)",
        "(185, 571)",
        "(991, 249)",
        "(486, 506)",
        "(342, 526)",
        "(132, 260)",
        "(372, 656)",
        "(600, 813)",
        "(795, 746)",
        "(220, 517)",
        "(604, 491)",
        "(513, 427)",
        "(602, 702)",
        "(716, 782)",
        "(475, 238)",
        "(336, 502)",
        "(768, 9)",
        "(654, 355)"
    ],
    "(570, 597)": [
        "(801, 784)",
        "(753, 217)",
        "(79, 493)",
        "(27, 227)",
        "(991, 249)",
        "(33, 710)",
        "(48, 417)",
        "(761, 957)",
        "(315, 678)",
        "(750, 234)",
        "(768, 235)",
        "(965, 807)",
        "(310, 1)",
        "(602, 702)",
        "(220, 659)",
        "(486, 506)",
        "(654, 355)",
        "(595, 476)",
        "(600, 813)",
        "(385, 565)",
        "(442, 831)",
        "(388, 978)",
        "(795, 746)",
        "(529, 386)",
        "(132, 260)"
    ],
    "(185, 571)": [
        "(442, 831)",
        "(604, 491)",
        "(801, 784)",
        "(761, 957)",
        "(273, 146)",
        "(663, 333)",
        "(542, 409)",
        "(220, 517)",
        "(315, 678)",
        "(602, 702)",
        "(688, 761)",
        "(529, 386)",
        "(27, 227)",
        "(41, 202)",
        "(259, 660)",
        "(595, 476)",
        "(475, 238)",
        "(871, 770)",
        "(385, 565)",
        "(132, 260)"
    ],
    "(750, 234)": [
        "(132, 260)",
        "(220, 517)",
        "(342, 526)",
        "(811, 113)",
        "(442, 831)",
        "(486, 506)",
        "(654, 355)",
        "(33, 710)",
        "(823, 570)",
        "(570, 597)",
        "(379, 343)",
        "(991, 249)",
        "(939, 225)",
        "(688, 761)",
        "(768, 9)",
        "(761, 957)",
        "(795, 746)",
        "(801, 784)",
        "(372, 656)",
        "(48, 417)",
        "(310, 1)",
        "(716, 782)",
        "(529, 386)"
    ],
    "(486, 506)": [
        "(27, 227)",
        "(823, 570)",
        "(41, 202)",
        "(750, 234)",
        "(542, 409)",
        "(385, 565)",
        "(761, 957)",
        "(604, 491)",
        "(33, 710)",
        "(602, 702)",
        "(654, 355)",
        "(716, 782)",
        "(273, 146)",
        "(570, 597)",
        "(442, 831)",
        "(600, 813)",
        "(753, 217)",
        "(939, 225)",
        "(595, 476)",
        "(801, 784)",
        "(795, 746)",
        "(342, 526)"
    ],
    "(768, 235)": [
        "(991, 249)",
        "(27, 227)",
        "(823, 570)",
        "(663, 333)",
        "(716, 782)",
        "(753, 217)",
        "(654, 355)",
        "(310, 1)",
        "(965, 807)",
        "(797, 523)",
        "(570, 597)",
        "(79, 493)",
        "(220, 659)",
        "(379, 343)",
        "(513, 427)",
        "(315, 678)",
        "(811, 113)",
        "(41, 202)",
        "(761, 957)",
        "(604, 491)",
        "(372, 656)",
        "(542, 409)",
        "(475, 238)"
    ],
    "(542, 409)": [
        "(600, 813)",
        "(753, 217)",
        "(965, 807)",
        "(486, 506)",
        "(654, 355)",
        "(220, 517)",
        "(939, 225)",
        "(388, 978)",
        "(663, 333)",
        "(795, 746)",
        "(529, 386)",
        "(132, 260)",
        "(185, 571)",
        "(27, 227)",
        "(41, 202)",
        "(442, 831)",
        "(768, 235)",
        "(797, 523)",
        "(220, 659)",
        "(604, 491)",
        "(315, 678)",
        "(823, 570)"
    ],
    "(529, 386)": [
        "(965, 807)",
        "(342, 526)",
        "(220, 659)",
        "(801, 784)",
        "(513, 427)",
        "(48, 417)",
        "(542, 409)",
        "(336, 502)",
        "(871, 770)",
        "(797, 523)",
        "(185, 571)",
        "(33, 710)",
        "(663, 333)",
        "(604, 491)",
        "(132, 260)",
        "(602, 702)",
        "(570, 597)",
        "(750, 234)",
        "(654, 355)",
        "(259, 660)"
    ],
    "(595, 476)": [
        "(602, 702)",
        "(654, 355)",
        "(342, 526)",
        "(600, 813)",
        "(663, 333)",
        "(379, 343)",
        "(79, 493)",
        "(388, 978)",
        "(315, 678)",
        "(220, 659)",
        "(41, 202)",
        "(220, 517)",
        "(811, 113)",
        "(570, 597)",
        "(259, 660)",
        "(486, 506)",
        "(939, 225)",
        "(185, 571)",
        "(768, 9)",
        "(795, 746)",
        "(761, 957)",
        "(604, 491)",
        "(132, 260)",
        "(336, 502)"
    ],
    "(797, 523)": [
        "(379, 343)",
        "(654, 355)",
        "(871, 770)",
        "(33, 710)",
        "(768, 235)",
        "(991, 249)",
        "(823, 570)",
        "(220, 659)",
        "(336, 502)",
        "(965, 807)",
        "(753, 217)",
        "(529, 386)",
        "(768, 9)",
        "(688, 761)",
        "(542, 409)",
        "(795, 746)",
        "(48, 417)",
        "(342, 526)",
        "(27, 227)",
        "(600, 813)",
        "(663, 333)"
    ],
    "(991, 249)": [
        "(768, 235)",
        "(220, 659)",
        "(388, 978)",
        "(604, 491)",
        "(570, 597)",
        "(823, 570)",
        "(442, 831)",
        "(315, 678)",
        "(797, 523)",
        "(600, 813)",
        "(750, 234)",
        "(273, 146)",
        "(379, 343)",
        "(33, 710)",
        "(753, 217)",
        "(716, 782)",
        "(795, 746)",
        "(602, 702)"
    ],
    "(336, 502)": [
        "(654, 355)",
        "(811, 113)",
        "(716, 782)",
        "(801, 784)",
        "(761, 957)",
        "(259, 660)",
        "(965, 807)",
        "(797, 523)",
        "(33, 710)",
        "(220, 517)",
        "(529, 386)",
        "(379, 343)",
        "(600, 813)",
        "(132, 260)",
        "(388, 978)",
        "(79, 493)",
        "(342, 526)",
        "(795, 746)",
        "(513, 427)",
        "(442, 831)",
        "(273, 146)",
        "(595, 476)",
        "(823, 570)"
    ],
    "(310, 1)": [
        "(654, 355)",
        "(372, 656)",
        "(795, 746)",
        "(801, 784)",
        "(768, 235)",
        "(385, 565)",
        "(273, 146)",
        "(688, 761)",
        "(663, 333)",
        "(570, 597)",
        "(388, 978)",
        "(939, 225)",
        "(220, 659)",
        "(823, 570)",
        "(965, 807)",
        "(132, 260)",
        "(604, 491)",
        "(220, 517)",
        "(600, 813)",
        "(768, 9)",
        "(750, 234)",
        "(259, 660)",
        "(811, 113)",
        "(761, 957)",
        "(716, 782)",
        "(871, 770)"
    ],
    "(48, 417)": [
        "(939, 225)",
        "(27, 227)",
        "(220, 659)",
        "(475, 238)",
        "(442, 831)",
        "(513, 427)",
        "(600, 813)",
        "(688, 761)",
        "(529, 386)",
        "(342, 526)",
        "(570, 597)",
        "(259, 660)",
        "(871, 770)",
        "(602, 702)",
        "(379, 343)",
        "(663, 333)",
        "(768, 9)",
        "(385, 565)",
        "(79, 493)",
        "(750, 234)",
        "(823, 570)",
        "(797, 523)",
        "(41, 202)",
        "(965, 807)",
        "(132, 260)"
    ],
    "(315, 678)": [
        "(716, 782)",
        "(220, 659)",
        "(220, 517)",
        "(761, 957)",
        "(33, 710)",
        "(513, 427)",
        "(939, 225)",
        "(991, 249)",
        "(811, 113)",
        "(372, 656)",
        "(570, 597)",
        "(27, 227)",
        "(41, 202)",
        "(768, 9)",
        "(595, 476)",
        "(185, 571)",
        "(965, 807)",
        "(768, 235)",
        "(604, 491)",
        "(132, 260)",
        "(654, 355)",
        "(753, 217)",
        "(871, 770)",
        "(442, 831)",
        "(79, 493)",
        "(542, 409)"
    ],
    "(220, 659)": [
        "(716, 782)",
        "(315, 678)",
        "(442, 831)",
        "(604, 491)",
        "(811, 113)",
        "(991, 249)",
        "(48, 417)",
        "(823, 570)",
        "(529, 386)",
        "(939, 225)",
        "(753, 217)",
        "(220, 517)",
        "(79, 493)",
        "(372, 656)",
        "(663, 333)",
        "(768, 235)",
        "(797, 523)",
        "(570, 597)",
        "(27, 227)",
        "(41, 202)",
        "(310, 1)",
        "(595, 476)",
        "(801, 784)",
        "(513, 427)",
        "(761, 957)",
        "(542, 409)",
        "(768, 9)",
        "(602, 702)"
    ],
    "(259, 660)": [
        "(388, 978)",
        "(716, 782)",
        "(33, 710)",
        "(513, 427)",
        "(602, 702)",
        "(41, 202)",
        "(654, 355)",
        "(475, 238)",
        "(688, 761)",
        "(336, 502)",
        "(48, 417)",
        "(795, 746)",
        "(823, 570)",
        "(600, 813)",
        "(768, 9)",
        "(811, 113)",
        "(342, 526)",
        "(385, 565)",
        "(595, 476)",
        "(185, 571)",
        "(220, 517)",
        "(379, 343)",
        "(310, 1)",
        "(529, 386)",
        "(871, 770)"
    ],
    "(823, 570)": [
        "(388, 978)",
        "(768, 235)",
        "(220, 659)",
        "(273, 146)",
        "(602, 702)",
        "(486, 506)",
        "(991, 249)",
        "(761, 957)",
        "(442, 831)",
        "(716, 782)",
        "(750, 234)",
        "(513, 427)",
        "(768, 9)",
        "(797, 523)",
        "(259, 660)",
        "(379, 343)",
        "(372, 656)",
        "(310, 1)",
        "(600, 813)",
        "(132, 260)",
        "(475, 238)",
        "(688, 761)",
        "(48, 417)",
        "(542, 409)",
        "(336, 502)"
    ],
    "(965, 807)": [
        "(529, 386)",
        "(542, 409)",
        "(388, 978)",
        "(768, 235)",
        "(385, 565)",
        "(768, 9)",
        "(570, 597)",
        "(379, 343)",
        "(336, 502)",
        "(753, 217)",
        "(315, 678)",
        "(372, 656)",
        "(797, 523)",
        "(310, 1)",
        "(475, 238)",
        "(342, 526)",
        "(513, 427)",
        "(41, 202)",
        "(811, 113)",
        "(33, 710)",
        "(48, 417)",
        "(654, 355)"
    ],
    "(871, 770)": [
        "(768, 9)",
        "(475, 238)",
        "(220, 517)",
        "(604, 491)",
        "(811, 113)",
        "(797, 523)",
        "(600, 813)",
        "(753, 217)",
        "(761, 957)",
        "(654, 355)",
        "(602, 702)",
        "(132, 260)",
        "(801, 784)",
        "(939, 225)",
        "(41, 202)",
        "(48, 417)",
        "(529, 386)",
        "(372, 656)",
        "(315, 678)",
        "(27, 227)",
        "(185, 571)",
        "(33, 710)",
        "(310, 1)",
        "(388, 978)",
        "(663, 333)",
        "(259, 660)"
    ],
    "(801, 784)": [
        "(570, 597)",
        "(442, 831)",
        "(220, 517)",
        "(716, 782)",
        "(342, 526)",
        "(761, 957)",
        "(132, 260)",
        "(600, 813)",
        "(185, 571)",
        "(310, 1)",
        "(336, 502)",
        "(654, 355)",
        "(529, 386)",
        "(602, 702)",
        "(663, 333)",
        "(811, 113)",
        "(939, 225)",
        "(33, 710)",
        "(871, 770)",
        "(379, 343)",
        "(79, 493)",
        "(220, 659)",
        "(385, 565)",
        "(750, 234)",
        "(753, 217)",
        "(486, 506)"
    ],
    "(41, 202)": [
        "(27, 227)",
        "(132, 260)",
        "(259, 660)",
        "(486, 506)",
        "(753, 217)",
        "(600, 813)",
        "(811, 113)",
        "(315, 678)",
        "(871, 770)",
        "(220, 659)",
        "(542, 409)",
        "(595, 476)",
        "(513, 427)",
        "(688, 761)",
        "(185, 571)",
        "(768, 235)",
        "(602, 702)",
        "(768, 9)",
        "(372, 656)",
        "(965, 807)",
        "(795, 746)",
        "(220, 517)",
        "(48, 417)",
        "(33, 710)",
        "(385, 565)",
        "(379, 343)",
        "(79, 493)"
    ],
    "(768, 9)": [
        "(871, 770)",
        "(132, 260)",
        "(939, 225)",
        "(716, 782)",
        "(27, 227)",
        "(513, 427)",
        "(220, 517)",
        "(823, 570)",
        "(965, 807)",
        "(753, 217)",
        "(259, 660)",
        "(315, 678)",
        "(475, 238)",
        "(750, 234)",
        "(48, 417)",
        "(41, 202)",
        "(602, 702)",
        "(595, 476)",
        "(797, 523)",
        "(310, 1)",
        "(811, 113)",
        "(379, 343)",
        "(220, 659)",
        "(273, 146)"
    ],
    "(388, 978)": [
        "(823, 570)",
        "(259, 660)",
        "(600, 813)",
        "(513, 427)",
        "(991, 249)",
        "(939, 225)",
        "(965, 807)",
        "(27, 227)",
        "(542, 409)",
        "(310, 1)",
        "(595, 476)",
        "(795, 746)",
        "(342, 526)",
        "(336, 502)",
        "(604, 491)",
        "(654, 355)",
        "(570, 597)",
        "(79, 493)",
        "(132, 260)",
        "(871, 770)"
    ],
    "(795, 746)": [
        "(310, 1)",
        "(513, 427)",
        "(753, 217)",
        "(600, 813)",
        "(542, 409)",
        "(27, 227)",
        "(259, 660)",
        "(388, 978)",
        "(716, 782)",
        "(750, 234)",
        "(273, 146)",
        "(604, 491)",
        "(486, 506)",
        "(442, 831)",
        "(595, 476)",
        "(570, 597)",
        "(336, 502)",
        "(663, 333)",
        "(797, 523)",
        "(41, 202)",
        "(991, 249)",
        "(761, 957)"
    ],
    "(604, 491)": [
        "(220, 659)",
        "(185, 571)",
        "(991, 249)",
        "(871, 770)",
        "(513, 427)",
        "(486, 506)",
        "(79, 493)",
        "(315, 678)",
        "(716, 782)",
        "(811, 113)",
        "(310, 1)",
        "(33, 710)",
        "(768, 235)",
        "(795, 746)",
        "(372, 656)",
        "(388, 978)",
        "(273, 146)",
        "(939, 225)",
        "(663, 333)",
        "(529, 386)",
        "(27, 227)",
        "(595, 476)",
        "(542, 409)",
        "(475, 238)"
    ]
}