{
    "(379, 850)": [
        "(703, 936)",
        "(631, 645)",
        "(863, 256)",
        "(824, 465)",
        "(597, 44)",
        "(106, 755)",
        "(26, 130)",
        "(120, 999)",
        "(245, 26)",
        "(746, 459)",
        "(289, 959)",
        "(916, 984)",
        "(290, 977)",
        "(869, 725)",
        "(883, 71)",
        "(146, 665)",
        "(133, 481)",
        "(693, 641)",
        "(628, 186)",
        "(737, 942)",
        "(602, 356)",
        "(303, 451)",
        "(858, 739)",
        "(711, 301)",
        "(251, 204)",
        "(873, 778)",
        "(359, 89)",
        "(596, 708)",
        "(357, 92)",
        "(2, 788)",
        "(412, 365)",
        "(575, 753)",
        "(23, 622)"
    ],
    "(2, 788)": [
        "(703, 936)",
        "(855, 578)",
        "(746, 459)",
        "(146, 665)",
        "(863, 256)",
        "(23, 622)",
        "(245, 26)",
        "(36, 223)",
        "(575, 753)",
        "(858, 739)",
        "(477, 305)",
        "(780, 935)",
        "(824, 465)",
        "(631, 645)",
        "(359, 89)",
        "(883, 71)",
        "(290, 977)",
        "(26, 130)",
        "(693, 641)",
        "(357, 834)",
        "(275, 577)",
        "(196, 582)",
        "(524, 13)",
        "(303, 451)",
        "(873, 778)",
        "(737, 942)",
        "(120, 999)",
        "(133, 481)",
        "(711, 301)",
        "(529, 664)",
        "(379, 850)",
        "(916, 984)",
        "(597, 44)",
        "(628, 186)",
        "(984, 292)",
        "(833, 179)",
        "(936, 98)",
        "(231, 464)",
        "(553, 133)"
    ],
    "(289, 959)": [
        "(855, 578)",
        "(698, 162)",
        "(711, 301)",
        "(833, 179)",
        "(357, 834)",
        "(524, 13)",
        "(602, 356)",
        "(873, 778)",
        "(251, 204)",
        "(703, 936)",
        "(359, 89)",
        "(628, 186)",
        "(824, 465)",
        "(869, 725)",
        "(133, 481)",
        "(379, 850)",
        "(477, 305)",
        "(357, 92)",
        "(617, 927)",
        "(106, 755)",
        "(858, 739)",
        "(231, 464)",
        "(737, 942)",
        "(746, 459)",
        "(120, 999)",
        "(553, 133)",
        "(780, 935)",
        "(863, 256)",
        "(290, 977)",
        "(146, 665)",
        "(693, 641)",
        "(936, 98)",
        "(529, 664)",
        "(303, 451)"
    ],
    "(628, 186)": [
        "(824, 465)",
        "(711, 301)",
        "(863, 256)",
        "(916, 984)",
        "(737, 942)",
        "(196, 582)",
        "(290, 977)",
        "(106, 755)",
        "(357, 92)",
        "(359, 89)",
        "(412, 365)",
        "(524, 13)",
        "(231, 464)",
        "(289, 959)",
        "(617, 927)",
        "(698, 162)",
        "(36, 223)",
        "(357, 834)",
        "(984, 292)",
        "(602, 356)",
        "(393, 649)",
        "(26, 130)",
        "(869, 725)",
        "(275, 577)",
        "(379, 850)",
        "(873, 778)",
        "(477, 305)",
        "(703, 936)",
        "(780, 935)",
        "(597, 44)",
        "(693, 641)",
        "(553, 133)",
        "(251, 204)",
        "(2, 788)",
        "(529, 664)",
        "(631, 645)",
        "(120, 999)",
        "(783, 199)",
        "(596, 708)"
    ],
    "(984, 292)": [
        "(477, 305)",
        "(703, 936)",
        "(858, 739)",
        "(26, 130)",
        "(783, 199)",
        "(869, 725)",
        "(693, 641)",
        "(824, 465)",
        "(575, 753)",
        "(275, 577)",
        "(746, 459)",
        "(936, 98)",
        "(303, 451)",
        "(863, 256)",
        "(628, 186)",
        "(698, 162)",
        "(146, 665)",
        "(711, 301)",
        "(524, 13)",
        "(120, 999)",
        "(133, 481)",
        "(357, 834)",
        "(393, 649)",
        "(596, 708)",
        "(855, 578)",
        "(833, 179)",
        "(631, 645)",
        "(2, 788)",
        "(553, 133)",
        "(231, 464)",
        "(245, 26)",
        "(23, 622)",
        "(196, 582)"
    ],
    "(855, 578)": [
        "(289, 959)",
        "(2, 788)",
        "(23, 622)",
        "(936, 98)",
        "(711, 301)",
        "(693, 641)",
        "(602, 356)",
        "(746, 459)",
        "(133, 481)",
        "(703, 936)",
        "(120, 999)",
        "(106, 755)",
        "(477, 305)",
        "(196, 582)",
        "(575, 753)",
        "(858, 739)",
        "(737, 942)",
        "(780, 935)",
        "(275, 577)",
        "(869, 725)",
        "(36, 223)",
        "(146, 665)",
        "(883, 71)",
        "(553, 133)",
        "(357, 834)",
        "(596, 708)",
        "(524, 13)",
        "(698, 162)",
        "(231, 464)",
        "(303, 451)",
        "(529, 664)",
        "(251, 204)",
        "(984, 292)",
        "(863, 256)",
        "(916, 984)",
        "(393, 649)",
        "(290, 977)",
        "(783, 199)",
        "(26, 130)",
        "(824, 465)",
        "(631, 645)"
    ],
    "(703, 936)": [
        "(379, 850)",
        "(2, 788)",
        "(984, 292)",
        "(693, 641)",
        "(869, 725)",
        "(631, 645)",
        "(916, 984)",
        "(393, 649)",
        "(36, 223)",
        "(289, 959)",
        "(855, 578)",
        "(746, 459)",
        "(553, 133)",
        "(873, 778)",
        "(617, 927)",
        "(245, 26)",
        "(357, 834)",
        "(120, 999)",
        "(833, 179)",
        "(783, 199)",
        "(936, 98)",
        "(359, 89)",
        "(529, 664)",
        "(858, 739)",
        "(596, 708)",
        "(575, 753)",
        "(357, 92)",
        "(602, 356)",
        "(412, 365)",
        "(698, 162)",
        "(524, 13)",
        "(628, 186)",
        "(146, 665)",
        "(275, 577)",
        "(196, 582)",
        "(231, 464)",
        "(251, 204)",
        "(23, 622)",
        "(780, 935)",
        "(133, 481)"
    ],
    "(711, 301)": [
        "(693, 641)",
        "(936, 98)",
        "(146, 665)",
        "(289, 959)",
        "(359, 89)",
        "(628, 186)",
        "(393, 649)",
        "(477, 305)",
        "(303, 451)",
        "(855, 578)",
        "(36, 223)",
        "(553, 133)",
        "(231, 464)",
        "(883, 71)",
        "(824, 465)",
        "(245, 26)",
        "(597, 44)",
        "(617, 927)",
        "(524, 13)",
        "(26, 130)",
        "(357, 834)",
        "(916, 984)",
        "(984, 292)",
        "(631, 645)",
        "(698, 162)",
        "(858, 739)",
        "(275, 577)",
        "(379, 850)",
        "(602, 356)",
        "(251, 204)",
        "(133, 481)",
        "(357, 92)",
        "(2, 788)",
        "(290, 977)",
        "(196, 582)",
        "(106, 755)",
        "(833, 179)"
    ],
    "(869, 725)": [
        "(106, 755)",
        "(703, 936)",
        "(575, 753)",
        "(984, 292)",
        "(133, 481)",
        "(873, 778)",
        "(863, 256)",
        "(245, 26)",
        "(631, 645)",
        "(883, 71)",
        "(936, 98)",
        "(916, 984)",
        "(251, 204)",
        "(524, 13)",
        "(698, 162)",
        "(858, 739)",
        "(824, 465)",
        "(289, 959)",
        "(146, 665)",
        "(275, 577)",
        "(553, 133)",
        "(26, 130)",
        "(120, 999)",
        "(23, 622)",
        "(379, 850)",
        "(833, 179)",
        "(357, 834)",
        "(855, 578)",
        "(529, 664)",
        "(357, 92)",
        "(412, 365)",
        "(628, 186)",
        "(596, 708)",
        "(737, 942)",
        "(36, 223)",
        "(780, 935)",
        "(693, 641)",
        "(602, 356)",
        "(477, 305)",
        "(231, 464)",
        "(783, 199)",
        "(746, 459)"
    ],
    "(553, 133)": [
        "(575, 753)",
        "(357, 92)",
        "(883, 71)",
        "(393, 649)",
        "(275, 577)",
        "(693, 641)",
        "(711, 301)",
        "(602, 356)",
        "(245, 26)",
        "(936, 98)",
        "(703, 936)",
        "(359, 89)",
        "(477, 305)",
        "(869, 725)",
        "(596, 708)",
        "(231, 464)",
        "(196, 582)",
        "(251, 204)",
        "(698, 162)",
        "(357, 834)",
        "(824, 465)",
        "(780, 935)",
        "(412, 365)",
        "(855, 578)",
        "(289, 959)",
        "(873, 778)",
        "(631, 645)",
        "(290, 977)",
        "(133, 481)",
        "(23, 622)",
        "(628, 186)",
        "(858, 739)",
        "(146, 665)",
        "(984, 292)",
        "(617, 927)",
        "(303, 451)",
        "(916, 984)",
        "(737, 942)",
        "(529, 664)",
        "(2, 788)",
        "(106, 755)"
    ],
    "(529, 664)": [
        "(863, 256)",
        "(245, 26)",
        "(873, 778)",
        "(883, 71)",
        "(23, 622)",
        "(780, 935)",
        "(602, 356)",
        "(26, 130)",
        "(133, 481)",
        "(357, 834)",
        "(858, 739)",
        "(196, 582)",
        "(693, 641)",
        "(290, 977)",
        "(275, 577)",
        "(393, 649)",
        "(703, 936)",
        "(916, 984)",
        "(36, 223)",
        "(597, 44)",
        "(869, 725)",
        "(106, 755)",
        "(477, 305)",
        "(631, 645)",
        "(617, 927)",
        "(596, 708)",
        "(746, 459)",
        "(855, 578)",
        "(833, 179)",
        "(575, 753)",
        "(2, 788)",
        "(412, 365)",
        "(783, 199)",
        "(628, 186)",
        "(698, 162)",
        "(524, 13)",
        "(737, 942)",
        "(553, 133)",
        "(824, 465)",
        "(303, 451)",
        "(289, 959)"
    ],
    "(275, 577)": [
        "(26, 130)",
        "(858, 739)",
        "(596, 708)",
        "(883, 71)",
        "(824, 465)",
        "(698, 162)",
        "(553, 133)",
        "(617, 927)",
        "(833, 179)",
        "(936, 98)",
        "(357, 92)",
        "(359, 89)",
        "(869, 725)",
        "(984, 292)",
        "(106, 755)",
        "(737, 942)",
        "(780, 935)",
        "(357, 834)",
        "(23, 622)",
        "(412, 365)",
        "(529, 664)",
        "(2, 788)",
        "(693, 641)",
        "(855, 578)",
        "(36, 223)",
        "(146, 665)",
        "(628, 186)",
        "(524, 13)",
        "(290, 977)",
        "(711, 301)",
        "(863, 256)",
        "(703, 936)",
        "(631, 645)",
        "(873, 778)",
        "(120, 999)",
        "(303, 451)",
        "(916, 984)",
        "(746, 459)"
    ],
    "(597, 44)": [
        "(631, 645)",
        "(575, 753)",
        "(359, 89)",
        "(379, 850)",
        "(393, 649)",
        "(596, 708)",
        "(833, 179)",
        "(120, 999)",
        "(936, 98)",
        "(883, 71)",
        "(602, 356)",
        "(357, 92)",
        "(251, 204)",
        "(916, 984)",
        "(412, 365)",
        "(196, 582)",
        "(711, 301)",
        "(863, 256)",
        "(780, 935)",
        "(106, 755)",
        "(529, 664)",
        "(357, 834)",
        "(36, 223)",
        "(303, 451)",
        "(23, 622)",
        "(628, 186)",
        "(26, 130)",
        "(2, 788)",
        "(746, 459)",
        "(824, 465)"
    ],
    "(693, 641)": [
        "(711, 301)",
        "(133, 481)",
        "(703, 936)",
        "(984, 292)",
        "(855, 578)",
        "(553, 133)",
        "(617, 927)",
        "(737, 942)",
        "(106, 755)",
        "(303, 451)",
        "(529, 664)",
        "(936, 98)",
        "(916, 984)",
        "(698, 162)",
        "(602, 356)",
        "(2, 788)",
        "(196, 582)",
        "(393, 649)",
        "(290, 977)",
        "(783, 199)",
        "(275, 577)",
        "(833, 179)",
        "(631, 645)",
        "(36, 223)",
        "(858, 739)",
        "(824, 465)",
        "(379, 850)",
        "(575, 753)",
        "(477, 305)",
        "(869, 725)",
        "(628, 186)",
        "(873, 778)",
        "(251, 204)",
        "(883, 71)",
        "(780, 935)",
        "(359, 89)",
        "(120, 999)",
        "(289, 959)",
        "(596, 708)"
    ],
    "(873, 778)": [
        "(858, 739)",
        "(602, 356)",
        "(780, 935)",
        "(23, 622)",
        "(575, 753)",
        "(529, 664)",
        "(477, 305)",
        "(869, 725)",
        "(412, 365)",
        "(289, 959)",
        "(783, 199)",
        "(524, 13)",
        "(833, 179)",
        "(703, 936)",
        "(245, 26)",
        "(359, 89)",
        "(617, 927)",
        "(290, 977)",
        "(357, 92)",
        "(133, 481)",
        "(2, 788)",
        "(883, 71)",
        "(596, 708)",
        "(698, 162)",
        "(553, 133)",
        "(628, 186)",
        "(36, 223)",
        "(379, 850)",
        "(231, 464)",
        "(196, 582)",
        "(693, 641)",
        "(737, 942)",
        "(275, 577)",
        "(863, 256)",
        "(251, 204)",
        "(26, 130)",
        "(824, 465)",
        "(357, 834)",
        "(106, 755)"
    ],
    "(602, 356)": [
        "(883, 71)",
        "(873, 778)",
        "(303, 451)",
        "(575, 753)",
        "(524, 13)",
        "(289, 959)",
        "(529, 664)",
        "(855, 578)",
        "(23, 622)",
        "(290, 977)",
        "(553, 133)",
        "(597, 44)",
        "(780, 935)",
        "(477, 305)",
        "(146, 665)",
        "(412, 365)",
        "(231, 464)",
        "(357, 92)",
        "(693, 641)",
        "(133, 481)",
        "(26, 130)",
        "(628, 186)",
        "(251, 204)",
        "(783, 199)",
        "(596, 708)",
        "(703, 936)",
        "(106, 755)",
        "(858, 739)",
        "(120, 999)",
        "(617, 927)",
        "(379, 850)",
        "(711, 301)",
        "(824, 465)",
        "(196, 582)",
        "(393, 649)",
        "(869, 725)",
        "(916, 984)",
        "(737, 942)",
        "(833, 179)",
        "(698, 162)"
    ],
    "(863, 256)": [
        "(196, 582)",
        "(477, 305)",
        "(529, 664)",
        "(379, 850)",
        "(524, 13)",
        "(2, 788)",
        "(628, 186)",
        "(290, 977)",
        "(746, 459)",
        "(833, 179)",
        "(869, 725)",
        "(631, 645)",
        "(26, 130)",
        "(120, 999)",
        "(883, 71)",
        "(783, 199)",
        "(858, 739)",
        "(393, 649)",
        "(596, 708)",
        "(146, 665)",
        "(23, 622)",
        "(575, 753)",
        "(984, 292)",
        "(597, 44)",
        "(303, 451)",
        "(737, 942)",
        "(289, 959)",
        "(824, 465)",
        "(617, 927)",
        "(231, 464)",
        "(357, 92)",
        "(275, 577)",
        "(855, 578)",
        "(873, 778)",
        "(916, 984)",
        "(133, 481)",
        "(36, 223)",
        "(359, 89)",
        "(357, 834)",
        "(412, 365)"
    ],
    "(783, 199)": [
        "(106, 755)",
        "(984, 292)",
        "(196, 582)",
        "(617, 927)",
        "(146, 665)",
        "(824, 465)",
        "(477, 305)",
        "(873, 778)",
        "(631, 645)",
        "(698, 162)",
        "(863, 256)",
        "(703, 936)",
        "(26, 130)",
        "(245, 26)",
        "(693, 641)",
        "(737, 942)",
        "(359, 89)",
        "(290, 977)",
        "(602, 356)",
        "(575, 753)",
        "(120, 999)",
        "(36, 223)",
        "(916, 984)",
        "(23, 622)",
        "(883, 71)",
        "(303, 451)",
        "(251, 204)",
        "(357, 92)",
        "(357, 834)",
        "(858, 739)",
        "(529, 664)",
        "(393, 649)",
        "(746, 459)",
        "(869, 725)",
        "(524, 13)",
        "(628, 186)",
        "(855, 578)"
    ],
    "(290, 977)": [
        "(357, 834)",
        "(231, 464)",
        "(824, 465)",
        "(133, 481)",
        "(863, 256)",
        "(628, 186)",
        "(146, 665)",
        "(602, 356)",
        "(529, 664)",
        "(357, 92)",
        "(477, 305)",
        "(2, 788)",
        "(412, 365)",
        "(936, 98)",
        "(36, 223)",
        "(379, 850)",
        "(873, 778)",
        "(693, 641)",
        "(780, 935)",
        "(245, 26)",
        "(251, 204)",
        "(783, 199)",
        "(575, 753)",
        "(883, 71)",
        "(596, 708)",
        "(275, 577)",
        "(359, 89)",
        "(553, 133)",
        "(698, 162)",
        "(289, 959)",
        "(916, 984)",
        "(711, 301)",
        "(746, 459)",
        "(196, 582)",
        "(23, 622)",
        "(855, 578)",
        "(833, 179)"
    ],
    "(231, 464)": [
        "(698, 162)",
        "(290, 977)",
        "(737, 942)",
        "(146, 665)",
        "(357, 834)",
        "(120, 999)",
        "(596, 708)",
        "(628, 186)",
        "(412, 365)",
        "(711, 301)",
        "(602, 356)",
        "(833, 179)",
        "(780, 935)",
        "(553, 133)",
        "(631, 645)",
        "(289, 959)",
        "(359, 89)",
        "(303, 451)",
        "(916, 984)",
        "(196, 582)",
        "(393, 649)",
        "(855, 578)",
        "(858, 739)",
        "(106, 755)",
        "(863, 256)",
        "(883, 71)",
        "(873, 778)",
        "(26, 130)",
        "(245, 26)",
        "(524, 13)",
        "(477, 305)",
        "(703, 936)",
        "(869, 725)",
        "(984, 292)",
        "(617, 927)",
        "(2, 788)",
        "(357, 92)"
    ],
    "(36, 223)": [
        "(245, 26)",
        "(524, 13)",
        "(412, 365)",
        "(2, 788)",
        "(711, 301)",
        "(703, 936)",
        "(303, 451)",
        "(106, 755)",
        "(628, 186)",
        "(357, 834)",
        "(575, 753)",
        "(290, 977)",
        "(529, 664)",
        "(855, 578)",
        "(275, 577)",
        "(936, 98)",
        "(146, 665)",
        "(596, 708)",
        "(693, 641)",
        "(883, 71)",
        "(597, 44)",
        "(783, 199)",
        "(869, 725)",
        "(26, 130)",
        "(631, 645)",
        "(858, 739)",
        "(873, 778)",
        "(251, 204)",
        "(196, 582)",
        "(393, 649)",
        "(824, 465)",
        "(780, 935)",
        "(863, 256)",
        "(357, 92)",
        "(698, 162)"
    ],
    "(245, 26)": [
        "(529, 664)",
        "(357, 834)",
        "(36, 223)",
        "(780, 935)",
        "(2, 788)",
        "(869, 725)",
        "(617, 927)",
        "(357, 92)",
        "(575, 753)",
        "(26, 130)",
        "(146, 665)",
        "(133, 481)",
        "(883, 71)",
        "(553, 133)",
        "(379, 850)",
        "(106, 755)",
        "(703, 936)",
        "(711, 301)",
        "(833, 179)",
        "(737, 942)",
        "(873, 778)",
        "(936, 98)",
        "(359, 89)",
        "(196, 582)",
        "(916, 984)",
        "(824, 465)",
        "(783, 199)",
        "(290, 977)",
        "(412, 365)",
        "(858, 739)",
        "(631, 645)",
        "(698, 162)",
        "(251, 204)",
        "(477, 305)",
        "(596, 708)",
        "(231, 464)",
        "(393, 649)",
        "(984, 292)"
    ],
    "(780, 935)": [
        "(873, 778)",
        "(245, 26)",
        "(916, 984)",
        "(529, 664)",
        "(524, 13)",
        "(631, 645)",
        "(824, 465)",
        "(2, 788)",
        "(412, 365)",
        "(575, 753)",
        "(477, 305)",
        "(602, 356)",
        "(357, 834)",
        "(833, 179)",
        "(26, 130)",
        "(23, 622)",
        "(359, 89)",
        "(275, 577)",
        "(231, 464)",
        "(597, 44)",
        "(855, 578)",
        "(251, 204)",
        "(858, 739)",
        "(290, 977)",
        "(357, 92)",
        "(106, 755)",
        "(553, 133)",
        "(393, 649)",
        "(289, 959)",
        "(120, 999)",
        "(133, 481)",
        "(869, 725)",
        "(628, 186)",
        "(746, 459)",
        "(36, 223)",
        "(737, 942)",
        "(196, 582)",
        "(698, 162)",
        "(693, 641)",
        "(703, 936)",
        "(596, 708)",
        "(617, 927)"
    ],
    "(357, 834)": [
        "(120, 999)",
        "(245, 26)",
        "(290, 977)",
        "(133, 481)",
        "(289, 959)",
        "(883, 71)",
        "(359, 89)",
        "(231, 464)",
        "(833, 179)",
        "(303, 451)",
        "(631, 645)",
        "(251, 204)",
        "(737, 942)",
        "(529, 664)",
        "(703, 936)",
        "(780, 935)",
        "(23, 622)",
        "(412, 365)",
        "(698, 162)",
        "(36, 223)",
        "(628, 186)",
        "(275, 577)",
        "(477, 305)",
        "(2, 788)",
        "(711, 301)",
        "(869, 725)",
        "(553, 133)",
        "(824, 465)",
        "(855, 578)",
        "(617, 927)",
        "(597, 44)",
        "(936, 98)",
        "(746, 459)",
        "(984, 292)",
        "(783, 199)",
        "(916, 984)",
        "(26, 130)",
        "(393, 649)",
        "(575, 753)",
        "(196, 582)",
        "(858, 739)",
        "(863, 256)",
        "(873, 778)"
    ],
    "(746, 459)": [
        "(2, 788)",
        "(524, 13)",
        "(863, 256)",
        "(412, 365)",
        "(146, 665)",
        "(737, 942)",
        "(617, 927)",
        "(393, 649)",
        "(855, 578)",
        "(575, 753)",
        "(703, 936)",
        "(698, 162)",
        "(133, 481)",
        "(379, 850)",
        "(984, 292)",
        "(631, 645)",
        "(357, 92)",
        "(106, 755)",
        "(289, 959)",
        "(824, 465)",
        "(477, 305)",
        "(26, 130)",
        "(251, 204)",
        "(529, 664)",
        "(357, 834)",
        "(936, 98)",
        "(883, 71)",
        "(359, 89)",
        "(780, 935)",
        "(290, 977)",
        "(597, 44)",
        "(23, 622)",
        "(196, 582)",
        "(783, 199)",
        "(869, 725)",
        "(596, 708)",
        "(120, 999)",
        "(275, 577)"
    ],
    "(303, 451)": [
        "(602, 356)",
        "(120, 999)",
        "(711, 301)",
        "(883, 71)",
        "(357, 834)",
        "(23, 622)",
        "(693, 641)",
        "(36, 223)",
        "(477, 305)",
        "(824, 465)",
        "(833, 179)",
        "(984, 292)",
        "(412, 365)",
        "(146, 665)",
        "(575, 753)",
        "(106, 755)",
        "(863, 256)",
        "(2, 788)",
        "(251, 204)",
        "(231, 464)",
        "(916, 984)",
        "(698, 162)",
        "(855, 578)",
        "(597, 44)",
        "(379, 850)",
        "(783, 199)",
        "(196, 582)",
        "(393, 649)",
        "(737, 942)",
        "(275, 577)",
        "(553, 133)",
        "(529, 664)",
        "(289, 959)"
    ],
    "(883, 71)": [
        "(602, 356)",
        "(824, 465)",
        "(275, 577)",
        "(553, 133)",
        "(357, 834)",
        "(529, 664)",
        "(251, 204)",
        "(303, 451)",
        "(869, 725)",
        "(597, 44)",
        "(245, 26)",
        "(196, 582)",
        "(23, 622)",
        "(863, 256)",
        "(711, 301)",
        "(631, 645)",
        "(858, 739)",
        "(146, 665)",
        "(133, 481)",
        "(2, 788)",
        "(106, 755)",
        "(916, 984)",
        "(359, 89)",
        "(379, 850)",
        "(855, 578)",
        "(36, 223)",
        "(873, 778)",
        "(575, 753)",
        "(290, 977)",
        "(412, 365)",
        "(783, 199)",
        "(746, 459)",
        "(231, 464)",
        "(617, 927)",
        "(693, 641)",
        "(357, 92)",
        "(393, 649)"
    ],
    "(631, 645)": [
        "(597, 44)",
        "(617, 927)",
        "(379, 850)",
        "(824, 465)",
        "(703, 936)",
        "(146, 665)",
        "(869, 725)",
        "(698, 162)",
        "(863, 256)",
        "(780, 935)",
        "(412, 365)",
        "(783, 199)",
        "(357, 834)",
        "(359, 89)",
        "(524, 13)",
        "(883, 71)",
        "(393, 649)",
        "(746, 459)",
        "(477, 305)",
        "(2, 788)",
        "(251, 204)",
        "(120, 999)",
        "(833, 179)",
        "(231, 464)",
        "(693, 641)",
        "(916, 984)",
        "(711, 301)",
        "(529, 664)",
        "(553, 133)",
        "(26, 130)",
        "(575, 753)",
        "(245, 26)",
        "(36, 223)",
        "(936, 98)",
        "(275, 577)",
        "(984, 292)",
        "(106, 755)",
        "(737, 942)",
        "(596, 708)",
        "(628, 186)",
        "(855, 578)"
    ],
    "(524, 13)": [
        "(698, 162)",
        "(916, 984)",
        "(863, 256)",
        "(746, 459)",
        "(602, 356)",
        "(289, 959)",
        "(36, 223)",
        "(133, 481)",
        "(780, 935)",
        "(596, 708)",
        "(575, 753)",
        "(26, 130)",
        "(869, 725)",
        "(873, 778)",
        "(628, 186)",
        "(251, 204)",
        "(120, 999)",
        "(631, 645)",
        "(23, 622)",
        "(412, 365)",
        "(936, 98)",
        "(106, 755)",
        "(711, 301)",
        "(2, 788)",
        "(196, 582)",
        "(855, 578)",
        "(617, 927)",
        "(984, 292)",
        "(275, 577)",
        "(703, 936)",
        "(824, 465)",
        "(833, 179)",
        "(231, 464)",
        "(529, 664)",
        "(393, 649)",
        "(783, 199)",
        "(737, 942)",
        "(477, 305)",
        "(357, 92)"
    ],
    "(596, 708)": [
        "(146, 665)",
        "(275, 577)",
        "(133, 481)",
        "(524, 13)",
        "(824, 465)",
        "(597, 44)",
        "(698, 162)",
        "(231, 464)",
        "(575, 753)",
        "(412, 365)",
        "(106, 755)",
        "(863, 256)",
        "(833, 179)",
        "(553, 133)",
        "(936, 98)",
        "(196, 582)",
        "(703, 936)",
        "(36, 223)",
        "(855, 578)",
        "(873, 778)",
        "(617, 927)",
        "(23, 622)",
        "(602, 356)",
        "(869, 725)",
        "(529, 664)",
        "(290, 977)",
        "(477, 305)",
        "(379, 850)",
        "(393, 649)",
        "(245, 26)",
        "(984, 292)",
        "(631, 645)",
        "(26, 130)",
        "(120, 999)",
        "(628, 186)",
        "(251, 204)",
        "(746, 459)",
        "(780, 935)",
        "(693, 641)"
    ],
    "(146, 665)": [
        "(711, 301)",
        "(477, 305)",
        "(26, 130)",
        "(596, 708)",
        "(2, 788)",
        "(916, 984)",
        "(231, 464)",
        "(746, 459)",
        "(631, 645)",
        "(357, 92)",
        "(783, 199)",
        "(245, 26)",
        "(290, 977)",
        "(698, 162)",
        "(133, 481)",
        "(120, 999)",
        "(869, 725)",
        "(883, 71)",
        "(863, 256)",
        "(602, 356)",
        "(196, 582)",
        "(303, 451)",
        "(858, 739)",
        "(251, 204)",
        "(984, 292)",
        "(275, 577)",
        "(359, 89)",
        "(855, 578)",
        "(379, 850)",
        "(36, 223)",
        "(106, 755)",
        "(824, 465)",
        "(575, 753)",
        "(412, 365)",
        "(393, 649)",
        "(703, 936)",
        "(23, 622)",
        "(553, 133)",
        "(289, 959)"
    ],
    "(133, 481)": [
        "(693, 641)",
        "(357, 834)",
        "(833, 179)",
        "(290, 977)",
        "(869, 725)",
        "(524, 13)",
        "(357, 92)",
        "(596, 708)",
        "(737, 942)",
        "(245, 26)",
        "(359, 89)",
        "(146, 665)",
        "(855, 578)",
        "(746, 459)",
        "(529, 664)",
        "(617, 927)",
        "(26, 130)",
        "(289, 959)",
        "(883, 71)",
        "(23, 622)",
        "(602, 356)",
        "(873, 778)",
        "(824, 465)",
        "(120, 999)",
        "(379, 850)",
        "(575, 753)",
        "(393, 649)",
        "(984, 292)",
        "(780, 935)",
        "(2, 788)",
        "(711, 301)",
        "(553, 133)",
        "(863, 256)",
        "(106, 755)",
        "(698, 162)",
        "(251, 204)",
        "(858, 739)",
        "(703, 936)"
    ],
    "(936, 98)": [
        "(711, 301)",
        "(26, 130)",
        "(120, 999)",
        "(855, 578)",
        "(357, 92)",
        "(196, 582)",
        "(477, 305)",
        "(869, 725)",
        "(597, 44)",
        "(553, 133)",
        "(275, 577)",
        "(23, 622)",
        "(693, 641)",
        "(984, 292)",
        "(824, 465)",
        "(245, 26)",
        "(290, 977)",
        "(524, 13)",
        "(596, 708)",
        "(575, 753)",
        "(703, 936)",
        "(359, 89)",
        "(36, 223)",
        "(357, 834)",
        "(746, 459)",
        "(251, 204)",
        "(631, 645)",
        "(737, 942)",
        "(2, 788)",
        "(916, 984)",
        "(289, 959)",
        "(106, 755)",
        "(833, 179)"
    ],
    "(120, 999)": [
        "(393, 649)",
        "(357, 834)",
        "(698, 162)",
        "(936, 98)",
        "(303, 451)",
        "(231, 464)",
        "(597, 44)",
        "(412, 365)",
        "(379, 850)",
        "(146, 665)",
        "(855, 578)",
        "(524, 13)",
        "(858, 739)",
        "(863, 256)",
        "(703, 936)",
        "(869, 725)",
        "(631, 645)",
        "(133, 481)",
        "(289, 959)",
        "(783, 199)",
        "(26, 130)",
        "(251, 204)",
        "(2, 788)",
        "(477, 305)",
        "(780, 935)",
        "(602, 356)",
        "(984, 292)",
        "(575, 753)",
        "(196, 582)",
        "(617, 927)",
        "(275, 577)",
        "(916, 984)",
        "(628, 186)",
        "(596, 708)",
        "(693, 641)",
        "(746, 459)"
    ],
    "(357, 92)": [
        "(737, 942)",
        "(553, 133)",
        "(936, 98)",
        "(133, 481)",
        "(245, 26)",
        "(146, 665)",
        "(393, 649)",
        "(628, 186)",
        "(196, 582)",
        "(858, 739)",
        "(617, 927)",
        "(597, 44)",
        "(916, 984)",
        "(275, 577)",
        "(290, 977)",
        "(602, 356)",
        "(289, 959)",
        "(746, 459)",
        "(873, 778)",
        "(780, 935)",
        "(359, 89)",
        "(869, 725)",
        "(703, 936)",
        "(824, 465)",
        "(23, 622)",
        "(26, 130)",
        "(575, 753)",
        "(412, 365)",
        "(711, 301)",
        "(863, 256)",
        "(379, 850)",
        "(477, 305)",
        "(783, 199)",
        "(833, 179)",
        "(251, 204)",
        "(698, 162)",
        "(883, 71)",
        "(231, 464)",
        "(36, 223)",
        "(524, 13)"
    ],
    "(575, 753)": [
        "(23, 622)",
        "(602, 356)",
        "(553, 133)",
        "(873, 778)",
        "(869, 725)",
        "(597, 44)",
        "(245, 26)",
        "(737, 942)",
        "(2, 788)",
        "(524, 13)",
        "(596, 708)",
        "(746, 459)",
        "(984, 292)",
        "(780, 935)",
        "(251, 204)",
        "(863, 256)",
        "(36, 223)",
        "(855, 578)",
        "(936, 98)",
        "(303, 451)",
        "(617, 927)",
        "(412, 365)",
        "(703, 936)",
        "(133, 481)",
        "(783, 199)",
        "(146, 665)",
        "(883, 71)",
        "(290, 977)",
        "(357, 92)",
        "(631, 645)",
        "(916, 984)",
        "(858, 739)",
        "(693, 641)",
        "(529, 664)",
        "(106, 755)",
        "(120, 999)",
        "(379, 850)",
        "(196, 582)",
        "(357, 834)",
        "(393, 649)"
    ],
    "(617, 927)": [
        "(631, 645)",
        "(824, 465)",
        "(858, 739)",
        "(196, 582)",
        "(477, 305)",
        "(412, 365)",
        "(245, 26)",
        "(783, 199)",
        "(746, 459)",
        "(698, 162)",
        "(693, 641)",
        "(275, 577)",
        "(133, 481)",
        "(357, 92)",
        "(628, 186)",
        "(703, 936)",
        "(289, 959)",
        "(711, 301)",
        "(873, 778)",
        "(359, 89)",
        "(575, 753)",
        "(106, 755)",
        "(737, 942)",
        "(26, 130)",
        "(357, 834)",
        "(596, 708)",
        "(524, 13)",
        "(529, 664)",
        "(833, 179)",
        "(863, 256)",
        "(602, 356)",
        "(916, 984)",
        "(883, 71)",
        "(120, 999)",
        "(231, 464)",
        "(553, 133)",
        "(780, 935)",
        "(251, 204)",
        "(23, 622)"
    ],
    "(359, 89)": [
        "(196, 582)",
        "(711, 301)",
        "(597, 44)",
        "(357, 834)",
        "(628, 186)",
        "(133, 481)",
        "(289, 959)",
        "(631, 645)",
        "(275, 577)",
        "(553, 133)",
        "(780, 935)",
        "(2, 788)",
        "(245, 26)",
        "(873, 778)",
        "(698, 162)",
        "(617, 927)",
        "(703, 936)",
        "(883, 71)",
        "(357, 92)",
        "(936, 98)",
        "(146, 665)",
        "(231, 464)",
        "(783, 199)",
        "(477, 305)",
        "(106, 755)",
        "(393, 649)",
        "(290, 977)",
        "(379, 850)",
        "(858, 739)",
        "(746, 459)",
        "(251, 204)",
        "(916, 984)",
        "(833, 179)",
        "(737, 942)",
        "(693, 641)",
        "(863, 256)",
        "(26, 130)"
    ],
    "(393, 649)": [
        "(120, 999)",
        "(711, 301)",
        "(553, 133)",
        "(357, 92)",
        "(703, 936)",
        "(597, 44)",
        "(196, 582)",
        "(746, 459)",
        "(863, 256)",
        "(631, 645)",
        "(824, 465)",
        "(858, 739)",
        "(693, 641)",
        "(529, 664)",
        "(628, 186)",
        "(780, 935)",
        "(231, 464)",
        "(133, 481)",
        "(359, 89)",
        "(477, 305)",
        "(146, 665)",
        "(23, 622)",
        "(984, 292)",
        "(596, 708)",
        "(602, 356)",
        "(36, 223)",
        "(698, 162)",
        "(412, 365)",
        "(303, 451)",
        "(855, 578)",
        "(357, 834)",
        "(245, 26)",
        "(251, 204)",
        "(783, 199)",
        "(524, 13)",
        "(575, 753)",
        "(883, 71)"
    ],
    "(412, 365)": [
        "(251, 204)",
        "(833, 179)",
        "(23, 622)",
        "(746, 459)",
        "(617, 927)",
        "(36, 223)",
        "(873, 778)",
        "(120, 999)",
        "(631, 645)",
        "(196, 582)",
        "(596, 708)",
        "(628, 186)",
        "(231, 464)",
        "(780, 935)",
        "(597, 44)",
        "(916, 984)",
        "(357, 834)",
        "(524, 13)",
        "(602, 356)",
        "(290, 977)",
        "(303, 451)",
        "(275, 577)",
        "(858, 739)",
        "(575, 753)",
        "(869, 725)",
        "(553, 133)",
        "(737, 942)",
        "(245, 26)",
        "(703, 936)",
        "(146, 665)",
        "(883, 71)",
        "(106, 755)",
        "(357, 92)",
        "(529, 664)",
        "(379, 850)",
        "(393, 649)",
        "(863, 256)"
    ],
    "(737, 942)": [
        "(357, 92)",
        "(231, 464)",
        "(858, 739)",
        "(477, 305)",
        "(628, 186)",
        "(746, 459)",
        "(133, 481)",
        "(575, 753)",
        "(693, 641)",
        "(698, 162)",
        "(357, 834)",
        "(245, 26)",
        "(275, 577)",
        "(106, 755)",
        "(855, 578)",
        "(863, 256)",
        "(783, 199)",
        "(289, 959)",
        "(617, 927)",
        "(2, 788)",
        "(412, 365)",
        "(869, 725)",
        "(379, 850)",
        "(23, 622)",
        "(251, 204)",
        "(936, 98)",
        "(873, 778)",
        "(780, 935)",
        "(631, 645)",
        "(359, 89)",
        "(303, 451)",
        "(524, 13)",
        "(824, 465)",
        "(602, 356)",
        "(529, 664)",
        "(553, 133)"
    ],
    "(106, 755)": [
        "(783, 199)",
        "(869, 725)",
        "(628, 186)",
        "(379, 850)",
        "(26, 130)",
        "(693, 641)",
        "(596, 708)",
        "(245, 26)",
        "(855, 578)",
        "(698, 162)",
        "(36, 223)",
        "(275, 577)",
        "(858, 739)",
        "(883, 71)",
        "(289, 959)",
        "(737, 942)",
        "(524, 13)",
        "(251, 204)",
        "(617, 927)",
        "(597, 44)",
        "(303, 451)",
        "(746, 459)",
        "(780, 935)",
        "(529, 664)",
        "(146, 665)",
        "(359, 89)",
        "(602, 356)",
        "(412, 365)",
        "(231, 464)",
        "(575, 753)",
        "(711, 301)",
        "(631, 645)",
        "(133, 481)",
        "(23, 622)",
        "(936, 98)",
        "(873, 778)",
        "(553, 133)"
    ],
    "(26, 130)": [
        "(275, 577)",
        "(146, 665)",
        "(698, 162)",
        "(936, 98)",
        "(984, 292)",
        "(524, 13)",
        "(106, 755)",
        "(529, 664)",
        "(863, 256)",
        "(245, 26)",
        "(379, 850)",
        "(133, 481)",
        "(780, 935)",
        "(869, 725)",
        "(2, 788)",
        "(602, 356)",
        "(251, 204)",
        "(783, 199)",
        "(711, 301)",
        "(628, 186)",
        "(617, 927)",
        "(357, 92)",
        "(120, 999)",
        "(746, 459)",
        "(477, 305)",
        "(631, 645)",
        "(916, 984)",
        "(824, 465)",
        "(36, 223)",
        "(597, 44)",
        "(231, 464)",
        "(357, 834)",
        "(873, 778)",
        "(596, 708)",
        "(855, 578)",
        "(23, 622)",
        "(359, 89)"
    ],
    "(251, 204)": [
        "(412, 365)",
        "(883, 71)",
        "(23, 622)",
        "(289, 959)",
        "(869, 725)",
        "(524, 13)",
        "(357, 834)",
        "(597, 44)",
        "(575, 753)",
        "(824, 465)",
        "(553, 133)",
        "(26, 130)",
        "(698, 162)",
        "(631, 645)",
        "(602, 356)",
        "(146, 665)",
        "(780, 935)",
        "(106, 755)",
        "(303, 451)",
        "(833, 179)",
        "(290, 977)",
        "(858, 739)",
        "(916, 984)",
        "(120, 999)",
        "(196, 582)",
        "(746, 459)",
        "(245, 26)",
        "(379, 850)",
        "(737, 942)",
        "(936, 98)",
        "(855, 578)",
        "(36, 223)",
        "(711, 301)",
        "(783, 199)",
        "(359, 89)",
        "(357, 92)",
        "(628, 186)",
        "(693, 641)",
        "(873, 778)",
        "(393, 649)",
        "(703, 936)",
        "(596, 708)",
        "(133, 481)",
        "(617, 927)"
    ],
    "(196, 582)": [
        "(863, 256)",
        "(359, 89)",
        "(824, 465)",
        "(617, 927)",
        "(628, 186)",
        "(783, 199)",
        "(936, 98)",
        "(357, 92)",
        "(393, 649)",
        "(412, 365)",
        "(883, 71)",
        "(597, 44)",
        "(529, 664)",
        "(698, 162)",
        "(858, 739)",
        "(855, 578)",
        "(245, 26)",
        "(23, 622)",
        "(146, 665)",
        "(553, 133)",
        "(693, 641)",
        "(2, 788)",
        "(524, 13)",
        "(596, 708)",
        "(251, 204)",
        "(477, 305)",
        "(231, 464)",
        "(602, 356)",
        "(36, 223)",
        "(873, 778)",
        "(711, 301)",
        "(703, 936)",
        "(303, 451)",
        "(290, 977)",
        "(120, 999)",
        "(780, 935)",
        "(746, 459)",
        "(575, 753)",
        "(357, 834)",
        "(984, 292)"
    ],
    "(477, 305)": [
        "(863, 256)",
        "(984, 292)",
        "(146, 665)",
        "(711, 301)",
        "(617, 927)",
        "(737, 942)",
        "(873, 778)",
        "(936, 98)",
        "(23, 622)",
        "(783, 199)",
        "(824, 465)",
        "(2, 788)",
        "(780, 935)",
        "(303, 451)",
        "(602, 356)",
        "(553, 133)",
        "(631, 645)",
        "(290, 977)",
        "(289, 959)",
        "(855, 578)",
        "(357, 834)",
        "(529, 664)",
        "(359, 89)",
        "(746, 459)",
        "(26, 130)",
        "(196, 582)",
        "(120, 999)",
        "(628, 186)",
        "(698, 162)",
        "(393, 649)",
        "(858, 739)",
        "(596, 708)",
        "(245, 26)",
        "(693, 641)",
        "(916, 984)",
        "(357, 92)",
        "(869, 725)",
        "(231, 464)",
        "(524, 13)"
    ],
    "(916, 984)": [
        "(524, 13)",
        "(628, 186)",
        "(146, 665)",
        "(703, 936)",
        "(780, 935)",
        "(869, 725)",
        "(858, 739)",
        "(597, 44)",
        "(357, 92)",
        "(412, 365)",
        "(693, 641)",
        "(379, 850)",
        "(245, 26)",
        "(883, 71)",
        "(23, 622)",
        "(698, 162)",
        "(529, 664)",
        "(303, 451)",
        "(711, 301)",
        "(251, 204)",
        "(631, 645)",
        "(824, 465)",
        "(231, 464)",
        "(783, 199)",
        "(575, 753)",
        "(26, 130)",
        "(617, 927)",
        "(290, 977)",
        "(477, 305)",
        "(2, 788)",
        "(357, 834)",
        "(359, 89)",
        "(855, 578)",
        "(833, 179)",
        "(863, 256)",
        "(120, 999)",
        "(602, 356)",
        "(275, 577)",
        "(936, 98)",
        "(553, 133)"
    ],
    "(698, 162)": [
        "(524, 13)",
        "(26, 130)",
        "(231, 464)",
        "(289, 959)",
        "(120, 999)",
        "(275, 577)",
        "(631, 645)",
        "(833, 179)",
        "(596, 708)",
        "(23, 622)",
        "(869, 725)",
        "(617, 927)",
        "(146, 665)",
        "(737, 942)",
        "(746, 459)",
        "(196, 582)",
        "(783, 199)",
        "(628, 186)",
        "(106, 755)",
        "(357, 834)",
        "(693, 641)",
        "(359, 89)",
        "(251, 204)",
        "(984, 292)",
        "(916, 984)",
        "(553, 133)",
        "(303, 451)",
        "(873, 778)",
        "(855, 578)",
        "(703, 936)",
        "(711, 301)",
        "(245, 26)",
        "(477, 305)",
        "(290, 977)",
        "(393, 649)",
        "(529, 664)",
        "(780, 935)",
        "(133, 481)",
        "(357, 92)",
        "(36, 223)",
        "(602, 356)"
    ],
    "(833, 179)": [
        "(412, 365)",
        "(133, 481)",
        "(289, 959)",
        "(863, 256)",
        "(698, 162)",
        "(597, 44)",
        "(357, 834)",
        "(23, 622)",
        "(873, 778)",
        "(275, 577)",
        "(858, 739)",
        "(780, 935)",
        "(303, 451)",
        "(245, 26)",
        "(703, 936)",
        "(596, 708)",
        "(231, 464)",
        "(631, 645)",
        "(869, 725)",
        "(693, 641)",
        "(251, 204)",
        "(617, 927)",
        "(529, 664)",
        "(524, 13)",
        "(357, 92)",
        "(984, 292)",
        "(916, 984)",
        "(711, 301)",
        "(359, 89)",
        "(2, 788)",
        "(290, 977)",
        "(602, 356)",
        "(936, 98)"
    ],
    "(23, 622)": [
        "(575, 753)",
        "(855, 578)",
        "(873, 778)",
        "(2, 788)",
        "(858, 739)",
        "(412, 365)",
        "(529, 664)",
        "(251, 204)",
        "(477, 305)",
        "(698, 162)",
        "(602, 356)",
        "(833, 179)",
        "(303, 451)",
        "(883, 71)",
        "(936, 98)",
        "(357, 834)",
        "(524, 13)",
        "(780, 935)",
        "(863, 256)",
        "(133, 481)",
        "(196, 582)",
        "(869, 725)",
        "(275, 577)",
        "(916, 984)",
        "(357, 92)",
        "(596, 708)",
        "(737, 942)",
        "(783, 199)",
        "(597, 44)",
        "(393, 649)",
        "(553, 133)",
        "(146, 665)",
        "(824, 465)",
        "(746, 459)",
        "(290, 977)",
        "(379, 850)",
        "(703, 936)",
        "(106, 755)",
        "(26, 130)",
        "(617, 927)",
        "(984, 292)"
    ],
    "(858, 739)": [
        "(873, 778)",
        "(275, 577)",
        "(984, 292)",
        "(737, 942)",
        "(617, 927)",
        "(23, 622)",
        "(2, 788)",
        "(916, 984)",
        "(869, 725)",
        "(357, 92)",
        "(529, 664)",
        "(120, 999)",
        "(833, 179)",
        "(883, 71)",
        "(863, 256)",
        "(196, 582)",
        "(106, 755)",
        "(289, 959)",
        "(412, 365)",
        "(393, 649)",
        "(146, 665)",
        "(855, 578)",
        "(780, 935)",
        "(703, 936)",
        "(251, 204)",
        "(693, 641)",
        "(245, 26)",
        "(575, 753)",
        "(36, 223)",
        "(231, 464)",
        "(602, 356)",
        "(711, 301)",
        "(379, 850)",
        "(477, 305)",
        "(359, 89)",
        "(783, 199)",
        "(824, 465)",
        "(553, 133)",
        "(357, 834)",
        "(133, 481)"
    ],
    "(824, 465)": [
        "(628, 186)",
        "(883, 71)",
        "(631, 645)",
        "(196, 582)",
        "(617, 927)",
        "(290, 977)",
        "(275, 577)",
        "(379, 850)",
        "(596, 708)",
        "(783, 199)",
        "(984, 292)",
        "(780, 935)",
        "(477, 305)",
        "(869, 725)",
        "(289, 959)",
        "(711, 301)",
        "(303, 451)",
        "(2, 788)",
        "(936, 98)",
        "(393, 649)",
        "(251, 204)",
        "(245, 26)",
        "(357, 834)",
        "(133, 481)",
        "(553, 133)",
        "(746, 459)",
        "(146, 665)",
        "(357, 92)",
        "(693, 641)",
        "(916, 984)",
        "(863, 256)",
        "(26, 130)",
        "(602, 356)",
        "(524, 13)",
        "(36, 223)",
        "(858, 739)",
        "(597, 44)",
        "(23, 622)",
        "(737, 942)",
        "(873, 778)",
        "(529, 664)",
        "(855, 578)"
    ]
}