{
    "(249, 797)": [
        "(708, 301)",
        "(301, 552)",
        "(665, 538)",
        "(69, 54)",
        "(957, 457)",
        "(119, 430)",
        "(28, 961)",
        "(944, 159)",
        "(300, 136)",
        "(992, 448)",
        "(658, 678)",
        "(787, 834)",
        "(345, 341)",
        "(937, 807)",
        "(298, 370)",
        "(865, 344)",
        "(737, 496)",
        "(152, 905)",
        "(989, 714)",
        "(970, 11)",
        "(549, 834)",
        "(672, 264)"
    ],
    "(152, 905)": [
        "(452, 65)",
        "(575, 941)",
        "(801, 447)",
        "(178, 457)",
        "(246, 22)",
        "(585, 50)",
        "(804, 986)",
        "(132, 266)",
        "(587, 189)",
        "(152, 976)",
        "(500, 542)",
        "(944, 159)",
        "(298, 370)",
        "(957, 457)",
        "(249, 797)",
        "(473, 376)",
        "(825, 505)",
        "(865, 182)"
    ],
    "(792, 101)": [
        "(69, 54)",
        "(665, 538)",
        "(989, 714)",
        "(232, 112)",
        "(265, 551)",
        "(22, 425)",
        "(28, 961)",
        "(575, 941)",
        "(787, 834)",
        "(493, 71)",
        "(680, 930)",
        "(804, 986)",
        "(90, 73)",
        "(178, 457)",
        "(865, 182)",
        "(549, 834)",
        "(537, 724)",
        "(957, 457)",
        "(328, 962)",
        "(395, 124)",
        "(400, 248)",
        "(244, 103)"
    ],
    "(28, 961)": [
        "(246, 22)",
        "(249, 797)",
        "(500, 542)",
        "(265, 551)",
        "(351, 915)",
        "(792, 101)",
        "(90, 137)",
        "(406, 259)",
        "(937, 807)",
        "(944, 159)",
        "(301, 552)",
        "(400, 92)",
        "(680, 930)",
        "(992, 448)"
    ],
    "(665, 538)": [
        "(537, 724)",
        "(792, 101)",
        "(249, 797)",
        "(222, 974)",
        "(583, 541)",
        "(395, 124)",
        "(585, 50)",
        "(265, 551)",
        "(300, 136)",
        "(680, 930)",
        "(119, 430)",
        "(69, 54)",
        "(351, 915)"
    ],
    "(244, 730)": [
        "(587, 189)",
        "(804, 986)",
        "(473, 459)",
        "(395, 124)",
        "(119, 430)",
        "(400, 248)",
        "(232, 112)",
        "(90, 73)",
        "(140, 693)",
        "(989, 714)",
        "(452, 65)",
        "(273, 945)",
        "(708, 301)"
    ],
    "(298, 317)": [
        "(301, 552)",
        "(433, 472)",
        "(473, 459)",
        "(672, 264)",
        "(801, 447)",
        "(298, 370)",
        "(400, 248)",
        "(452, 65)",
        "(769, 988)",
        "(69, 54)",
        "(473, 376)",
        "(119, 430)",
        "(406, 259)"
    ],
    "(273, 945)": [
        "(90, 137)",
        "(658, 678)",
        "(452, 65)",
        "(575, 941)",
        "(152, 976)",
        "(998, 413)",
        "(680, 930)",
        "(402, 585)",
        "(400, 92)",
        "(351, 915)",
        "(140, 693)",
        "(937, 807)",
        "(970, 11)",
        "(69, 54)",
        "(232, 112)",
        "(672, 264)",
        "(244, 730)",
        "(708, 301)",
        "(345, 341)",
        "(992, 448)",
        "(559, 699)",
        "(957, 457)"
    ],
    "(537, 724)": [
        "(606, 446)",
        "(665, 538)",
        "(328, 962)",
        "(301, 552)",
        "(22, 425)",
        "(119, 430)",
        "(587, 189)",
        "(658, 678)",
        "(989, 714)",
        "(345, 341)",
        "(935, 228)",
        "(433, 472)",
        "(452, 65)",
        "(727, 923)",
        "(792, 101)",
        "(406, 259)"
    ],
    "(119, 430)": [
        "(265, 551)",
        "(970, 11)",
        "(402, 585)",
        "(639, 65)",
        "(395, 124)",
        "(249, 797)",
        "(537, 724)",
        "(244, 730)",
        "(587, 189)",
        "(452, 65)",
        "(804, 986)",
        "(90, 73)",
        "(473, 376)",
        "(298, 317)",
        "(769, 988)",
        "(665, 538)",
        "(345, 341)",
        "(549, 834)",
        "(737, 496)"
    ],
    "(575, 941)": [
        "(830, 768)",
        "(152, 905)",
        "(500, 542)",
        "(273, 945)",
        "(935, 228)",
        "(680, 930)",
        "(825, 505)",
        "(792, 101)",
        "(132, 266)",
        "(583, 541)",
        "(140, 693)",
        "(493, 71)",
        "(587, 189)",
        "(402, 585)",
        "(804, 986)",
        "(992, 448)",
        "(244, 103)"
    ],
    "(222, 974)": [
        "(473, 376)",
        "(989, 714)",
        "(473, 459)",
        "(665, 538)",
        "(152, 976)",
        "(583, 541)",
        "(246, 22)",
        "(395, 124)",
        "(351, 915)",
        "(944, 159)",
        "(606, 446)",
        "(787, 834)",
        "(957, 457)",
        "(830, 768)",
        "(400, 92)",
        "(69, 54)",
        "(587, 189)"
    ],
    "(493, 71)": [
        "(500, 542)",
        "(957, 457)",
        "(801, 447)",
        "(246, 22)",
        "(672, 264)",
        "(152, 976)",
        "(473, 376)",
        "(804, 986)",
        "(328, 962)",
        "(658, 678)",
        "(232, 112)",
        "(970, 11)",
        "(792, 101)",
        "(575, 941)",
        "(825, 505)",
        "(90, 73)",
        "(300, 136)",
        "(90, 137)"
    ],
    "(787, 834)": [
        "(769, 988)",
        "(957, 457)",
        "(727, 923)",
        "(232, 112)",
        "(585, 50)",
        "(587, 189)",
        "(792, 101)",
        "(989, 714)",
        "(345, 341)",
        "(132, 266)",
        "(801, 447)",
        "(473, 376)",
        "(998, 413)",
        "(249, 797)",
        "(222, 974)",
        "(804, 986)",
        "(606, 446)",
        "(935, 228)",
        "(301, 552)",
        "(830, 768)",
        "(328, 962)"
    ],
    "(402, 585)": [
        "(119, 430)",
        "(937, 807)",
        "(273, 945)",
        "(639, 65)",
        "(473, 376)",
        "(301, 552)",
        "(680, 930)",
        "(865, 344)",
        "(825, 505)",
        "(500, 542)",
        "(345, 341)",
        "(406, 259)",
        "(575, 941)",
        "(935, 228)",
        "(232, 112)"
    ],
    "(140, 693)": [
        "(989, 714)",
        "(265, 551)",
        "(708, 301)",
        "(865, 182)",
        "(400, 92)",
        "(737, 496)",
        "(727, 923)",
        "(328, 962)",
        "(273, 945)",
        "(830, 768)",
        "(244, 730)",
        "(672, 264)",
        "(575, 941)",
        "(585, 50)",
        "(937, 807)",
        "(935, 228)",
        "(298, 370)",
        "(865, 344)",
        "(90, 73)",
        "(500, 542)",
        "(90, 137)",
        "(69, 54)",
        "(345, 341)",
        "(769, 988)"
    ],
    "(473, 376)": [
        "(222, 974)",
        "(402, 585)",
        "(935, 228)",
        "(90, 137)",
        "(727, 923)",
        "(132, 266)",
        "(865, 344)",
        "(493, 71)",
        "(265, 551)",
        "(298, 317)",
        "(787, 834)",
        "(328, 962)",
        "(957, 457)",
        "(119, 430)",
        "(944, 159)",
        "(152, 905)",
        "(433, 472)",
        "(992, 448)",
        "(351, 915)"
    ],
    "(865, 344)": [
        "(500, 542)",
        "(178, 457)",
        "(90, 73)",
        "(549, 834)",
        "(298, 370)",
        "(406, 259)",
        "(473, 376)",
        "(328, 962)",
        "(402, 585)",
        "(944, 159)",
        "(249, 797)",
        "(232, 112)",
        "(140, 693)",
        "(998, 413)",
        "(989, 714)"
    ],
    "(300, 136)": [
        "(265, 551)",
        "(244, 103)",
        "(549, 834)",
        "(249, 797)",
        "(658, 678)",
        "(665, 538)",
        "(493, 71)",
        "(152, 976)"
    ],
    "(549, 834)": [
        "(232, 112)",
        "(865, 344)",
        "(300, 136)",
        "(583, 541)",
        "(606, 446)",
        "(970, 11)",
        "(69, 54)",
        "(400, 92)",
        "(90, 137)",
        "(585, 50)",
        "(865, 182)",
        "(587, 189)",
        "(246, 22)",
        "(989, 714)",
        "(132, 266)",
        "(792, 101)",
        "(265, 551)",
        "(249, 797)",
        "(119, 430)",
        "(298, 370)",
        "(406, 259)"
    ],
    "(737, 496)": [
        "(395, 124)",
        "(152, 976)",
        "(992, 448)",
        "(132, 266)",
        "(140, 693)",
        "(69, 54)",
        "(246, 22)",
        "(957, 457)",
        "(351, 915)",
        "(400, 248)",
        "(583, 541)",
        "(265, 551)",
        "(865, 182)",
        "(249, 797)",
        "(998, 413)",
        "(937, 807)",
        "(119, 430)"
    ],
    "(328, 962)": [
        "(537, 724)",
        "(178, 457)",
        "(992, 448)",
        "(132, 266)",
        "(825, 505)",
        "(452, 65)",
        "(140, 693)",
        "(865, 344)",
        "(989, 714)",
        "(473, 376)",
        "(493, 71)",
        "(587, 189)",
        "(935, 228)",
        "(792, 101)",
        "(298, 370)",
        "(787, 834)",
        "(232, 112)"
    ],
    "(452, 65)": [
        "(152, 905)",
        "(970, 11)",
        "(273, 945)",
        "(232, 112)",
        "(708, 301)",
        "(830, 768)",
        "(22, 425)",
        "(998, 413)",
        "(328, 962)",
        "(119, 430)",
        "(865, 182)",
        "(298, 317)",
        "(639, 65)",
        "(825, 505)",
        "(244, 730)",
        "(265, 551)",
        "(537, 724)",
        "(152, 976)",
        "(658, 678)",
        "(583, 541)"
    ],
    "(727, 923)": [
        "(244, 103)",
        "(680, 930)",
        "(801, 447)",
        "(178, 457)",
        "(140, 693)",
        "(90, 73)",
        "(787, 834)",
        "(69, 54)",
        "(473, 376)",
        "(769, 988)",
        "(395, 124)",
        "(989, 714)",
        "(537, 724)"
    ],
    "(989, 714)": [
        "(140, 693)",
        "(222, 974)",
        "(792, 101)",
        "(400, 248)",
        "(585, 50)",
        "(787, 834)",
        "(328, 962)",
        "(537, 724)",
        "(244, 730)",
        "(265, 551)",
        "(727, 923)",
        "(549, 834)",
        "(249, 797)",
        "(935, 228)",
        "(400, 92)",
        "(865, 344)"
    ],
    "(298, 370)": [
        "(865, 344)",
        "(298, 317)",
        "(301, 552)",
        "(90, 73)",
        "(249, 797)",
        "(708, 301)",
        "(152, 905)",
        "(140, 693)",
        "(935, 228)",
        "(944, 159)",
        "(328, 962)",
        "(549, 834)",
        "(22, 425)"
    ],
    "(935, 228)": [
        "(992, 448)",
        "(825, 505)",
        "(865, 182)",
        "(680, 930)",
        "(473, 376)",
        "(575, 941)",
        "(769, 988)",
        "(606, 446)",
        "(328, 962)",
        "(537, 724)",
        "(140, 693)",
        "(787, 834)",
        "(970, 11)",
        "(672, 264)",
        "(298, 370)",
        "(232, 112)",
        "(989, 714)",
        "(395, 124)",
        "(402, 585)",
        "(90, 73)"
    ],
    "(22, 425)": [
        "(473, 459)",
        "(585, 50)",
        "(537, 724)",
        "(452, 65)",
        "(769, 988)",
        "(992, 448)",
        "(433, 472)",
        "(792, 101)",
        "(244, 103)",
        "(301, 552)",
        "(708, 301)",
        "(801, 447)",
        "(583, 541)",
        "(957, 457)",
        "(639, 65)",
        "(298, 370)"
    ],
    "(400, 248)": [
        "(244, 103)",
        "(473, 459)",
        "(989, 714)",
        "(583, 541)",
        "(804, 986)",
        "(298, 317)",
        "(244, 730)",
        "(737, 496)",
        "(587, 189)",
        "(672, 264)",
        "(559, 699)",
        "(792, 101)"
    ],
    "(559, 699)": [
        "(395, 124)",
        "(944, 159)",
        "(937, 807)",
        "(90, 73)",
        "(769, 988)",
        "(957, 457)",
        "(583, 541)",
        "(400, 248)",
        "(585, 50)",
        "(970, 11)",
        "(273, 945)",
        "(152, 976)"
    ],
    "(90, 73)": [
        "(865, 344)",
        "(406, 259)",
        "(680, 930)",
        "(727, 923)",
        "(585, 50)",
        "(400, 92)",
        "(559, 699)",
        "(244, 730)",
        "(639, 65)",
        "(119, 430)",
        "(473, 459)",
        "(298, 370)",
        "(433, 472)",
        "(792, 101)",
        "(493, 71)",
        "(265, 551)",
        "(140, 693)",
        "(935, 228)"
    ],
    "(769, 988)": [
        "(672, 264)",
        "(658, 678)",
        "(937, 807)",
        "(787, 834)",
        "(232, 112)",
        "(22, 425)",
        "(132, 266)",
        "(727, 923)",
        "(298, 317)",
        "(935, 228)",
        "(559, 699)",
        "(639, 65)",
        "(301, 552)",
        "(406, 259)",
        "(395, 124)",
        "(804, 986)",
        "(119, 430)",
        "(992, 448)",
        "(140, 693)"
    ],
    "(345, 341)": [
        "(957, 457)",
        "(937, 807)",
        "(787, 834)",
        "(69, 54)",
        "(249, 797)",
        "(537, 724)",
        "(402, 585)",
        "(273, 945)",
        "(801, 447)",
        "(119, 430)",
        "(140, 693)",
        "(804, 986)"
    ],
    "(944, 159)": [
        "(559, 699)",
        "(992, 448)",
        "(606, 446)",
        "(132, 266)",
        "(249, 797)",
        "(222, 974)",
        "(970, 11)",
        "(672, 264)",
        "(400, 92)",
        "(658, 678)",
        "(830, 768)",
        "(865, 344)",
        "(583, 541)",
        "(28, 961)",
        "(152, 976)",
        "(473, 376)",
        "(998, 413)",
        "(500, 542)",
        "(152, 905)",
        "(395, 124)",
        "(298, 370)",
        "(680, 930)"
    ],
    "(400, 92)": [
        "(132, 266)",
        "(970, 11)",
        "(500, 542)",
        "(301, 552)",
        "(140, 693)",
        "(273, 945)",
        "(90, 73)",
        "(937, 807)",
        "(992, 448)",
        "(944, 159)",
        "(549, 834)",
        "(90, 137)",
        "(28, 961)",
        "(708, 301)",
        "(222, 974)",
        "(989, 714)",
        "(585, 50)"
    ],
    "(406, 259)": [
        "(244, 103)",
        "(865, 182)",
        "(90, 73)",
        "(830, 768)",
        "(606, 446)",
        "(865, 344)",
        "(28, 961)",
        "(769, 988)",
        "(90, 137)",
        "(402, 585)",
        "(152, 976)",
        "(395, 124)",
        "(298, 317)",
        "(708, 301)",
        "(537, 724)",
        "(549, 834)",
        "(351, 915)"
    ],
    "(804, 986)": [
        "(244, 730)",
        "(265, 551)",
        "(132, 266)",
        "(801, 447)",
        "(400, 248)",
        "(152, 905)",
        "(825, 505)",
        "(119, 430)",
        "(493, 71)",
        "(998, 413)",
        "(587, 189)",
        "(992, 448)",
        "(787, 834)",
        "(792, 101)",
        "(769, 988)",
        "(672, 264)",
        "(865, 182)",
        "(232, 112)",
        "(575, 941)",
        "(395, 124)",
        "(639, 65)",
        "(345, 341)"
    ],
    "(639, 65)": [
        "(90, 137)",
        "(708, 301)",
        "(937, 807)",
        "(119, 430)",
        "(402, 585)",
        "(583, 541)",
        "(265, 551)",
        "(452, 65)",
        "(473, 459)",
        "(90, 73)",
        "(769, 988)",
        "(22, 425)",
        "(970, 11)",
        "(801, 447)",
        "(804, 986)"
    ],
    "(69, 54)": [
        "(792, 101)",
        "(249, 797)",
        "(606, 446)",
        "(265, 551)",
        "(727, 923)",
        "(865, 182)",
        "(737, 496)",
        "(298, 317)",
        "(672, 264)",
        "(957, 457)",
        "(273, 945)",
        "(345, 341)",
        "(549, 834)",
        "(132, 266)",
        "(301, 552)",
        "(140, 693)",
        "(665, 538)",
        "(395, 124)",
        "(222, 974)"
    ],
    "(246, 22)": [
        "(28, 961)",
        "(433, 472)",
        "(152, 905)",
        "(992, 448)",
        "(222, 974)",
        "(493, 71)",
        "(737, 496)",
        "(265, 551)",
        "(351, 915)",
        "(90, 137)",
        "(549, 834)",
        "(152, 976)",
        "(998, 413)"
    ],
    "(395, 124)": [
        "(737, 496)",
        "(559, 699)",
        "(244, 730)",
        "(119, 430)",
        "(970, 11)",
        "(222, 974)",
        "(665, 538)",
        "(727, 923)",
        "(583, 541)",
        "(132, 266)",
        "(769, 988)",
        "(944, 159)",
        "(406, 259)",
        "(265, 551)",
        "(935, 228)",
        "(792, 101)",
        "(69, 54)",
        "(804, 986)",
        "(587, 189)",
        "(433, 472)"
    ],
    "(672, 264)": [
        "(937, 807)",
        "(769, 988)",
        "(298, 317)",
        "(265, 551)",
        "(493, 71)",
        "(801, 447)",
        "(178, 457)",
        "(69, 54)",
        "(830, 768)",
        "(140, 693)",
        "(865, 182)",
        "(944, 159)",
        "(273, 945)",
        "(400, 248)",
        "(804, 986)",
        "(351, 915)",
        "(935, 228)",
        "(249, 797)"
    ],
    "(825, 505)": [
        "(935, 228)",
        "(328, 962)",
        "(658, 678)",
        "(152, 976)",
        "(804, 986)",
        "(575, 941)",
        "(301, 552)",
        "(132, 266)",
        "(452, 65)",
        "(402, 585)",
        "(493, 71)",
        "(90, 137)",
        "(152, 905)"
    ],
    "(830, 768)": [
        "(575, 941)",
        "(500, 542)",
        "(452, 65)",
        "(865, 182)",
        "(406, 259)",
        "(583, 541)",
        "(937, 807)",
        "(140, 693)",
        "(672, 264)",
        "(473, 459)",
        "(944, 159)",
        "(992, 448)",
        "(244, 103)",
        "(152, 976)",
        "(222, 974)",
        "(351, 915)",
        "(787, 834)"
    ],
    "(680, 930)": [
        "(658, 678)",
        "(970, 11)",
        "(727, 923)",
        "(90, 73)",
        "(273, 945)",
        "(178, 457)",
        "(935, 228)",
        "(402, 585)",
        "(801, 447)",
        "(575, 941)",
        "(351, 915)",
        "(433, 472)",
        "(665, 538)",
        "(792, 101)",
        "(244, 103)",
        "(301, 552)",
        "(944, 159)",
        "(28, 961)"
    ],
    "(658, 678)": [
        "(273, 945)",
        "(680, 930)",
        "(769, 988)",
        "(583, 541)",
        "(825, 505)",
        "(301, 552)",
        "(152, 976)",
        "(500, 542)",
        "(300, 136)",
        "(249, 797)",
        "(493, 71)",
        "(537, 724)",
        "(944, 159)",
        "(433, 472)",
        "(90, 137)",
        "(452, 65)"
    ],
    "(301, 552)": [
        "(265, 551)",
        "(249, 797)",
        "(298, 317)",
        "(400, 92)",
        "(537, 724)",
        "(402, 585)",
        "(658, 678)",
        "(351, 915)",
        "(825, 505)",
        "(22, 425)",
        "(585, 50)",
        "(998, 413)",
        "(865, 182)",
        "(298, 370)",
        "(769, 988)",
        "(178, 457)",
        "(28, 961)",
        "(970, 11)",
        "(473, 459)",
        "(680, 930)",
        "(132, 266)",
        "(787, 834)",
        "(69, 54)",
        "(801, 447)"
    ],
    "(583, 541)": [
        "(801, 447)",
        "(658, 678)",
        "(400, 248)",
        "(665, 538)",
        "(830, 768)",
        "(639, 65)",
        "(222, 974)",
        "(132, 266)",
        "(549, 834)",
        "(708, 301)",
        "(90, 137)",
        "(575, 941)",
        "(737, 496)",
        "(395, 124)",
        "(944, 159)",
        "(559, 699)",
        "(22, 425)",
        "(998, 413)",
        "(265, 551)",
        "(606, 446)",
        "(452, 65)"
    ],
    "(865, 182)": [
        "(406, 259)",
        "(140, 693)",
        "(830, 768)",
        "(935, 228)",
        "(957, 457)",
        "(452, 65)",
        "(69, 54)",
        "(672, 264)",
        "(301, 552)",
        "(737, 496)",
        "(549, 834)",
        "(992, 448)",
        "(804, 986)",
        "(792, 101)",
        "(152, 905)"
    ],
    "(473, 459)": [
        "(222, 974)",
        "(22, 425)",
        "(244, 730)",
        "(298, 317)",
        "(500, 542)",
        "(400, 248)",
        "(585, 50)",
        "(639, 65)",
        "(830, 768)",
        "(90, 73)",
        "(132, 266)",
        "(301, 552)"
    ],
    "(708, 301)": [
        "(249, 797)",
        "(140, 693)",
        "(639, 65)",
        "(452, 65)",
        "(132, 266)",
        "(587, 189)",
        "(583, 541)",
        "(22, 425)",
        "(298, 370)",
        "(273, 945)",
        "(265, 551)",
        "(937, 807)",
        "(400, 92)",
        "(244, 730)",
        "(178, 457)",
        "(406, 259)",
        "(152, 976)"
    ],
    "(132, 266)": [
        "(400, 92)",
        "(90, 137)",
        "(708, 301)",
        "(804, 986)",
        "(328, 962)",
        "(737, 496)",
        "(944, 159)",
        "(998, 413)",
        "(583, 541)",
        "(769, 988)",
        "(152, 905)",
        "(473, 376)",
        "(351, 915)",
        "(825, 505)",
        "(787, 834)",
        "(575, 941)",
        "(69, 54)",
        "(473, 459)",
        "(500, 542)",
        "(970, 11)",
        "(395, 124)",
        "(549, 834)",
        "(301, 552)",
        "(178, 457)"
    ],
    "(500, 542)": [
        "(575, 941)",
        "(244, 103)",
        "(830, 768)",
        "(493, 71)",
        "(865, 344)",
        "(400, 92)",
        "(473, 459)",
        "(28, 961)",
        "(658, 678)",
        "(265, 551)",
        "(957, 457)",
        "(351, 915)",
        "(402, 585)",
        "(132, 266)",
        "(152, 905)",
        "(944, 159)",
        "(140, 693)",
        "(801, 447)"
    ],
    "(992, 448)": [
        "(935, 228)",
        "(737, 496)",
        "(328, 962)",
        "(944, 159)",
        "(22, 425)",
        "(265, 551)",
        "(246, 22)",
        "(249, 797)",
        "(400, 92)",
        "(937, 807)",
        "(830, 768)",
        "(804, 986)",
        "(865, 182)",
        "(970, 11)",
        "(769, 988)",
        "(473, 376)",
        "(273, 945)",
        "(575, 941)",
        "(28, 961)"
    ],
    "(265, 551)": [
        "(301, 552)",
        "(119, 430)",
        "(140, 693)",
        "(300, 136)",
        "(606, 446)",
        "(804, 986)",
        "(672, 264)",
        "(639, 65)",
        "(792, 101)",
        "(998, 413)",
        "(992, 448)",
        "(28, 961)",
        "(69, 54)",
        "(473, 376)",
        "(246, 22)",
        "(500, 542)",
        "(989, 714)",
        "(665, 538)",
        "(737, 496)",
        "(452, 65)",
        "(708, 301)",
        "(583, 541)",
        "(90, 73)",
        "(549, 834)",
        "(395, 124)"
    ],
    "(152, 976)": [
        "(998, 413)",
        "(737, 496)",
        "(273, 945)",
        "(222, 974)",
        "(825, 505)",
        "(658, 678)",
        "(493, 71)",
        "(801, 447)",
        "(152, 905)",
        "(944, 159)",
        "(830, 768)",
        "(246, 22)",
        "(406, 259)",
        "(244, 103)",
        "(300, 136)",
        "(452, 65)",
        "(559, 699)",
        "(178, 457)",
        "(708, 301)"
    ],
    "(351, 915)": [
        "(178, 457)",
        "(585, 50)",
        "(28, 961)",
        "(222, 974)",
        "(273, 945)",
        "(301, 552)",
        "(132, 266)",
        "(680, 930)",
        "(246, 22)",
        "(737, 496)",
        "(500, 542)",
        "(672, 264)",
        "(433, 472)",
        "(957, 457)",
        "(830, 768)",
        "(473, 376)",
        "(665, 538)",
        "(406, 259)"
    ],
    "(178, 457)": [
        "(351, 915)",
        "(328, 962)",
        "(865, 344)",
        "(957, 457)",
        "(152, 905)",
        "(727, 923)",
        "(680, 930)",
        "(244, 103)",
        "(672, 264)",
        "(606, 446)",
        "(301, 552)",
        "(792, 101)",
        "(585, 50)",
        "(132, 266)",
        "(708, 301)",
        "(152, 976)"
    ],
    "(801, 447)": [
        "(583, 541)",
        "(152, 905)",
        "(804, 986)",
        "(298, 317)",
        "(727, 923)",
        "(493, 71)",
        "(433, 472)",
        "(585, 50)",
        "(672, 264)",
        "(680, 930)",
        "(244, 103)",
        "(787, 834)",
        "(152, 976)",
        "(957, 457)",
        "(22, 425)",
        "(345, 341)",
        "(639, 65)",
        "(587, 189)",
        "(301, 552)",
        "(500, 542)"
    ],
    "(433, 472)": [
        "(298, 317)",
        "(246, 22)",
        "(22, 425)",
        "(801, 447)",
        "(957, 457)",
        "(680, 930)",
        "(658, 678)",
        "(90, 73)",
        "(537, 724)",
        "(351, 915)",
        "(473, 376)",
        "(395, 124)"
    ],
    "(957, 457)": [
        "(345, 341)",
        "(585, 50)",
        "(493, 71)",
        "(178, 457)",
        "(249, 797)",
        "(787, 834)",
        "(865, 182)",
        "(433, 472)",
        "(90, 137)",
        "(69, 54)",
        "(737, 496)",
        "(801, 447)",
        "(473, 376)",
        "(500, 542)",
        "(559, 699)",
        "(222, 974)",
        "(152, 905)",
        "(351, 915)",
        "(22, 425)",
        "(792, 101)",
        "(587, 189)",
        "(273, 945)"
    ],
    "(606, 446)": [
        "(537, 724)",
        "(265, 551)",
        "(944, 159)",
        "(937, 807)",
        "(69, 54)",
        "(406, 259)",
        "(549, 834)",
        "(232, 112)",
        "(970, 11)",
        "(222, 974)",
        "(935, 228)",
        "(178, 457)",
        "(787, 834)",
        "(583, 541)"
    ],
    "(232, 112)": [
        "(452, 65)",
        "(792, 101)",
        "(549, 834)",
        "(769, 988)",
        "(787, 834)",
        "(937, 807)",
        "(244, 730)",
        "(606, 446)",
        "(493, 71)",
        "(273, 945)",
        "(865, 344)",
        "(804, 986)",
        "(935, 228)",
        "(402, 585)",
        "(328, 962)"
    ],
    "(585, 50)": [
        "(22, 425)",
        "(957, 457)",
        "(351, 915)",
        "(989, 714)",
        "(152, 905)",
        "(90, 73)",
        "(473, 459)",
        "(787, 834)",
        "(801, 447)",
        "(665, 538)",
        "(301, 552)",
        "(549, 834)",
        "(140, 693)",
        "(178, 457)",
        "(559, 699)",
        "(970, 11)",
        "(400, 92)"
    ],
    "(244, 103)": [
        "(406, 259)",
        "(500, 542)",
        "(400, 248)",
        "(727, 923)",
        "(300, 136)",
        "(22, 425)",
        "(178, 457)",
        "(801, 447)",
        "(587, 189)",
        "(830, 768)",
        "(937, 807)",
        "(998, 413)",
        "(680, 930)",
        "(152, 976)",
        "(575, 941)",
        "(792, 101)"
    ],
    "(90, 137)": [
        "(273, 945)",
        "(639, 65)",
        "(132, 266)",
        "(473, 376)",
        "(583, 541)",
        "(28, 961)",
        "(957, 457)",
        "(246, 22)",
        "(658, 678)",
        "(549, 834)",
        "(406, 259)",
        "(937, 807)",
        "(400, 92)",
        "(493, 71)",
        "(825, 505)",
        "(140, 693)"
    ],
    "(970, 11)": [
        "(452, 65)",
        "(400, 92)",
        "(119, 430)",
        "(680, 930)",
        "(395, 124)",
        "(273, 945)",
        "(549, 834)",
        "(944, 159)",
        "(606, 446)",
        "(493, 71)",
        "(132, 266)",
        "(301, 552)",
        "(992, 448)",
        "(935, 228)",
        "(585, 50)",
        "(559, 699)",
        "(249, 797)",
        "(639, 65)"
    ],
    "(998, 413)": [
        "(152, 976)",
        "(273, 945)",
        "(452, 65)",
        "(132, 266)",
        "(265, 551)",
        "(804, 986)",
        "(787, 834)",
        "(301, 552)",
        "(944, 159)",
        "(583, 541)",
        "(244, 103)",
        "(737, 496)",
        "(865, 344)",
        "(246, 22)"
    ],
    "(587, 189)": [
        "(244, 730)",
        "(708, 301)",
        "(537, 724)",
        "(119, 430)",
        "(787, 834)",
        "(152, 905)",
        "(244, 103)",
        "(328, 962)",
        "(804, 986)",
        "(400, 248)",
        "(549, 834)",
        "(575, 941)",
        "(801, 447)",
        "(957, 457)",
        "(395, 124)",
        "(222, 974)"
    ],
    "(937, 807)": [
        "(672, 264)",
        "(639, 65)",
        "(402, 585)",
        "(769, 988)",
        "(606, 446)",
        "(559, 699)",
        "(830, 768)",
        "(273, 945)",
        "(232, 112)",
        "(400, 92)",
        "(345, 341)",
        "(28, 961)",
        "(992, 448)",
        "(249, 797)",
        "(140, 693)",
        "(244, 103)",
        "(90, 137)",
        "(708, 301)",
        "(737, 496)"
    ]
}