{
    "(383, 135)": [
        "(297, 796)",
        "(813, 965)",
        "(765, 730)",
        "(37, 568)",
        "(597, 647)",
        "(679, 923)",
        "(523, 644)",
        "(43, 428)",
        "(113, 405)",
        "(608, 353)",
        "(906, 301)",
        "(418, 865)",
        "(640, 191)",
        "(351, 477)",
        "(519, 483)",
        "(668, 139)",
        "(277, 218)",
        "(974, 64)",
        "(19, 154)",
        "(33, 813)",
        "(360, 270)",
        "(493, 314)",
        "(832, 444)",
        "(207, 596)",
        "(934, 712)",
        "(876, 330)",
        "(532, 53)",
        "(826, 448)",
        "(203, 125)",
        "(595, 690)",
        "(279, 199)",
        "(745, 323)",
        "(987, 628)"
    ],
    "(297, 796)": [
        "(383, 135)",
        "(297, 740)",
        "(148, 816)",
        "(597, 647)",
        "(13, 605)",
        "(882, 514)",
        "(279, 199)",
        "(833, 908)",
        "(242, 941)",
        "(146, 298)",
        "(352, 415)",
        "(35, 878)",
        "(351, 477)",
        "(86, 605)",
        "(523, 644)",
        "(43, 428)",
        "(532, 53)",
        "(765, 730)",
        "(934, 712)",
        "(283, 484)",
        "(19, 154)",
        "(113, 405)",
        "(855, 631)",
        "(679, 923)",
        "(975, 231)",
        "(387, 659)",
        "(792, 232)",
        "(519, 483)",
        "(37, 568)",
        "(818, 670)",
        "(9, 200)",
        "(826, 448)",
        "(338, 856)",
        "(640, 191)"
    ],
    "(595, 690)": [
        "(745, 323)",
        "(360, 270)",
        "(277, 218)",
        "(207, 596)",
        "(679, 923)",
        "(455, 458)",
        "(668, 139)",
        "(855, 631)",
        "(523, 644)",
        "(37, 568)",
        "(387, 659)",
        "(518, 795)",
        "(86, 605)",
        "(597, 647)",
        "(203, 125)",
        "(68, 294)",
        "(974, 64)",
        "(102, 77)",
        "(934, 712)",
        "(270, 5)",
        "(975, 231)",
        "(628, 412)",
        "(351, 477)",
        "(813, 965)",
        "(928, 319)",
        "(388, 154)",
        "(35, 878)",
        "(297, 740)",
        "(338, 856)",
        "(56, 45)",
        "(806, 273)",
        "(33, 813)",
        "(383, 135)",
        "(818, 670)",
        "(532, 53)",
        "(129, 53)",
        "(833, 908)"
    ],
    "(906, 301)": [
        "(19, 154)",
        "(456, 889)",
        "(597, 647)",
        "(975, 231)",
        "(640, 191)",
        "(668, 139)",
        "(813, 965)",
        "(455, 458)",
        "(207, 596)",
        "(279, 199)",
        "(360, 270)",
        "(371, 306)",
        "(928, 319)",
        "(9, 200)",
        "(745, 323)",
        "(668, 107)",
        "(383, 135)",
        "(855, 631)",
        "(86, 605)",
        "(43, 428)",
        "(882, 514)",
        "(833, 908)",
        "(277, 218)",
        "(37, 568)",
        "(628, 412)",
        "(933, 263)",
        "(35, 878)",
        "(826, 448)",
        "(523, 644)",
        "(679, 923)",
        "(608, 353)",
        "(68, 294)",
        "(13, 605)",
        "(832, 444)",
        "(934, 712)",
        "(987, 628)",
        "(33, 813)"
    ],
    "(668, 139)": [
        "(855, 631)",
        "(360, 270)",
        "(595, 690)",
        "(934, 712)",
        "(906, 301)",
        "(279, 199)",
        "(812, 116)",
        "(818, 670)",
        "(523, 644)",
        "(277, 218)",
        "(172, 702)",
        "(86, 605)",
        "(640, 191)",
        "(832, 444)",
        "(146, 298)",
        "(148, 816)",
        "(9, 200)",
        "(882, 514)",
        "(628, 412)",
        "(806, 273)",
        "(493, 314)",
        "(668, 107)",
        "(352, 415)",
        "(68, 294)",
        "(383, 135)",
        "(455, 458)",
        "(102, 77)",
        "(745, 323)",
        "(765, 730)",
        "(19, 154)",
        "(418, 865)",
        "(203, 125)",
        "(608, 353)",
        "(207, 596)",
        "(422, 486)",
        "(242, 941)",
        "(33, 813)",
        "(113, 405)",
        "(532, 53)",
        "(456, 889)",
        "(37, 568)"
    ],
    "(387, 659)": [
        "(371, 306)",
        "(679, 923)",
        "(338, 856)",
        "(33, 813)",
        "(974, 64)",
        "(352, 415)",
        "(146, 298)",
        "(493, 314)",
        "(518, 795)",
        "(388, 154)",
        "(277, 218)",
        "(270, 5)",
        "(519, 483)",
        "(455, 458)",
        "(595, 690)",
        "(56, 45)",
        "(113, 405)",
        "(876, 330)",
        "(628, 412)",
        "(351, 477)",
        "(597, 647)",
        "(13, 605)",
        "(297, 740)",
        "(43, 428)",
        "(832, 444)",
        "(608, 353)",
        "(297, 796)",
        "(37, 568)",
        "(668, 107)",
        "(203, 125)",
        "(855, 631)",
        "(279, 199)",
        "(523, 644)"
    ],
    "(360, 270)": [
        "(523, 644)",
        "(792, 232)",
        "(595, 690)",
        "(283, 484)",
        "(668, 139)",
        "(33, 813)",
        "(279, 199)",
        "(172, 702)",
        "(906, 301)",
        "(19, 154)",
        "(975, 231)",
        "(56, 45)",
        "(456, 889)",
        "(640, 191)",
        "(37, 568)",
        "(418, 865)",
        "(597, 647)",
        "(455, 458)",
        "(608, 353)",
        "(129, 53)",
        "(987, 628)",
        "(383, 135)",
        "(493, 314)",
        "(855, 631)",
        "(928, 319)",
        "(333, 397)",
        "(270, 5)",
        "(806, 273)",
        "(974, 64)",
        "(813, 965)",
        "(113, 405)",
        "(668, 107)"
    ],
    "(68, 294)": [
        "(172, 702)",
        "(283, 484)",
        "(987, 628)",
        "(352, 415)",
        "(203, 125)",
        "(388, 154)",
        "(532, 53)",
        "(351, 477)",
        "(933, 263)",
        "(745, 323)",
        "(679, 923)",
        "(297, 740)",
        "(56, 45)",
        "(876, 330)",
        "(338, 856)",
        "(826, 448)",
        "(595, 690)",
        "(640, 191)",
        "(975, 231)",
        "(43, 428)",
        "(456, 889)",
        "(86, 605)",
        "(242, 941)",
        "(13, 605)",
        "(668, 139)",
        "(418, 865)",
        "(146, 298)",
        "(9, 200)",
        "(33, 813)",
        "(668, 107)",
        "(812, 116)",
        "(422, 486)",
        "(906, 301)",
        "(270, 5)",
        "(818, 670)",
        "(102, 77)",
        "(493, 314)",
        "(19, 154)",
        "(129, 53)",
        "(882, 514)"
    ],
    "(813, 965)": [
        "(383, 135)",
        "(418, 865)",
        "(422, 486)",
        "(532, 53)",
        "(906, 301)",
        "(597, 647)",
        "(974, 64)",
        "(148, 816)",
        "(792, 232)",
        "(668, 107)",
        "(628, 412)",
        "(388, 154)",
        "(129, 53)",
        "(102, 77)",
        "(933, 263)",
        "(595, 690)",
        "(818, 670)",
        "(43, 428)",
        "(351, 477)",
        "(172, 702)",
        "(37, 568)",
        "(207, 596)",
        "(975, 231)",
        "(456, 889)",
        "(833, 908)",
        "(360, 270)"
    ],
    "(745, 323)": [
        "(595, 690)",
        "(333, 397)",
        "(129, 53)",
        "(523, 644)",
        "(351, 477)",
        "(146, 298)",
        "(37, 568)",
        "(68, 294)",
        "(455, 458)",
        "(974, 64)",
        "(640, 191)",
        "(518, 795)",
        "(934, 712)",
        "(532, 53)",
        "(876, 330)",
        "(906, 301)",
        "(679, 923)",
        "(928, 319)",
        "(388, 154)",
        "(855, 631)",
        "(608, 353)",
        "(19, 154)",
        "(297, 740)",
        "(818, 670)",
        "(765, 730)",
        "(33, 813)",
        "(172, 702)",
        "(668, 139)",
        "(283, 484)",
        "(113, 405)",
        "(832, 444)",
        "(493, 314)",
        "(987, 628)",
        "(242, 941)",
        "(812, 116)",
        "(833, 908)",
        "(422, 486)",
        "(383, 135)",
        "(56, 45)",
        "(203, 125)"
    ],
    "(855, 631)": [
        "(668, 139)",
        "(146, 298)",
        "(86, 605)",
        "(9, 200)",
        "(455, 458)",
        "(595, 690)",
        "(148, 816)",
        "(765, 730)",
        "(679, 923)",
        "(371, 306)",
        "(519, 483)",
        "(270, 5)",
        "(493, 314)",
        "(456, 889)",
        "(906, 301)",
        "(628, 412)",
        "(129, 53)",
        "(745, 323)",
        "(975, 231)",
        "(19, 154)",
        "(640, 191)",
        "(812, 116)",
        "(33, 813)",
        "(43, 428)",
        "(297, 796)",
        "(388, 154)",
        "(333, 397)",
        "(360, 270)",
        "(597, 647)",
        "(297, 740)",
        "(608, 353)",
        "(387, 659)",
        "(37, 568)",
        "(668, 107)",
        "(279, 199)",
        "(422, 486)"
    ],
    "(37, 568)": [
        "(351, 477)",
        "(833, 908)",
        "(532, 53)",
        "(608, 353)",
        "(628, 412)",
        "(383, 135)",
        "(388, 154)",
        "(934, 712)",
        "(806, 273)",
        "(745, 323)",
        "(595, 690)",
        "(826, 448)",
        "(297, 740)",
        "(203, 125)",
        "(818, 670)",
        "(86, 605)",
        "(360, 270)",
        "(283, 484)",
        "(33, 813)",
        "(812, 116)",
        "(19, 154)",
        "(102, 77)",
        "(906, 301)",
        "(371, 306)",
        "(813, 965)",
        "(933, 263)",
        "(597, 647)",
        "(455, 458)",
        "(975, 231)",
        "(129, 53)",
        "(338, 856)",
        "(113, 405)",
        "(297, 796)",
        "(418, 865)",
        "(352, 415)",
        "(13, 605)",
        "(422, 486)",
        "(387, 659)",
        "(855, 631)",
        "(668, 139)"
    ],
    "(35, 878)": [
        "(933, 263)",
        "(493, 314)",
        "(333, 397)",
        "(640, 191)",
        "(832, 444)",
        "(519, 483)",
        "(975, 231)",
        "(679, 923)",
        "(765, 730)",
        "(456, 889)",
        "(270, 5)",
        "(297, 740)",
        "(934, 712)",
        "(146, 298)",
        "(518, 795)",
        "(987, 628)",
        "(297, 796)",
        "(371, 306)",
        "(628, 412)",
        "(523, 644)",
        "(668, 107)",
        "(102, 77)",
        "(113, 405)",
        "(43, 428)",
        "(56, 45)",
        "(203, 125)",
        "(806, 273)",
        "(595, 690)",
        "(876, 330)",
        "(608, 353)",
        "(207, 596)",
        "(19, 154)",
        "(455, 458)",
        "(974, 64)",
        "(86, 605)",
        "(279, 199)",
        "(906, 301)",
        "(818, 670)",
        "(928, 319)"
    ],
    "(934, 712)": [
        "(532, 53)",
        "(352, 415)",
        "(668, 139)",
        "(37, 568)",
        "(277, 218)",
        "(35, 878)",
        "(832, 444)",
        "(333, 397)",
        "(148, 816)",
        "(422, 486)",
        "(812, 116)",
        "(928, 319)",
        "(33, 813)",
        "(595, 690)",
        "(745, 323)",
        "(388, 154)",
        "(43, 428)",
        "(102, 77)",
        "(279, 199)",
        "(640, 191)",
        "(455, 458)",
        "(876, 330)",
        "(129, 53)",
        "(493, 314)",
        "(519, 483)",
        "(297, 796)",
        "(765, 730)",
        "(628, 412)",
        "(86, 605)",
        "(418, 865)",
        "(792, 232)",
        "(383, 135)",
        "(338, 856)",
        "(882, 514)",
        "(818, 670)",
        "(113, 405)",
        "(906, 301)"
    ],
    "(172, 702)": [
        "(68, 294)",
        "(283, 484)",
        "(33, 813)",
        "(102, 77)",
        "(203, 125)",
        "(279, 199)",
        "(86, 605)",
        "(456, 889)",
        "(806, 273)",
        "(360, 270)",
        "(338, 856)",
        "(668, 139)",
        "(518, 795)",
        "(277, 218)",
        "(974, 64)",
        "(352, 415)",
        "(876, 330)",
        "(297, 740)",
        "(113, 405)",
        "(455, 458)",
        "(668, 107)",
        "(56, 45)",
        "(826, 448)",
        "(493, 314)",
        "(832, 444)",
        "(813, 965)",
        "(148, 816)",
        "(745, 323)",
        "(818, 670)",
        "(270, 5)",
        "(351, 477)",
        "(928, 319)",
        "(371, 306)",
        "(882, 514)",
        "(9, 200)",
        "(242, 941)"
    ],
    "(351, 477)": [
        "(418, 865)",
        "(56, 45)",
        "(37, 568)",
        "(523, 644)",
        "(745, 323)",
        "(608, 353)",
        "(68, 294)",
        "(279, 199)",
        "(679, 923)",
        "(270, 5)",
        "(297, 796)",
        "(387, 659)",
        "(9, 200)",
        "(113, 405)",
        "(102, 77)",
        "(371, 306)",
        "(595, 690)",
        "(933, 263)",
        "(818, 670)",
        "(383, 135)",
        "(456, 889)",
        "(813, 965)",
        "(974, 64)",
        "(352, 415)",
        "(518, 795)",
        "(519, 483)",
        "(812, 116)",
        "(129, 53)",
        "(876, 330)",
        "(33, 813)",
        "(172, 702)",
        "(928, 319)",
        "(283, 484)",
        "(640, 191)",
        "(333, 397)",
        "(792, 232)",
        "(833, 908)",
        "(422, 486)",
        "(493, 314)"
    ],
    "(975, 231)": [
        "(906, 301)",
        "(35, 878)",
        "(455, 458)",
        "(456, 889)",
        "(146, 298)",
        "(283, 484)",
        "(640, 191)",
        "(532, 53)",
        "(360, 270)",
        "(68, 294)",
        "(765, 730)",
        "(595, 690)",
        "(207, 596)",
        "(855, 631)",
        "(388, 154)",
        "(882, 514)",
        "(102, 77)",
        "(43, 428)",
        "(987, 628)",
        "(813, 965)",
        "(974, 64)",
        "(113, 405)",
        "(297, 796)",
        "(37, 568)",
        "(129, 53)",
        "(812, 116)",
        "(628, 412)",
        "(519, 483)",
        "(668, 107)",
        "(493, 314)",
        "(148, 816)",
        "(792, 232)",
        "(833, 908)"
    ],
    "(148, 816)": [
        "(418, 865)",
        "(86, 605)",
        "(56, 45)",
        "(679, 923)",
        "(297, 796)",
        "(277, 218)",
        "(628, 412)",
        "(765, 730)",
        "(855, 631)",
        "(493, 314)",
        "(934, 712)",
        "(33, 813)",
        "(813, 965)",
        "(974, 64)",
        "(668, 107)",
        "(456, 889)",
        "(876, 330)",
        "(333, 397)",
        "(882, 514)",
        "(668, 139)",
        "(13, 605)",
        "(146, 298)",
        "(519, 483)",
        "(832, 444)",
        "(129, 53)",
        "(933, 263)",
        "(352, 415)",
        "(172, 702)",
        "(207, 596)",
        "(640, 191)",
        "(975, 231)",
        "(792, 232)",
        "(818, 670)",
        "(826, 448)"
    ],
    "(388, 154)": [
        "(297, 740)",
        "(418, 865)",
        "(806, 273)",
        "(203, 125)",
        "(68, 294)",
        "(387, 659)",
        "(37, 568)",
        "(882, 514)",
        "(207, 596)",
        "(597, 647)",
        "(818, 670)",
        "(628, 412)",
        "(792, 232)",
        "(679, 923)",
        "(146, 298)",
        "(987, 628)",
        "(518, 795)",
        "(532, 53)",
        "(43, 428)",
        "(765, 730)",
        "(813, 965)",
        "(934, 712)",
        "(745, 323)",
        "(279, 199)",
        "(975, 231)",
        "(277, 218)",
        "(595, 690)",
        "(640, 191)",
        "(855, 631)",
        "(422, 486)",
        "(352, 415)",
        "(826, 448)",
        "(242, 941)",
        "(519, 483)",
        "(523, 644)",
        "(283, 484)",
        "(129, 53)",
        "(455, 458)"
    ],
    "(422, 486)": [
        "(679, 923)",
        "(818, 670)",
        "(813, 965)",
        "(33, 813)",
        "(974, 64)",
        "(456, 889)",
        "(352, 415)",
        "(43, 428)",
        "(640, 191)",
        "(934, 712)",
        "(493, 314)",
        "(203, 125)",
        "(597, 647)",
        "(13, 605)",
        "(455, 458)",
        "(812, 116)",
        "(518, 795)",
        "(371, 306)",
        "(283, 484)",
        "(242, 941)",
        "(792, 232)",
        "(388, 154)",
        "(68, 294)",
        "(668, 139)",
        "(37, 568)",
        "(113, 405)",
        "(928, 319)",
        "(745, 323)",
        "(855, 631)",
        "(279, 199)",
        "(351, 477)"
    ],
    "(456, 889)": [
        "(207, 596)",
        "(352, 415)",
        "(906, 301)",
        "(608, 353)",
        "(19, 154)",
        "(422, 486)",
        "(975, 231)",
        "(35, 878)",
        "(832, 444)",
        "(283, 484)",
        "(172, 702)",
        "(532, 53)",
        "(86, 605)",
        "(933, 263)",
        "(13, 605)",
        "(418, 865)",
        "(360, 270)",
        "(113, 405)",
        "(148, 816)",
        "(855, 631)",
        "(987, 628)",
        "(56, 45)",
        "(68, 294)",
        "(833, 908)",
        "(826, 448)",
        "(146, 298)",
        "(351, 477)",
        "(597, 647)",
        "(668, 107)",
        "(270, 5)",
        "(813, 965)",
        "(792, 232)",
        "(523, 644)",
        "(818, 670)",
        "(974, 64)",
        "(33, 813)",
        "(242, 941)",
        "(333, 397)",
        "(668, 139)",
        "(277, 218)",
        "(203, 125)",
        "(297, 740)"
    ],
    "(129, 53)": [
        "(333, 397)",
        "(826, 448)",
        "(297, 740)",
        "(745, 323)",
        "(56, 45)",
        "(371, 306)",
        "(279, 199)",
        "(608, 353)",
        "(532, 53)",
        "(13, 605)",
        "(277, 218)",
        "(813, 965)",
        "(765, 730)",
        "(855, 631)",
        "(523, 644)",
        "(928, 319)",
        "(597, 647)",
        "(148, 816)",
        "(934, 712)",
        "(113, 405)",
        "(360, 270)",
        "(102, 77)",
        "(679, 923)",
        "(418, 865)",
        "(207, 596)",
        "(351, 477)",
        "(9, 200)",
        "(975, 231)",
        "(37, 568)",
        "(806, 273)",
        "(595, 690)",
        "(388, 154)",
        "(876, 330)",
        "(68, 294)"
    ],
    "(279, 199)": [
        "(13, 605)",
        "(102, 77)",
        "(628, 412)",
        "(297, 796)",
        "(832, 444)",
        "(818, 670)",
        "(597, 647)",
        "(129, 53)",
        "(351, 477)",
        "(668, 139)",
        "(172, 702)",
        "(806, 273)",
        "(360, 270)",
        "(283, 484)",
        "(679, 923)",
        "(906, 301)",
        "(455, 458)",
        "(933, 263)",
        "(146, 298)",
        "(86, 605)",
        "(242, 941)",
        "(338, 856)",
        "(934, 712)",
        "(388, 154)",
        "(640, 191)",
        "(277, 218)",
        "(35, 878)",
        "(826, 448)",
        "(270, 5)",
        "(383, 135)",
        "(418, 865)",
        "(855, 631)",
        "(387, 659)",
        "(19, 154)",
        "(422, 486)",
        "(207, 596)",
        "(518, 795)"
    ],
    "(523, 644)": [
        "(360, 270)",
        "(351, 477)",
        "(371, 306)",
        "(745, 323)",
        "(933, 263)",
        "(595, 690)",
        "(668, 139)",
        "(974, 64)",
        "(383, 135)",
        "(35, 878)",
        "(597, 647)",
        "(818, 670)",
        "(33, 813)",
        "(19, 154)",
        "(987, 628)",
        "(13, 605)",
        "(297, 796)",
        "(640, 191)",
        "(242, 941)",
        "(129, 53)",
        "(833, 908)",
        "(297, 740)",
        "(456, 889)",
        "(906, 301)",
        "(388, 154)",
        "(532, 53)",
        "(832, 444)",
        "(882, 514)",
        "(812, 116)",
        "(518, 795)",
        "(283, 484)",
        "(387, 659)"
    ],
    "(640, 191)": [
        "(532, 53)",
        "(203, 125)",
        "(35, 878)",
        "(906, 301)",
        "(987, 628)",
        "(146, 298)",
        "(792, 232)",
        "(102, 77)",
        "(597, 647)",
        "(9, 200)",
        "(333, 397)",
        "(806, 273)",
        "(975, 231)",
        "(518, 795)",
        "(422, 486)",
        "(745, 323)",
        "(68, 294)",
        "(43, 428)",
        "(360, 270)",
        "(668, 139)",
        "(882, 514)",
        "(818, 670)",
        "(628, 412)",
        "(242, 941)",
        "(928, 319)",
        "(523, 644)",
        "(383, 135)",
        "(934, 712)",
        "(668, 107)",
        "(352, 415)",
        "(876, 330)",
        "(826, 448)",
        "(277, 218)",
        "(855, 631)",
        "(679, 923)",
        "(388, 154)",
        "(279, 199)",
        "(933, 263)",
        "(812, 116)",
        "(56, 45)",
        "(351, 477)",
        "(297, 740)",
        "(86, 605)",
        "(148, 816)",
        "(19, 154)",
        "(765, 730)",
        "(297, 796)"
    ],
    "(33, 813)": [
        "(387, 659)",
        "(283, 484)",
        "(172, 702)",
        "(832, 444)",
        "(422, 486)",
        "(518, 795)",
        "(360, 270)",
        "(86, 605)",
        "(532, 53)",
        "(148, 816)",
        "(934, 712)",
        "(523, 644)",
        "(333, 397)",
        "(882, 514)",
        "(37, 568)",
        "(792, 232)",
        "(812, 116)",
        "(745, 323)",
        "(207, 596)",
        "(855, 631)",
        "(383, 135)",
        "(68, 294)",
        "(351, 477)",
        "(595, 690)",
        "(806, 273)",
        "(352, 415)",
        "(456, 889)",
        "(668, 139)",
        "(19, 154)",
        "(608, 353)",
        "(876, 330)",
        "(13, 605)",
        "(906, 301)"
    ],
    "(933, 263)": [
        "(35, 878)",
        "(19, 154)",
        "(818, 670)",
        "(987, 628)",
        "(113, 405)",
        "(523, 644)",
        "(68, 294)",
        "(146, 298)",
        "(86, 605)",
        "(102, 77)",
        "(832, 444)",
        "(56, 45)",
        "(974, 64)",
        "(207, 596)",
        "(456, 889)",
        "(279, 199)",
        "(277, 218)",
        "(352, 415)",
        "(597, 647)",
        "(813, 965)",
        "(270, 5)",
        "(351, 477)",
        "(297, 740)",
        "(9, 200)",
        "(203, 125)",
        "(812, 116)",
        "(148, 816)",
        "(518, 795)",
        "(418, 865)",
        "(640, 191)",
        "(37, 568)",
        "(906, 301)",
        "(806, 273)",
        "(876, 330)",
        "(679, 923)"
    ],
    "(876, 330)": [
        "(493, 314)",
        "(333, 397)",
        "(283, 484)",
        "(203, 125)",
        "(818, 670)",
        "(806, 273)",
        "(297, 740)",
        "(387, 659)",
        "(113, 405)",
        "(68, 294)",
        "(608, 353)",
        "(745, 323)",
        "(148, 816)",
        "(207, 596)",
        "(172, 702)",
        "(277, 218)",
        "(102, 77)",
        "(934, 712)",
        "(640, 191)",
        "(371, 306)",
        "(35, 878)",
        "(532, 53)",
        "(826, 448)",
        "(351, 477)",
        "(383, 135)",
        "(933, 263)",
        "(668, 107)",
        "(43, 428)",
        "(832, 444)",
        "(129, 53)",
        "(33, 813)",
        "(765, 730)"
    ],
    "(806, 273)": [
        "(519, 483)",
        "(333, 397)",
        "(43, 428)",
        "(388, 154)",
        "(597, 647)",
        "(283, 484)",
        "(876, 330)",
        "(37, 568)",
        "(279, 199)",
        "(113, 405)",
        "(146, 298)",
        "(640, 191)",
        "(172, 702)",
        "(207, 596)",
        "(352, 415)",
        "(974, 64)",
        "(608, 353)",
        "(668, 107)",
        "(832, 444)",
        "(668, 139)",
        "(35, 878)",
        "(628, 412)",
        "(595, 690)",
        "(818, 670)",
        "(518, 795)",
        "(933, 263)",
        "(338, 856)",
        "(33, 813)",
        "(129, 53)",
        "(882, 514)",
        "(360, 270)",
        "(86, 605)",
        "(455, 458)"
    ],
    "(826, 448)": [
        "(129, 53)",
        "(519, 483)",
        "(532, 53)",
        "(297, 740)",
        "(203, 125)",
        "(37, 568)",
        "(68, 294)",
        "(283, 484)",
        "(833, 908)",
        "(456, 889)",
        "(792, 232)",
        "(640, 191)",
        "(270, 5)",
        "(172, 702)",
        "(832, 444)",
        "(876, 330)",
        "(13, 605)",
        "(277, 218)",
        "(371, 306)",
        "(418, 865)",
        "(974, 64)",
        "(113, 405)",
        "(279, 199)",
        "(906, 301)",
        "(388, 154)",
        "(383, 135)",
        "(628, 412)",
        "(297, 796)",
        "(987, 628)",
        "(338, 856)",
        "(43, 428)",
        "(148, 816)"
    ],
    "(832, 444)": [
        "(113, 405)",
        "(35, 878)",
        "(297, 740)",
        "(19, 154)",
        "(33, 813)",
        "(456, 889)",
        "(279, 199)",
        "(242, 941)",
        "(934, 712)",
        "(86, 605)",
        "(933, 263)",
        "(668, 139)",
        "(333, 397)",
        "(43, 428)",
        "(679, 923)",
        "(806, 273)",
        "(818, 670)",
        "(148, 816)",
        "(203, 125)",
        "(628, 412)",
        "(826, 448)",
        "(172, 702)",
        "(493, 314)",
        "(207, 596)",
        "(765, 730)",
        "(387, 659)",
        "(455, 458)",
        "(833, 908)",
        "(608, 353)",
        "(383, 135)",
        "(338, 856)",
        "(745, 323)",
        "(974, 64)",
        "(9, 200)",
        "(523, 644)",
        "(876, 330)",
        "(352, 415)",
        "(882, 514)",
        "(906, 301)"
    ],
    "(679, 923)": [
        "(387, 659)",
        "(422, 486)",
        "(455, 458)",
        "(148, 816)",
        "(595, 690)",
        "(35, 878)",
        "(765, 730)",
        "(383, 135)",
        "(928, 319)",
        "(279, 199)",
        "(351, 477)",
        "(68, 294)",
        "(338, 856)",
        "(371, 306)",
        "(855, 631)",
        "(388, 154)",
        "(532, 53)",
        "(270, 5)",
        "(203, 125)",
        "(745, 323)",
        "(832, 444)",
        "(9, 200)",
        "(987, 628)",
        "(812, 116)",
        "(640, 191)",
        "(129, 53)",
        "(352, 415)",
        "(833, 908)",
        "(113, 405)",
        "(297, 796)",
        "(906, 301)",
        "(933, 263)",
        "(242, 941)",
        "(518, 795)",
        "(283, 484)",
        "(882, 514)",
        "(792, 232)"
    ],
    "(882, 514)": [
        "(277, 218)",
        "(455, 458)",
        "(297, 796)",
        "(388, 154)",
        "(418, 865)",
        "(628, 412)",
        "(765, 730)",
        "(19, 154)",
        "(207, 596)",
        "(928, 319)",
        "(640, 191)",
        "(270, 5)",
        "(33, 813)",
        "(608, 353)",
        "(148, 816)",
        "(833, 908)",
        "(668, 107)",
        "(668, 139)",
        "(975, 231)",
        "(906, 301)",
        "(102, 77)",
        "(352, 415)",
        "(86, 605)",
        "(9, 200)",
        "(812, 116)",
        "(333, 397)",
        "(13, 605)",
        "(56, 45)",
        "(806, 273)",
        "(934, 712)",
        "(172, 702)",
        "(523, 644)",
        "(832, 444)",
        "(679, 923)",
        "(68, 294)",
        "(493, 314)",
        "(519, 483)"
    ],
    "(518, 795)": [
        "(338, 856)",
        "(113, 405)",
        "(493, 314)",
        "(387, 659)",
        "(33, 813)",
        "(640, 191)",
        "(987, 628)",
        "(35, 878)",
        "(833, 908)",
        "(595, 690)",
        "(745, 323)",
        "(172, 702)",
        "(388, 154)",
        "(297, 740)",
        "(19, 154)",
        "(333, 397)",
        "(86, 605)",
        "(812, 116)",
        "(422, 486)",
        "(933, 263)",
        "(283, 484)",
        "(351, 477)",
        "(9, 200)",
        "(806, 273)",
        "(668, 107)",
        "(792, 232)",
        "(102, 77)",
        "(679, 923)",
        "(597, 647)",
        "(523, 644)",
        "(279, 199)",
        "(277, 218)"
    ],
    "(13, 605)": [
        "(279, 199)",
        "(9, 200)",
        "(297, 796)",
        "(608, 353)",
        "(352, 415)",
        "(974, 64)",
        "(792, 232)",
        "(493, 314)",
        "(129, 53)",
        "(456, 889)",
        "(283, 484)",
        "(86, 605)",
        "(371, 306)",
        "(297, 740)",
        "(418, 865)",
        "(928, 319)",
        "(523, 644)",
        "(422, 486)",
        "(148, 816)",
        "(333, 397)",
        "(270, 5)",
        "(532, 53)",
        "(387, 659)",
        "(68, 294)",
        "(597, 647)",
        "(668, 107)",
        "(826, 448)",
        "(519, 483)",
        "(19, 154)",
        "(882, 514)",
        "(455, 458)",
        "(37, 568)",
        "(906, 301)",
        "(765, 730)",
        "(33, 813)"
    ],
    "(333, 397)": [
        "(628, 412)",
        "(129, 53)",
        "(876, 330)",
        "(806, 273)",
        "(745, 323)",
        "(146, 298)",
        "(35, 878)",
        "(203, 125)",
        "(455, 458)",
        "(640, 191)",
        "(56, 45)",
        "(934, 712)",
        "(9, 200)",
        "(277, 218)",
        "(597, 647)",
        "(812, 116)",
        "(832, 444)",
        "(518, 795)",
        "(519, 483)",
        "(33, 813)",
        "(148, 816)",
        "(13, 605)",
        "(352, 415)",
        "(338, 856)",
        "(283, 484)",
        "(765, 730)",
        "(818, 670)",
        "(987, 628)",
        "(974, 64)",
        "(882, 514)",
        "(855, 631)",
        "(360, 270)",
        "(86, 605)",
        "(532, 53)",
        "(242, 941)",
        "(351, 477)",
        "(456, 889)"
    ],
    "(418, 865)": [
        "(351, 477)",
        "(148, 816)",
        "(519, 483)",
        "(493, 314)",
        "(388, 154)",
        "(813, 965)",
        "(352, 415)",
        "(207, 596)",
        "(882, 514)",
        "(43, 428)",
        "(9, 200)",
        "(456, 889)",
        "(270, 5)",
        "(668, 107)",
        "(86, 605)",
        "(812, 116)",
        "(13, 605)",
        "(360, 270)",
        "(277, 218)",
        "(608, 353)",
        "(597, 647)",
        "(242, 941)",
        "(383, 135)",
        "(933, 263)",
        "(68, 294)",
        "(129, 53)",
        "(113, 405)",
        "(203, 125)",
        "(934, 712)",
        "(826, 448)",
        "(833, 908)",
        "(668, 139)",
        "(37, 568)",
        "(102, 77)",
        "(279, 199)",
        "(371, 306)"
    ],
    "(628, 412)": [
        "(455, 458)",
        "(333, 397)",
        "(56, 45)",
        "(279, 199)",
        "(37, 568)",
        "(148, 816)",
        "(812, 116)",
        "(113, 405)",
        "(338, 856)",
        "(882, 514)",
        "(388, 154)",
        "(35, 878)",
        "(387, 659)",
        "(493, 314)",
        "(207, 596)",
        "(813, 965)",
        "(640, 191)",
        "(595, 690)",
        "(855, 631)",
        "(668, 139)",
        "(974, 64)",
        "(832, 444)",
        "(806, 273)",
        "(906, 301)",
        "(934, 712)",
        "(833, 908)",
        "(297, 740)",
        "(203, 125)",
        "(519, 483)",
        "(668, 107)",
        "(826, 448)",
        "(975, 231)",
        "(597, 647)",
        "(102, 77)"
    ],
    "(812, 116)": [
        "(987, 628)",
        "(283, 484)",
        "(519, 483)",
        "(668, 139)",
        "(56, 45)",
        "(628, 412)",
        "(934, 712)",
        "(333, 397)",
        "(418, 865)",
        "(455, 458)",
        "(207, 596)",
        "(833, 908)",
        "(9, 200)",
        "(277, 218)",
        "(518, 795)",
        "(352, 415)",
        "(37, 568)",
        "(422, 486)",
        "(679, 923)",
        "(933, 263)",
        "(297, 740)",
        "(33, 813)",
        "(855, 631)",
        "(928, 319)",
        "(351, 477)",
        "(882, 514)",
        "(68, 294)",
        "(242, 941)",
        "(668, 107)",
        "(43, 428)",
        "(640, 191)",
        "(113, 405)",
        "(975, 231)",
        "(745, 323)",
        "(523, 644)"
    ],
    "(455, 458)": [
        "(628, 412)",
        "(283, 484)",
        "(679, 923)",
        "(882, 514)",
        "(595, 690)",
        "(975, 231)",
        "(855, 631)",
        "(333, 397)",
        "(906, 301)",
        "(387, 659)",
        "(745, 323)",
        "(279, 199)",
        "(519, 483)",
        "(242, 941)",
        "(974, 64)",
        "(812, 116)",
        "(371, 306)",
        "(360, 270)",
        "(203, 125)",
        "(172, 702)",
        "(934, 712)",
        "(833, 908)",
        "(9, 200)",
        "(422, 486)",
        "(207, 596)",
        "(668, 139)",
        "(35, 878)",
        "(832, 444)",
        "(818, 670)",
        "(146, 298)",
        "(37, 568)",
        "(13, 605)",
        "(352, 415)",
        "(338, 856)",
        "(388, 154)",
        "(102, 77)",
        "(806, 273)"
    ],
    "(242, 941)": [
        "(987, 628)",
        "(203, 125)",
        "(297, 796)",
        "(832, 444)",
        "(818, 670)",
        "(371, 306)",
        "(455, 458)",
        "(207, 596)",
        "(640, 191)",
        "(418, 865)",
        "(279, 199)",
        "(765, 730)",
        "(297, 740)",
        "(113, 405)",
        "(792, 232)",
        "(523, 644)",
        "(352, 415)",
        "(68, 294)",
        "(422, 486)",
        "(56, 45)",
        "(532, 53)",
        "(519, 483)",
        "(338, 856)",
        "(812, 116)",
        "(388, 154)",
        "(745, 323)",
        "(679, 923)",
        "(668, 139)",
        "(333, 397)",
        "(456, 889)",
        "(493, 314)",
        "(172, 702)"
    ],
    "(113, 405)": [
        "(277, 218)",
        "(832, 444)",
        "(518, 795)",
        "(933, 263)",
        "(833, 908)",
        "(806, 273)",
        "(628, 412)",
        "(207, 596)",
        "(387, 659)",
        "(876, 330)",
        "(43, 428)",
        "(383, 135)",
        "(270, 5)",
        "(456, 889)",
        "(351, 477)",
        "(35, 878)",
        "(146, 298)",
        "(242, 941)",
        "(172, 702)",
        "(597, 647)",
        "(129, 53)",
        "(9, 200)",
        "(668, 107)",
        "(418, 865)",
        "(297, 796)",
        "(608, 353)",
        "(679, 923)",
        "(975, 231)",
        "(745, 323)",
        "(826, 448)",
        "(812, 116)",
        "(37, 568)",
        "(19, 154)",
        "(422, 486)",
        "(203, 125)",
        "(668, 139)",
        "(934, 712)",
        "(532, 53)",
        "(360, 270)"
    ],
    "(833, 908)": [
        "(37, 568)",
        "(283, 484)",
        "(113, 405)",
        "(297, 796)",
        "(146, 298)",
        "(9, 200)",
        "(493, 314)",
        "(338, 856)",
        "(518, 795)",
        "(297, 740)",
        "(765, 730)",
        "(812, 116)",
        "(882, 514)",
        "(371, 306)",
        "(277, 218)",
        "(826, 448)",
        "(523, 644)",
        "(456, 889)",
        "(203, 125)",
        "(455, 458)",
        "(974, 64)",
        "(906, 301)",
        "(628, 412)",
        "(19, 154)",
        "(832, 444)",
        "(679, 923)",
        "(418, 865)",
        "(86, 605)",
        "(813, 965)",
        "(207, 596)",
        "(745, 323)",
        "(975, 231)",
        "(351, 477)",
        "(595, 690)",
        "(608, 353)"
    ],
    "(297, 740)": [
        "(102, 77)",
        "(388, 154)",
        "(86, 605)",
        "(129, 53)",
        "(297, 796)",
        "(832, 444)",
        "(765, 730)",
        "(826, 448)",
        "(37, 568)",
        "(876, 330)",
        "(35, 878)",
        "(68, 294)",
        "(928, 319)",
        "(270, 5)",
        "(597, 647)",
        "(833, 908)",
        "(371, 306)",
        "(518, 795)",
        "(13, 605)",
        "(283, 484)",
        "(172, 702)",
        "(9, 200)",
        "(242, 941)",
        "(933, 263)",
        "(387, 659)",
        "(812, 116)",
        "(207, 596)",
        "(745, 323)",
        "(338, 856)",
        "(595, 690)",
        "(628, 412)",
        "(523, 644)",
        "(855, 631)",
        "(19, 154)",
        "(640, 191)",
        "(456, 889)",
        "(818, 670)"
    ],
    "(792, 232)": [
        "(818, 670)",
        "(360, 270)",
        "(338, 856)",
        "(640, 191)",
        "(608, 353)",
        "(987, 628)",
        "(283, 484)",
        "(13, 605)",
        "(19, 154)",
        "(388, 154)",
        "(86, 605)",
        "(813, 965)",
        "(9, 200)",
        "(242, 941)",
        "(33, 813)",
        "(826, 448)",
        "(422, 486)",
        "(974, 64)",
        "(43, 428)",
        "(934, 712)",
        "(456, 889)",
        "(297, 796)",
        "(56, 45)",
        "(518, 795)",
        "(351, 477)",
        "(148, 816)",
        "(975, 231)",
        "(679, 923)",
        "(597, 647)"
    ],
    "(987, 628)": [
        "(242, 941)",
        "(812, 116)",
        "(640, 191)",
        "(68, 294)",
        "(933, 263)",
        "(792, 232)",
        "(518, 795)",
        "(519, 483)",
        "(35, 878)",
        "(371, 306)",
        "(597, 647)",
        "(86, 605)",
        "(388, 154)",
        "(283, 484)",
        "(523, 644)",
        "(456, 889)",
        "(679, 923)",
        "(928, 319)",
        "(668, 107)",
        "(975, 231)",
        "(333, 397)",
        "(360, 270)",
        "(203, 125)",
        "(608, 353)",
        "(974, 64)",
        "(745, 323)",
        "(826, 448)",
        "(818, 670)",
        "(906, 301)",
        "(383, 135)"
    ],
    "(102, 77)": [
        "(297, 740)",
        "(279, 199)",
        "(172, 702)",
        "(640, 191)",
        "(933, 263)",
        "(283, 484)",
        "(43, 428)",
        "(9, 200)",
        "(595, 690)",
        "(351, 477)",
        "(35, 878)",
        "(813, 965)",
        "(876, 330)",
        "(934, 712)",
        "(207, 596)",
        "(975, 231)",
        "(882, 514)",
        "(668, 107)",
        "(129, 53)",
        "(974, 64)",
        "(37, 568)",
        "(277, 218)",
        "(668, 139)",
        "(338, 856)",
        "(86, 605)",
        "(418, 865)",
        "(518, 795)",
        "(56, 45)",
        "(68, 294)",
        "(203, 125)",
        "(455, 458)",
        "(628, 412)"
    ],
    "(56, 45)": [
        "(351, 477)",
        "(203, 125)",
        "(628, 412)",
        "(148, 816)",
        "(129, 53)",
        "(928, 319)",
        "(608, 353)",
        "(532, 53)",
        "(519, 483)",
        "(812, 116)",
        "(387, 659)",
        "(333, 397)",
        "(933, 263)",
        "(68, 294)",
        "(338, 856)",
        "(360, 270)",
        "(456, 889)",
        "(35, 878)",
        "(172, 702)",
        "(242, 941)",
        "(595, 690)",
        "(43, 428)",
        "(9, 200)",
        "(882, 514)",
        "(283, 484)",
        "(792, 232)",
        "(640, 191)",
        "(102, 77)",
        "(597, 647)",
        "(974, 64)",
        "(745, 323)"
    ],
    "(608, 353)": [
        "(86, 605)",
        "(456, 889)",
        "(9, 200)",
        "(37, 568)",
        "(56, 45)",
        "(351, 477)",
        "(13, 605)",
        "(792, 232)",
        "(129, 53)",
        "(668, 107)",
        "(371, 306)",
        "(519, 483)",
        "(876, 330)",
        "(806, 273)",
        "(203, 125)",
        "(383, 135)",
        "(597, 647)",
        "(418, 865)",
        "(882, 514)",
        "(745, 323)",
        "(360, 270)",
        "(35, 878)",
        "(113, 405)",
        "(987, 628)",
        "(765, 730)",
        "(832, 444)",
        "(387, 659)",
        "(855, 631)",
        "(668, 139)",
        "(270, 5)",
        "(19, 154)",
        "(43, 428)",
        "(906, 301)",
        "(33, 813)",
        "(833, 908)"
    ],
    "(207, 596)": [
        "(456, 889)",
        "(595, 690)",
        "(418, 865)",
        "(388, 154)",
        "(906, 301)",
        "(113, 405)",
        "(806, 273)",
        "(933, 263)",
        "(242, 941)",
        "(628, 412)",
        "(882, 514)",
        "(146, 298)",
        "(812, 116)",
        "(876, 330)",
        "(597, 647)",
        "(975, 231)",
        "(9, 200)",
        "(102, 77)",
        "(203, 125)",
        "(455, 458)",
        "(35, 878)",
        "(297, 740)",
        "(33, 813)",
        "(129, 53)",
        "(832, 444)",
        "(813, 965)",
        "(818, 670)",
        "(148, 816)",
        "(383, 135)",
        "(371, 306)",
        "(19, 154)",
        "(833, 908)",
        "(668, 139)",
        "(519, 483)",
        "(279, 199)",
        "(928, 319)"
    ],
    "(928, 319)": [
        "(56, 45)",
        "(352, 415)",
        "(679, 923)",
        "(297, 740)",
        "(906, 301)",
        "(934, 712)",
        "(882, 514)",
        "(203, 125)",
        "(745, 323)",
        "(13, 605)",
        "(640, 191)",
        "(597, 647)",
        "(129, 53)",
        "(595, 690)",
        "(987, 628)",
        "(812, 116)",
        "(360, 270)",
        "(532, 53)",
        "(351, 477)",
        "(172, 702)",
        "(35, 878)",
        "(422, 486)",
        "(277, 218)",
        "(207, 596)"
    ],
    "(519, 483)": [
        "(806, 273)",
        "(418, 865)",
        "(532, 53)",
        "(283, 484)",
        "(812, 116)",
        "(35, 878)",
        "(371, 306)",
        "(86, 605)",
        "(668, 107)",
        "(826, 448)",
        "(56, 45)",
        "(387, 659)",
        "(146, 298)",
        "(987, 628)",
        "(455, 458)",
        "(352, 415)",
        "(608, 353)",
        "(855, 631)",
        "(333, 397)",
        "(148, 816)",
        "(383, 135)",
        "(934, 712)",
        "(338, 856)",
        "(242, 941)",
        "(351, 477)",
        "(13, 605)",
        "(628, 412)",
        "(297, 796)",
        "(388, 154)",
        "(975, 231)",
        "(207, 596)",
        "(882, 514)"
    ],
    "(765, 730)": [
        "(352, 415)",
        "(9, 200)",
        "(297, 740)",
        "(383, 135)",
        "(43, 428)",
        "(35, 878)",
        "(148, 816)",
        "(679, 923)",
        "(855, 631)",
        "(597, 647)",
        "(882, 514)",
        "(532, 53)",
        "(975, 231)",
        "(833, 908)",
        "(338, 856)",
        "(388, 154)",
        "(242, 941)",
        "(129, 53)",
        "(86, 605)",
        "(297, 796)",
        "(934, 712)",
        "(333, 397)",
        "(745, 323)",
        "(832, 444)",
        "(668, 139)",
        "(283, 484)",
        "(608, 353)",
        "(13, 605)",
        "(640, 191)",
        "(876, 330)"
    ],
    "(597, 647)": [
        "(906, 301)",
        "(283, 484)",
        "(806, 273)",
        "(297, 796)",
        "(640, 191)",
        "(279, 199)",
        "(383, 135)",
        "(813, 965)",
        "(388, 154)",
        "(987, 628)",
        "(765, 730)",
        "(297, 740)",
        "(523, 644)",
        "(595, 690)",
        "(333, 397)",
        "(422, 486)",
        "(668, 107)",
        "(608, 353)",
        "(933, 263)",
        "(387, 659)",
        "(360, 270)",
        "(418, 865)",
        "(207, 596)",
        "(928, 319)",
        "(113, 405)",
        "(129, 53)",
        "(974, 64)",
        "(13, 605)",
        "(270, 5)",
        "(456, 889)",
        "(146, 298)",
        "(37, 568)",
        "(371, 306)",
        "(855, 631)",
        "(493, 314)",
        "(532, 53)",
        "(628, 412)",
        "(56, 45)",
        "(518, 795)",
        "(792, 232)"
    ],
    "(493, 314)": [
        "(876, 330)",
        "(35, 878)",
        "(418, 865)",
        "(518, 795)",
        "(387, 659)",
        "(338, 856)",
        "(146, 298)",
        "(148, 816)",
        "(833, 908)",
        "(532, 53)",
        "(13, 605)",
        "(628, 412)",
        "(422, 486)",
        "(277, 218)",
        "(203, 125)",
        "(974, 64)",
        "(855, 631)",
        "(668, 139)",
        "(43, 428)",
        "(934, 712)",
        "(172, 702)",
        "(832, 444)",
        "(668, 107)",
        "(383, 135)",
        "(283, 484)",
        "(371, 306)",
        "(360, 270)",
        "(745, 323)",
        "(597, 647)",
        "(975, 231)",
        "(68, 294)",
        "(242, 941)",
        "(882, 514)",
        "(351, 477)"
    ],
    "(818, 670)": [
        "(792, 232)",
        "(43, 428)",
        "(422, 486)",
        "(933, 263)",
        "(876, 330)",
        "(279, 199)",
        "(668, 139)",
        "(338, 856)",
        "(146, 298)",
        "(242, 941)",
        "(203, 125)",
        "(388, 154)",
        "(523, 644)",
        "(37, 568)",
        "(640, 191)",
        "(832, 444)",
        "(351, 477)",
        "(813, 965)",
        "(745, 323)",
        "(333, 397)",
        "(207, 596)",
        "(455, 458)",
        "(172, 702)",
        "(806, 273)",
        "(456, 889)",
        "(532, 53)",
        "(595, 690)",
        "(297, 796)",
        "(35, 878)",
        "(68, 294)",
        "(934, 712)",
        "(148, 816)",
        "(987, 628)",
        "(297, 740)"
    ],
    "(668, 107)": [
        "(519, 483)",
        "(608, 353)",
        "(418, 865)",
        "(974, 64)",
        "(35, 878)",
        "(806, 273)",
        "(148, 816)",
        "(813, 965)",
        "(597, 647)",
        "(906, 301)",
        "(9, 200)",
        "(882, 514)",
        "(640, 191)",
        "(668, 139)",
        "(172, 702)",
        "(102, 77)",
        "(13, 605)",
        "(532, 53)",
        "(987, 628)",
        "(113, 405)",
        "(493, 314)",
        "(456, 889)",
        "(68, 294)",
        "(628, 412)",
        "(812, 116)",
        "(146, 298)",
        "(270, 5)",
        "(518, 795)",
        "(975, 231)",
        "(876, 330)",
        "(387, 659)",
        "(19, 154)",
        "(855, 631)",
        "(360, 270)"
    ],
    "(532, 53)": [
        "(934, 712)",
        "(519, 483)",
        "(640, 191)",
        "(37, 568)",
        "(813, 965)",
        "(68, 294)",
        "(56, 45)",
        "(826, 448)",
        "(203, 125)",
        "(371, 306)",
        "(86, 605)",
        "(129, 53)",
        "(352, 415)",
        "(456, 889)",
        "(493, 314)",
        "(33, 813)",
        "(975, 231)",
        "(679, 923)",
        "(765, 730)",
        "(388, 154)",
        "(745, 323)",
        "(297, 796)",
        "(13, 605)",
        "(338, 856)",
        "(876, 330)",
        "(242, 941)",
        "(277, 218)",
        "(974, 64)",
        "(668, 107)",
        "(928, 319)",
        "(383, 135)",
        "(818, 670)",
        "(597, 647)",
        "(333, 397)",
        "(595, 690)",
        "(668, 139)",
        "(523, 644)",
        "(113, 405)"
    ],
    "(283, 484)": [
        "(455, 458)",
        "(876, 330)",
        "(172, 702)",
        "(519, 483)",
        "(812, 116)",
        "(68, 294)",
        "(360, 270)",
        "(597, 647)",
        "(33, 813)",
        "(806, 273)",
        "(833, 908)",
        "(9, 200)",
        "(456, 889)",
        "(792, 232)",
        "(975, 231)",
        "(279, 199)",
        "(371, 306)",
        "(102, 77)",
        "(352, 415)",
        "(13, 605)",
        "(338, 856)",
        "(987, 628)",
        "(203, 125)",
        "(297, 740)",
        "(37, 568)",
        "(826, 448)",
        "(974, 64)",
        "(333, 397)",
        "(146, 298)",
        "(422, 486)",
        "(297, 796)",
        "(518, 795)",
        "(765, 730)",
        "(493, 314)",
        "(745, 323)",
        "(56, 45)",
        "(351, 477)",
        "(43, 428)",
        "(388, 154)",
        "(679, 923)",
        "(523, 644)"
    ],
    "(19, 154)": [
        "(974, 64)",
        "(906, 301)",
        "(832, 444)",
        "(933, 263)",
        "(456, 889)",
        "(86, 605)",
        "(371, 306)",
        "(792, 232)",
        "(360, 270)",
        "(882, 514)",
        "(518, 795)",
        "(523, 644)",
        "(855, 631)",
        "(745, 323)",
        "(43, 428)",
        "(270, 5)",
        "(37, 568)",
        "(35, 878)",
        "(297, 796)",
        "(383, 135)",
        "(668, 139)",
        "(833, 908)",
        "(146, 298)",
        "(13, 605)",
        "(207, 596)",
        "(113, 405)",
        "(608, 353)",
        "(297, 740)",
        "(640, 191)",
        "(33, 813)",
        "(668, 107)",
        "(68, 294)",
        "(279, 199)"
    ],
    "(277, 218)": [
        "(113, 405)",
        "(595, 690)",
        "(882, 514)",
        "(270, 5)",
        "(148, 816)",
        "(387, 659)",
        "(934, 712)",
        "(668, 139)",
        "(933, 263)",
        "(333, 397)",
        "(129, 53)",
        "(493, 314)",
        "(172, 702)",
        "(146, 298)",
        "(418, 865)",
        "(876, 330)",
        "(812, 116)",
        "(338, 856)",
        "(833, 908)",
        "(388, 154)",
        "(640, 191)",
        "(383, 135)",
        "(906, 301)",
        "(532, 53)",
        "(102, 77)",
        "(279, 199)",
        "(826, 448)",
        "(928, 319)",
        "(456, 889)",
        "(974, 64)",
        "(518, 795)"
    ],
    "(974, 64)": [
        "(19, 154)",
        "(387, 659)",
        "(422, 486)",
        "(813, 965)",
        "(338, 856)",
        "(523, 644)",
        "(13, 605)",
        "(9, 200)",
        "(745, 323)",
        "(933, 263)",
        "(806, 273)",
        "(148, 816)",
        "(668, 107)",
        "(595, 690)",
        "(455, 458)",
        "(493, 314)",
        "(172, 702)",
        "(628, 412)",
        "(283, 484)",
        "(597, 647)",
        "(833, 908)",
        "(351, 477)",
        "(102, 77)",
        "(383, 135)",
        "(792, 232)",
        "(532, 53)",
        "(35, 878)",
        "(333, 397)",
        "(146, 298)",
        "(371, 306)",
        "(975, 231)",
        "(826, 448)",
        "(987, 628)",
        "(832, 444)",
        "(456, 889)",
        "(360, 270)",
        "(56, 45)",
        "(277, 218)"
    ],
    "(86, 605)": [
        "(297, 740)",
        "(148, 816)",
        "(855, 631)",
        "(608, 353)",
        "(519, 483)",
        "(19, 154)",
        "(933, 263)",
        "(172, 702)",
        "(532, 53)",
        "(832, 444)",
        "(33, 813)",
        "(456, 889)",
        "(792, 232)",
        "(595, 690)",
        "(668, 139)",
        "(13, 605)",
        "(987, 628)",
        "(418, 865)",
        "(37, 568)",
        "(518, 795)",
        "(279, 199)",
        "(297, 796)",
        "(906, 301)",
        "(765, 730)",
        "(68, 294)",
        "(270, 5)",
        "(35, 878)",
        "(882, 514)",
        "(934, 712)",
        "(833, 908)",
        "(102, 77)",
        "(333, 397)",
        "(640, 191)",
        "(806, 273)"
    ],
    "(146, 298)": [
        "(855, 631)",
        "(333, 397)",
        "(387, 659)",
        "(640, 191)",
        "(338, 856)",
        "(745, 323)",
        "(833, 908)",
        "(975, 231)",
        "(933, 263)",
        "(297, 796)",
        "(352, 415)",
        "(806, 273)",
        "(493, 314)",
        "(818, 670)",
        "(519, 483)",
        "(35, 878)",
        "(388, 154)",
        "(207, 596)",
        "(113, 405)",
        "(277, 218)",
        "(668, 139)",
        "(279, 199)",
        "(148, 816)",
        "(456, 889)",
        "(283, 484)",
        "(68, 294)",
        "(974, 64)",
        "(597, 647)",
        "(455, 458)",
        "(19, 154)",
        "(270, 5)",
        "(668, 107)",
        "(43, 428)"
    ],
    "(270, 5)": [
        "(352, 415)",
        "(277, 218)",
        "(35, 878)",
        "(387, 659)",
        "(297, 740)",
        "(351, 477)",
        "(418, 865)",
        "(113, 405)",
        "(679, 923)",
        "(855, 631)",
        "(595, 690)",
        "(882, 514)",
        "(43, 428)",
        "(933, 263)",
        "(13, 605)",
        "(826, 448)",
        "(19, 154)",
        "(597, 647)",
        "(86, 605)",
        "(456, 889)",
        "(338, 856)",
        "(172, 702)",
        "(146, 298)",
        "(360, 270)",
        "(668, 107)",
        "(608, 353)",
        "(68, 294)",
        "(279, 199)"
    ],
    "(338, 856)": [
        "(387, 659)",
        "(792, 232)",
        "(518, 795)",
        "(146, 298)",
        "(974, 64)",
        "(493, 314)",
        "(818, 670)",
        "(628, 412)",
        "(833, 908)",
        "(172, 702)",
        "(679, 923)",
        "(203, 125)",
        "(56, 45)",
        "(68, 294)",
        "(283, 484)",
        "(765, 730)",
        "(279, 199)",
        "(277, 218)",
        "(371, 306)",
        "(333, 397)",
        "(532, 53)",
        "(43, 428)",
        "(519, 483)",
        "(297, 740)",
        "(595, 690)",
        "(270, 5)",
        "(242, 941)",
        "(102, 77)",
        "(832, 444)",
        "(806, 273)",
        "(37, 568)",
        "(934, 712)",
        "(297, 796)",
        "(826, 448)",
        "(455, 458)"
    ],
    "(43, 428)": [
        "(818, 670)",
        "(806, 273)",
        "(765, 730)",
        "(352, 415)",
        "(422, 486)",
        "(418, 865)",
        "(102, 77)",
        "(113, 405)",
        "(383, 135)",
        "(640, 191)",
        "(388, 154)",
        "(832, 444)",
        "(68, 294)",
        "(270, 5)",
        "(35, 878)",
        "(297, 796)",
        "(934, 712)",
        "(906, 301)",
        "(813, 965)",
        "(493, 314)",
        "(338, 856)",
        "(975, 231)",
        "(19, 154)",
        "(387, 659)",
        "(855, 631)",
        "(792, 232)",
        "(56, 45)",
        "(812, 116)",
        "(371, 306)",
        "(608, 353)",
        "(283, 484)",
        "(146, 298)",
        "(876, 330)",
        "(826, 448)"
    ],
    "(203, 125)": [
        "(242, 941)",
        "(876, 330)",
        "(56, 45)",
        "(640, 191)",
        "(333, 397)",
        "(388, 154)",
        "(68, 294)",
        "(172, 702)",
        "(371, 306)",
        "(826, 448)",
        "(532, 53)",
        "(37, 568)",
        "(818, 670)",
        "(338, 856)",
        "(595, 690)",
        "(493, 314)",
        "(608, 353)",
        "(422, 486)",
        "(679, 923)",
        "(283, 484)",
        "(928, 319)",
        "(455, 458)",
        "(833, 908)",
        "(35, 878)",
        "(832, 444)",
        "(933, 263)",
        "(207, 596)",
        "(418, 865)",
        "(987, 628)",
        "(628, 412)",
        "(668, 139)",
        "(383, 135)",
        "(352, 415)",
        "(113, 405)",
        "(387, 659)",
        "(102, 77)",
        "(9, 200)",
        "(745, 323)",
        "(456, 889)"
    ],
    "(371, 306)": [
        "(387, 659)",
        "(523, 644)",
        "(129, 53)",
        "(519, 483)",
        "(203, 125)",
        "(283, 484)",
        "(19, 154)",
        "(532, 53)",
        "(987, 628)",
        "(608, 353)",
        "(35, 878)",
        "(679, 923)",
        "(906, 301)",
        "(9, 200)",
        "(242, 941)",
        "(13, 605)",
        "(297, 740)",
        "(855, 631)",
        "(351, 477)",
        "(455, 458)",
        "(352, 415)",
        "(833, 908)",
        "(338, 856)",
        "(876, 330)",
        "(422, 486)",
        "(37, 568)",
        "(974, 64)",
        "(826, 448)",
        "(493, 314)",
        "(597, 647)",
        "(207, 596)",
        "(43, 428)",
        "(172, 702)",
        "(418, 865)"
    ],
    "(9, 200)": [
        "(765, 730)",
        "(608, 353)",
        "(13, 605)",
        "(283, 484)",
        "(855, 631)",
        "(640, 191)",
        "(833, 908)",
        "(974, 64)",
        "(333, 397)",
        "(418, 865)",
        "(102, 77)",
        "(371, 306)",
        "(351, 477)",
        "(792, 232)",
        "(906, 301)",
        "(812, 116)",
        "(668, 107)",
        "(679, 923)",
        "(668, 139)",
        "(207, 596)",
        "(297, 740)",
        "(352, 415)",
        "(455, 458)",
        "(933, 263)",
        "(113, 405)",
        "(882, 514)",
        "(68, 294)",
        "(518, 795)",
        "(129, 53)",
        "(56, 45)",
        "(832, 444)",
        "(297, 796)",
        "(203, 125)",
        "(172, 702)"
    ],
    "(352, 415)": [
        "(270, 5)",
        "(456, 889)",
        "(765, 730)",
        "(928, 319)",
        "(387, 659)",
        "(68, 294)",
        "(934, 712)",
        "(422, 486)",
        "(418, 865)",
        "(43, 428)",
        "(13, 605)",
        "(146, 298)",
        "(532, 53)",
        "(297, 796)",
        "(806, 273)",
        "(283, 484)",
        "(519, 483)",
        "(933, 263)",
        "(172, 702)",
        "(371, 306)",
        "(333, 397)",
        "(812, 116)",
        "(668, 139)",
        "(640, 191)",
        "(9, 200)",
        "(242, 941)",
        "(351, 477)",
        "(148, 816)",
        "(882, 514)",
        "(679, 923)",
        "(388, 154)",
        "(33, 813)",
        "(37, 568)",
        "(203, 125)",
        "(455, 458)",
        "(832, 444)"
    ]
}