{
    "(525, 785)": [
        "(66, 10)",
        "(691, 641)",
        "(148, 798)",
        "(132, 905)",
        "(298, 436)",
        "(669, 208)",
        "(116, 148)",
        "(439, 987)",
        "(179, 560)"
    ],
    "(298, 436)": [
        "(179, 560)",
        "(525, 785)",
        "(132, 905)",
        "(66, 10)"
    ],
    "(258, 339)": [
        "(669, 208)",
        "(708, 261)",
        "(502, 643)",
        "(845, 221)",
        "(849, 139)",
        "(874, 850)",
        "(103, 538)",
        "(476, 25)"
    ],
    "(708, 261)": [
        "(258, 339)",
        "(148, 798)",
        "(66, 10)",
        "(455, 497)",
        "(301, 385)"
    ],
    "(301, 385)": [
        "(874, 850)",
        "(36, 797)",
        "(103, 538)",
        "(455, 497)",
        "(66, 10)",
        "(132, 905)",
        "(397, 65)",
        "(708, 261)",
        "(899, 940)",
        "(862, 326)",
        "(439, 987)"
    ],
    "(103, 538)": [
        "(35, 485)",
        "(132, 905)",
        "(922, 886)",
        "(301, 385)",
        "(116, 148)",
        "(874, 850)",
        "(258, 339)"
    ],
    "(874, 850)": [
        "(862, 326)",
        "(116, 148)",
        "(301, 385)",
        "(691, 641)",
        "(179, 560)",
        "(103, 538)",
        "(258, 339)",
        "(922, 886)",
        "(66, 10)"
    ],
    "(35, 485)": [
        "(343, 272)",
        "(103, 538)",
        "(36, 797)",
        "(580, 512)",
        "(179, 560)",
        "(502, 643)"
    ],
    "(397, 65)": [
        "(899, 940)",
        "(669, 208)",
        "(580, 512)",
        "(301, 385)",
        "(439, 987)",
        "(148, 798)"
    ],
    "(669, 208)": [
        "(258, 339)",
        "(397, 65)",
        "(845, 221)",
        "(502, 643)",
        "(132, 905)",
        "(343, 272)",
        "(525, 785)",
        "(580, 512)"
    ],
    "(922, 886)": [
        "(103, 538)",
        "(455, 497)",
        "(874, 850)",
        "(845, 221)"
    ],
    "(849, 139)": [
        "(862, 326)",
        "(502, 643)",
        "(899, 940)",
        "(580, 512)",
        "(116, 148)",
        "(439, 987)",
        "(258, 339)",
        "(179, 560)"
    ],
    "(66, 10)": [
        "(132, 905)",
        "(525, 785)",
        "(845, 221)",
        "(708, 261)",
        "(455, 497)",
        "(301, 385)",
        "(298, 436)",
        "(874, 850)"
    ],
    "(899, 940)": [
        "(845, 221)",
        "(455, 497)",
        "(397, 65)",
        "(849, 139)",
        "(301, 385)",
        "(179, 560)"
    ],
    "(862, 326)": [
        "(874, 850)",
        "(439, 987)",
        "(849, 139)",
        "(116, 148)",
        "(301, 385)",
        "(36, 797)",
        "(502, 643)"
    ],
    "(343, 272)": [
        "(455, 497)",
        "(35, 485)",
        "(439, 987)",
        "(669, 208)"
    ],
    "(439, 987)": [
        "(862, 326)",
        "(691, 641)",
        "(343, 272)",
        "(148, 798)",
        "(849, 139)",
        "(397, 65)",
        "(301, 385)",
        "(525, 785)"
    ],
    "(116, 148)": [
        "(874, 850)",
        "(845, 221)",
        "(849, 139)",
        "(103, 538)",
        "(455, 497)",
        "(862, 326)",
        "(525, 785)"
    ],
    "(455, 497)": [
        "(899, 940)",
        "(343, 272)",
        "(922, 886)",
        "(301, 385)",
        "(66, 10)",
        "(116, 148)",
        "(708, 261)"
    ],
    "(476, 25)": [
        "(148, 798)",
        "(580, 512)",
        "(258, 339)"
    ],
    "(502, 643)": [
        "(580, 512)",
        "(258, 339)",
        "(849, 139)",
        "(669, 208)",
        "(35, 485)",
        "(862, 326)",
        "(36, 797)"
    ],
    "(36, 797)": [
        "(35, 485)",
        "(691, 641)",
        "(301, 385)",
        "(862, 326)",
        "(502, 643)"
    ],
    "(691, 641)": [
        "(439, 987)",
        "(36, 797)",
        "(525, 785)",
        "(874, 850)",
        "(845, 221)",
        "(580, 512)"
    ],
    "(845, 221)": [
        "(899, 940)",
        "(258, 339)",
        "(66, 10)",
        "(132, 905)",
        "(116, 148)",
        "(669, 208)",
        "(691, 641)",
        "(922, 886)"
    ],
    "(179, 560)": [
        "(298, 436)",
        "(148, 798)",
        "(35, 485)",
        "(874, 850)",
        "(899, 940)",
        "(849, 139)",
        "(525, 785)"
    ],
    "(132, 905)": [
        "(66, 10)",
        "(103, 538)",
        "(525, 785)",
        "(845, 221)",
        "(298, 436)",
        "(669, 208)",
        "(301, 385)"
    ],
    "(580, 512)": [
        "(502, 643)",
        "(397, 65)",
        "(849, 139)",
        "(35, 485)",
        "(669, 208)",
        "(476, 25)",
        "(691, 641)"
    ],
    "(148, 798)": [
        "(179, 560)",
        "(708, 261)",
        "(525, 785)",
        "(439, 987)",
        "(476, 25)",
        "(397, 65)"
    ]
}