{
    "(339, 857)": [
        "(639, 545)",
        "(733, 719)",
        "(762, 488)",
        "(680, 284)",
        "(595, 743)",
        "(608, 673)",
        "(419, 11)",
        "(845, 463)",
        "(230, 434)",
        "(303, 357)",
        "(969, 802)",
        "(382, 645)",
        "(371, 368)"
    ],
    "(74, 290)": [
        "(467, 364)",
        "(639, 545)",
        "(453, 715)",
        "(371, 368)",
        "(595, 743)",
        "(716, 425)",
        "(92, 164)",
        "(527, 11)",
        "(100, 652)",
        "(331, 315)"
    ],
    "(230, 434)": [
        "(362, 514)",
        "(833, 567)",
        "(445, 99)",
        "(439, 125)",
        "(517, 266)",
        "(21, 679)",
        "(557, 358)",
        "(670, 345)",
        "(382, 645)",
        "(332, 353)",
        "(733, 719)",
        "(881, 906)",
        "(680, 284)",
        "(718, 511)",
        "(969, 802)",
        "(339, 857)",
        "(546, 315)",
        "(361, 289)",
        "(52, 957)"
    ],
    "(699, 843)": [
        "(488, 47)",
        "(982, 84)",
        "(254, 773)",
        "(21, 679)",
        "(198, 94)",
        "(916, 214)",
        "(445, 99)",
        "(100, 652)"
    ],
    "(878, 68)": [
        "(371, 368)",
        "(467, 364)",
        "(733, 719)",
        "(480, 307)",
        "(138, 859)",
        "(437, 124)",
        "(873, 922)",
        "(546, 315)",
        "(52, 957)",
        "(916, 214)",
        "(362, 514)",
        "(92, 164)",
        "(845, 463)",
        "(833, 567)",
        "(595, 743)",
        "(389, 871)",
        "(670, 345)",
        "(608, 673)"
    ],
    "(382, 645)": [
        "(336, 327)",
        "(97, 372)",
        "(230, 434)",
        "(361, 289)",
        "(718, 511)",
        "(762, 488)",
        "(303, 357)",
        "(833, 567)",
        "(546, 315)",
        "(480, 307)",
        "(733, 719)",
        "(527, 11)",
        "(938, 193)",
        "(198, 94)",
        "(191, 897)",
        "(331, 315)",
        "(339, 857)"
    ],
    "(337, 49)": [
        "(762, 488)",
        "(439, 125)",
        "(198, 94)",
        "(332, 353)",
        "(453, 715)",
        "(733, 719)",
        "(969, 802)",
        "(938, 193)",
        "(52, 957)",
        "(331, 315)"
    ],
    "(670, 345)": [
        "(230, 434)",
        "(100, 652)",
        "(336, 327)",
        "(254, 773)",
        "(278, 89)",
        "(97, 372)",
        "(878, 68)",
        "(467, 364)",
        "(546, 315)"
    ],
    "(453, 715)": [
        "(74, 290)",
        "(916, 214)",
        "(389, 871)",
        "(337, 49)",
        "(517, 266)",
        "(480, 307)",
        "(595, 743)",
        "(938, 193)",
        "(52, 957)"
    ],
    "(527, 11)": [
        "(480, 307)",
        "(716, 425)",
        "(595, 743)",
        "(680, 284)",
        "(198, 94)",
        "(718, 511)",
        "(439, 125)",
        "(982, 84)",
        "(546, 315)",
        "(254, 773)",
        "(938, 193)",
        "(382, 645)",
        "(361, 289)",
        "(74, 290)",
        "(517, 266)",
        "(608, 673)"
    ],
    "(362, 514)": [
        "(916, 214)",
        "(389, 871)",
        "(230, 434)",
        "(100, 652)",
        "(480, 307)",
        "(488, 47)",
        "(371, 368)",
        "(336, 327)",
        "(437, 124)",
        "(52, 957)",
        "(680, 284)",
        "(716, 425)",
        "(938, 193)",
        "(878, 68)",
        "(686, 546)",
        "(969, 802)",
        "(608, 673)"
    ],
    "(833, 567)": [
        "(762, 488)",
        "(230, 434)",
        "(303, 357)",
        "(439, 125)",
        "(382, 645)",
        "(21, 679)",
        "(878, 68)",
        "(480, 307)",
        "(873, 922)"
    ],
    "(331, 315)": [
        "(686, 546)",
        "(278, 89)",
        "(389, 871)",
        "(467, 364)",
        "(546, 315)",
        "(254, 773)",
        "(845, 463)",
        "(337, 49)",
        "(445, 99)",
        "(969, 802)",
        "(371, 368)",
        "(873, 922)",
        "(97, 372)",
        "(382, 645)",
        "(480, 307)",
        "(74, 290)"
    ],
    "(546, 315)": [
        "(361, 289)",
        "(467, 364)",
        "(762, 488)",
        "(639, 545)",
        "(445, 99)",
        "(331, 315)",
        "(527, 11)",
        "(878, 68)",
        "(382, 645)",
        "(982, 84)",
        "(916, 214)",
        "(278, 89)",
        "(881, 906)",
        "(969, 802)",
        "(230, 434)",
        "(371, 368)",
        "(680, 284)",
        "(670, 345)"
    ],
    "(278, 89)": [
        "(733, 719)",
        "(138, 859)",
        "(332, 353)",
        "(331, 315)",
        "(680, 284)",
        "(608, 673)",
        "(467, 364)",
        "(639, 545)",
        "(670, 345)",
        "(546, 315)",
        "(845, 463)",
        "(488, 47)",
        "(595, 743)",
        "(254, 773)",
        "(303, 357)"
    ],
    "(517, 266)": [
        "(336, 327)",
        "(230, 434)",
        "(762, 488)",
        "(303, 357)",
        "(198, 94)",
        "(881, 906)",
        "(527, 11)",
        "(718, 511)",
        "(686, 546)",
        "(453, 715)",
        "(873, 922)",
        "(419, 11)"
    ],
    "(92, 164)": [
        "(371, 368)",
        "(680, 284)",
        "(97, 372)",
        "(445, 99)",
        "(733, 719)",
        "(595, 743)",
        "(74, 290)",
        "(389, 871)",
        "(878, 68)",
        "(845, 463)",
        "(969, 802)",
        "(336, 327)",
        "(762, 488)",
        "(608, 673)"
    ],
    "(467, 364)": [
        "(878, 68)",
        "(546, 315)",
        "(74, 290)",
        "(100, 652)",
        "(938, 193)",
        "(982, 84)",
        "(191, 897)",
        "(331, 315)",
        "(278, 89)",
        "(332, 353)",
        "(480, 307)",
        "(762, 488)",
        "(718, 511)",
        "(670, 345)"
    ],
    "(332, 353)": [
        "(718, 511)",
        "(254, 773)",
        "(938, 193)",
        "(680, 284)",
        "(845, 463)",
        "(230, 434)",
        "(278, 89)",
        "(371, 368)",
        "(337, 49)",
        "(686, 546)",
        "(969, 802)",
        "(467, 364)",
        "(439, 125)",
        "(389, 871)",
        "(608, 673)",
        "(437, 124)",
        "(881, 906)"
    ],
    "(303, 357)": [
        "(445, 99)",
        "(557, 358)",
        "(833, 567)",
        "(686, 546)",
        "(480, 307)",
        "(517, 266)",
        "(382, 645)",
        "(97, 372)",
        "(718, 511)",
        "(437, 124)",
        "(439, 125)",
        "(371, 368)",
        "(339, 857)",
        "(198, 94)",
        "(969, 802)",
        "(881, 906)",
        "(336, 327)",
        "(278, 89)"
    ],
    "(254, 773)": [
        "(332, 353)",
        "(699, 843)",
        "(331, 315)",
        "(488, 47)",
        "(21, 679)",
        "(873, 922)",
        "(670, 345)",
        "(938, 193)",
        "(527, 11)",
        "(439, 125)",
        "(595, 743)",
        "(97, 372)",
        "(278, 89)"
    ],
    "(191, 897)": [
        "(916, 214)",
        "(467, 364)",
        "(680, 284)",
        "(881, 906)",
        "(100, 652)",
        "(639, 545)",
        "(382, 645)",
        "(608, 673)"
    ],
    "(680, 284)": [
        "(92, 164)",
        "(439, 125)",
        "(332, 353)",
        "(527, 11)",
        "(198, 94)",
        "(480, 307)",
        "(191, 897)",
        "(278, 89)",
        "(938, 193)",
        "(230, 434)",
        "(362, 514)",
        "(557, 358)",
        "(762, 488)",
        "(339, 857)",
        "(546, 315)",
        "(138, 859)"
    ],
    "(845, 463)": [
        "(938, 193)",
        "(332, 353)",
        "(389, 871)",
        "(331, 315)",
        "(969, 802)",
        "(339, 857)",
        "(97, 372)",
        "(878, 68)",
        "(92, 164)",
        "(278, 89)",
        "(439, 125)",
        "(445, 99)",
        "(595, 743)",
        "(639, 545)"
    ],
    "(21, 679)": [
        "(608, 673)",
        "(371, 368)",
        "(881, 906)",
        "(230, 434)",
        "(699, 843)",
        "(254, 773)",
        "(833, 567)",
        "(100, 652)",
        "(639, 545)",
        "(419, 11)",
        "(361, 289)"
    ],
    "(608, 673)": [
        "(439, 125)",
        "(21, 679)",
        "(100, 652)",
        "(97, 372)",
        "(278, 89)",
        "(873, 922)",
        "(361, 289)",
        "(716, 425)",
        "(557, 358)",
        "(339, 857)",
        "(437, 124)",
        "(332, 353)",
        "(371, 368)",
        "(878, 68)",
        "(191, 897)",
        "(527, 11)",
        "(92, 164)",
        "(362, 514)"
    ],
    "(100, 652)": [
        "(362, 514)",
        "(437, 124)",
        "(467, 364)",
        "(670, 345)",
        "(371, 368)",
        "(595, 743)",
        "(608, 673)",
        "(419, 11)",
        "(191, 897)",
        "(52, 957)",
        "(21, 679)",
        "(699, 843)",
        "(74, 290)",
        "(881, 906)",
        "(762, 488)",
        "(389, 871)"
    ],
    "(488, 47)": [
        "(938, 193)",
        "(699, 843)",
        "(362, 514)",
        "(982, 84)",
        "(254, 773)",
        "(969, 802)",
        "(371, 368)",
        "(336, 327)",
        "(278, 89)",
        "(361, 289)",
        "(881, 906)"
    ],
    "(138, 859)": [
        "(278, 89)",
        "(878, 68)",
        "(639, 545)",
        "(445, 99)",
        "(938, 193)",
        "(419, 11)",
        "(480, 307)",
        "(52, 957)",
        "(389, 871)",
        "(680, 284)"
    ],
    "(480, 307)": [
        "(362, 514)",
        "(527, 11)",
        "(878, 68)",
        "(303, 357)",
        "(686, 546)",
        "(982, 84)",
        "(916, 214)",
        "(680, 284)",
        "(467, 364)",
        "(557, 358)",
        "(382, 645)",
        "(138, 859)",
        "(595, 743)",
        "(833, 567)",
        "(938, 193)",
        "(833, 803)",
        "(331, 315)",
        "(453, 715)"
    ],
    "(969, 802)": [
        "(718, 511)",
        "(557, 358)",
        "(361, 289)",
        "(332, 353)",
        "(230, 434)",
        "(337, 49)",
        "(845, 463)",
        "(733, 719)",
        "(488, 47)",
        "(92, 164)",
        "(331, 315)",
        "(546, 315)",
        "(362, 514)",
        "(303, 357)",
        "(445, 99)",
        "(52, 957)",
        "(339, 857)"
    ],
    "(445, 99)": [
        "(303, 357)",
        "(230, 434)",
        "(92, 164)",
        "(546, 315)",
        "(138, 859)",
        "(873, 922)",
        "(331, 315)",
        "(419, 11)",
        "(699, 843)",
        "(969, 802)",
        "(938, 193)",
        "(845, 463)"
    ],
    "(361, 289)": [
        "(873, 922)",
        "(546, 315)",
        "(969, 802)",
        "(557, 358)",
        "(382, 645)",
        "(595, 743)",
        "(608, 673)",
        "(527, 11)",
        "(833, 803)",
        "(230, 434)",
        "(437, 124)",
        "(686, 546)",
        "(21, 679)",
        "(488, 47)"
    ],
    "(716, 425)": [
        "(527, 11)",
        "(362, 514)",
        "(608, 673)",
        "(74, 290)",
        "(686, 546)",
        "(557, 358)"
    ],
    "(881, 906)": [
        "(916, 214)",
        "(21, 679)",
        "(982, 84)",
        "(371, 368)",
        "(230, 434)",
        "(517, 266)",
        "(686, 546)",
        "(639, 545)",
        "(191, 897)",
        "(546, 315)",
        "(100, 652)",
        "(303, 357)",
        "(332, 353)",
        "(488, 47)"
    ],
    "(938, 193)": [
        "(845, 463)",
        "(488, 47)",
        "(52, 957)",
        "(332, 353)",
        "(97, 372)",
        "(467, 364)",
        "(680, 284)",
        "(362, 514)",
        "(138, 859)",
        "(254, 773)",
        "(389, 871)",
        "(337, 49)",
        "(527, 11)",
        "(382, 645)",
        "(480, 307)",
        "(916, 214)",
        "(445, 99)",
        "(439, 125)",
        "(453, 715)"
    ],
    "(639, 545)": [
        "(718, 511)",
        "(339, 857)",
        "(546, 315)",
        "(74, 290)",
        "(138, 859)",
        "(595, 743)",
        "(686, 546)",
        "(833, 803)",
        "(278, 89)",
        "(881, 906)",
        "(762, 488)",
        "(191, 897)",
        "(21, 679)",
        "(845, 463)",
        "(52, 957)"
    ],
    "(437, 124)": [
        "(97, 372)",
        "(100, 652)",
        "(362, 514)",
        "(371, 368)",
        "(878, 68)",
        "(303, 357)",
        "(608, 673)",
        "(762, 488)",
        "(833, 803)",
        "(332, 353)",
        "(361, 289)"
    ],
    "(718, 511)": [
        "(969, 802)",
        "(557, 358)",
        "(332, 353)",
        "(52, 957)",
        "(982, 84)",
        "(639, 545)",
        "(389, 871)",
        "(382, 645)",
        "(527, 11)",
        "(230, 434)",
        "(439, 125)",
        "(733, 719)",
        "(303, 357)",
        "(517, 266)",
        "(467, 364)"
    ],
    "(419, 11)": [
        "(916, 214)",
        "(100, 652)",
        "(371, 368)",
        "(138, 859)",
        "(339, 857)",
        "(52, 957)",
        "(762, 488)",
        "(445, 99)",
        "(21, 679)",
        "(517, 266)",
        "(389, 871)"
    ],
    "(916, 214)": [
        "(362, 514)",
        "(336, 327)",
        "(881, 906)",
        "(686, 546)",
        "(191, 897)",
        "(419, 11)",
        "(833, 803)",
        "(480, 307)",
        "(453, 715)",
        "(699, 843)",
        "(878, 68)",
        "(546, 315)",
        "(938, 193)",
        "(389, 871)"
    ],
    "(686, 546)": [
        "(331, 315)",
        "(916, 214)",
        "(303, 357)",
        "(480, 307)",
        "(332, 353)",
        "(881, 906)",
        "(639, 545)",
        "(595, 743)",
        "(52, 957)",
        "(762, 488)",
        "(362, 514)",
        "(716, 425)",
        "(517, 266)",
        "(361, 289)",
        "(198, 94)"
    ],
    "(982, 84)": [
        "(881, 906)",
        "(718, 511)",
        "(467, 364)",
        "(480, 307)",
        "(699, 843)",
        "(488, 47)",
        "(527, 11)",
        "(546, 315)",
        "(198, 94)",
        "(439, 125)",
        "(762, 488)",
        "(97, 372)"
    ],
    "(762, 488)": [
        "(337, 49)",
        "(833, 567)",
        "(546, 315)",
        "(733, 719)",
        "(371, 368)",
        "(557, 358)",
        "(517, 266)",
        "(97, 372)",
        "(382, 645)",
        "(339, 857)",
        "(680, 284)",
        "(389, 871)",
        "(467, 364)",
        "(439, 125)",
        "(437, 124)",
        "(639, 545)",
        "(686, 546)",
        "(419, 11)",
        "(982, 84)",
        "(100, 652)",
        "(92, 164)"
    ],
    "(336, 327)": [
        "(916, 214)",
        "(382, 645)",
        "(517, 266)",
        "(362, 514)",
        "(670, 345)",
        "(488, 47)",
        "(303, 357)",
        "(92, 164)",
        "(389, 871)"
    ],
    "(595, 743)": [
        "(198, 94)",
        "(100, 652)",
        "(527, 11)",
        "(361, 289)",
        "(92, 164)",
        "(439, 125)",
        "(639, 545)",
        "(686, 546)",
        "(74, 290)",
        "(339, 857)",
        "(480, 307)",
        "(878, 68)",
        "(254, 773)",
        "(453, 715)",
        "(278, 89)",
        "(845, 463)",
        "(833, 803)"
    ],
    "(439, 125)": [
        "(608, 673)",
        "(337, 49)",
        "(230, 434)",
        "(680, 284)",
        "(833, 567)",
        "(527, 11)",
        "(718, 511)",
        "(833, 803)",
        "(595, 743)",
        "(557, 358)",
        "(332, 353)",
        "(303, 357)",
        "(762, 488)",
        "(982, 84)",
        "(254, 773)",
        "(845, 463)",
        "(938, 193)"
    ],
    "(198, 94)": [
        "(595, 743)",
        "(337, 49)",
        "(680, 284)",
        "(527, 11)",
        "(97, 372)",
        "(517, 266)",
        "(873, 922)",
        "(699, 843)",
        "(52, 957)",
        "(982, 84)",
        "(303, 357)",
        "(382, 645)",
        "(686, 546)"
    ],
    "(97, 372)": [
        "(382, 645)",
        "(437, 124)",
        "(92, 164)",
        "(938, 193)",
        "(762, 488)",
        "(198, 94)",
        "(608, 673)",
        "(303, 357)",
        "(845, 463)",
        "(982, 84)",
        "(670, 345)",
        "(331, 315)",
        "(254, 773)",
        "(389, 871)"
    ],
    "(833, 803)": [
        "(916, 214)",
        "(439, 125)",
        "(639, 545)",
        "(437, 124)",
        "(361, 289)",
        "(480, 307)",
        "(595, 743)"
    ],
    "(52, 957)": [
        "(938, 193)",
        "(718, 511)",
        "(362, 514)",
        "(686, 546)",
        "(878, 68)",
        "(419, 11)",
        "(337, 49)",
        "(198, 94)",
        "(138, 859)",
        "(100, 652)",
        "(969, 802)",
        "(230, 434)",
        "(453, 715)",
        "(639, 545)"
    ],
    "(389, 871)": [
        "(733, 719)",
        "(362, 514)",
        "(718, 511)",
        "(845, 463)",
        "(331, 315)",
        "(453, 715)",
        "(762, 488)",
        "(938, 193)",
        "(92, 164)",
        "(332, 353)",
        "(138, 859)",
        "(878, 68)",
        "(336, 327)",
        "(97, 372)",
        "(100, 652)",
        "(419, 11)",
        "(916, 214)"
    ],
    "(557, 358)": [
        "(718, 511)",
        "(969, 802)",
        "(361, 289)",
        "(873, 922)",
        "(303, 357)",
        "(762, 488)",
        "(230, 434)",
        "(680, 284)",
        "(608, 673)",
        "(733, 719)",
        "(439, 125)",
        "(480, 307)",
        "(716, 425)"
    ],
    "(873, 922)": [
        "(361, 289)",
        "(557, 358)",
        "(608, 673)",
        "(878, 68)",
        "(254, 773)",
        "(198, 94)",
        "(445, 99)",
        "(331, 315)",
        "(833, 567)",
        "(517, 266)"
    ],
    "(371, 368)": [
        "(92, 164)",
        "(878, 68)",
        "(21, 679)",
        "(762, 488)",
        "(362, 514)",
        "(100, 652)",
        "(332, 353)",
        "(881, 906)",
        "(437, 124)",
        "(74, 290)",
        "(419, 11)",
        "(303, 357)",
        "(488, 47)",
        "(331, 315)",
        "(608, 673)",
        "(546, 315)",
        "(339, 857)"
    ],
    "(733, 719)": [
        "(278, 89)",
        "(389, 871)",
        "(762, 488)",
        "(878, 68)",
        "(230, 434)",
        "(339, 857)",
        "(92, 164)",
        "(337, 49)",
        "(718, 511)",
        "(557, 358)",
        "(382, 645)",
        "(969, 802)"
    ]
}