{
    "(204, 488)": [
        "(657, 496)",
        "(205, 602)",
        "(53, 870)",
        "(765, 824)",
        "(2, 412)",
        "(767, 50)",
        "(537, 786)",
        "(309, 173)",
        "(753, 954)",
        "(465, 237)",
        "(259, 147)"
    ],
    "(259, 147)": [
        "(53, 870)",
        "(765, 824)",
        "(309, 173)",
        "(710, 325)",
        "(537, 786)",
        "(753, 513)",
        "(2, 412)",
        "(657, 496)",
        "(954, 763)",
        "(465, 237)",
        "(205, 602)",
        "(204, 488)"
    ],
    "(710, 325)": [
        "(767, 50)",
        "(205, 602)",
        "(53, 870)",
        "(753, 513)",
        "(537, 786)",
        "(954, 763)",
        "(259, 147)",
        "(657, 496)",
        "(765, 824)",
        "(2, 412)",
        "(465, 237)"
    ],
    "(53, 870)": [
        "(309, 173)",
        "(710, 325)",
        "(753, 513)",
        "(259, 147)",
        "(205, 602)",
        "(204, 488)",
        "(657, 496)",
        "(2, 412)",
        "(765, 824)",
        "(465, 237)",
        "(753, 954)"
    ],
    "(767, 50)": [
        "(710, 325)",
        "(205, 602)",
        "(465, 237)",
        "(954, 763)",
        "(204, 488)",
        "(657, 496)",
        "(2, 412)",
        "(753, 954)",
        "(753, 513)"
    ],
    "(2, 412)": [
        "(309, 173)",
        "(537, 786)",
        "(259, 147)",
        "(204, 488)",
        "(767, 50)",
        "(53, 870)",
        "(710, 325)",
        "(753, 954)",
        "(465, 237)",
        "(954, 763)",
        "(753, 513)"
    ],
    "(753, 513)": [
        "(710, 325)",
        "(53, 870)",
        "(205, 602)",
        "(753, 954)",
        "(259, 147)",
        "(309, 173)",
        "(657, 496)",
        "(537, 786)",
        "(765, 824)",
        "(767, 50)",
        "(2, 412)"
    ],
    "(537, 786)": [
        "(309, 173)",
        "(2, 412)",
        "(710, 325)",
        "(259, 147)",
        "(205, 602)",
        "(204, 488)",
        "(954, 763)",
        "(753, 513)",
        "(465, 237)",
        "(753, 954)"
    ],
    "(954, 763)": [
        "(767, 50)",
        "(710, 325)",
        "(753, 954)",
        "(309, 173)",
        "(537, 786)",
        "(259, 147)",
        "(2, 412)",
        "(205, 602)"
    ],
    "(465, 237)": [
        "(767, 50)",
        "(205, 602)",
        "(657, 496)",
        "(753, 954)",
        "(309, 173)",
        "(765, 824)",
        "(710, 325)",
        "(537, 786)",
        "(204, 488)",
        "(2, 412)",
        "(259, 147)",
        "(53, 870)"
    ],
    "(205, 602)": [
        "(767, 50)",
        "(710, 325)",
        "(465, 237)",
        "(204, 488)",
        "(53, 870)",
        "(753, 513)",
        "(537, 786)",
        "(954, 763)",
        "(309, 173)",
        "(259, 147)"
    ],
    "(309, 173)": [
        "(537, 786)",
        "(53, 870)",
        "(753, 954)",
        "(2, 412)",
        "(765, 824)",
        "(259, 147)",
        "(753, 513)",
        "(954, 763)",
        "(465, 237)",
        "(204, 488)",
        "(657, 496)",
        "(205, 602)"
    ],
    "(753, 954)": [
        "(309, 173)",
        "(765, 824)",
        "(954, 763)",
        "(465, 237)",
        "(753, 513)",
        "(657, 496)",
        "(2, 412)",
        "(204, 488)",
        "(537, 786)",
        "(767, 50)",
        "(53, 870)"
    ],
    "(657, 496)": [
        "(204, 488)",
        "(465, 237)",
        "(710, 325)",
        "(53, 870)",
        "(753, 954)",
        "(767, 50)",
        "(259, 147)",
        "(753, 513)",
        "(309, 173)"
    ],
    "(765, 824)": [
        "(309, 173)",
        "(753, 954)",
        "(259, 147)",
        "(204, 488)",
        "(710, 325)",
        "(465, 237)",
        "(53, 870)",
        "(753, 513)"
    ]
}