{
    "(328, 962)": [
        "(298, 370)",
        "(433, 472)",
        "(544, 20)",
        "(90, 73)",
        "(989, 714)",
        "(265, 551)",
        "(998, 413)",
        "(246, 22)",
        "(170, 946)",
        "(970, 11)",
        "(400, 92)",
        "(992, 448)",
        "(843, 398)",
        "(158, 891)",
        "(451, 23)",
        "(957, 457)",
        "(727, 923)",
        "(937, 807)",
        "(817, 631)",
        "(815, 282)",
        "(395, 124)",
        "(178, 457)",
        "(452, 65)",
        "(559, 699)"
    ],
    "(452, 65)": [
        "(937, 807)",
        "(587, 189)",
        "(708, 301)",
        "(170, 946)",
        "(583, 541)",
        "(232, 112)",
        "(544, 20)",
        "(12, 374)",
        "(620, 973)",
        "(718, 333)",
        "(473, 459)",
        "(303, 656)",
        "(989, 714)",
        "(44, 947)",
        "(125, 459)",
        "(158, 891)",
        "(669, 818)",
        "(970, 110)",
        "(328, 962)"
    ],
    "(727, 923)": [
        "(298, 370)",
        "(585, 50)",
        "(152, 976)",
        "(400, 248)",
        "(587, 189)",
        "(500, 542)",
        "(328, 962)",
        "(400, 92)",
        "(100, 235)",
        "(92, 135)",
        "(125, 459)",
        "(666, 421)",
        "(178, 952)",
        "(658, 678)",
        "(69, 54)",
        "(158, 891)"
    ],
    "(989, 714)": [
        "(90, 73)",
        "(998, 413)",
        "(328, 962)",
        "(830, 768)",
        "(658, 678)",
        "(583, 541)",
        "(351, 915)",
        "(935, 228)",
        "(569, 455)",
        "(957, 457)",
        "(848, 463)",
        "(406, 259)",
        "(559, 699)",
        "(301, 552)",
        "(92, 135)",
        "(937, 510)",
        "(452, 65)",
        "(606, 446)",
        "(992, 448)",
        "(130, 821)"
    ],
    "(298, 370)": [
        "(815, 282)",
        "(328, 962)",
        "(100, 235)",
        "(727, 923)",
        "(400, 248)",
        "(265, 551)",
        "(145, 879)",
        "(303, 656)",
        "(957, 457)",
        "(680, 930)",
        "(544, 20)",
        "(937, 807)",
        "(351, 915)",
        "(658, 678)",
        "(735, 35)",
        "(935, 228)",
        "(90, 137)",
        "(672, 264)",
        "(955, 186)",
        "(606, 446)",
        "(301, 552)",
        "(801, 447)"
    ],
    "(935, 228)": [
        "(713, 180)",
        "(44, 947)",
        "(303, 656)",
        "(172, 243)",
        "(433, 472)",
        "(232, 112)",
        "(989, 714)",
        "(351, 915)",
        "(90, 137)",
        "(817, 631)",
        "(944, 159)",
        "(708, 301)",
        "(90, 73)",
        "(298, 370)",
        "(246, 22)",
        "(865, 182)",
        "(937, 807)",
        "(585, 50)",
        "(680, 930)",
        "(848, 463)",
        "(672, 264)",
        "(639, 65)"
    ],
    "(22, 425)": [
        "(658, 678)",
        "(944, 159)",
        "(13, 858)",
        "(158, 891)",
        "(998, 413)",
        "(639, 65)",
        "(713, 180)",
        "(178, 457)",
        "(718, 333)",
        "(69, 54)",
        "(172, 243)",
        "(970, 110)",
        "(606, 446)",
        "(100, 235)",
        "(804, 986)",
        "(666, 421)",
        "(145, 879)",
        "(303, 656)",
        "(848, 463)",
        "(769, 988)",
        "(90, 137)",
        "(680, 930)"
    ],
    "(400, 248)": [
        "(125, 459)",
        "(801, 447)",
        "(246, 22)",
        "(298, 370)",
        "(669, 818)",
        "(727, 923)",
        "(815, 282)",
        "(178, 457)",
        "(804, 986)",
        "(12, 374)",
        "(585, 50)",
        "(680, 930)",
        "(301, 552)",
        "(132, 266)",
        "(100, 235)",
        "(666, 421)",
        "(351, 915)"
    ],
    "(559, 699)": [
        "(998, 413)",
        "(69, 54)",
        "(672, 264)",
        "(125, 459)",
        "(937, 807)",
        "(639, 65)",
        "(303, 656)",
        "(769, 988)",
        "(90, 137)",
        "(989, 714)",
        "(658, 678)",
        "(735, 35)",
        "(244, 103)",
        "(944, 159)",
        "(44, 947)",
        "(328, 962)"
    ],
    "(90, 73)": [
        "(989, 714)",
        "(328, 962)",
        "(715, 695)",
        "(178, 952)",
        "(12, 374)",
        "(400, 92)",
        "(345, 341)",
        "(544, 20)",
        "(672, 264)",
        "(639, 65)",
        "(92, 135)",
        "(585, 50)",
        "(801, 447)",
        "(130, 821)",
        "(935, 228)",
        "(669, 818)",
        "(825, 505)",
        "(170, 946)"
    ],
    "(769, 988)": [
        "(12, 374)",
        "(569, 455)",
        "(400, 92)",
        "(815, 282)",
        "(406, 259)",
        "(303, 656)",
        "(666, 421)",
        "(620, 973)",
        "(500, 542)",
        "(817, 631)",
        "(178, 457)",
        "(544, 20)",
        "(559, 699)",
        "(735, 35)",
        "(395, 124)",
        "(158, 891)",
        "(301, 552)",
        "(825, 505)",
        "(708, 301)",
        "(265, 551)",
        "(669, 818)",
        "(583, 541)",
        "(22, 425)",
        "(715, 695)",
        "(44, 947)",
        "(170, 946)",
        "(345, 341)"
    ],
    "(345, 341)": [
        "(152, 976)",
        "(848, 463)",
        "(715, 695)",
        "(583, 541)",
        "(125, 459)",
        "(178, 952)",
        "(90, 73)",
        "(172, 243)",
        "(865, 182)",
        "(351, 915)",
        "(303, 656)",
        "(69, 537)",
        "(395, 124)",
        "(569, 455)",
        "(620, 973)",
        "(400, 92)",
        "(992, 448)",
        "(145, 879)",
        "(301, 552)",
        "(970, 110)",
        "(769, 988)",
        "(815, 282)"
    ],
    "(944, 159)": [
        "(22, 425)",
        "(544, 20)",
        "(473, 459)",
        "(801, 447)",
        "(955, 186)",
        "(125, 459)",
        "(970, 110)",
        "(351, 915)",
        "(178, 952)",
        "(935, 228)",
        "(265, 551)",
        "(559, 699)",
        "(669, 818)",
        "(825, 505)",
        "(145, 879)",
        "(303, 656)",
        "(718, 333)",
        "(848, 463)"
    ],
    "(400, 92)": [
        "(708, 301)",
        "(865, 182)",
        "(769, 988)",
        "(718, 333)",
        "(937, 510)",
        "(90, 73)",
        "(830, 768)",
        "(130, 821)",
        "(672, 264)",
        "(170, 946)",
        "(328, 962)",
        "(345, 341)",
        "(715, 695)",
        "(433, 472)",
        "(727, 923)",
        "(848, 463)",
        "(246, 22)",
        "(955, 186)",
        "(992, 448)",
        "(132, 266)",
        "(232, 112)",
        "(69, 54)"
    ],
    "(406, 259)": [
        "(172, 243)",
        "(92, 135)",
        "(130, 821)",
        "(433, 472)",
        "(992, 448)",
        "(90, 137)",
        "(303, 656)",
        "(769, 988)",
        "(246, 22)",
        "(825, 505)",
        "(606, 446)",
        "(865, 182)",
        "(145, 879)",
        "(989, 714)",
        "(715, 695)",
        "(735, 35)",
        "(473, 459)",
        "(713, 180)"
    ],
    "(804, 986)": [
        "(620, 973)",
        "(544, 20)",
        "(301, 552)",
        "(817, 631)",
        "(400, 248)",
        "(132, 266)",
        "(22, 425)",
        "(246, 22)",
        "(801, 447)",
        "(395, 124)",
        "(125, 459)",
        "(178, 952)",
        "(451, 23)",
        "(583, 541)",
        "(244, 103)",
        "(12, 374)",
        "(152, 976)"
    ],
    "(639, 65)": [
        "(937, 510)",
        "(22, 425)",
        "(606, 446)",
        "(559, 699)",
        "(303, 656)",
        "(669, 818)",
        "(90, 73)",
        "(500, 542)",
        "(620, 973)",
        "(830, 768)",
        "(44, 947)",
        "(100, 235)",
        "(718, 333)",
        "(815, 282)",
        "(937, 807)",
        "(244, 103)",
        "(935, 228)",
        "(12, 374)"
    ],
    "(69, 54)": [
        "(351, 915)",
        "(265, 551)",
        "(559, 699)",
        "(955, 186)",
        "(620, 973)",
        "(500, 542)",
        "(451, 23)",
        "(22, 425)",
        "(246, 22)",
        "(395, 124)",
        "(145, 879)",
        "(606, 446)",
        "(178, 457)",
        "(865, 182)",
        "(232, 112)",
        "(658, 678)",
        "(583, 541)",
        "(178, 952)",
        "(727, 923)",
        "(130, 821)",
        "(843, 398)",
        "(400, 92)"
    ],
    "(246, 22)": [
        "(92, 135)",
        "(658, 678)",
        "(100, 235)",
        "(13, 858)",
        "(672, 264)",
        "(400, 248)",
        "(232, 112)",
        "(406, 259)",
        "(44, 947)",
        "(328, 962)",
        "(69, 54)",
        "(817, 631)",
        "(666, 421)",
        "(351, 915)",
        "(585, 50)",
        "(804, 986)",
        "(244, 103)",
        "(587, 189)",
        "(400, 92)",
        "(935, 228)",
        "(970, 110)",
        "(843, 398)",
        "(830, 768)",
        "(680, 930)",
        "(500, 542)",
        "(620, 973)"
    ],
    "(395, 124)": [
        "(100, 235)",
        "(90, 137)",
        "(815, 282)",
        "(718, 333)",
        "(825, 505)",
        "(13, 858)",
        "(132, 266)",
        "(433, 472)",
        "(500, 542)",
        "(69, 54)",
        "(606, 446)",
        "(345, 341)",
        "(769, 988)",
        "(125, 459)",
        "(804, 986)",
        "(178, 952)",
        "(666, 421)",
        "(328, 962)",
        "(232, 112)",
        "(830, 768)"
    ],
    "(672, 264)": [
        "(246, 22)",
        "(559, 699)",
        "(130, 821)",
        "(400, 92)",
        "(90, 73)",
        "(606, 446)",
        "(585, 50)",
        "(178, 457)",
        "(298, 370)",
        "(473, 459)",
        "(937, 510)",
        "(12, 374)",
        "(970, 110)",
        "(152, 976)",
        "(957, 457)",
        "(351, 915)",
        "(935, 228)",
        "(992, 448)",
        "(735, 35)"
    ],
    "(825, 505)": [
        "(13, 858)",
        "(848, 463)",
        "(395, 124)",
        "(669, 818)",
        "(998, 413)",
        "(406, 259)",
        "(92, 135)",
        "(735, 35)",
        "(244, 103)",
        "(301, 552)",
        "(90, 137)",
        "(265, 551)",
        "(944, 159)",
        "(769, 988)",
        "(90, 73)",
        "(666, 421)"
    ],
    "(830, 768)": [
        "(130, 821)",
        "(848, 463)",
        "(500, 542)",
        "(170, 946)",
        "(669, 818)",
        "(100, 235)",
        "(989, 714)",
        "(735, 35)",
        "(400, 92)",
        "(998, 413)",
        "(451, 23)",
        "(718, 333)",
        "(569, 455)",
        "(639, 65)",
        "(817, 631)",
        "(178, 457)",
        "(90, 137)",
        "(544, 20)",
        "(246, 22)",
        "(44, 947)",
        "(395, 124)"
    ],
    "(680, 930)": [
        "(125, 459)",
        "(718, 333)",
        "(152, 976)",
        "(992, 448)",
        "(937, 510)",
        "(666, 421)",
        "(298, 370)",
        "(130, 821)",
        "(244, 103)",
        "(400, 248)",
        "(132, 266)",
        "(843, 398)",
        "(90, 137)",
        "(246, 22)",
        "(301, 552)",
        "(100, 235)",
        "(935, 228)",
        "(708, 301)",
        "(937, 807)",
        "(433, 472)",
        "(22, 425)"
    ],
    "(658, 678)": [
        "(22, 425)",
        "(246, 22)",
        "(90, 137)",
        "(170, 946)",
        "(957, 457)",
        "(713, 180)",
        "(989, 714)",
        "(244, 103)",
        "(998, 413)",
        "(718, 333)",
        "(559, 699)",
        "(298, 370)",
        "(970, 110)",
        "(265, 551)",
        "(69, 54)",
        "(152, 976)",
        "(715, 695)",
        "(130, 821)",
        "(727, 923)",
        "(69, 537)"
    ],
    "(301, 552)": [
        "(433, 472)",
        "(44, 947)",
        "(937, 510)",
        "(804, 986)",
        "(90, 137)",
        "(970, 110)",
        "(132, 266)",
        "(843, 398)",
        "(265, 551)",
        "(989, 714)",
        "(170, 946)",
        "(769, 988)",
        "(400, 248)",
        "(937, 807)",
        "(825, 505)",
        "(298, 370)",
        "(801, 447)",
        "(345, 341)",
        "(544, 20)",
        "(680, 930)",
        "(583, 541)",
        "(848, 463)"
    ],
    "(583, 541)": [
        "(801, 447)",
        "(178, 952)",
        "(715, 695)",
        "(100, 235)",
        "(452, 65)",
        "(345, 341)",
        "(989, 714)",
        "(998, 413)",
        "(955, 186)",
        "(303, 656)",
        "(587, 189)",
        "(718, 333)",
        "(666, 421)",
        "(500, 542)",
        "(69, 54)",
        "(172, 243)",
        "(769, 988)",
        "(804, 986)",
        "(713, 180)",
        "(301, 552)"
    ],
    "(865, 182)": [
        "(400, 92)",
        "(937, 807)",
        "(585, 50)",
        "(815, 282)",
        "(125, 459)",
        "(345, 341)",
        "(130, 821)",
        "(406, 259)",
        "(69, 54)",
        "(172, 243)",
        "(132, 266)",
        "(178, 457)",
        "(158, 891)",
        "(801, 447)",
        "(44, 947)",
        "(569, 455)",
        "(935, 228)"
    ],
    "(473, 459)": [
        "(178, 952)",
        "(848, 463)",
        "(620, 973)",
        "(944, 159)",
        "(606, 446)",
        "(303, 656)",
        "(955, 186)",
        "(452, 65)",
        "(569, 455)",
        "(815, 282)",
        "(718, 333)",
        "(957, 457)",
        "(672, 264)",
        "(406, 259)",
        "(817, 631)",
        "(735, 35)"
    ],
    "(708, 301)": [
        "(400, 92)",
        "(669, 818)",
        "(90, 137)",
        "(848, 463)",
        "(452, 65)",
        "(232, 112)",
        "(937, 807)",
        "(955, 186)",
        "(815, 282)",
        "(244, 103)",
        "(935, 228)",
        "(178, 952)",
        "(92, 135)",
        "(152, 976)",
        "(735, 35)",
        "(130, 821)",
        "(433, 472)",
        "(351, 915)",
        "(769, 988)",
        "(970, 110)",
        "(620, 973)",
        "(680, 930)",
        "(843, 398)",
        "(145, 879)"
    ],
    "(132, 266)": [
        "(125, 459)",
        "(801, 447)",
        "(395, 124)",
        "(669, 818)",
        "(544, 20)",
        "(44, 947)",
        "(178, 457)",
        "(172, 243)",
        "(301, 552)",
        "(804, 986)",
        "(817, 631)",
        "(848, 463)",
        "(865, 182)",
        "(680, 930)",
        "(937, 510)",
        "(152, 976)",
        "(400, 248)",
        "(12, 374)",
        "(400, 92)",
        "(713, 180)"
    ],
    "(500, 542)": [
        "(69, 54)",
        "(830, 768)",
        "(158, 891)",
        "(170, 946)",
        "(815, 282)",
        "(395, 124)",
        "(769, 988)",
        "(713, 180)",
        "(718, 333)",
        "(848, 463)",
        "(639, 65)",
        "(152, 976)",
        "(130, 821)",
        "(727, 923)",
        "(583, 541)",
        "(937, 510)",
        "(246, 22)"
    ],
    "(992, 448)": [
        "(815, 282)",
        "(158, 891)",
        "(606, 446)",
        "(680, 930)",
        "(970, 110)",
        "(451, 23)",
        "(406, 259)",
        "(232, 112)",
        "(998, 413)",
        "(620, 973)",
        "(328, 962)",
        "(345, 341)",
        "(937, 510)",
        "(303, 656)",
        "(937, 807)",
        "(400, 92)",
        "(152, 976)",
        "(713, 180)",
        "(92, 135)",
        "(989, 714)",
        "(587, 189)",
        "(672, 264)"
    ],
    "(265, 551)": [
        "(69, 54)",
        "(970, 11)",
        "(178, 952)",
        "(172, 243)",
        "(13, 858)",
        "(620, 973)",
        "(90, 137)",
        "(328, 962)",
        "(955, 186)",
        "(298, 370)",
        "(718, 333)",
        "(666, 421)",
        "(92, 135)",
        "(145, 879)",
        "(944, 159)",
        "(301, 552)",
        "(658, 678)",
        "(825, 505)",
        "(585, 50)",
        "(769, 988)",
        "(998, 413)",
        "(100, 235)"
    ],
    "(152, 976)": [
        "(680, 930)",
        "(345, 341)",
        "(569, 455)",
        "(727, 923)",
        "(715, 695)",
        "(718, 333)",
        "(172, 243)",
        "(500, 542)",
        "(713, 180)",
        "(708, 301)",
        "(658, 678)",
        "(132, 266)",
        "(801, 447)",
        "(992, 448)",
        "(672, 264)",
        "(178, 457)",
        "(303, 656)",
        "(351, 915)",
        "(100, 235)",
        "(804, 986)"
    ],
    "(351, 915)": [
        "(69, 54)",
        "(815, 282)",
        "(69, 537)",
        "(970, 11)",
        "(944, 159)",
        "(989, 714)",
        "(935, 228)",
        "(587, 189)",
        "(345, 341)",
        "(246, 22)",
        "(90, 137)",
        "(298, 370)",
        "(433, 472)",
        "(708, 301)",
        "(178, 952)",
        "(672, 264)",
        "(152, 976)",
        "(400, 248)"
    ],
    "(178, 457)": [
        "(937, 807)",
        "(125, 459)",
        "(232, 112)",
        "(22, 425)",
        "(90, 137)",
        "(769, 988)",
        "(132, 266)",
        "(400, 248)",
        "(69, 54)",
        "(606, 446)",
        "(433, 472)",
        "(865, 182)",
        "(672, 264)",
        "(715, 695)",
        "(830, 768)",
        "(937, 510)",
        "(152, 976)",
        "(328, 962)",
        "(817, 631)"
    ],
    "(801, 447)": [
        "(583, 541)",
        "(433, 472)",
        "(400, 248)",
        "(944, 159)",
        "(606, 446)",
        "(13, 858)",
        "(44, 947)",
        "(132, 266)",
        "(544, 20)",
        "(970, 110)",
        "(998, 413)",
        "(100, 235)",
        "(90, 73)",
        "(620, 973)",
        "(713, 180)",
        "(804, 986)",
        "(170, 946)",
        "(303, 656)",
        "(152, 976)",
        "(666, 421)",
        "(451, 23)",
        "(301, 552)",
        "(865, 182)",
        "(298, 370)"
    ],
    "(433, 472)": [
        "(69, 537)",
        "(100, 235)",
        "(232, 112)",
        "(801, 447)",
        "(328, 962)",
        "(301, 552)",
        "(406, 259)",
        "(395, 124)",
        "(935, 228)",
        "(970, 11)",
        "(172, 243)",
        "(178, 457)",
        "(937, 807)",
        "(92, 135)",
        "(669, 818)",
        "(400, 92)",
        "(351, 915)",
        "(735, 35)",
        "(817, 631)",
        "(708, 301)",
        "(680, 930)",
        "(606, 446)",
        "(620, 973)"
    ],
    "(957, 457)": [
        "(178, 952)",
        "(970, 110)",
        "(658, 678)",
        "(843, 398)",
        "(815, 282)",
        "(989, 714)",
        "(298, 370)",
        "(620, 973)",
        "(12, 374)",
        "(735, 35)",
        "(328, 962)",
        "(244, 103)",
        "(130, 821)",
        "(473, 459)",
        "(69, 537)",
        "(158, 891)",
        "(937, 807)",
        "(92, 135)",
        "(672, 264)",
        "(569, 455)"
    ],
    "(606, 446)": [
        "(158, 891)",
        "(451, 23)",
        "(843, 398)",
        "(992, 448)",
        "(12, 374)",
        "(669, 818)",
        "(801, 447)",
        "(587, 189)",
        "(92, 135)",
        "(473, 459)",
        "(639, 65)",
        "(69, 537)",
        "(395, 124)",
        "(406, 259)",
        "(22, 425)",
        "(69, 54)",
        "(178, 457)",
        "(672, 264)",
        "(298, 370)",
        "(989, 714)",
        "(955, 186)",
        "(585, 50)",
        "(433, 472)"
    ],
    "(232, 112)": [
        "(433, 472)",
        "(303, 656)",
        "(246, 22)",
        "(708, 301)",
        "(178, 457)",
        "(452, 65)",
        "(935, 228)",
        "(992, 448)",
        "(848, 463)",
        "(715, 695)",
        "(666, 421)",
        "(158, 891)",
        "(13, 858)",
        "(69, 54)",
        "(843, 398)",
        "(395, 124)",
        "(244, 103)",
        "(400, 92)"
    ],
    "(585, 50)": [
        "(727, 923)",
        "(865, 182)",
        "(715, 695)",
        "(970, 11)",
        "(669, 818)",
        "(90, 73)",
        "(400, 248)",
        "(672, 264)",
        "(713, 180)",
        "(246, 22)",
        "(848, 463)",
        "(172, 243)",
        "(620, 973)",
        "(265, 551)",
        "(606, 446)",
        "(935, 228)"
    ],
    "(244, 103)": [
        "(970, 11)",
        "(569, 455)",
        "(848, 463)",
        "(658, 678)",
        "(708, 301)",
        "(13, 858)",
        "(680, 930)",
        "(825, 505)",
        "(559, 699)",
        "(957, 457)",
        "(246, 22)",
        "(715, 695)",
        "(815, 282)",
        "(100, 235)",
        "(158, 891)",
        "(804, 986)",
        "(232, 112)",
        "(955, 186)",
        "(639, 65)"
    ],
    "(90, 137)": [
        "(708, 301)",
        "(658, 678)",
        "(395, 124)",
        "(265, 551)",
        "(406, 259)",
        "(301, 552)",
        "(13, 858)",
        "(735, 35)",
        "(935, 228)",
        "(178, 457)",
        "(559, 699)",
        "(351, 915)",
        "(298, 370)",
        "(825, 505)",
        "(715, 695)",
        "(830, 768)",
        "(680, 930)",
        "(718, 333)",
        "(22, 425)"
    ],
    "(970, 11)": [
        "(244, 103)",
        "(265, 551)",
        "(351, 915)",
        "(433, 472)",
        "(92, 135)",
        "(585, 50)",
        "(328, 962)",
        "(170, 946)",
        "(587, 189)"
    ],
    "(998, 413)": [
        "(559, 699)",
        "(843, 398)",
        "(718, 333)",
        "(13, 858)",
        "(989, 714)",
        "(735, 35)",
        "(22, 425)",
        "(69, 537)",
        "(970, 110)",
        "(328, 962)",
        "(583, 541)",
        "(992, 448)",
        "(825, 505)",
        "(801, 447)",
        "(830, 768)",
        "(658, 678)",
        "(817, 631)",
        "(587, 189)",
        "(569, 455)",
        "(265, 551)",
        "(848, 463)"
    ],
    "(587, 189)": [
        "(848, 463)",
        "(130, 821)",
        "(452, 65)",
        "(12, 374)",
        "(606, 446)",
        "(451, 23)",
        "(170, 946)",
        "(351, 915)",
        "(583, 541)",
        "(727, 923)",
        "(145, 879)",
        "(246, 22)",
        "(69, 537)",
        "(998, 413)",
        "(44, 947)",
        "(666, 421)",
        "(992, 448)",
        "(970, 11)"
    ],
    "(937, 807)": [
        "(452, 65)",
        "(865, 182)",
        "(178, 457)",
        "(708, 301)",
        "(559, 699)",
        "(298, 370)",
        "(433, 472)",
        "(125, 459)",
        "(303, 656)",
        "(158, 891)",
        "(328, 962)",
        "(992, 448)",
        "(301, 552)",
        "(12, 374)",
        "(957, 457)",
        "(639, 65)",
        "(935, 228)",
        "(937, 510)",
        "(100, 235)",
        "(130, 821)",
        "(680, 930)"
    ],
    "(130, 821)": [
        "(830, 768)",
        "(44, 947)",
        "(406, 259)",
        "(587, 189)",
        "(12, 374)",
        "(672, 264)",
        "(848, 463)",
        "(955, 186)",
        "(620, 973)",
        "(400, 92)",
        "(843, 398)",
        "(145, 879)",
        "(865, 182)",
        "(735, 35)",
        "(500, 542)",
        "(680, 930)",
        "(90, 73)",
        "(957, 457)",
        "(708, 301)",
        "(658, 678)",
        "(69, 54)",
        "(937, 807)",
        "(713, 180)",
        "(989, 714)"
    ],
    "(451, 23)": [
        "(606, 446)",
        "(992, 448)",
        "(735, 35)",
        "(69, 54)",
        "(587, 189)",
        "(830, 768)",
        "(328, 962)",
        "(801, 447)",
        "(804, 986)",
        "(970, 110)",
        "(12, 374)"
    ],
    "(817, 631)": [
        "(44, 947)",
        "(569, 455)",
        "(246, 22)",
        "(935, 228)",
        "(769, 988)",
        "(804, 986)",
        "(132, 266)",
        "(998, 413)",
        "(830, 768)",
        "(735, 35)",
        "(666, 421)",
        "(848, 463)",
        "(433, 472)",
        "(328, 962)",
        "(473, 459)",
        "(178, 457)",
        "(620, 973)"
    ],
    "(145, 879)": [
        "(569, 455)",
        "(44, 947)",
        "(298, 370)",
        "(130, 821)",
        "(69, 54)",
        "(265, 551)",
        "(406, 259)",
        "(587, 189)",
        "(345, 341)",
        "(22, 425)",
        "(944, 159)",
        "(12, 374)",
        "(955, 186)",
        "(708, 301)"
    ],
    "(170, 946)": [
        "(658, 678)",
        "(452, 65)",
        "(830, 768)",
        "(500, 542)",
        "(587, 189)",
        "(328, 962)",
        "(400, 92)",
        "(937, 510)",
        "(666, 421)",
        "(301, 552)",
        "(801, 447)",
        "(970, 11)",
        "(769, 988)",
        "(90, 73)",
        "(955, 186)",
        "(92, 135)"
    ],
    "(303, 656)": [
        "(232, 112)",
        "(935, 228)",
        "(718, 333)",
        "(669, 818)",
        "(406, 259)",
        "(473, 459)",
        "(769, 988)",
        "(345, 341)",
        "(298, 370)",
        "(639, 65)",
        "(559, 699)",
        "(583, 541)",
        "(620, 973)",
        "(937, 807)",
        "(955, 186)",
        "(992, 448)",
        "(452, 65)",
        "(22, 425)",
        "(801, 447)",
        "(944, 159)",
        "(172, 243)",
        "(152, 976)"
    ],
    "(937, 510)": [
        "(639, 65)",
        "(13, 858)",
        "(301, 552)",
        "(400, 92)",
        "(955, 186)",
        "(680, 930)",
        "(170, 946)",
        "(12, 374)",
        "(172, 243)",
        "(992, 448)",
        "(132, 266)",
        "(989, 714)",
        "(178, 457)",
        "(672, 264)",
        "(713, 180)",
        "(937, 807)",
        "(500, 542)",
        "(718, 333)"
    ],
    "(666, 421)": [
        "(172, 243)",
        "(100, 235)",
        "(769, 988)",
        "(680, 930)",
        "(265, 551)",
        "(246, 22)",
        "(583, 541)",
        "(232, 112)",
        "(544, 20)",
        "(170, 946)",
        "(92, 135)",
        "(22, 425)",
        "(817, 631)",
        "(69, 537)",
        "(801, 447)",
        "(395, 124)",
        "(727, 923)",
        "(587, 189)",
        "(400, 248)",
        "(825, 505)"
    ],
    "(13, 858)": [
        "(815, 282)",
        "(246, 22)",
        "(998, 413)",
        "(22, 425)",
        "(825, 505)",
        "(620, 973)",
        "(669, 818)",
        "(937, 510)",
        "(395, 124)",
        "(265, 551)",
        "(801, 447)",
        "(715, 695)",
        "(90, 137)",
        "(244, 103)",
        "(69, 537)",
        "(232, 112)",
        "(970, 110)",
        "(100, 235)",
        "(843, 398)",
        "(172, 243)"
    ],
    "(718, 333)": [
        "(680, 930)",
        "(998, 413)",
        "(303, 656)",
        "(395, 124)",
        "(400, 92)",
        "(69, 537)",
        "(970, 110)",
        "(22, 425)",
        "(265, 551)",
        "(152, 976)",
        "(452, 65)",
        "(500, 542)",
        "(583, 541)",
        "(658, 678)",
        "(830, 768)",
        "(815, 282)",
        "(473, 459)",
        "(172, 243)",
        "(158, 891)",
        "(639, 65)",
        "(944, 159)",
        "(90, 137)",
        "(937, 510)",
        "(125, 459)"
    ],
    "(669, 818)": [
        "(708, 301)",
        "(13, 858)",
        "(303, 656)",
        "(606, 446)",
        "(825, 505)",
        "(400, 248)",
        "(830, 768)",
        "(132, 266)",
        "(639, 65)",
        "(585, 50)",
        "(433, 472)",
        "(92, 135)",
        "(944, 159)",
        "(90, 73)",
        "(452, 65)",
        "(955, 186)",
        "(769, 988)",
        "(735, 35)"
    ],
    "(544, 20)": [
        "(944, 159)",
        "(804, 986)",
        "(328, 962)",
        "(955, 186)",
        "(801, 447)",
        "(452, 65)",
        "(158, 891)",
        "(90, 73)",
        "(132, 266)",
        "(769, 988)",
        "(298, 370)",
        "(69, 537)",
        "(666, 421)",
        "(830, 768)",
        "(301, 552)",
        "(620, 973)"
    ],
    "(69, 537)": [
        "(433, 472)",
        "(998, 413)",
        "(620, 973)",
        "(606, 446)",
        "(351, 915)",
        "(718, 333)",
        "(848, 463)",
        "(345, 341)",
        "(92, 135)",
        "(13, 858)",
        "(544, 20)",
        "(666, 421)",
        "(587, 189)",
        "(957, 457)",
        "(158, 891)",
        "(715, 695)",
        "(658, 678)"
    ],
    "(44, 947)": [
        "(130, 821)",
        "(301, 552)",
        "(935, 228)",
        "(817, 631)",
        "(125, 459)",
        "(801, 447)",
        "(145, 879)",
        "(246, 22)",
        "(735, 35)",
        "(178, 952)",
        "(132, 266)",
        "(815, 282)",
        "(970, 110)",
        "(639, 65)",
        "(559, 699)",
        "(848, 463)",
        "(452, 65)",
        "(587, 189)",
        "(955, 186)",
        "(713, 180)",
        "(865, 182)",
        "(769, 988)",
        "(830, 768)"
    ],
    "(848, 463)": [
        "(830, 768)",
        "(587, 189)",
        "(708, 301)",
        "(473, 459)",
        "(825, 505)",
        "(345, 341)",
        "(130, 821)",
        "(713, 180)",
        "(244, 103)",
        "(69, 537)",
        "(232, 112)",
        "(500, 542)",
        "(989, 714)",
        "(132, 266)",
        "(400, 92)",
        "(585, 50)",
        "(817, 631)",
        "(44, 947)",
        "(22, 425)",
        "(100, 235)",
        "(998, 413)",
        "(935, 228)",
        "(944, 159)",
        "(301, 552)",
        "(955, 186)"
    ],
    "(100, 235)": [
        "(433, 472)",
        "(246, 22)",
        "(298, 370)",
        "(395, 124)",
        "(583, 541)",
        "(830, 768)",
        "(666, 421)",
        "(22, 425)",
        "(843, 398)",
        "(801, 447)",
        "(13, 858)",
        "(727, 923)",
        "(639, 65)",
        "(178, 952)",
        "(400, 248)",
        "(569, 455)",
        "(848, 463)",
        "(244, 103)",
        "(937, 807)",
        "(265, 551)",
        "(680, 930)",
        "(152, 976)"
    ],
    "(125, 459)": [
        "(680, 930)",
        "(400, 248)",
        "(178, 457)",
        "(132, 266)",
        "(44, 947)",
        "(944, 159)",
        "(955, 186)",
        "(559, 699)",
        "(345, 341)",
        "(865, 182)",
        "(713, 180)",
        "(937, 807)",
        "(395, 124)",
        "(727, 923)",
        "(452, 65)",
        "(804, 986)",
        "(718, 333)"
    ],
    "(178, 952)": [
        "(957, 457)",
        "(158, 891)",
        "(265, 551)",
        "(583, 541)",
        "(473, 459)",
        "(90, 73)",
        "(345, 341)",
        "(944, 159)",
        "(815, 282)",
        "(708, 301)",
        "(44, 947)",
        "(12, 374)",
        "(395, 124)",
        "(351, 915)",
        "(804, 986)",
        "(100, 235)",
        "(727, 923)",
        "(92, 135)",
        "(69, 54)",
        "(955, 186)"
    ],
    "(12, 374)": [
        "(769, 988)",
        "(713, 180)",
        "(130, 821)",
        "(606, 446)",
        "(587, 189)",
        "(90, 73)",
        "(452, 65)",
        "(937, 510)",
        "(400, 248)",
        "(957, 457)",
        "(178, 952)",
        "(937, 807)",
        "(672, 264)",
        "(145, 879)",
        "(132, 266)",
        "(569, 455)",
        "(158, 891)",
        "(804, 986)",
        "(451, 23)",
        "(639, 65)"
    ],
    "(970, 110)": [
        "(957, 457)",
        "(815, 282)",
        "(992, 448)",
        "(998, 413)",
        "(944, 159)",
        "(801, 447)",
        "(718, 333)",
        "(22, 425)",
        "(158, 891)",
        "(301, 552)",
        "(44, 947)",
        "(658, 678)",
        "(13, 858)",
        "(708, 301)",
        "(672, 264)",
        "(246, 22)",
        "(345, 341)",
        "(452, 65)",
        "(451, 23)"
    ],
    "(158, 891)": [
        "(606, 446)",
        "(178, 952)",
        "(992, 448)",
        "(815, 282)",
        "(22, 425)",
        "(500, 542)",
        "(544, 20)",
        "(735, 35)",
        "(970, 110)",
        "(328, 962)",
        "(232, 112)",
        "(937, 807)",
        "(769, 988)",
        "(718, 333)",
        "(957, 457)",
        "(452, 65)",
        "(69, 537)",
        "(865, 182)",
        "(713, 180)",
        "(244, 103)",
        "(955, 186)",
        "(12, 374)",
        "(727, 923)"
    ],
    "(620, 973)": [
        "(804, 986)",
        "(13, 858)",
        "(69, 54)",
        "(473, 459)",
        "(69, 537)",
        "(265, 551)",
        "(569, 455)",
        "(769, 988)",
        "(130, 821)",
        "(452, 65)",
        "(992, 448)",
        "(345, 341)",
        "(639, 65)",
        "(303, 656)",
        "(957, 457)",
        "(801, 447)",
        "(715, 695)",
        "(585, 50)",
        "(708, 301)",
        "(544, 20)",
        "(817, 631)",
        "(246, 22)",
        "(433, 472)"
    ],
    "(172, 243)": [
        "(713, 180)",
        "(406, 259)",
        "(265, 551)",
        "(666, 421)",
        "(935, 228)",
        "(22, 425)",
        "(345, 341)",
        "(152, 976)",
        "(433, 472)",
        "(132, 266)",
        "(937, 510)",
        "(865, 182)",
        "(735, 35)",
        "(583, 541)",
        "(585, 50)",
        "(718, 333)",
        "(303, 656)",
        "(13, 858)",
        "(815, 282)"
    ],
    "(713, 180)": [
        "(935, 228)",
        "(172, 243)",
        "(12, 374)",
        "(22, 425)",
        "(658, 678)",
        "(848, 463)",
        "(735, 35)",
        "(92, 135)",
        "(500, 542)",
        "(125, 459)",
        "(585, 50)",
        "(152, 976)",
        "(801, 447)",
        "(158, 891)",
        "(583, 541)",
        "(44, 947)",
        "(992, 448)",
        "(937, 510)",
        "(406, 259)",
        "(130, 821)",
        "(132, 266)"
    ],
    "(815, 282)": [
        "(992, 448)",
        "(298, 370)",
        "(13, 858)",
        "(351, 915)",
        "(158, 891)",
        "(970, 110)",
        "(865, 182)",
        "(395, 124)",
        "(769, 988)",
        "(957, 457)",
        "(400, 248)",
        "(500, 542)",
        "(569, 455)",
        "(708, 301)",
        "(178, 952)",
        "(44, 947)",
        "(718, 333)",
        "(473, 459)",
        "(639, 65)",
        "(244, 103)",
        "(715, 695)",
        "(328, 962)",
        "(345, 341)",
        "(172, 243)"
    ],
    "(715, 695)": [
        "(583, 541)",
        "(345, 341)",
        "(90, 73)",
        "(152, 976)",
        "(13, 858)",
        "(585, 50)",
        "(232, 112)",
        "(400, 92)",
        "(406, 259)",
        "(178, 457)",
        "(620, 973)",
        "(90, 137)",
        "(244, 103)",
        "(658, 678)",
        "(815, 282)",
        "(69, 537)",
        "(769, 988)"
    ],
    "(569, 455)": [
        "(955, 186)",
        "(769, 988)",
        "(145, 879)",
        "(152, 976)",
        "(244, 103)",
        "(620, 973)",
        "(815, 282)",
        "(817, 631)",
        "(989, 714)",
        "(345, 341)",
        "(473, 459)",
        "(830, 768)",
        "(998, 413)",
        "(100, 235)",
        "(865, 182)",
        "(12, 374)",
        "(957, 457)"
    ],
    "(92, 135)": [
        "(246, 22)",
        "(406, 259)",
        "(606, 446)",
        "(713, 180)",
        "(970, 11)",
        "(265, 551)",
        "(843, 398)",
        "(69, 537)",
        "(90, 73)",
        "(708, 301)",
        "(825, 505)",
        "(433, 472)",
        "(666, 421)",
        "(989, 714)",
        "(669, 818)",
        "(727, 923)",
        "(955, 186)",
        "(957, 457)",
        "(178, 952)",
        "(992, 448)",
        "(170, 946)"
    ],
    "(735, 35)": [
        "(998, 413)",
        "(451, 23)",
        "(830, 768)",
        "(713, 180)",
        "(158, 891)",
        "(90, 137)",
        "(44, 947)",
        "(769, 988)",
        "(130, 821)",
        "(957, 457)",
        "(825, 505)",
        "(559, 699)",
        "(298, 370)",
        "(817, 631)",
        "(406, 259)",
        "(708, 301)",
        "(172, 243)",
        "(433, 472)",
        "(843, 398)",
        "(669, 818)",
        "(473, 459)",
        "(672, 264)"
    ],
    "(843, 398)": [
        "(998, 413)",
        "(606, 446)",
        "(957, 457)",
        "(130, 821)",
        "(92, 135)",
        "(100, 235)",
        "(328, 962)",
        "(301, 552)",
        "(680, 930)",
        "(13, 858)",
        "(232, 112)",
        "(246, 22)",
        "(735, 35)",
        "(69, 54)",
        "(708, 301)"
    ],
    "(955, 186)": [
        "(569, 455)",
        "(69, 54)",
        "(544, 20)",
        "(944, 159)",
        "(125, 459)",
        "(130, 821)",
        "(265, 551)",
        "(708, 301)",
        "(937, 510)",
        "(583, 541)",
        "(473, 459)",
        "(303, 656)",
        "(400, 92)",
        "(298, 370)",
        "(92, 135)",
        "(669, 818)",
        "(44, 947)",
        "(606, 446)",
        "(145, 879)",
        "(158, 891)",
        "(244, 103)",
        "(178, 952)",
        "(170, 946)",
        "(848, 463)"
    ]
}