{
    "(239, 152)": [
        "(83, 551)",
        "(545, 811)",
        "(593, 55)",
        "(798, 254)",
        "(462, 920)",
        "(960, 481)",
        "(933, 928)",
        "(684, 345)",
        "(569, 746)",
        "(35, 878)",
        "(100, 368)",
        "(231, 189)",
        "(532, 679)",
        "(559, 786)",
        "(214, 990)",
        "(939, 127)",
        "(192, 795)",
        "(938, 408)",
        "(381, 938)",
        "(242, 848)",
        "(622, 276)",
        "(387, 659)",
        "(360, 270)",
        "(668, 139)",
        "(127, 858)",
        "(161, 585)",
        "(283, 360)",
        "(223, 345)",
        "(800, 342)",
        "(58, 655)",
        "(97, 805)",
        "(595, 690)",
        "(271, 161)",
        "(934, 712)",
        "(918, 414)"
    ],
    "(798, 254)": [
        "(745, 323)",
        "(161, 585)",
        "(239, 152)",
        "(697, 588)",
        "(545, 811)",
        "(383, 135)",
        "(593, 55)",
        "(686, 789)",
        "(381, 938)",
        "(664, 632)",
        "(532, 679)",
        "(820, 947)",
        "(622, 276)",
        "(387, 659)",
        "(242, 123)",
        "(509, 87)",
        "(938, 408)",
        "(914, 366)",
        "(788, 191)",
        "(416, 707)",
        "(559, 786)",
        "(591, 233)",
        "(993, 35)",
        "(966, 344)",
        "(127, 858)",
        "(172, 702)",
        "(668, 139)",
        "(283, 360)",
        "(242, 848)",
        "(360, 270)",
        "(569, 182)",
        "(100, 368)",
        "(258, 935)",
        "(684, 345)",
        "(58, 655)",
        "(595, 690)"
    ],
    "(918, 414)": [
        "(788, 191)",
        "(614, 746)",
        "(58, 655)",
        "(578, 985)",
        "(745, 323)",
        "(684, 345)",
        "(993, 35)",
        "(569, 182)",
        "(462, 920)",
        "(165, 907)",
        "(97, 805)",
        "(242, 848)",
        "(223, 345)",
        "(387, 659)",
        "(283, 360)",
        "(906, 301)",
        "(820, 947)",
        "(383, 135)",
        "(192, 795)",
        "(83, 551)",
        "(350, 774)",
        "(938, 408)",
        "(855, 631)",
        "(532, 679)",
        "(559, 786)",
        "(955, 283)",
        "(258, 935)",
        "(172, 702)",
        "(969, 959)",
        "(231, 189)",
        "(545, 811)",
        "(100, 368)",
        "(714, 656)",
        "(474, 473)",
        "(509, 87)",
        "(271, 161)",
        "(239, 152)",
        "(668, 139)"
    ],
    "(938, 408)": [
        "(58, 655)",
        "(939, 127)",
        "(906, 301)",
        "(855, 631)",
        "(640, 522)",
        "(668, 139)",
        "(714, 656)",
        "(223, 345)",
        "(578, 985)",
        "(165, 907)",
        "(416, 707)",
        "(622, 276)",
        "(800, 342)",
        "(350, 774)",
        "(383, 135)",
        "(798, 254)",
        "(595, 690)",
        "(509, 87)",
        "(35, 878)",
        "(918, 414)",
        "(569, 746)",
        "(192, 795)",
        "(242, 848)",
        "(68, 294)",
        "(239, 152)",
        "(474, 473)",
        "(172, 702)",
        "(258, 935)",
        "(569, 182)",
        "(820, 947)",
        "(914, 366)",
        "(993, 35)",
        "(100, 368)",
        "(271, 161)",
        "(297, 796)",
        "(36, 569)"
    ],
    "(622, 276)": [
        "(664, 632)",
        "(914, 366)",
        "(165, 907)",
        "(214, 990)",
        "(223, 345)",
        "(788, 191)",
        "(569, 746)",
        "(578, 985)",
        "(798, 254)",
        "(938, 408)",
        "(955, 283)",
        "(360, 270)",
        "(569, 182)",
        "(350, 774)",
        "(509, 87)",
        "(933, 928)",
        "(820, 947)",
        "(416, 707)",
        "(714, 656)",
        "(127, 858)",
        "(357, 485)",
        "(462, 920)",
        "(697, 588)",
        "(593, 55)",
        "(68, 294)",
        "(745, 323)",
        "(242, 848)",
        "(239, 152)",
        "(283, 360)",
        "(258, 935)",
        "(387, 659)",
        "(934, 712)",
        "(297, 796)",
        "(595, 690)",
        "(97, 805)"
    ],
    "(966, 344)": [
        "(914, 366)",
        "(231, 189)",
        "(993, 35)",
        "(745, 323)",
        "(569, 182)",
        "(591, 233)",
        "(800, 342)",
        "(161, 585)",
        "(271, 161)",
        "(360, 270)",
        "(813, 965)",
        "(172, 702)",
        "(381, 938)",
        "(58, 655)",
        "(798, 254)",
        "(127, 858)",
        "(509, 87)",
        "(462, 920)",
        "(165, 907)",
        "(242, 848)",
        "(664, 632)",
        "(684, 345)",
        "(83, 551)",
        "(357, 485)",
        "(906, 301)",
        "(100, 368)"
    ],
    "(161, 585)": [
        "(745, 323)",
        "(969, 959)",
        "(231, 189)",
        "(798, 254)",
        "(993, 35)",
        "(474, 473)",
        "(297, 796)",
        "(58, 655)",
        "(350, 774)",
        "(914, 366)",
        "(933, 928)",
        "(36, 569)",
        "(462, 920)",
        "(100, 368)",
        "(360, 270)",
        "(684, 345)",
        "(855, 631)",
        "(966, 344)",
        "(416, 707)",
        "(640, 522)",
        "(258, 935)",
        "(357, 485)",
        "(569, 746)",
        "(591, 233)",
        "(820, 947)",
        "(532, 679)",
        "(192, 795)",
        "(668, 139)",
        "(593, 55)",
        "(939, 127)",
        "(83, 551)",
        "(387, 659)",
        "(559, 786)",
        "(165, 907)",
        "(595, 690)",
        "(239, 152)",
        "(35, 878)",
        "(714, 656)",
        "(68, 294)",
        "(509, 87)"
    ],
    "(242, 123)": [
        "(172, 702)",
        "(242, 848)",
        "(800, 342)",
        "(591, 233)",
        "(350, 774)",
        "(668, 139)",
        "(820, 947)",
        "(271, 161)",
        "(357, 485)",
        "(214, 990)",
        "(798, 254)",
        "(559, 786)",
        "(297, 796)",
        "(714, 656)",
        "(416, 707)",
        "(223, 345)",
        "(595, 690)",
        "(686, 789)",
        "(283, 360)",
        "(192, 795)",
        "(955, 283)",
        "(578, 985)",
        "(614, 746)",
        "(231, 189)",
        "(960, 481)"
    ],
    "(462, 920)": [
        "(239, 152)",
        "(960, 481)",
        "(993, 35)",
        "(100, 368)",
        "(381, 938)",
        "(918, 414)",
        "(214, 990)",
        "(933, 928)",
        "(161, 585)",
        "(360, 270)",
        "(416, 707)",
        "(813, 965)",
        "(686, 789)",
        "(745, 323)",
        "(383, 135)",
        "(668, 139)",
        "(906, 301)",
        "(939, 127)",
        "(58, 655)",
        "(231, 189)",
        "(387, 659)",
        "(545, 811)",
        "(684, 345)",
        "(36, 569)",
        "(966, 344)",
        "(969, 959)",
        "(68, 294)",
        "(532, 679)",
        "(622, 276)",
        "(474, 473)",
        "(569, 746)",
        "(258, 935)",
        "(223, 345)",
        "(97, 805)",
        "(855, 631)",
        "(820, 947)",
        "(578, 985)",
        "(593, 55)"
    ],
    "(350, 774)": [
        "(714, 656)",
        "(800, 342)",
        "(165, 907)",
        "(684, 345)",
        "(161, 585)",
        "(614, 746)",
        "(231, 189)",
        "(242, 123)",
        "(559, 786)",
        "(578, 985)",
        "(271, 161)",
        "(938, 408)",
        "(595, 690)",
        "(918, 414)",
        "(242, 848)",
        "(668, 139)",
        "(697, 588)",
        "(788, 191)",
        "(622, 276)",
        "(58, 655)",
        "(569, 746)",
        "(914, 366)",
        "(172, 702)",
        "(593, 55)",
        "(591, 233)",
        "(35, 878)",
        "(100, 368)",
        "(939, 127)",
        "(360, 270)",
        "(569, 182)",
        "(820, 947)",
        "(192, 795)",
        "(813, 965)",
        "(906, 301)",
        "(297, 796)"
    ],
    "(578, 985)": [
        "(918, 414)",
        "(939, 127)",
        "(668, 139)",
        "(938, 408)",
        "(350, 774)",
        "(622, 276)",
        "(545, 811)",
        "(271, 161)",
        "(192, 795)",
        "(686, 789)",
        "(416, 707)",
        "(100, 368)",
        "(820, 947)",
        "(258, 935)",
        "(357, 485)",
        "(595, 690)",
        "(231, 189)",
        "(593, 55)",
        "(83, 551)",
        "(214, 990)",
        "(664, 632)",
        "(36, 569)",
        "(242, 848)",
        "(906, 301)",
        "(697, 588)",
        "(242, 123)",
        "(462, 920)",
        "(914, 366)",
        "(383, 135)",
        "(813, 965)",
        "(172, 702)",
        "(165, 907)"
    ],
    "(933, 928)": [
        "(36, 569)",
        "(745, 323)",
        "(640, 522)",
        "(127, 858)",
        "(161, 585)",
        "(668, 139)",
        "(462, 920)",
        "(820, 947)",
        "(239, 152)",
        "(357, 485)",
        "(993, 35)",
        "(955, 283)",
        "(83, 551)",
        "(474, 473)",
        "(714, 656)",
        "(788, 191)",
        "(172, 702)",
        "(68, 294)",
        "(100, 368)",
        "(622, 276)",
        "(569, 746)",
        "(165, 907)",
        "(97, 805)",
        "(258, 935)",
        "(509, 87)",
        "(387, 659)",
        "(192, 795)",
        "(271, 161)",
        "(360, 270)",
        "(416, 707)",
        "(569, 182)",
        "(813, 965)",
        "(906, 301)"
    ],
    "(100, 368)": [
        "(297, 796)",
        "(939, 127)",
        "(668, 139)",
        "(955, 283)",
        "(192, 795)",
        "(462, 920)",
        "(283, 360)",
        "(357, 485)",
        "(165, 907)",
        "(383, 135)",
        "(664, 632)",
        "(161, 585)",
        "(591, 233)",
        "(387, 659)",
        "(969, 959)",
        "(239, 152)",
        "(97, 805)",
        "(745, 323)",
        "(214, 990)",
        "(614, 746)",
        "(933, 928)",
        "(578, 985)",
        "(855, 631)",
        "(381, 938)",
        "(918, 414)",
        "(350, 774)",
        "(960, 481)",
        "(83, 551)",
        "(127, 858)",
        "(360, 270)",
        "(686, 789)",
        "(813, 965)",
        "(798, 254)",
        "(788, 191)",
        "(545, 811)",
        "(938, 408)",
        "(966, 344)",
        "(569, 746)",
        "(593, 55)"
    ],
    "(58, 655)": [
        "(938, 408)",
        "(993, 35)",
        "(474, 473)",
        "(918, 414)",
        "(161, 585)",
        "(939, 127)",
        "(969, 959)",
        "(214, 990)",
        "(559, 786)",
        "(697, 588)",
        "(297, 796)",
        "(545, 811)",
        "(242, 848)",
        "(966, 344)",
        "(462, 920)",
        "(127, 858)",
        "(350, 774)",
        "(664, 632)",
        "(192, 795)",
        "(955, 283)",
        "(855, 631)",
        "(684, 345)",
        "(593, 55)",
        "(509, 87)",
        "(820, 947)",
        "(258, 935)",
        "(914, 366)",
        "(591, 233)",
        "(813, 965)",
        "(223, 345)",
        "(569, 746)",
        "(36, 569)",
        "(68, 294)",
        "(239, 152)",
        "(798, 254)"
    ],
    "(165, 907)": [
        "(381, 938)",
        "(350, 774)",
        "(271, 161)",
        "(622, 276)",
        "(684, 345)",
        "(100, 368)",
        "(532, 679)",
        "(955, 283)",
        "(938, 408)",
        "(918, 414)",
        "(242, 848)",
        "(172, 702)",
        "(97, 805)",
        "(591, 233)",
        "(800, 342)",
        "(993, 35)",
        "(939, 127)",
        "(545, 811)",
        "(360, 270)",
        "(933, 928)",
        "(383, 135)",
        "(966, 344)",
        "(416, 707)",
        "(914, 366)",
        "(934, 712)",
        "(640, 522)",
        "(595, 690)",
        "(906, 301)",
        "(161, 585)",
        "(714, 656)",
        "(697, 588)",
        "(686, 789)",
        "(474, 473)",
        "(569, 182)",
        "(578, 985)"
    ],
    "(242, 848)": [
        "(381, 938)",
        "(242, 123)",
        "(855, 631)",
        "(591, 233)",
        "(35, 878)",
        "(684, 345)",
        "(559, 786)",
        "(214, 990)",
        "(532, 679)",
        "(960, 481)",
        "(918, 414)",
        "(165, 907)",
        "(939, 127)",
        "(813, 965)",
        "(283, 360)",
        "(745, 323)",
        "(686, 789)",
        "(350, 774)",
        "(58, 655)",
        "(387, 659)",
        "(697, 588)",
        "(68, 294)",
        "(969, 959)",
        "(714, 656)",
        "(668, 139)",
        "(383, 135)",
        "(357, 485)",
        "(36, 569)",
        "(938, 408)",
        "(993, 35)",
        "(593, 55)",
        "(914, 366)",
        "(474, 473)",
        "(297, 796)",
        "(569, 746)",
        "(966, 344)",
        "(239, 152)",
        "(955, 283)",
        "(622, 276)",
        "(798, 254)",
        "(271, 161)",
        "(578, 985)",
        "(223, 345)",
        "(172, 702)",
        "(83, 551)",
        "(595, 690)",
        "(614, 746)",
        "(127, 858)"
    ],
    "(474, 473)": [
        "(58, 655)",
        "(161, 585)",
        "(127, 858)",
        "(640, 522)",
        "(960, 481)",
        "(569, 746)",
        "(933, 928)",
        "(35, 878)",
        "(381, 938)",
        "(545, 811)",
        "(509, 87)",
        "(788, 191)",
        "(938, 408)",
        "(242, 848)",
        "(559, 786)",
        "(462, 920)",
        "(955, 283)",
        "(745, 323)",
        "(918, 414)",
        "(614, 746)",
        "(192, 795)",
        "(271, 161)",
        "(165, 907)",
        "(684, 345)",
        "(591, 233)",
        "(593, 55)"
    ],
    "(258, 935)": [
        "(509, 87)",
        "(855, 631)",
        "(969, 959)",
        "(664, 632)",
        "(614, 746)",
        "(955, 283)",
        "(640, 522)",
        "(569, 182)",
        "(192, 795)",
        "(161, 585)",
        "(283, 360)",
        "(360, 270)",
        "(35, 878)",
        "(993, 35)",
        "(68, 294)",
        "(559, 786)",
        "(918, 414)",
        "(578, 985)",
        "(933, 928)",
        "(223, 345)",
        "(172, 702)",
        "(745, 323)",
        "(383, 135)",
        "(97, 805)",
        "(387, 659)",
        "(58, 655)",
        "(462, 920)",
        "(938, 408)",
        "(622, 276)",
        "(532, 679)",
        "(714, 656)",
        "(798, 254)",
        "(545, 811)"
    ],
    "(914, 366)": [
        "(68, 294)",
        "(416, 707)",
        "(383, 135)",
        "(966, 344)",
        "(381, 938)",
        "(969, 959)",
        "(788, 191)",
        "(622, 276)",
        "(569, 746)",
        "(745, 323)",
        "(161, 585)",
        "(664, 632)",
        "(214, 990)",
        "(593, 55)",
        "(172, 702)",
        "(906, 301)",
        "(35, 878)",
        "(714, 656)",
        "(798, 254)",
        "(532, 679)",
        "(640, 522)",
        "(591, 233)",
        "(357, 485)",
        "(350, 774)",
        "(242, 848)",
        "(545, 811)",
        "(165, 907)",
        "(509, 87)",
        "(993, 35)",
        "(58, 655)",
        "(387, 659)",
        "(283, 360)",
        "(559, 786)",
        "(938, 408)",
        "(578, 985)",
        "(855, 631)"
    ],
    "(545, 811)": [
        "(271, 161)",
        "(239, 152)",
        "(223, 345)",
        "(939, 127)",
        "(798, 254)",
        "(283, 360)",
        "(813, 965)",
        "(906, 301)",
        "(993, 35)",
        "(578, 985)",
        "(593, 55)",
        "(934, 712)",
        "(788, 191)",
        "(509, 87)",
        "(58, 655)",
        "(614, 746)",
        "(357, 485)",
        "(664, 632)",
        "(955, 283)",
        "(165, 907)",
        "(474, 473)",
        "(820, 947)",
        "(969, 959)",
        "(462, 920)",
        "(684, 345)",
        "(914, 366)",
        "(918, 414)",
        "(100, 368)",
        "(595, 690)",
        "(569, 746)",
        "(97, 805)",
        "(258, 935)",
        "(416, 707)"
    ],
    "(969, 959)": [
        "(36, 569)",
        "(161, 585)",
        "(357, 485)",
        "(914, 366)",
        "(214, 990)",
        "(697, 588)",
        "(58, 655)",
        "(83, 551)",
        "(258, 935)",
        "(387, 659)",
        "(297, 796)",
        "(745, 323)",
        "(855, 631)",
        "(100, 368)",
        "(569, 182)",
        "(813, 965)",
        "(127, 858)",
        "(242, 848)",
        "(35, 878)",
        "(664, 632)",
        "(545, 811)",
        "(595, 690)",
        "(918, 414)",
        "(462, 920)",
        "(381, 938)",
        "(271, 161)",
        "(591, 233)",
        "(939, 127)",
        "(906, 301)",
        "(192, 795)",
        "(223, 345)",
        "(686, 789)"
    ],
    "(214, 990)": [
        "(668, 139)",
        "(640, 522)",
        "(532, 679)",
        "(813, 965)",
        "(969, 959)",
        "(231, 189)",
        "(960, 481)",
        "(242, 848)",
        "(622, 276)",
        "(462, 920)",
        "(58, 655)",
        "(939, 127)",
        "(83, 551)",
        "(914, 366)",
        "(745, 323)",
        "(242, 123)",
        "(855, 631)",
        "(664, 632)",
        "(35, 878)",
        "(100, 368)",
        "(360, 270)",
        "(239, 152)",
        "(686, 789)",
        "(416, 707)",
        "(357, 485)",
        "(383, 135)",
        "(993, 35)",
        "(714, 656)",
        "(297, 796)",
        "(578, 985)",
        "(788, 191)",
        "(800, 342)",
        "(595, 690)",
        "(36, 569)",
        "(906, 301)",
        "(820, 947)"
    ],
    "(714, 656)": [
        "(350, 774)",
        "(223, 345)",
        "(569, 746)",
        "(127, 858)",
        "(614, 746)",
        "(569, 182)",
        "(938, 408)",
        "(745, 323)",
        "(939, 127)",
        "(933, 928)",
        "(855, 631)",
        "(387, 659)",
        "(914, 366)",
        "(381, 938)",
        "(242, 123)",
        "(820, 947)",
        "(271, 161)",
        "(97, 805)",
        "(192, 795)",
        "(242, 848)",
        "(297, 796)",
        "(622, 276)",
        "(788, 191)",
        "(800, 342)",
        "(214, 990)",
        "(918, 414)",
        "(36, 569)",
        "(532, 679)",
        "(697, 588)",
        "(172, 702)",
        "(165, 907)",
        "(258, 935)",
        "(161, 585)"
    ],
    "(939, 127)": [
        "(100, 368)",
        "(569, 746)",
        "(231, 189)",
        "(938, 408)",
        "(745, 323)",
        "(58, 655)",
        "(559, 786)",
        "(697, 588)",
        "(545, 811)",
        "(593, 55)",
        "(214, 990)",
        "(578, 985)",
        "(271, 161)",
        "(283, 360)",
        "(960, 481)",
        "(97, 805)",
        "(714, 656)",
        "(383, 135)",
        "(591, 233)",
        "(242, 848)",
        "(165, 907)",
        "(462, 920)",
        "(509, 87)",
        "(239, 152)",
        "(161, 585)",
        "(68, 294)",
        "(360, 270)",
        "(614, 746)",
        "(350, 774)",
        "(969, 959)",
        "(127, 858)",
        "(668, 139)",
        "(172, 702)",
        "(192, 795)",
        "(357, 485)"
    ],
    "(381, 938)": [
        "(242, 848)",
        "(165, 907)",
        "(914, 366)",
        "(462, 920)",
        "(798, 254)",
        "(591, 233)",
        "(35, 878)",
        "(684, 345)",
        "(569, 746)",
        "(474, 473)",
        "(855, 631)",
        "(714, 656)",
        "(966, 344)",
        "(697, 588)",
        "(223, 345)",
        "(595, 690)",
        "(97, 805)",
        "(360, 270)",
        "(509, 87)",
        "(100, 368)",
        "(593, 55)",
        "(640, 522)",
        "(969, 959)",
        "(239, 152)",
        "(532, 679)",
        "(664, 632)",
        "(614, 746)",
        "(387, 659)",
        "(357, 485)",
        "(906, 301)",
        "(231, 189)"
    ],
    "(127, 858)": [
        "(271, 161)",
        "(686, 789)",
        "(223, 345)",
        "(474, 473)",
        "(714, 656)",
        "(97, 805)",
        "(68, 294)",
        "(933, 928)",
        "(955, 283)",
        "(172, 702)",
        "(800, 342)",
        "(83, 551)",
        "(906, 301)",
        "(416, 707)",
        "(934, 712)",
        "(591, 233)",
        "(231, 189)",
        "(614, 746)",
        "(283, 360)",
        "(593, 55)",
        "(969, 959)",
        "(192, 795)",
        "(357, 485)",
        "(58, 655)",
        "(36, 569)",
        "(966, 344)",
        "(387, 659)",
        "(532, 679)",
        "(697, 588)",
        "(383, 135)",
        "(798, 254)",
        "(622, 276)",
        "(360, 270)",
        "(820, 947)",
        "(855, 631)",
        "(100, 368)",
        "(939, 127)",
        "(239, 152)",
        "(559, 786)",
        "(509, 87)",
        "(745, 323)",
        "(684, 345)",
        "(242, 848)"
    ],
    "(640, 522)": [
        "(934, 712)",
        "(214, 990)",
        "(933, 928)",
        "(223, 345)",
        "(938, 408)",
        "(35, 878)",
        "(416, 707)",
        "(474, 473)",
        "(231, 189)",
        "(820, 947)",
        "(745, 323)",
        "(559, 786)",
        "(387, 659)",
        "(509, 87)",
        "(614, 746)",
        "(258, 935)",
        "(161, 585)",
        "(914, 366)",
        "(360, 270)",
        "(271, 161)",
        "(569, 182)",
        "(357, 485)",
        "(381, 938)",
        "(960, 481)",
        "(165, 907)",
        "(595, 690)",
        "(686, 789)",
        "(788, 191)",
        "(906, 301)"
    ],
    "(97, 805)": [
        "(127, 858)",
        "(35, 878)",
        "(297, 796)",
        "(960, 481)",
        "(918, 414)",
        "(939, 127)",
        "(813, 965)",
        "(357, 485)",
        "(934, 712)",
        "(532, 679)",
        "(165, 907)",
        "(100, 368)",
        "(559, 786)",
        "(569, 182)",
        "(714, 656)",
        "(381, 938)",
        "(745, 323)",
        "(933, 928)",
        "(283, 360)",
        "(258, 935)",
        "(192, 795)",
        "(462, 920)",
        "(223, 345)",
        "(36, 569)",
        "(172, 702)",
        "(955, 283)",
        "(906, 301)",
        "(239, 152)",
        "(545, 811)",
        "(387, 659)",
        "(622, 276)"
    ],
    "(591, 233)": [
        "(83, 551)",
        "(242, 848)",
        "(172, 702)",
        "(800, 342)",
        "(242, 123)",
        "(223, 345)",
        "(966, 344)",
        "(532, 679)",
        "(381, 938)",
        "(686, 789)",
        "(100, 368)",
        "(283, 360)",
        "(939, 127)",
        "(993, 35)",
        "(127, 858)",
        "(360, 270)",
        "(165, 907)",
        "(416, 707)",
        "(664, 632)",
        "(297, 796)",
        "(161, 585)",
        "(798, 254)",
        "(914, 366)",
        "(569, 746)",
        "(68, 294)",
        "(820, 947)",
        "(231, 189)",
        "(813, 965)",
        "(387, 659)",
        "(350, 774)",
        "(668, 139)",
        "(960, 481)",
        "(969, 959)",
        "(192, 795)",
        "(58, 655)",
        "(569, 182)",
        "(559, 786)",
        "(474, 473)"
    ],
    "(271, 161)": [
        "(127, 858)",
        "(192, 795)",
        "(545, 811)",
        "(172, 702)",
        "(559, 786)",
        "(960, 481)",
        "(532, 679)",
        "(165, 907)",
        "(223, 345)",
        "(939, 127)",
        "(242, 123)",
        "(350, 774)",
        "(357, 485)",
        "(578, 985)",
        "(966, 344)",
        "(569, 182)",
        "(993, 35)",
        "(934, 712)",
        "(820, 947)",
        "(614, 746)",
        "(714, 656)",
        "(640, 522)",
        "(855, 631)",
        "(745, 323)",
        "(509, 87)",
        "(416, 707)",
        "(664, 632)",
        "(969, 959)",
        "(242, 848)",
        "(36, 569)",
        "(933, 928)",
        "(697, 588)",
        "(474, 473)",
        "(283, 360)",
        "(918, 414)",
        "(239, 152)",
        "(788, 191)",
        "(938, 408)",
        "(668, 139)"
    ],
    "(223, 345)": [
        "(664, 632)",
        "(714, 656)",
        "(127, 858)",
        "(545, 811)",
        "(640, 522)",
        "(697, 588)",
        "(820, 947)",
        "(938, 408)",
        "(591, 233)",
        "(36, 569)",
        "(271, 161)",
        "(622, 276)",
        "(813, 965)",
        "(918, 414)",
        "(231, 189)",
        "(569, 746)",
        "(906, 301)",
        "(593, 55)",
        "(532, 679)",
        "(381, 938)",
        "(416, 707)",
        "(242, 123)",
        "(993, 35)",
        "(934, 712)",
        "(258, 935)",
        "(387, 659)",
        "(569, 182)",
        "(969, 959)",
        "(462, 920)",
        "(58, 655)",
        "(97, 805)",
        "(242, 848)",
        "(800, 342)",
        "(239, 152)",
        "(509, 87)"
    ],
    "(569, 746)": [
        "(939, 127)",
        "(906, 301)",
        "(559, 786)",
        "(697, 588)",
        "(714, 656)",
        "(745, 323)",
        "(914, 366)",
        "(35, 878)",
        "(686, 789)",
        "(357, 485)",
        "(239, 152)",
        "(955, 283)",
        "(622, 276)",
        "(813, 965)",
        "(474, 473)",
        "(36, 569)",
        "(83, 551)",
        "(569, 182)",
        "(381, 938)",
        "(223, 345)",
        "(684, 345)",
        "(161, 585)",
        "(960, 481)",
        "(938, 408)",
        "(664, 632)",
        "(591, 233)",
        "(933, 928)",
        "(350, 774)",
        "(993, 35)",
        "(283, 360)",
        "(509, 87)",
        "(383, 135)",
        "(242, 848)",
        "(462, 920)",
        "(614, 746)",
        "(58, 655)",
        "(820, 947)",
        "(545, 811)",
        "(100, 368)"
    ],
    "(820, 947)": [
        "(614, 746)",
        "(68, 294)",
        "(855, 631)",
        "(788, 191)",
        "(223, 345)",
        "(242, 123)",
        "(933, 928)",
        "(640, 522)",
        "(532, 679)",
        "(798, 254)",
        "(559, 786)",
        "(918, 414)",
        "(271, 161)",
        "(172, 702)",
        "(714, 656)",
        "(383, 135)",
        "(161, 585)",
        "(906, 301)",
        "(578, 985)",
        "(545, 811)",
        "(591, 233)",
        "(622, 276)",
        "(960, 481)",
        "(697, 588)",
        "(231, 189)",
        "(127, 858)",
        "(58, 655)",
        "(800, 342)",
        "(350, 774)",
        "(938, 408)",
        "(83, 551)",
        "(462, 920)",
        "(416, 707)",
        "(387, 659)",
        "(509, 87)",
        "(360, 270)",
        "(569, 746)",
        "(214, 990)"
    ],
    "(559, 786)": [
        "(569, 746)",
        "(271, 161)",
        "(242, 848)",
        "(939, 127)",
        "(350, 774)",
        "(172, 702)",
        "(58, 655)",
        "(569, 182)",
        "(640, 522)",
        "(820, 947)",
        "(242, 123)",
        "(231, 189)",
        "(664, 632)",
        "(97, 805)",
        "(83, 551)",
        "(239, 152)",
        "(668, 139)",
        "(798, 254)",
        "(918, 414)",
        "(258, 935)",
        "(357, 485)",
        "(697, 588)",
        "(684, 345)",
        "(934, 712)",
        "(474, 473)",
        "(855, 631)",
        "(360, 270)",
        "(161, 585)",
        "(532, 679)",
        "(68, 294)",
        "(127, 858)",
        "(914, 366)",
        "(686, 789)",
        "(591, 233)",
        "(297, 796)",
        "(283, 360)",
        "(813, 965)"
    ],
    "(686, 789)": [
        "(906, 301)",
        "(127, 858)",
        "(383, 135)",
        "(569, 746)",
        "(798, 254)",
        "(591, 233)",
        "(578, 985)",
        "(462, 920)",
        "(242, 848)",
        "(569, 182)",
        "(595, 690)",
        "(934, 712)",
        "(800, 342)",
        "(593, 55)",
        "(960, 481)",
        "(214, 990)",
        "(297, 796)",
        "(231, 189)",
        "(242, 123)",
        "(668, 139)",
        "(192, 795)",
        "(83, 551)",
        "(969, 959)",
        "(955, 283)",
        "(745, 323)",
        "(788, 191)",
        "(100, 368)",
        "(165, 907)",
        "(813, 965)",
        "(559, 786)",
        "(640, 522)",
        "(357, 485)"
    ],
    "(993, 35)": [
        "(532, 679)",
        "(934, 712)",
        "(58, 655)",
        "(161, 585)",
        "(966, 344)",
        "(462, 920)",
        "(745, 323)",
        "(357, 485)",
        "(918, 414)",
        "(684, 345)",
        "(933, 928)",
        "(545, 811)",
        "(591, 233)",
        "(83, 551)",
        "(271, 161)",
        "(283, 360)",
        "(165, 907)",
        "(668, 139)",
        "(258, 935)",
        "(593, 55)",
        "(798, 254)",
        "(360, 270)",
        "(172, 702)",
        "(192, 795)",
        "(416, 707)",
        "(223, 345)",
        "(242, 848)",
        "(960, 481)",
        "(569, 746)",
        "(664, 632)",
        "(914, 366)",
        "(214, 990)",
        "(855, 631)",
        "(595, 690)",
        "(383, 135)",
        "(36, 569)",
        "(297, 796)",
        "(938, 408)",
        "(813, 965)",
        "(509, 87)"
    ],
    "(593, 55)": [
        "(532, 679)",
        "(192, 795)",
        "(239, 152)",
        "(939, 127)",
        "(798, 254)",
        "(83, 551)",
        "(914, 366)",
        "(545, 811)",
        "(35, 878)",
        "(569, 182)",
        "(223, 345)",
        "(36, 569)",
        "(127, 858)",
        "(697, 588)",
        "(357, 485)",
        "(855, 631)",
        "(993, 35)",
        "(664, 632)",
        "(686, 789)",
        "(161, 585)",
        "(934, 712)",
        "(242, 848)",
        "(788, 191)",
        "(68, 294)",
        "(509, 87)",
        "(381, 938)",
        "(350, 774)",
        "(622, 276)",
        "(813, 965)",
        "(578, 985)",
        "(58, 655)",
        "(297, 796)",
        "(387, 659)",
        "(416, 707)",
        "(462, 920)",
        "(474, 473)",
        "(100, 368)"
    ],
    "(36, 569)": [
        "(969, 959)",
        "(664, 632)",
        "(933, 928)",
        "(223, 345)",
        "(231, 189)",
        "(161, 585)",
        "(788, 191)",
        "(532, 679)",
        "(569, 746)",
        "(569, 182)",
        "(593, 55)",
        "(934, 712)",
        "(242, 848)",
        "(127, 858)",
        "(614, 746)",
        "(192, 795)",
        "(462, 920)",
        "(360, 270)",
        "(714, 656)",
        "(578, 985)",
        "(271, 161)",
        "(97, 805)",
        "(58, 655)",
        "(993, 35)",
        "(960, 481)",
        "(684, 345)",
        "(283, 360)",
        "(214, 990)",
        "(509, 87)",
        "(938, 408)"
    ],
    "(416, 707)": [
        "(68, 294)",
        "(914, 366)",
        "(357, 485)",
        "(855, 631)",
        "(664, 632)",
        "(640, 522)",
        "(127, 858)",
        "(938, 408)",
        "(462, 920)",
        "(161, 585)",
        "(591, 233)",
        "(83, 551)",
        "(697, 588)",
        "(578, 985)",
        "(798, 254)",
        "(223, 345)",
        "(242, 123)",
        "(993, 35)",
        "(934, 712)",
        "(622, 276)",
        "(214, 990)",
        "(165, 907)",
        "(271, 161)",
        "(231, 189)",
        "(569, 182)",
        "(684, 345)",
        "(192, 795)",
        "(593, 55)",
        "(387, 659)",
        "(820, 947)",
        "(283, 360)",
        "(933, 928)",
        "(545, 811)"
    ],
    "(614, 746)": [
        "(820, 947)",
        "(595, 690)",
        "(360, 270)",
        "(918, 414)",
        "(283, 360)",
        "(714, 656)",
        "(68, 294)",
        "(350, 774)",
        "(960, 481)",
        "(258, 935)",
        "(697, 588)",
        "(640, 522)",
        "(509, 87)",
        "(800, 342)",
        "(127, 858)",
        "(955, 283)",
        "(545, 811)",
        "(383, 135)",
        "(100, 368)",
        "(271, 161)",
        "(745, 323)",
        "(36, 569)",
        "(939, 127)",
        "(474, 473)",
        "(569, 746)",
        "(192, 795)",
        "(381, 938)",
        "(242, 123)",
        "(172, 702)",
        "(242, 848)"
    ],
    "(357, 485)": [
        "(532, 679)",
        "(969, 959)",
        "(745, 323)",
        "(416, 707)",
        "(993, 35)",
        "(100, 368)",
        "(933, 928)",
        "(569, 746)",
        "(242, 123)",
        "(271, 161)",
        "(97, 805)",
        "(83, 551)",
        "(668, 139)",
        "(960, 481)",
        "(161, 585)",
        "(934, 712)",
        "(545, 811)",
        "(593, 55)",
        "(127, 858)",
        "(231, 189)",
        "(242, 848)",
        "(559, 786)",
        "(914, 366)",
        "(684, 345)",
        "(578, 985)",
        "(640, 522)",
        "(214, 990)",
        "(622, 276)",
        "(697, 588)",
        "(664, 632)",
        "(966, 344)",
        "(813, 965)",
        "(381, 938)",
        "(906, 301)",
        "(686, 789)",
        "(855, 631)",
        "(939, 127)"
    ],
    "(231, 189)": [
        "(939, 127)",
        "(697, 588)",
        "(161, 585)",
        "(966, 344)",
        "(955, 283)",
        "(569, 182)",
        "(214, 990)",
        "(350, 774)",
        "(36, 569)",
        "(640, 522)",
        "(664, 632)",
        "(509, 87)",
        "(223, 345)",
        "(127, 858)",
        "(559, 786)",
        "(684, 345)",
        "(239, 152)",
        "(906, 301)",
        "(813, 965)",
        "(462, 920)",
        "(357, 485)",
        "(591, 233)",
        "(686, 789)",
        "(192, 795)",
        "(918, 414)",
        "(960, 481)",
        "(820, 947)",
        "(578, 985)",
        "(855, 631)",
        "(416, 707)",
        "(297, 796)",
        "(242, 123)",
        "(595, 690)",
        "(83, 551)",
        "(172, 702)",
        "(381, 938)"
    ],
    "(532, 679)": [
        "(357, 485)",
        "(593, 55)",
        "(993, 35)",
        "(383, 135)",
        "(214, 990)",
        "(271, 161)",
        "(165, 907)",
        "(242, 848)",
        "(798, 254)",
        "(591, 233)",
        "(36, 569)",
        "(820, 947)",
        "(668, 139)",
        "(97, 805)",
        "(914, 366)",
        "(223, 345)",
        "(239, 152)",
        "(161, 585)",
        "(918, 414)",
        "(127, 858)",
        "(462, 920)",
        "(360, 270)",
        "(381, 938)",
        "(800, 342)",
        "(83, 551)",
        "(68, 294)",
        "(714, 656)",
        "(559, 786)",
        "(906, 301)",
        "(172, 702)",
        "(258, 935)",
        "(569, 182)",
        "(697, 588)"
    ],
    "(569, 182)": [
        "(509, 87)",
        "(231, 189)",
        "(714, 656)",
        "(918, 414)",
        "(966, 344)",
        "(559, 786)",
        "(788, 191)",
        "(569, 746)",
        "(192, 795)",
        "(271, 161)",
        "(258, 935)",
        "(686, 789)",
        "(593, 55)",
        "(36, 569)",
        "(906, 301)",
        "(622, 276)",
        "(969, 959)",
        "(800, 342)",
        "(97, 805)",
        "(387, 659)",
        "(955, 283)",
        "(640, 522)",
        "(668, 139)",
        "(223, 345)",
        "(416, 707)",
        "(350, 774)",
        "(938, 408)",
        "(798, 254)",
        "(591, 233)",
        "(532, 679)",
        "(933, 928)",
        "(165, 907)",
        "(383, 135)"
    ],
    "(664, 632)": [
        "(684, 345)",
        "(223, 345)",
        "(622, 276)",
        "(934, 712)",
        "(36, 569)",
        "(697, 588)",
        "(416, 707)",
        "(914, 366)",
        "(100, 368)",
        "(800, 342)",
        "(798, 254)",
        "(258, 935)",
        "(906, 301)",
        "(231, 189)",
        "(83, 551)",
        "(214, 990)",
        "(745, 323)",
        "(559, 786)",
        "(855, 631)",
        "(591, 233)",
        "(545, 811)",
        "(569, 746)",
        "(969, 959)",
        "(593, 55)",
        "(668, 139)",
        "(58, 655)",
        "(993, 35)",
        "(381, 938)",
        "(360, 270)",
        "(271, 161)",
        "(966, 344)",
        "(578, 985)",
        "(192, 795)",
        "(357, 485)",
        "(297, 796)"
    ],
    "(697, 588)": [
        "(934, 712)",
        "(509, 87)",
        "(83, 551)",
        "(231, 189)",
        "(569, 746)",
        "(664, 632)",
        "(939, 127)",
        "(969, 959)",
        "(223, 345)",
        "(798, 254)",
        "(614, 746)",
        "(800, 342)",
        "(58, 655)",
        "(387, 659)",
        "(955, 283)",
        "(593, 55)",
        "(242, 848)",
        "(416, 707)",
        "(350, 774)",
        "(381, 938)",
        "(559, 786)",
        "(127, 858)",
        "(297, 796)",
        "(820, 947)",
        "(906, 301)",
        "(622, 276)",
        "(357, 485)",
        "(283, 360)",
        "(714, 656)",
        "(578, 985)",
        "(165, 907)",
        "(271, 161)",
        "(383, 135)",
        "(68, 294)",
        "(532, 679)"
    ],
    "(788, 191)": [
        "(918, 414)",
        "(813, 965)",
        "(914, 366)",
        "(820, 947)",
        "(192, 795)",
        "(36, 569)",
        "(622, 276)",
        "(906, 301)",
        "(569, 182)",
        "(933, 928)",
        "(595, 690)",
        "(545, 811)",
        "(172, 702)",
        "(798, 254)",
        "(350, 774)",
        "(474, 473)",
        "(283, 360)",
        "(800, 342)",
        "(593, 55)",
        "(714, 656)",
        "(686, 789)",
        "(214, 990)",
        "(100, 368)",
        "(640, 522)",
        "(271, 161)"
    ],
    "(509, 87)": [
        "(258, 935)",
        "(697, 588)",
        "(668, 139)",
        "(569, 182)",
        "(906, 301)",
        "(192, 795)",
        "(813, 965)",
        "(798, 254)",
        "(231, 189)",
        "(640, 522)",
        "(614, 746)",
        "(545, 811)",
        "(938, 408)",
        "(939, 127)",
        "(622, 276)",
        "(360, 270)",
        "(474, 473)",
        "(966, 344)",
        "(381, 938)",
        "(593, 55)",
        "(569, 746)",
        "(933, 928)",
        "(914, 366)",
        "(271, 161)",
        "(58, 655)",
        "(918, 414)",
        "(383, 135)",
        "(820, 947)",
        "(127, 858)",
        "(993, 35)",
        "(36, 569)",
        "(161, 585)",
        "(223, 345)",
        "(35, 878)"
    ],
    "(192, 795)": [
        "(271, 161)",
        "(593, 55)",
        "(595, 690)",
        "(934, 712)",
        "(100, 368)",
        "(509, 87)",
        "(788, 191)",
        "(684, 345)",
        "(578, 985)",
        "(569, 182)",
        "(745, 323)",
        "(918, 414)",
        "(258, 935)",
        "(387, 659)",
        "(360, 270)",
        "(127, 858)",
        "(714, 656)",
        "(161, 585)",
        "(938, 408)",
        "(993, 35)",
        "(172, 702)",
        "(239, 152)",
        "(955, 283)",
        "(36, 569)",
        "(231, 189)",
        "(58, 655)",
        "(242, 123)",
        "(591, 233)",
        "(969, 959)",
        "(686, 789)",
        "(474, 473)",
        "(664, 632)",
        "(97, 805)",
        "(614, 746)",
        "(416, 707)",
        "(933, 928)",
        "(855, 631)",
        "(668, 139)",
        "(939, 127)",
        "(350, 774)",
        "(83, 551)"
    ],
    "(800, 342)": [
        "(350, 774)",
        "(242, 123)",
        "(591, 233)",
        "(127, 858)",
        "(664, 632)",
        "(966, 344)",
        "(813, 965)",
        "(697, 588)",
        "(906, 301)",
        "(960, 481)",
        "(938, 408)",
        "(68, 294)",
        "(595, 690)",
        "(614, 746)",
        "(165, 907)",
        "(569, 182)",
        "(686, 789)",
        "(283, 360)",
        "(788, 191)",
        "(532, 679)",
        "(714, 656)",
        "(820, 947)",
        "(214, 990)",
        "(223, 345)",
        "(239, 152)"
    ],
    "(955, 283)": [
        "(100, 368)",
        "(231, 189)",
        "(127, 858)",
        "(165, 907)",
        "(933, 928)",
        "(569, 746)",
        "(622, 276)",
        "(258, 935)",
        "(697, 588)",
        "(614, 746)",
        "(813, 965)",
        "(545, 811)",
        "(906, 301)",
        "(918, 414)",
        "(192, 795)",
        "(569, 182)",
        "(855, 631)",
        "(934, 712)",
        "(283, 360)",
        "(58, 655)",
        "(474, 473)",
        "(242, 848)",
        "(686, 789)",
        "(242, 123)",
        "(172, 702)",
        "(297, 796)",
        "(97, 805)",
        "(668, 139)",
        "(387, 659)"
    ],
    "(83, 551)": [
        "(591, 233)",
        "(239, 152)",
        "(697, 588)",
        "(969, 959)",
        "(127, 858)",
        "(593, 55)",
        "(214, 990)",
        "(933, 928)",
        "(569, 746)",
        "(357, 485)",
        "(664, 632)",
        "(993, 35)",
        "(684, 345)",
        "(855, 631)",
        "(416, 707)",
        "(918, 414)",
        "(559, 786)",
        "(813, 965)",
        "(297, 796)",
        "(595, 690)",
        "(172, 702)",
        "(161, 585)",
        "(934, 712)",
        "(532, 679)",
        "(578, 985)",
        "(383, 135)",
        "(100, 368)",
        "(686, 789)",
        "(966, 344)",
        "(960, 481)",
        "(820, 947)",
        "(283, 360)",
        "(387, 659)",
        "(242, 848)",
        "(231, 189)",
        "(192, 795)"
    ],
    "(960, 481)": [
        "(271, 161)",
        "(462, 920)",
        "(214, 990)",
        "(934, 712)",
        "(239, 152)",
        "(614, 746)",
        "(474, 473)",
        "(684, 345)",
        "(97, 805)",
        "(595, 690)",
        "(939, 127)",
        "(242, 848)",
        "(68, 294)",
        "(800, 342)",
        "(745, 323)",
        "(357, 485)",
        "(569, 746)",
        "(686, 789)",
        "(993, 35)",
        "(820, 947)",
        "(231, 189)",
        "(172, 702)",
        "(640, 522)",
        "(591, 233)",
        "(100, 368)",
        "(360, 270)",
        "(83, 551)",
        "(36, 569)",
        "(242, 123)"
    ],
    "(684, 345)": [
        "(664, 632)",
        "(350, 774)",
        "(242, 848)",
        "(297, 796)",
        "(918, 414)",
        "(165, 907)",
        "(993, 35)",
        "(960, 481)",
        "(239, 152)",
        "(192, 795)",
        "(161, 585)",
        "(381, 938)",
        "(83, 551)",
        "(745, 323)",
        "(569, 746)",
        "(231, 189)",
        "(172, 702)",
        "(383, 135)",
        "(934, 712)",
        "(545, 811)",
        "(462, 920)",
        "(357, 485)",
        "(559, 786)",
        "(58, 655)",
        "(966, 344)",
        "(416, 707)",
        "(36, 569)",
        "(474, 473)",
        "(127, 858)",
        "(360, 270)",
        "(798, 254)",
        "(668, 139)"
    ],
    "(283, 360)": [
        "(614, 746)",
        "(100, 368)",
        "(545, 811)",
        "(68, 294)",
        "(939, 127)",
        "(591, 233)",
        "(918, 414)",
        "(595, 690)",
        "(242, 848)",
        "(934, 712)",
        "(993, 35)",
        "(258, 935)",
        "(127, 858)",
        "(906, 301)",
        "(383, 135)",
        "(800, 342)",
        "(788, 191)",
        "(569, 746)",
        "(955, 283)",
        "(97, 805)",
        "(798, 254)",
        "(297, 796)",
        "(242, 123)",
        "(697, 588)",
        "(172, 702)",
        "(914, 366)",
        "(622, 276)",
        "(83, 551)",
        "(239, 152)",
        "(271, 161)",
        "(416, 707)",
        "(36, 569)",
        "(668, 139)",
        "(559, 786)"
    ],
    "(383, 135)": [
        "(914, 366)",
        "(532, 679)",
        "(686, 789)",
        "(798, 254)",
        "(100, 368)",
        "(172, 702)",
        "(939, 127)",
        "(595, 690)",
        "(668, 139)",
        "(938, 408)",
        "(918, 414)",
        "(462, 920)",
        "(283, 360)",
        "(614, 746)",
        "(820, 947)",
        "(684, 345)",
        "(855, 631)",
        "(242, 848)",
        "(165, 907)",
        "(297, 796)",
        "(127, 858)",
        "(214, 990)",
        "(569, 746)",
        "(813, 965)",
        "(258, 935)",
        "(83, 551)",
        "(360, 270)",
        "(993, 35)",
        "(509, 87)",
        "(578, 985)",
        "(697, 588)",
        "(387, 659)",
        "(569, 182)"
    ],
    "(297, 796)": [
        "(100, 368)",
        "(161, 585)",
        "(684, 345)",
        "(745, 323)",
        "(97, 805)",
        "(969, 959)",
        "(595, 690)",
        "(242, 123)",
        "(58, 655)",
        "(591, 233)",
        "(172, 702)",
        "(83, 551)",
        "(714, 656)",
        "(686, 789)",
        "(383, 135)",
        "(697, 588)",
        "(855, 631)",
        "(242, 848)",
        "(387, 659)",
        "(214, 990)",
        "(283, 360)",
        "(668, 139)",
        "(593, 55)",
        "(231, 189)",
        "(68, 294)",
        "(955, 283)",
        "(993, 35)",
        "(559, 786)",
        "(622, 276)",
        "(664, 632)",
        "(938, 408)",
        "(350, 774)"
    ],
    "(595, 690)": [
        "(614, 746)",
        "(192, 795)",
        "(855, 631)",
        "(960, 481)",
        "(297, 796)",
        "(906, 301)",
        "(283, 360)",
        "(383, 135)",
        "(788, 191)",
        "(800, 342)",
        "(938, 408)",
        "(350, 774)",
        "(686, 789)",
        "(172, 702)",
        "(381, 938)",
        "(242, 123)",
        "(83, 551)",
        "(969, 959)",
        "(578, 985)",
        "(360, 270)",
        "(165, 907)",
        "(993, 35)",
        "(640, 522)",
        "(161, 585)",
        "(214, 990)",
        "(242, 848)",
        "(231, 189)",
        "(545, 811)",
        "(239, 152)",
        "(622, 276)",
        "(798, 254)",
        "(745, 323)"
    ],
    "(906, 301)": [
        "(686, 789)",
        "(569, 746)",
        "(938, 408)",
        "(509, 87)",
        "(545, 811)",
        "(127, 858)",
        "(788, 191)",
        "(664, 632)",
        "(745, 323)",
        "(800, 342)",
        "(918, 414)",
        "(914, 366)",
        "(595, 690)",
        "(223, 345)",
        "(68, 294)",
        "(569, 182)",
        "(283, 360)",
        "(462, 920)",
        "(231, 189)",
        "(820, 947)",
        "(934, 712)",
        "(955, 283)",
        "(387, 659)",
        "(697, 588)",
        "(855, 631)",
        "(969, 959)",
        "(165, 907)",
        "(578, 985)",
        "(532, 679)",
        "(966, 344)",
        "(357, 485)",
        "(668, 139)",
        "(97, 805)",
        "(381, 938)",
        "(640, 522)",
        "(172, 702)",
        "(214, 990)",
        "(350, 774)",
        "(933, 928)"
    ],
    "(668, 139)": [
        "(214, 990)",
        "(509, 87)",
        "(100, 368)",
        "(938, 408)",
        "(242, 123)",
        "(933, 928)",
        "(578, 985)",
        "(387, 659)",
        "(172, 702)",
        "(383, 135)",
        "(532, 679)",
        "(357, 485)",
        "(360, 270)",
        "(993, 35)",
        "(462, 920)",
        "(350, 774)",
        "(559, 786)",
        "(242, 848)",
        "(161, 585)",
        "(664, 632)",
        "(813, 965)",
        "(798, 254)",
        "(591, 233)",
        "(569, 182)",
        "(686, 789)",
        "(745, 323)",
        "(297, 796)",
        "(939, 127)",
        "(239, 152)",
        "(192, 795)",
        "(934, 712)",
        "(906, 301)",
        "(283, 360)",
        "(955, 283)",
        "(684, 345)",
        "(918, 414)",
        "(271, 161)"
    ],
    "(387, 659)": [
        "(969, 959)",
        "(918, 414)",
        "(100, 368)",
        "(668, 139)",
        "(798, 254)",
        "(640, 522)",
        "(697, 588)",
        "(714, 656)",
        "(242, 848)",
        "(192, 795)",
        "(569, 182)",
        "(462, 920)",
        "(906, 301)",
        "(127, 858)",
        "(591, 233)",
        "(223, 345)",
        "(933, 928)",
        "(297, 796)",
        "(161, 585)",
        "(258, 935)",
        "(239, 152)",
        "(914, 366)",
        "(593, 55)",
        "(813, 965)",
        "(83, 551)",
        "(622, 276)",
        "(381, 938)",
        "(416, 707)",
        "(820, 947)",
        "(383, 135)",
        "(172, 702)",
        "(955, 283)",
        "(97, 805)"
    ],
    "(360, 270)": [
        "(614, 746)",
        "(161, 585)",
        "(462, 920)",
        "(855, 631)",
        "(35, 878)",
        "(966, 344)",
        "(591, 233)",
        "(622, 276)",
        "(668, 139)",
        "(258, 935)",
        "(68, 294)",
        "(640, 522)",
        "(192, 795)",
        "(214, 990)",
        "(993, 35)",
        "(509, 87)",
        "(165, 907)",
        "(381, 938)",
        "(939, 127)",
        "(36, 569)",
        "(595, 690)",
        "(532, 679)",
        "(127, 858)",
        "(664, 632)",
        "(383, 135)",
        "(559, 786)",
        "(960, 481)",
        "(100, 368)",
        "(350, 774)",
        "(239, 152)",
        "(798, 254)",
        "(813, 965)",
        "(820, 947)",
        "(933, 928)",
        "(684, 345)"
    ],
    "(68, 294)": [
        "(416, 707)",
        "(914, 366)",
        "(820, 947)",
        "(127, 858)",
        "(614, 746)",
        "(283, 360)",
        "(960, 481)",
        "(800, 342)",
        "(906, 301)",
        "(933, 928)",
        "(855, 631)",
        "(360, 270)",
        "(242, 848)",
        "(258, 935)",
        "(591, 233)",
        "(593, 55)",
        "(938, 408)",
        "(939, 127)",
        "(172, 702)",
        "(462, 920)",
        "(622, 276)",
        "(934, 712)",
        "(532, 679)",
        "(559, 786)",
        "(297, 796)",
        "(58, 655)",
        "(161, 585)",
        "(697, 588)"
    ],
    "(813, 965)": [
        "(172, 702)",
        "(788, 191)",
        "(214, 990)",
        "(745, 323)",
        "(545, 811)",
        "(509, 87)",
        "(223, 345)",
        "(97, 805)",
        "(569, 746)",
        "(800, 342)",
        "(242, 848)",
        "(462, 920)",
        "(966, 344)",
        "(969, 959)",
        "(955, 283)",
        "(83, 551)",
        "(231, 189)",
        "(591, 233)",
        "(668, 139)",
        "(593, 55)",
        "(383, 135)",
        "(58, 655)",
        "(100, 368)",
        "(387, 659)",
        "(686, 789)",
        "(357, 485)",
        "(360, 270)",
        "(993, 35)",
        "(578, 985)",
        "(559, 786)",
        "(933, 928)",
        "(350, 774)"
    ],
    "(745, 323)": [
        "(798, 254)",
        "(161, 585)",
        "(939, 127)",
        "(933, 928)",
        "(918, 414)",
        "(357, 485)",
        "(569, 746)",
        "(297, 796)",
        "(993, 35)",
        "(914, 366)",
        "(714, 656)",
        "(813, 965)",
        "(966, 344)",
        "(214, 990)",
        "(640, 522)",
        "(969, 959)",
        "(906, 301)",
        "(242, 848)",
        "(192, 795)",
        "(960, 481)",
        "(684, 345)",
        "(664, 632)",
        "(462, 920)",
        "(100, 368)",
        "(97, 805)",
        "(614, 746)",
        "(271, 161)",
        "(258, 935)",
        "(622, 276)",
        "(35, 878)",
        "(474, 473)",
        "(668, 139)",
        "(686, 789)",
        "(127, 858)",
        "(595, 690)"
    ],
    "(855, 631)": [
        "(242, 848)",
        "(35, 878)",
        "(938, 408)",
        "(820, 947)",
        "(416, 707)",
        "(258, 935)",
        "(595, 690)",
        "(969, 959)",
        "(214, 990)",
        "(360, 270)",
        "(161, 585)",
        "(714, 656)",
        "(381, 938)",
        "(83, 551)",
        "(664, 632)",
        "(68, 294)",
        "(918, 414)",
        "(593, 55)",
        "(383, 135)",
        "(271, 161)",
        "(100, 368)",
        "(955, 283)",
        "(297, 796)",
        "(58, 655)",
        "(906, 301)",
        "(231, 189)",
        "(559, 786)",
        "(993, 35)",
        "(127, 858)",
        "(934, 712)",
        "(462, 920)",
        "(192, 795)",
        "(914, 366)",
        "(357, 485)"
    ],
    "(35, 878)": [
        "(855, 631)",
        "(242, 848)",
        "(172, 702)",
        "(569, 746)",
        "(640, 522)",
        "(97, 805)",
        "(239, 152)",
        "(381, 938)",
        "(593, 55)",
        "(474, 473)",
        "(360, 270)",
        "(914, 366)",
        "(214, 990)",
        "(258, 935)",
        "(938, 408)",
        "(969, 959)",
        "(934, 712)",
        "(350, 774)",
        "(745, 323)",
        "(161, 585)",
        "(509, 87)"
    ],
    "(934, 712)": [
        "(697, 588)",
        "(993, 35)",
        "(640, 522)",
        "(664, 632)",
        "(192, 795)",
        "(960, 481)",
        "(127, 858)",
        "(97, 805)",
        "(283, 360)",
        "(271, 161)",
        "(545, 811)",
        "(357, 485)",
        "(686, 789)",
        "(36, 569)",
        "(906, 301)",
        "(35, 878)",
        "(684, 345)",
        "(416, 707)",
        "(593, 55)",
        "(223, 345)",
        "(955, 283)",
        "(559, 786)",
        "(165, 907)",
        "(83, 551)",
        "(68, 294)",
        "(855, 631)",
        "(622, 276)",
        "(668, 139)",
        "(239, 152)"
    ],
    "(172, 702)": [
        "(242, 123)",
        "(813, 965)",
        "(591, 233)",
        "(271, 161)",
        "(35, 878)",
        "(559, 786)",
        "(127, 858)",
        "(383, 135)",
        "(914, 366)",
        "(668, 139)",
        "(165, 907)",
        "(966, 344)",
        "(933, 928)",
        "(788, 191)",
        "(297, 796)",
        "(684, 345)",
        "(820, 947)",
        "(595, 690)",
        "(993, 35)",
        "(192, 795)",
        "(83, 551)",
        "(350, 774)",
        "(918, 414)",
        "(68, 294)",
        "(798, 254)",
        "(258, 935)",
        "(938, 408)",
        "(960, 481)",
        "(283, 360)",
        "(955, 283)",
        "(714, 656)",
        "(242, 848)",
        "(97, 805)",
        "(614, 746)",
        "(939, 127)",
        "(532, 679)",
        "(231, 189)",
        "(578, 985)",
        "(387, 659)",
        "(906, 301)"
    ]
}