{
    "(248, 559)": [
        "(341, 944)",
        "(11, 998)",
        "(374, 970)",
        "(65, 69)",
        "(988, 345)",
        "(446, 232)",
        "(946, 303)",
        "(552, 583)",
        "(20, 69)",
        "(879, 170)",
        "(264, 825)",
        "(457, 606)",
        "(475, 241)",
        "(135, 735)",
        "(858, 718)",
        "(413, 587)",
        "(73, 769)",
        "(510, 666)",
        "(797, 117)",
        "(333, 669)",
        "(120, 242)",
        "(541, 865)",
        "(103, 90)",
        "(699, 90)",
        "(986, 639)"
    ],
    "(699, 90)": [
        "(581, 879)",
        "(821, 451)",
        "(542, 992)",
        "(510, 666)",
        "(582, 319)",
        "(459, 708)",
        "(103, 90)",
        "(947, 848)",
        "(891, 620)",
        "(180, 815)",
        "(20, 69)",
        "(266, 500)",
        "(421, 13)",
        "(235, 125)",
        "(374, 970)",
        "(243, 713)",
        "(537, 44)",
        "(973, 172)",
        "(248, 559)"
    ],
    "(73, 769)": [
        "(402, 479)",
        "(457, 606)",
        "(542, 992)",
        "(398, 955)",
        "(918, 113)",
        "(161, 435)",
        "(137, 970)",
        "(459, 708)",
        "(248, 559)",
        "(988, 345)",
        "(537, 44)",
        "(282, 715)",
        "(947, 848)",
        "(946, 303)",
        "(463, 100)",
        "(505, 830)",
        "(259, 804)",
        "(952, 12)"
    ],
    "(988, 345)": [
        "(472, 957)",
        "(695, 569)",
        "(248, 559)",
        "(259, 804)",
        "(65, 69)",
        "(22, 395)",
        "(182, 473)",
        "(374, 970)",
        "(542, 992)",
        "(32, 400)",
        "(510, 666)",
        "(877, 903)",
        "(54, 246)",
        "(73, 769)",
        "(110, 158)",
        "(189, 937)",
        "(180, 815)",
        "(918, 113)",
        "(448, 265)",
        "(678, 301)",
        "(112, 585)"
    ],
    "(341, 944)": [
        "(20, 69)",
        "(248, 559)",
        "(631, 145)",
        "(264, 825)",
        "(457, 606)",
        "(282, 715)",
        "(112, 585)",
        "(32, 400)",
        "(541, 865)",
        "(189, 937)",
        "(915, 178)",
        "(768, 680)",
        "(235, 125)",
        "(973, 172)",
        "(542, 992)",
        "(186, 519)",
        "(952, 12)",
        "(182, 473)",
        "(159, 400)",
        "(797, 117)",
        "(678, 301)",
        "(332, 307)",
        "(161, 435)",
        "(35, 843)"
    ],
    "(159, 400)": [
        "(137, 970)",
        "(457, 801)",
        "(243, 713)",
        "(946, 303)",
        "(877, 903)",
        "(264, 825)",
        "(930, 658)",
        "(180, 815)",
        "(54, 246)",
        "(541, 865)",
        "(551, 152)",
        "(973, 172)",
        "(341, 944)",
        "(459, 178)",
        "(266, 500)",
        "(678, 301)",
        "(11, 998)",
        "(398, 955)"
    ],
    "(92, 406)": [
        "(976, 351)",
        "(582, 319)",
        "(413, 587)",
        "(374, 970)",
        "(930, 658)",
        "(821, 451)",
        "(915, 178)",
        "(807, 130)",
        "(11, 998)",
        "(54, 246)",
        "(475, 241)",
        "(235, 125)",
        "(112, 585)",
        "(877, 903)",
        "(551, 152)",
        "(180, 815)",
        "(695, 569)",
        "(301, 132)",
        "(542, 992)",
        "(186, 519)",
        "(446, 232)",
        "(505, 830)",
        "(332, 307)"
    ],
    "(259, 804)": [
        "(447, 433)",
        "(20, 69)",
        "(463, 100)",
        "(542, 992)",
        "(988, 345)",
        "(877, 903)",
        "(11, 998)",
        "(818, 544)",
        "(946, 303)",
        "(457, 606)",
        "(918, 113)",
        "(374, 970)",
        "(582, 319)",
        "(510, 666)",
        "(384, 603)",
        "(457, 801)",
        "(459, 708)",
        "(73, 769)"
    ],
    "(986, 639)": [
        "(448, 265)",
        "(23, 817)",
        "(807, 130)",
        "(858, 718)",
        "(946, 303)",
        "(505, 830)",
        "(186, 519)",
        "(695, 569)",
        "(137, 970)",
        "(582, 319)",
        "(301, 132)",
        "(333, 669)",
        "(32, 400)",
        "(248, 559)"
    ],
    "(65, 69)": [
        "(137, 970)",
        "(248, 559)",
        "(457, 801)",
        "(459, 708)",
        "(988, 345)",
        "(301, 132)",
        "(11, 998)",
        "(475, 241)",
        "(918, 113)",
        "(947, 848)",
        "(402, 479)",
        "(768, 680)",
        "(374, 970)",
        "(877, 903)",
        "(472, 957)",
        "(23, 817)",
        "(421, 13)",
        "(879, 170)",
        "(505, 830)",
        "(20, 69)",
        "(235, 125)",
        "(32, 400)",
        "(858, 718)",
        "(332, 307)",
        "(50, 244)"
    ],
    "(54, 246)": [
        "(678, 301)",
        "(448, 265)",
        "(818, 544)",
        "(797, 117)",
        "(266, 500)",
        "(631, 145)",
        "(32, 400)",
        "(877, 903)",
        "(182, 473)",
        "(159, 400)",
        "(879, 170)",
        "(20, 69)",
        "(186, 519)",
        "(582, 319)",
        "(137, 970)",
        "(92, 406)",
        "(976, 351)",
        "(472, 957)",
        "(858, 718)",
        "(988, 345)",
        "(541, 865)",
        "(35, 843)",
        "(23, 817)",
        "(542, 992)",
        "(124, 672)"
    ],
    "(22, 395)": [
        "(186, 519)",
        "(189, 937)",
        "(541, 865)",
        "(421, 13)",
        "(332, 307)",
        "(918, 113)",
        "(988, 345)",
        "(656, 937)",
        "(475, 241)",
        "(930, 658)",
        "(182, 473)",
        "(768, 680)",
        "(879, 170)",
        "(398, 955)",
        "(446, 232)",
        "(243, 713)",
        "(282, 715)",
        "(35, 843)",
        "(264, 825)",
        "(552, 583)",
        "(402, 479)"
    ],
    "(124, 672)": [
        "(541, 865)",
        "(243, 713)",
        "(110, 158)",
        "(915, 178)",
        "(947, 848)",
        "(551, 152)",
        "(952, 12)",
        "(918, 113)",
        "(631, 145)",
        "(135, 735)",
        "(542, 992)",
        "(11, 998)",
        "(50, 244)",
        "(54, 246)",
        "(103, 90)",
        "(656, 937)",
        "(266, 500)"
    ],
    "(264, 825)": [
        "(398, 955)",
        "(581, 879)",
        "(421, 13)",
        "(11, 998)",
        "(457, 606)",
        "(631, 145)",
        "(341, 944)",
        "(537, 44)",
        "(159, 400)",
        "(552, 583)",
        "(459, 708)",
        "(189, 937)",
        "(976, 351)",
        "(248, 559)",
        "(818, 544)",
        "(384, 603)",
        "(161, 435)",
        "(332, 307)",
        "(505, 830)",
        "(915, 178)",
        "(32, 400)",
        "(22, 395)",
        "(186, 519)"
    ],
    "(505, 830)": [
        "(243, 713)",
        "(537, 44)",
        "(541, 865)",
        "(879, 170)",
        "(986, 639)",
        "(542, 992)",
        "(582, 319)",
        "(264, 825)",
        "(472, 957)",
        "(65, 69)",
        "(952, 12)",
        "(374, 970)",
        "(631, 145)",
        "(182, 473)",
        "(73, 769)",
        "(137, 970)",
        "(92, 406)",
        "(110, 158)",
        "(915, 178)"
    ],
    "(768, 680)": [
        "(32, 400)",
        "(23, 817)",
        "(797, 117)",
        "(915, 178)",
        "(455, 92)",
        "(135, 735)",
        "(65, 69)",
        "(821, 451)",
        "(656, 937)",
        "(22, 395)",
        "(541, 865)",
        "(459, 178)",
        "(332, 307)",
        "(341, 944)",
        "(161, 435)",
        "(581, 879)",
        "(858, 718)",
        "(818, 544)",
        "(946, 303)",
        "(110, 158)",
        "(103, 90)",
        "(472, 957)",
        "(947, 848)"
    ],
    "(930, 658)": [
        "(973, 172)",
        "(110, 158)",
        "(818, 544)",
        "(92, 406)",
        "(877, 903)",
        "(457, 606)",
        "(159, 400)",
        "(22, 395)",
        "(112, 585)",
        "(301, 132)",
        "(552, 583)",
        "(475, 241)",
        "(266, 500)",
        "(180, 815)",
        "(510, 666)",
        "(282, 715)",
        "(472, 957)",
        "(374, 970)",
        "(161, 435)"
    ],
    "(678, 301)": [
        "(189, 937)",
        "(54, 246)",
        "(446, 232)",
        "(918, 113)",
        "(235, 125)",
        "(282, 715)",
        "(161, 435)",
        "(695, 569)",
        "(11, 998)",
        "(976, 351)",
        "(457, 606)",
        "(581, 879)",
        "(552, 583)",
        "(541, 865)",
        "(266, 500)",
        "(631, 145)",
        "(537, 44)",
        "(341, 944)",
        "(332, 307)",
        "(159, 400)",
        "(988, 345)",
        "(946, 303)",
        "(459, 178)"
    ],
    "(552, 583)": [
        "(112, 585)",
        "(23, 817)",
        "(475, 241)",
        "(915, 178)",
        "(976, 351)",
        "(264, 825)",
        "(248, 559)",
        "(930, 658)",
        "(135, 735)",
        "(398, 955)",
        "(678, 301)",
        "(180, 815)",
        "(50, 244)",
        "(235, 125)",
        "(103, 90)",
        "(877, 903)",
        "(551, 152)",
        "(973, 172)",
        "(455, 92)",
        "(243, 713)",
        "(110, 158)",
        "(22, 395)"
    ],
    "(541, 865)": [
        "(582, 319)",
        "(22, 395)",
        "(124, 672)",
        "(797, 117)",
        "(505, 830)",
        "(159, 400)",
        "(455, 92)",
        "(341, 944)",
        "(768, 680)",
        "(180, 815)",
        "(678, 301)",
        "(54, 246)",
        "(656, 937)",
        "(282, 715)",
        "(947, 848)",
        "(472, 957)",
        "(457, 606)",
        "(248, 559)",
        "(475, 241)",
        "(807, 130)"
    ],
    "(182, 473)": [
        "(475, 241)",
        "(459, 708)",
        "(946, 303)",
        "(455, 92)",
        "(161, 435)",
        "(582, 319)",
        "(988, 345)",
        "(54, 246)",
        "(110, 158)",
        "(22, 395)",
        "(180, 815)",
        "(112, 585)",
        "(120, 242)",
        "(50, 244)",
        "(282, 715)",
        "(333, 669)",
        "(341, 944)",
        "(952, 12)",
        "(402, 479)",
        "(505, 830)",
        "(332, 307)"
    ],
    "(459, 708)": [
        "(821, 451)",
        "(182, 473)",
        "(189, 937)",
        "(65, 69)",
        "(457, 801)",
        "(699, 90)",
        "(282, 715)",
        "(973, 172)",
        "(243, 713)",
        "(264, 825)",
        "(235, 125)",
        "(333, 669)",
        "(73, 769)",
        "(976, 351)",
        "(11, 998)",
        "(818, 544)",
        "(259, 804)",
        "(446, 232)",
        "(186, 519)",
        "(137, 970)",
        "(463, 100)",
        "(946, 303)"
    ],
    "(301, 132)": [
        "(879, 170)",
        "(537, 44)",
        "(189, 937)",
        "(120, 242)",
        "(65, 69)",
        "(631, 145)",
        "(656, 937)",
        "(930, 658)",
        "(952, 12)",
        "(135, 735)",
        "(112, 585)",
        "(542, 992)",
        "(50, 244)",
        "(986, 639)",
        "(92, 406)",
        "(402, 479)",
        "(858, 718)",
        "(891, 620)",
        "(797, 117)"
    ],
    "(266, 500)": [
        "(457, 606)",
        "(463, 100)",
        "(421, 13)",
        "(54, 246)",
        "(11, 998)",
        "(877, 903)",
        "(891, 620)",
        "(542, 992)",
        "(186, 519)",
        "(699, 90)",
        "(976, 351)",
        "(475, 241)",
        "(930, 658)",
        "(678, 301)",
        "(656, 937)",
        "(821, 451)",
        "(472, 957)",
        "(159, 400)",
        "(537, 44)",
        "(124, 672)",
        "(235, 125)"
    ],
    "(542, 992)": [
        "(20, 69)",
        "(110, 158)",
        "(797, 117)",
        "(699, 90)",
        "(333, 669)",
        "(259, 804)",
        "(73, 769)",
        "(446, 232)",
        "(988, 345)",
        "(282, 715)",
        "(807, 130)",
        "(112, 585)",
        "(879, 170)",
        "(23, 817)",
        "(266, 500)",
        "(505, 830)",
        "(135, 735)",
        "(402, 479)",
        "(301, 132)",
        "(459, 178)",
        "(341, 944)",
        "(124, 672)",
        "(92, 406)",
        "(581, 879)",
        "(952, 12)",
        "(54, 246)"
    ],
    "(448, 265)": [
        "(915, 178)",
        "(54, 246)",
        "(20, 69)",
        "(398, 955)",
        "(986, 639)",
        "(879, 170)",
        "(457, 801)",
        "(333, 669)",
        "(35, 843)",
        "(988, 345)",
        "(421, 13)",
        "(821, 451)",
        "(947, 848)",
        "(384, 603)"
    ],
    "(551, 152)": [
        "(384, 603)",
        "(413, 587)",
        "(103, 90)",
        "(23, 817)",
        "(243, 713)",
        "(398, 955)",
        "(976, 351)",
        "(159, 400)",
        "(282, 715)",
        "(124, 672)",
        "(818, 544)",
        "(510, 666)",
        "(92, 406)",
        "(946, 303)",
        "(472, 957)",
        "(235, 125)",
        "(186, 519)",
        "(110, 158)",
        "(459, 178)",
        "(552, 583)",
        "(858, 718)",
        "(402, 479)"
    ],
    "(976, 351)": [
        "(457, 801)",
        "(92, 406)",
        "(918, 113)",
        "(552, 583)",
        "(818, 544)",
        "(161, 435)",
        "(879, 170)",
        "(551, 152)",
        "(413, 587)",
        "(678, 301)",
        "(402, 479)",
        "(457, 606)",
        "(332, 307)",
        "(333, 669)",
        "(264, 825)",
        "(54, 246)",
        "(821, 451)",
        "(266, 500)",
        "(282, 715)",
        "(475, 241)",
        "(459, 708)",
        "(23, 817)",
        "(35, 843)",
        "(421, 13)",
        "(112, 585)",
        "(384, 603)",
        "(103, 90)",
        "(631, 145)"
    ],
    "(915, 178)": [
        "(448, 265)",
        "(552, 583)",
        "(581, 879)",
        "(374, 970)",
        "(768, 680)",
        "(92, 406)",
        "(918, 113)",
        "(124, 672)",
        "(582, 319)",
        "(180, 815)",
        "(35, 843)",
        "(341, 944)",
        "(447, 433)",
        "(807, 130)",
        "(463, 100)",
        "(264, 825)",
        "(891, 620)",
        "(505, 830)",
        "(472, 957)"
    ],
    "(457, 801)": [
        "(976, 351)",
        "(455, 92)",
        "(413, 587)",
        "(159, 400)",
        "(695, 569)",
        "(421, 13)",
        "(65, 69)",
        "(459, 708)",
        "(189, 937)",
        "(879, 170)",
        "(448, 265)",
        "(135, 735)",
        "(537, 44)",
        "(20, 69)",
        "(656, 937)",
        "(446, 232)",
        "(259, 804)",
        "(398, 955)",
        "(402, 479)",
        "(946, 303)"
    ],
    "(447, 433)": [
        "(259, 804)",
        "(103, 90)",
        "(235, 125)",
        "(891, 620)",
        "(510, 666)",
        "(110, 158)",
        "(50, 244)",
        "(35, 843)",
        "(421, 13)",
        "(656, 937)",
        "(695, 569)",
        "(23, 817)",
        "(915, 178)",
        "(446, 232)",
        "(120, 242)",
        "(137, 970)",
        "(186, 519)",
        "(947, 848)",
        "(398, 955)"
    ],
    "(472, 957)": [
        "(988, 345)",
        "(459, 178)",
        "(235, 125)",
        "(186, 519)",
        "(807, 130)",
        "(161, 435)",
        "(537, 44)",
        "(65, 69)",
        "(54, 246)",
        "(398, 955)",
        "(947, 848)",
        "(551, 152)",
        "(180, 815)",
        "(505, 830)",
        "(541, 865)",
        "(266, 500)",
        "(930, 658)",
        "(137, 970)",
        "(656, 937)",
        "(768, 680)",
        "(915, 178)"
    ],
    "(457, 606)": [
        "(266, 500)",
        "(510, 666)",
        "(282, 715)",
        "(73, 769)",
        "(32, 400)",
        "(930, 658)",
        "(264, 825)",
        "(952, 12)",
        "(103, 90)",
        "(341, 944)",
        "(891, 620)",
        "(678, 301)",
        "(976, 351)",
        "(459, 178)",
        "(248, 559)",
        "(463, 100)",
        "(259, 804)",
        "(120, 242)",
        "(807, 130)",
        "(541, 865)",
        "(135, 735)"
    ],
    "(446, 232)": [
        "(656, 937)",
        "(678, 301)",
        "(421, 13)",
        "(282, 715)",
        "(398, 955)",
        "(135, 735)",
        "(248, 559)",
        "(332, 307)",
        "(542, 992)",
        "(947, 848)",
        "(120, 242)",
        "(582, 319)",
        "(807, 130)",
        "(797, 117)",
        "(447, 433)",
        "(22, 395)",
        "(891, 620)",
        "(973, 172)",
        "(180, 815)",
        "(457, 801)",
        "(952, 12)",
        "(92, 406)",
        "(459, 708)"
    ],
    "(112, 585)": [
        "(807, 130)",
        "(552, 583)",
        "(879, 170)",
        "(341, 944)",
        "(930, 658)",
        "(542, 992)",
        "(92, 406)",
        "(398, 955)",
        "(182, 473)",
        "(510, 666)",
        "(581, 879)",
        "(952, 12)",
        "(32, 400)",
        "(301, 132)",
        "(332, 307)",
        "(333, 669)",
        "(976, 351)",
        "(988, 345)",
        "(189, 937)",
        "(35, 843)"
    ],
    "(50, 244)": [
        "(235, 125)",
        "(952, 12)",
        "(918, 113)",
        "(332, 307)",
        "(135, 735)",
        "(447, 433)",
        "(243, 713)",
        "(110, 158)",
        "(459, 178)",
        "(455, 92)",
        "(182, 473)",
        "(189, 937)",
        "(301, 132)",
        "(552, 583)",
        "(818, 544)",
        "(374, 970)",
        "(413, 587)",
        "(695, 569)",
        "(124, 672)",
        "(186, 519)",
        "(65, 69)",
        "(282, 715)"
    ],
    "(103, 90)": [
        "(447, 433)",
        "(374, 970)",
        "(161, 435)",
        "(551, 152)",
        "(421, 13)",
        "(807, 130)",
        "(459, 178)",
        "(23, 817)",
        "(457, 606)",
        "(699, 90)",
        "(32, 400)",
        "(581, 879)",
        "(332, 307)",
        "(552, 583)",
        "(768, 680)",
        "(110, 158)",
        "(248, 559)",
        "(976, 351)",
        "(124, 672)",
        "(973, 172)"
    ],
    "(137, 970)": [
        "(159, 400)",
        "(65, 69)",
        "(877, 903)",
        "(54, 246)",
        "(947, 848)",
        "(656, 937)",
        "(135, 735)",
        "(821, 451)",
        "(384, 603)",
        "(73, 769)",
        "(986, 639)",
        "(120, 242)",
        "(797, 117)",
        "(918, 113)",
        "(333, 669)",
        "(447, 433)",
        "(505, 830)",
        "(180, 815)",
        "(472, 957)",
        "(110, 158)",
        "(459, 708)",
        "(161, 435)"
    ],
    "(11, 998)": [
        "(879, 170)",
        "(248, 559)",
        "(264, 825)",
        "(266, 500)",
        "(402, 479)",
        "(65, 69)",
        "(259, 804)",
        "(678, 301)",
        "(973, 172)",
        "(92, 406)",
        "(235, 125)",
        "(459, 708)",
        "(124, 672)",
        "(161, 435)",
        "(120, 242)",
        "(374, 970)",
        "(952, 12)",
        "(159, 400)",
        "(455, 92)",
        "(797, 117)"
    ],
    "(413, 587)": [
        "(551, 152)",
        "(92, 406)",
        "(457, 801)",
        "(656, 937)",
        "(695, 569)",
        "(976, 351)",
        "(248, 559)",
        "(243, 713)",
        "(50, 244)",
        "(332, 307)"
    ],
    "(189, 937)": [
        "(678, 301)",
        "(398, 955)",
        "(35, 843)",
        "(459, 708)",
        "(22, 395)",
        "(161, 435)",
        "(797, 117)",
        "(301, 132)",
        "(457, 801)",
        "(463, 100)",
        "(264, 825)",
        "(341, 944)",
        "(243, 713)",
        "(50, 244)",
        "(988, 345)",
        "(918, 113)",
        "(877, 903)",
        "(879, 170)",
        "(402, 479)",
        "(333, 669)",
        "(112, 585)"
    ],
    "(807, 130)": [
        "(510, 666)",
        "(180, 815)",
        "(112, 585)",
        "(656, 937)",
        "(333, 669)",
        "(103, 90)",
        "(135, 735)",
        "(818, 544)",
        "(947, 848)",
        "(92, 406)",
        "(472, 957)",
        "(986, 639)",
        "(542, 992)",
        "(915, 178)",
        "(537, 44)",
        "(446, 232)",
        "(463, 100)",
        "(186, 519)",
        "(457, 606)",
        "(858, 718)",
        "(541, 865)",
        "(695, 569)"
    ],
    "(821, 451)": [
        "(32, 400)",
        "(459, 708)",
        "(699, 90)",
        "(92, 406)",
        "(877, 903)",
        "(120, 242)",
        "(768, 680)",
        "(976, 351)",
        "(137, 970)",
        "(463, 100)",
        "(879, 170)",
        "(266, 500)",
        "(631, 145)",
        "(448, 265)",
        "(818, 544)",
        "(402, 479)",
        "(455, 92)"
    ],
    "(23, 817)": [
        "(768, 680)",
        "(552, 583)",
        "(551, 152)",
        "(656, 937)",
        "(952, 12)",
        "(103, 90)",
        "(986, 639)",
        "(858, 718)",
        "(459, 178)",
        "(447, 433)",
        "(542, 992)",
        "(235, 125)",
        "(65, 69)",
        "(135, 735)",
        "(32, 400)",
        "(976, 351)",
        "(475, 241)",
        "(510, 666)",
        "(455, 92)",
        "(54, 246)",
        "(421, 13)",
        "(463, 100)",
        "(818, 544)"
    ],
    "(631, 145)": [
        "(341, 944)",
        "(952, 12)",
        "(946, 303)",
        "(264, 825)",
        "(54, 246)",
        "(301, 132)",
        "(186, 519)",
        "(124, 672)",
        "(235, 125)",
        "(120, 242)",
        "(582, 319)",
        "(333, 669)",
        "(821, 451)",
        "(505, 830)",
        "(678, 301)",
        "(976, 351)",
        "(398, 955)"
    ],
    "(879, 170)": [
        "(11, 998)",
        "(301, 132)",
        "(374, 970)",
        "(976, 351)",
        "(656, 937)",
        "(448, 265)",
        "(112, 585)",
        "(457, 801)",
        "(54, 246)",
        "(505, 830)",
        "(248, 559)",
        "(459, 178)",
        "(542, 992)",
        "(22, 395)",
        "(821, 451)",
        "(384, 603)",
        "(65, 69)",
        "(891, 620)",
        "(189, 937)",
        "(110, 158)"
    ],
    "(946, 303)": [
        "(463, 100)",
        "(582, 319)",
        "(159, 400)",
        "(235, 125)",
        "(631, 145)",
        "(182, 473)",
        "(248, 559)",
        "(986, 639)",
        "(259, 804)",
        "(858, 718)",
        "(581, 879)",
        "(551, 152)",
        "(455, 92)",
        "(32, 400)",
        "(35, 843)",
        "(768, 680)",
        "(180, 815)",
        "(73, 769)",
        "(695, 569)",
        "(186, 519)",
        "(457, 801)",
        "(459, 708)",
        "(877, 903)",
        "(678, 301)"
    ],
    "(656, 937)": [
        "(446, 232)",
        "(582, 319)",
        "(807, 130)",
        "(23, 817)",
        "(186, 519)",
        "(22, 395)",
        "(413, 587)",
        "(879, 170)",
        "(243, 713)",
        "(384, 603)",
        "(447, 433)",
        "(301, 132)",
        "(768, 680)",
        "(137, 970)",
        "(161, 435)",
        "(398, 955)",
        "(266, 500)",
        "(457, 801)",
        "(541, 865)",
        "(124, 672)",
        "(472, 957)",
        "(973, 172)"
    ],
    "(510, 666)": [
        "(807, 130)",
        "(695, 569)",
        "(457, 606)",
        "(243, 713)",
        "(20, 69)",
        "(699, 90)",
        "(447, 433)",
        "(581, 879)",
        "(455, 92)",
        "(818, 544)",
        "(112, 585)",
        "(988, 345)",
        "(551, 152)",
        "(248, 559)",
        "(259, 804)",
        "(23, 817)",
        "(973, 172)",
        "(398, 955)",
        "(930, 658)",
        "(463, 100)",
        "(282, 715)"
    ],
    "(421, 13)": [
        "(264, 825)",
        "(457, 801)",
        "(266, 500)",
        "(103, 90)",
        "(22, 395)",
        "(446, 232)",
        "(447, 433)",
        "(180, 815)",
        "(695, 569)",
        "(582, 319)",
        "(332, 307)",
        "(65, 69)",
        "(475, 241)",
        "(161, 435)",
        "(699, 90)",
        "(947, 848)",
        "(459, 178)",
        "(918, 113)",
        "(976, 351)",
        "(448, 265)",
        "(23, 817)"
    ],
    "(858, 718)": [
        "(243, 713)",
        "(120, 242)",
        "(459, 178)",
        "(23, 817)",
        "(986, 639)",
        "(946, 303)",
        "(54, 246)",
        "(248, 559)",
        "(582, 319)",
        "(768, 680)",
        "(807, 130)",
        "(918, 113)",
        "(463, 100)",
        "(65, 69)",
        "(301, 132)",
        "(374, 970)",
        "(398, 955)",
        "(20, 69)",
        "(551, 152)"
    ],
    "(333, 669)": [
        "(807, 130)",
        "(818, 544)",
        "(542, 992)",
        "(32, 400)",
        "(695, 569)",
        "(475, 241)",
        "(459, 178)",
        "(976, 351)",
        "(243, 713)",
        "(448, 265)",
        "(459, 708)",
        "(952, 12)",
        "(112, 585)",
        "(182, 473)",
        "(137, 970)",
        "(631, 145)",
        "(986, 639)",
        "(248, 559)",
        "(402, 479)",
        "(135, 735)",
        "(189, 937)"
    ],
    "(818, 544)": [
        "(384, 603)",
        "(930, 658)",
        "(54, 246)",
        "(333, 669)",
        "(537, 44)",
        "(976, 351)",
        "(797, 117)",
        "(807, 130)",
        "(259, 804)",
        "(332, 307)",
        "(973, 172)",
        "(510, 666)",
        "(551, 152)",
        "(374, 970)",
        "(264, 825)",
        "(161, 435)",
        "(459, 178)",
        "(768, 680)",
        "(50, 244)",
        "(463, 100)",
        "(459, 708)",
        "(821, 451)",
        "(20, 69)",
        "(23, 817)"
    ],
    "(20, 69)": [
        "(341, 944)",
        "(282, 715)",
        "(259, 804)",
        "(542, 992)",
        "(510, 666)",
        "(448, 265)",
        "(180, 815)",
        "(459, 178)",
        "(582, 319)",
        "(32, 400)",
        "(54, 246)",
        "(699, 90)",
        "(248, 559)",
        "(374, 970)",
        "(537, 44)",
        "(398, 955)",
        "(457, 801)",
        "(65, 69)",
        "(858, 718)",
        "(818, 544)",
        "(891, 620)"
    ],
    "(537, 44)": [
        "(161, 435)",
        "(455, 92)",
        "(505, 830)",
        "(947, 848)",
        "(301, 132)",
        "(402, 479)",
        "(818, 544)",
        "(32, 400)",
        "(264, 825)",
        "(20, 69)",
        "(472, 957)",
        "(807, 130)",
        "(582, 319)",
        "(457, 801)",
        "(73, 769)",
        "(699, 90)",
        "(678, 301)",
        "(266, 500)",
        "(952, 12)",
        "(235, 125)"
    ],
    "(947, 848)": [
        "(161, 435)",
        "(537, 44)",
        "(807, 130)",
        "(699, 90)",
        "(124, 672)",
        "(65, 69)",
        "(446, 232)",
        "(137, 970)",
        "(472, 957)",
        "(186, 519)",
        "(421, 13)",
        "(235, 125)",
        "(541, 865)",
        "(73, 769)",
        "(448, 265)",
        "(447, 433)",
        "(243, 713)",
        "(768, 680)"
    ],
    "(463, 100)": [
        "(32, 400)",
        "(266, 500)",
        "(797, 117)",
        "(952, 12)",
        "(259, 804)",
        "(946, 303)",
        "(332, 307)",
        "(35, 843)",
        "(918, 113)",
        "(189, 937)",
        "(457, 606)",
        "(821, 451)",
        "(915, 178)",
        "(807, 130)",
        "(818, 544)",
        "(891, 620)",
        "(858, 718)",
        "(475, 241)",
        "(73, 769)",
        "(402, 479)",
        "(23, 817)",
        "(459, 708)",
        "(510, 666)"
    ],
    "(235, 125)": [
        "(50, 244)",
        "(447, 433)",
        "(186, 519)",
        "(946, 303)",
        "(678, 301)",
        "(135, 735)",
        "(952, 12)",
        "(472, 957)",
        "(110, 158)",
        "(92, 406)",
        "(11, 998)",
        "(23, 817)",
        "(459, 708)",
        "(341, 944)",
        "(551, 152)",
        "(631, 145)",
        "(947, 848)",
        "(552, 583)",
        "(699, 90)",
        "(65, 69)",
        "(582, 319)",
        "(537, 44)",
        "(266, 500)",
        "(581, 879)"
    ],
    "(459, 178)": [
        "(384, 603)",
        "(472, 957)",
        "(180, 815)",
        "(20, 69)",
        "(858, 718)",
        "(103, 90)",
        "(695, 569)",
        "(120, 242)",
        "(23, 817)",
        "(333, 669)",
        "(879, 170)",
        "(457, 606)",
        "(768, 680)",
        "(35, 843)",
        "(50, 244)",
        "(818, 544)",
        "(161, 435)",
        "(542, 992)",
        "(421, 13)",
        "(551, 152)",
        "(159, 400)",
        "(398, 955)",
        "(678, 301)"
    ],
    "(952, 12)": [
        "(50, 244)",
        "(463, 100)",
        "(631, 145)",
        "(282, 715)",
        "(23, 817)",
        "(235, 125)",
        "(457, 606)",
        "(124, 672)",
        "(35, 843)",
        "(301, 132)",
        "(161, 435)",
        "(112, 585)",
        "(333, 669)",
        "(341, 944)",
        "(505, 830)",
        "(182, 473)",
        "(446, 232)",
        "(542, 992)",
        "(11, 998)",
        "(402, 479)",
        "(374, 970)",
        "(537, 44)",
        "(73, 769)"
    ],
    "(374, 970)": [
        "(103, 90)",
        "(92, 406)",
        "(248, 559)",
        "(879, 170)",
        "(915, 178)",
        "(384, 603)",
        "(797, 117)",
        "(988, 345)",
        "(65, 69)",
        "(20, 69)",
        "(818, 544)",
        "(259, 804)",
        "(180, 815)",
        "(282, 715)",
        "(50, 244)",
        "(699, 90)",
        "(505, 830)",
        "(11, 998)",
        "(858, 718)",
        "(930, 658)",
        "(952, 12)"
    ],
    "(110, 158)": [
        "(384, 603)",
        "(542, 992)",
        "(930, 658)",
        "(447, 433)",
        "(120, 242)",
        "(124, 672)",
        "(182, 473)",
        "(235, 125)",
        "(180, 815)",
        "(50, 244)",
        "(455, 92)",
        "(988, 345)",
        "(973, 172)",
        "(551, 152)",
        "(768, 680)",
        "(103, 90)",
        "(243, 713)",
        "(505, 830)",
        "(137, 970)",
        "(552, 583)",
        "(879, 170)"
    ],
    "(891, 620)": [
        "(447, 433)",
        "(135, 735)",
        "(161, 435)",
        "(699, 90)",
        "(457, 606)",
        "(266, 500)",
        "(384, 603)",
        "(797, 117)",
        "(973, 172)",
        "(475, 241)",
        "(402, 479)",
        "(446, 232)",
        "(463, 100)",
        "(879, 170)",
        "(301, 132)",
        "(915, 178)",
        "(20, 69)",
        "(398, 955)"
    ],
    "(973, 172)": [
        "(930, 658)",
        "(11, 998)",
        "(459, 708)",
        "(818, 544)",
        "(159, 400)",
        "(918, 113)",
        "(243, 713)",
        "(110, 158)",
        "(341, 944)",
        "(891, 620)",
        "(446, 232)",
        "(510, 666)",
        "(552, 583)",
        "(103, 90)",
        "(699, 90)",
        "(656, 937)"
    ],
    "(243, 713)": [
        "(505, 830)",
        "(135, 735)",
        "(510, 666)",
        "(858, 718)",
        "(159, 400)",
        "(551, 152)",
        "(124, 672)",
        "(50, 244)",
        "(656, 937)",
        "(459, 708)",
        "(161, 435)",
        "(333, 669)",
        "(120, 242)",
        "(189, 937)",
        "(973, 172)",
        "(695, 569)",
        "(413, 587)",
        "(22, 395)",
        "(699, 90)",
        "(186, 519)",
        "(110, 158)",
        "(552, 583)",
        "(455, 92)",
        "(947, 848)",
        "(398, 955)"
    ],
    "(180, 815)": [
        "(807, 130)",
        "(20, 69)",
        "(459, 178)",
        "(159, 400)",
        "(455, 92)",
        "(797, 117)",
        "(699, 90)",
        "(915, 178)",
        "(182, 473)",
        "(421, 13)",
        "(110, 158)",
        "(374, 970)",
        "(541, 865)",
        "(92, 406)",
        "(552, 583)",
        "(472, 957)",
        "(988, 345)",
        "(446, 232)",
        "(946, 303)",
        "(930, 658)",
        "(137, 970)",
        "(135, 735)"
    ],
    "(282, 715)": [
        "(20, 69)",
        "(457, 606)",
        "(32, 400)",
        "(952, 12)",
        "(446, 232)",
        "(678, 301)",
        "(459, 708)",
        "(551, 152)",
        "(341, 944)",
        "(332, 307)",
        "(542, 992)",
        "(976, 351)",
        "(182, 473)",
        "(374, 970)",
        "(541, 865)",
        "(73, 769)",
        "(22, 395)",
        "(35, 843)",
        "(402, 479)",
        "(930, 658)",
        "(50, 244)",
        "(510, 666)"
    ],
    "(695, 569)": [
        "(510, 666)",
        "(988, 345)",
        "(457, 801)",
        "(332, 307)",
        "(459, 178)",
        "(333, 669)",
        "(678, 301)",
        "(413, 587)",
        "(384, 603)",
        "(447, 433)",
        "(455, 92)",
        "(402, 479)",
        "(35, 843)",
        "(421, 13)",
        "(986, 639)",
        "(92, 406)",
        "(243, 713)",
        "(50, 244)",
        "(877, 903)",
        "(946, 303)",
        "(807, 130)"
    ],
    "(455, 92)": [
        "(537, 44)",
        "(457, 801)",
        "(182, 473)",
        "(475, 241)",
        "(510, 666)",
        "(180, 815)",
        "(768, 680)",
        "(541, 865)",
        "(695, 569)",
        "(50, 244)",
        "(35, 843)",
        "(110, 158)",
        "(946, 303)",
        "(23, 817)",
        "(384, 603)",
        "(135, 735)",
        "(552, 583)",
        "(11, 998)",
        "(821, 451)",
        "(243, 713)"
    ],
    "(135, 735)": [
        "(243, 713)",
        "(186, 519)",
        "(891, 620)",
        "(807, 130)",
        "(50, 244)",
        "(446, 232)",
        "(235, 125)",
        "(768, 680)",
        "(457, 801)",
        "(552, 583)",
        "(137, 970)",
        "(35, 843)",
        "(248, 559)",
        "(542, 992)",
        "(301, 132)",
        "(124, 672)",
        "(23, 817)",
        "(120, 242)",
        "(384, 603)",
        "(918, 113)",
        "(455, 92)",
        "(180, 815)",
        "(333, 669)",
        "(457, 606)",
        "(398, 955)"
    ],
    "(35, 843)": [
        "(189, 937)",
        "(161, 435)",
        "(463, 100)",
        "(447, 433)",
        "(797, 117)",
        "(915, 178)",
        "(186, 519)",
        "(952, 12)",
        "(135, 735)",
        "(695, 569)",
        "(459, 178)",
        "(455, 92)",
        "(976, 351)",
        "(54, 246)",
        "(448, 265)",
        "(946, 303)",
        "(282, 715)",
        "(22, 395)",
        "(341, 944)",
        "(112, 585)",
        "(32, 400)"
    ],
    "(398, 955)": [
        "(918, 113)",
        "(189, 937)",
        "(264, 825)",
        "(446, 232)",
        "(551, 152)",
        "(581, 879)",
        "(448, 265)",
        "(73, 769)",
        "(32, 400)",
        "(112, 585)",
        "(656, 937)",
        "(552, 583)",
        "(472, 957)",
        "(20, 69)",
        "(22, 395)",
        "(510, 666)",
        "(457, 801)",
        "(459, 178)",
        "(858, 718)",
        "(186, 519)",
        "(447, 433)",
        "(159, 400)",
        "(135, 735)",
        "(891, 620)",
        "(631, 145)",
        "(243, 713)"
    ],
    "(186, 519)": [
        "(332, 307)",
        "(22, 395)",
        "(235, 125)",
        "(135, 735)",
        "(656, 937)",
        "(472, 957)",
        "(631, 145)",
        "(54, 246)",
        "(35, 843)",
        "(986, 639)",
        "(266, 500)",
        "(32, 400)",
        "(947, 848)",
        "(551, 152)",
        "(341, 944)",
        "(807, 130)",
        "(92, 406)",
        "(243, 713)",
        "(402, 479)",
        "(50, 244)",
        "(447, 433)",
        "(946, 303)",
        "(797, 117)",
        "(264, 825)",
        "(459, 708)",
        "(398, 955)",
        "(475, 241)"
    ],
    "(120, 242)": [
        "(858, 718)",
        "(301, 132)",
        "(110, 158)",
        "(459, 178)",
        "(161, 435)",
        "(32, 400)",
        "(821, 451)",
        "(446, 232)",
        "(182, 473)",
        "(243, 713)",
        "(137, 970)",
        "(631, 145)",
        "(457, 606)",
        "(447, 433)",
        "(135, 735)",
        "(11, 998)",
        "(248, 559)",
        "(332, 307)"
    ],
    "(161, 435)": [
        "(537, 44)",
        "(947, 848)",
        "(35, 843)",
        "(103, 90)",
        "(332, 307)",
        "(189, 937)",
        "(32, 400)",
        "(182, 473)",
        "(976, 351)",
        "(678, 301)",
        "(891, 620)",
        "(120, 242)",
        "(472, 957)",
        "(243, 713)",
        "(656, 937)",
        "(952, 12)",
        "(73, 769)",
        "(818, 544)",
        "(475, 241)",
        "(264, 825)",
        "(768, 680)",
        "(459, 178)",
        "(421, 13)",
        "(11, 998)",
        "(137, 970)",
        "(341, 944)",
        "(930, 658)"
    ],
    "(402, 479)": [
        "(73, 769)",
        "(797, 117)",
        "(537, 44)",
        "(11, 998)",
        "(65, 69)",
        "(976, 351)",
        "(695, 569)",
        "(542, 992)",
        "(891, 620)",
        "(182, 473)",
        "(918, 113)",
        "(301, 132)",
        "(186, 519)",
        "(457, 801)",
        "(952, 12)",
        "(282, 715)",
        "(463, 100)",
        "(333, 669)",
        "(821, 451)",
        "(189, 937)",
        "(22, 395)",
        "(551, 152)"
    ],
    "(581, 879)": [
        "(264, 825)",
        "(699, 90)",
        "(915, 178)",
        "(398, 955)",
        "(510, 666)",
        "(582, 319)",
        "(678, 301)",
        "(103, 90)",
        "(946, 303)",
        "(112, 585)",
        "(768, 680)",
        "(542, 992)",
        "(797, 117)",
        "(235, 125)"
    ],
    "(332, 307)": [
        "(186, 519)",
        "(918, 113)",
        "(161, 435)",
        "(50, 244)",
        "(22, 395)",
        "(463, 100)",
        "(695, 569)",
        "(446, 232)",
        "(797, 117)",
        "(818, 544)",
        "(976, 351)",
        "(282, 715)",
        "(768, 680)",
        "(103, 90)",
        "(421, 13)",
        "(264, 825)",
        "(582, 319)",
        "(112, 585)",
        "(413, 587)",
        "(120, 242)",
        "(678, 301)",
        "(182, 473)",
        "(65, 69)",
        "(341, 944)",
        "(92, 406)"
    ],
    "(475, 241)": [
        "(182, 473)",
        "(552, 583)",
        "(455, 92)",
        "(22, 395)",
        "(918, 113)",
        "(65, 69)",
        "(333, 669)",
        "(92, 406)",
        "(248, 559)",
        "(930, 658)",
        "(976, 351)",
        "(161, 435)",
        "(266, 500)",
        "(421, 13)",
        "(891, 620)",
        "(23, 817)",
        "(463, 100)",
        "(541, 865)",
        "(186, 519)",
        "(797, 117)"
    ],
    "(582, 319)": [
        "(32, 400)",
        "(541, 865)",
        "(656, 937)",
        "(92, 406)",
        "(946, 303)",
        "(699, 90)",
        "(182, 473)",
        "(20, 69)",
        "(581, 879)",
        "(915, 178)",
        "(54, 246)",
        "(446, 232)",
        "(259, 804)",
        "(505, 830)",
        "(986, 639)",
        "(537, 44)",
        "(421, 13)",
        "(858, 718)",
        "(332, 307)",
        "(631, 145)",
        "(235, 125)"
    ],
    "(918, 113)": [
        "(398, 955)",
        "(332, 307)",
        "(50, 244)",
        "(678, 301)",
        "(976, 351)",
        "(22, 395)",
        "(384, 603)",
        "(463, 100)",
        "(877, 903)",
        "(475, 241)",
        "(65, 69)",
        "(915, 178)",
        "(259, 804)",
        "(73, 769)",
        "(124, 672)",
        "(973, 172)",
        "(988, 345)",
        "(137, 970)",
        "(189, 937)",
        "(421, 13)",
        "(858, 718)",
        "(402, 479)",
        "(135, 735)"
    ],
    "(797, 117)": [
        "(463, 100)",
        "(542, 992)",
        "(402, 479)",
        "(768, 680)",
        "(54, 246)",
        "(541, 865)",
        "(189, 937)",
        "(818, 544)",
        "(374, 970)",
        "(332, 307)",
        "(180, 815)",
        "(35, 843)",
        "(891, 620)",
        "(137, 970)",
        "(446, 232)",
        "(248, 559)",
        "(341, 944)",
        "(581, 879)",
        "(186, 519)",
        "(301, 132)",
        "(475, 241)",
        "(11, 998)"
    ],
    "(384, 603)": [
        "(818, 544)",
        "(110, 158)",
        "(551, 152)",
        "(459, 178)",
        "(374, 970)",
        "(918, 113)",
        "(656, 937)",
        "(695, 569)",
        "(891, 620)",
        "(137, 970)",
        "(264, 825)",
        "(259, 804)",
        "(879, 170)",
        "(135, 735)",
        "(455, 92)",
        "(976, 351)",
        "(448, 265)"
    ],
    "(32, 400)": [
        "(582, 319)",
        "(821, 451)",
        "(768, 680)",
        "(463, 100)",
        "(282, 715)",
        "(457, 606)",
        "(161, 435)",
        "(333, 669)",
        "(537, 44)",
        "(54, 246)",
        "(120, 242)",
        "(103, 90)",
        "(20, 69)",
        "(341, 944)",
        "(398, 955)",
        "(988, 345)",
        "(186, 519)",
        "(112, 585)",
        "(23, 817)",
        "(946, 303)",
        "(264, 825)",
        "(65, 69)",
        "(986, 639)",
        "(35, 843)"
    ],
    "(877, 903)": [
        "(930, 658)",
        "(821, 451)",
        "(159, 400)",
        "(54, 246)",
        "(259, 804)",
        "(918, 113)",
        "(137, 970)",
        "(266, 500)",
        "(65, 69)",
        "(92, 406)",
        "(988, 345)",
        "(189, 937)",
        "(552, 583)",
        "(695, 569)",
        "(946, 303)"
    ]
}