{
    "(350, 491)": [
        "(928, 225)",
        "(413, 491)",
        "(973, 543)",
        "(933, 967)",
        "(27, 550)",
        "(559, 975)",
        "(708, 245)",
        "(887, 165)",
        "(996, 860)",
        "(283, 617)",
        "(999, 476)",
        "(998, 428)",
        "(266, 244)",
        "(607, 534)",
        "(399, 40)",
        "(965, 332)",
        "(202, 529)",
        "(592, 415)",
        "(227, 984)",
        "(14, 658)",
        "(513, 313)",
        "(554, 500)",
        "(896, 523)",
        "(484, 457)",
        "(789, 794)",
        "(954, 687)",
        "(42, 706)",
        "(627, 259)",
        "(784, 18)",
        "(161, 107)",
        "(599, 140)",
        "(791, 15)",
        "(379, 239)",
        "(988, 838)",
        "(83, 392)",
        "(25, 107)",
        "(250, 922)",
        "(905, 376)",
        "(950, 882)",
        "(470, 899)",
        "(583, 153)",
        "(142, 322)",
        "(654, 104)",
        "(771, 123)",
        "(478, 815)",
        "(272, 730)",
        "(802, 117)",
        "(561, 465)",
        "(342, 479)",
        "(737, 689)",
        "(205, 50)",
        "(781, 340)"
    ],
    "(592, 415)": [
        "(513, 313)",
        "(781, 340)",
        "(627, 259)",
        "(847, 869)",
        "(791, 15)",
        "(708, 245)",
        "(83, 392)",
        "(265, 705)",
        "(950, 882)",
        "(947, 942)",
        "(349, 37)",
        "(435, 30)",
        "(484, 457)",
        "(470, 899)",
        "(802, 117)",
        "(849, 610)",
        "(998, 428)",
        "(797, 379)",
        "(789, 794)",
        "(142, 322)",
        "(205, 50)",
        "(350, 491)",
        "(896, 523)",
        "(432, 251)",
        "(607, 534)",
        "(478, 815)",
        "(604, 162)",
        "(227, 984)",
        "(599, 140)",
        "(42, 706)",
        "(202, 529)",
        "(413, 491)",
        "(27, 550)",
        "(342, 479)",
        "(583, 153)",
        "(554, 500)",
        "(161, 107)",
        "(200, 205)",
        "(887, 165)",
        "(784, 18)",
        "(250, 922)",
        "(996, 860)",
        "(561, 465)",
        "(737, 689)",
        "(988, 838)",
        "(559, 975)",
        "(954, 687)",
        "(973, 543)",
        "(108, 192)",
        "(248, 147)",
        "(25, 107)"
    ],
    "(399, 40)": [
        "(988, 838)",
        "(999, 476)",
        "(108, 192)",
        "(205, 50)",
        "(42, 706)",
        "(250, 922)",
        "(161, 107)",
        "(905, 376)",
        "(965, 332)",
        "(599, 140)",
        "(202, 529)",
        "(797, 379)",
        "(478, 815)",
        "(7, 43)",
        "(802, 117)",
        "(561, 465)",
        "(272, 730)",
        "(513, 313)",
        "(350, 491)",
        "(379, 239)",
        "(248, 147)",
        "(349, 37)",
        "(781, 340)",
        "(200, 205)",
        "(142, 322)",
        "(973, 543)",
        "(627, 259)",
        "(789, 794)",
        "(470, 899)",
        "(83, 392)",
        "(265, 705)",
        "(737, 689)",
        "(947, 942)",
        "(14, 658)",
        "(435, 30)",
        "(25, 107)",
        "(771, 123)",
        "(996, 860)",
        "(998, 428)",
        "(484, 457)",
        "(654, 104)",
        "(559, 975)",
        "(896, 523)",
        "(933, 967)",
        "(950, 882)",
        "(847, 869)",
        "(791, 15)",
        "(954, 687)",
        "(604, 162)",
        "(283, 617)"
    ],
    "(973, 543)": [
        "(142, 322)",
        "(513, 313)",
        "(350, 491)",
        "(781, 340)",
        "(988, 838)",
        "(205, 50)",
        "(227, 984)",
        "(83, 392)",
        "(965, 332)",
        "(272, 730)",
        "(654, 104)",
        "(999, 476)",
        "(950, 882)",
        "(896, 523)",
        "(349, 37)",
        "(561, 465)",
        "(470, 899)",
        "(627, 259)",
        "(947, 942)",
        "(933, 967)",
        "(435, 30)",
        "(399, 40)",
        "(7, 43)",
        "(849, 610)",
        "(887, 165)",
        "(802, 117)",
        "(413, 491)",
        "(432, 251)",
        "(847, 869)",
        "(791, 15)",
        "(559, 975)",
        "(108, 192)",
        "(200, 205)",
        "(797, 379)",
        "(554, 500)",
        "(342, 479)",
        "(550, 272)",
        "(42, 706)",
        "(25, 107)",
        "(771, 123)",
        "(784, 18)",
        "(250, 922)",
        "(996, 860)",
        "(14, 658)",
        "(592, 415)",
        "(265, 705)",
        "(161, 107)",
        "(202, 529)",
        "(928, 225)",
        "(607, 534)",
        "(905, 376)",
        "(379, 239)",
        "(283, 617)"
    ],
    "(988, 838)": [
        "(42, 706)",
        "(399, 40)",
        "(789, 794)",
        "(737, 689)",
        "(265, 705)",
        "(973, 543)",
        "(272, 730)",
        "(802, 117)",
        "(954, 687)",
        "(202, 529)",
        "(797, 379)",
        "(928, 225)",
        "(342, 479)",
        "(559, 975)",
        "(470, 899)",
        "(996, 860)",
        "(266, 244)",
        "(550, 272)",
        "(484, 457)",
        "(604, 162)",
        "(27, 550)",
        "(950, 882)",
        "(413, 491)",
        "(905, 376)",
        "(771, 123)",
        "(947, 942)",
        "(654, 104)",
        "(108, 192)",
        "(998, 428)",
        "(25, 107)",
        "(847, 869)",
        "(478, 815)",
        "(227, 984)",
        "(283, 617)",
        "(205, 50)",
        "(896, 523)",
        "(161, 107)",
        "(849, 610)",
        "(435, 30)",
        "(784, 18)",
        "(708, 245)",
        "(350, 491)",
        "(592, 415)",
        "(583, 153)",
        "(83, 392)",
        "(554, 500)",
        "(933, 967)",
        "(379, 239)",
        "(513, 313)"
    ],
    "(266, 244)": [
        "(561, 465)",
        "(202, 529)",
        "(272, 730)",
        "(791, 15)",
        "(108, 192)",
        "(789, 794)",
        "(350, 491)",
        "(849, 610)",
        "(484, 457)",
        "(797, 379)",
        "(432, 251)",
        "(988, 838)",
        "(965, 332)",
        "(550, 272)",
        "(896, 523)",
        "(771, 123)",
        "(513, 313)",
        "(708, 245)",
        "(7, 43)",
        "(802, 117)",
        "(478, 815)",
        "(227, 984)",
        "(27, 550)",
        "(42, 706)",
        "(205, 50)",
        "(954, 687)",
        "(999, 476)",
        "(905, 376)",
        "(470, 899)",
        "(784, 18)",
        "(435, 30)",
        "(265, 705)",
        "(25, 107)",
        "(248, 147)",
        "(413, 491)",
        "(142, 322)",
        "(14, 658)",
        "(947, 942)",
        "(737, 689)",
        "(559, 975)",
        "(161, 107)",
        "(283, 617)",
        "(996, 860)",
        "(379, 239)",
        "(554, 500)",
        "(599, 140)",
        "(583, 153)",
        "(847, 869)",
        "(928, 225)",
        "(604, 162)",
        "(607, 534)",
        "(950, 882)"
    ],
    "(627, 259)": [
        "(933, 967)",
        "(999, 476)",
        "(561, 465)",
        "(654, 104)",
        "(202, 529)",
        "(947, 942)",
        "(998, 428)",
        "(950, 882)",
        "(25, 107)",
        "(42, 706)",
        "(161, 107)",
        "(928, 225)",
        "(413, 491)",
        "(248, 147)",
        "(592, 415)",
        "(27, 550)",
        "(142, 322)",
        "(379, 239)",
        "(965, 332)",
        "(905, 376)",
        "(781, 340)",
        "(896, 523)",
        "(791, 15)",
        "(802, 117)",
        "(604, 162)",
        "(484, 457)",
        "(435, 30)",
        "(550, 272)",
        "(789, 794)",
        "(599, 140)",
        "(847, 869)",
        "(607, 534)",
        "(973, 543)",
        "(200, 205)",
        "(583, 153)",
        "(399, 40)",
        "(350, 491)",
        "(513, 313)",
        "(784, 18)",
        "(771, 123)",
        "(342, 479)",
        "(887, 165)",
        "(108, 192)",
        "(283, 617)",
        "(470, 899)",
        "(14, 658)",
        "(737, 689)",
        "(205, 50)",
        "(83, 392)",
        "(797, 379)",
        "(349, 37)",
        "(272, 730)",
        "(954, 687)",
        "(554, 500)",
        "(708, 245)"
    ],
    "(954, 687)": [
        "(550, 272)",
        "(83, 392)",
        "(200, 205)",
        "(996, 860)",
        "(988, 838)",
        "(142, 322)",
        "(25, 107)",
        "(413, 491)",
        "(849, 610)",
        "(265, 705)",
        "(797, 379)",
        "(248, 147)",
        "(789, 794)",
        "(965, 332)",
        "(161, 107)",
        "(7, 43)",
        "(435, 30)",
        "(737, 689)",
        "(227, 984)",
        "(349, 37)",
        "(250, 922)",
        "(350, 491)",
        "(266, 244)",
        "(108, 192)",
        "(379, 239)",
        "(933, 967)",
        "(802, 117)",
        "(998, 428)",
        "(283, 617)",
        "(484, 457)",
        "(470, 899)",
        "(947, 942)",
        "(784, 18)",
        "(887, 165)",
        "(554, 500)",
        "(896, 523)",
        "(42, 706)",
        "(999, 476)",
        "(592, 415)",
        "(928, 225)",
        "(14, 658)",
        "(950, 882)",
        "(202, 529)",
        "(272, 730)",
        "(399, 40)",
        "(847, 869)",
        "(627, 259)",
        "(771, 123)"
    ],
    "(965, 332)": [
        "(847, 869)",
        "(161, 107)",
        "(887, 165)",
        "(432, 251)",
        "(435, 30)",
        "(142, 322)",
        "(399, 40)",
        "(928, 225)",
        "(973, 543)",
        "(896, 523)",
        "(627, 259)",
        "(205, 50)",
        "(954, 687)",
        "(797, 379)",
        "(484, 457)",
        "(784, 18)",
        "(998, 428)",
        "(604, 162)",
        "(266, 244)",
        "(202, 529)",
        "(272, 730)",
        "(350, 491)",
        "(561, 465)",
        "(599, 140)",
        "(849, 610)",
        "(791, 15)",
        "(802, 117)",
        "(250, 922)",
        "(708, 245)",
        "(654, 104)",
        "(379, 239)",
        "(83, 392)",
        "(25, 107)",
        "(781, 340)",
        "(413, 491)",
        "(933, 967)",
        "(108, 192)",
        "(583, 153)",
        "(999, 476)",
        "(607, 534)",
        "(737, 689)",
        "(513, 313)",
        "(283, 617)",
        "(200, 205)"
    ],
    "(561, 465)": [
        "(266, 244)",
        "(627, 259)",
        "(905, 376)",
        "(847, 869)",
        "(996, 860)",
        "(470, 899)",
        "(998, 428)",
        "(599, 140)",
        "(781, 340)",
        "(791, 15)",
        "(379, 239)",
        "(399, 40)",
        "(202, 529)",
        "(142, 322)",
        "(200, 205)",
        "(478, 815)",
        "(14, 658)",
        "(583, 153)",
        "(973, 543)",
        "(554, 500)",
        "(435, 30)",
        "(965, 332)",
        "(933, 967)",
        "(784, 18)",
        "(559, 975)",
        "(797, 379)",
        "(896, 523)",
        "(928, 225)",
        "(802, 117)",
        "(248, 147)",
        "(592, 415)",
        "(272, 730)",
        "(108, 192)",
        "(849, 610)",
        "(25, 107)",
        "(27, 550)",
        "(484, 457)",
        "(227, 984)",
        "(950, 882)",
        "(350, 491)",
        "(789, 794)",
        "(83, 392)",
        "(250, 922)",
        "(342, 479)"
    ],
    "(484, 457)": [
        "(108, 192)",
        "(604, 162)",
        "(887, 165)",
        "(27, 550)",
        "(513, 313)",
        "(283, 617)",
        "(737, 689)",
        "(791, 15)",
        "(14, 658)",
        "(379, 239)",
        "(470, 899)",
        "(933, 967)",
        "(965, 332)",
        "(592, 415)",
        "(789, 794)",
        "(265, 705)",
        "(708, 245)",
        "(627, 259)",
        "(266, 244)",
        "(200, 205)",
        "(999, 476)",
        "(988, 838)",
        "(781, 340)",
        "(350, 491)",
        "(250, 922)",
        "(272, 730)",
        "(42, 706)",
        "(7, 43)",
        "(607, 534)",
        "(797, 379)",
        "(435, 30)",
        "(928, 225)",
        "(202, 529)",
        "(83, 392)",
        "(342, 479)",
        "(413, 491)",
        "(478, 815)",
        "(954, 687)",
        "(399, 40)",
        "(847, 869)",
        "(654, 104)",
        "(559, 975)",
        "(784, 18)",
        "(561, 465)",
        "(349, 37)",
        "(550, 272)",
        "(205, 50)",
        "(905, 376)",
        "(998, 428)",
        "(849, 610)"
    ],
    "(599, 140)": [
        "(998, 428)",
        "(470, 899)",
        "(108, 192)",
        "(550, 272)",
        "(432, 251)",
        "(559, 975)",
        "(561, 465)",
        "(399, 40)",
        "(905, 376)",
        "(25, 107)",
        "(781, 340)",
        "(283, 617)",
        "(142, 322)",
        "(200, 205)",
        "(771, 123)",
        "(887, 165)",
        "(996, 860)",
        "(413, 491)",
        "(627, 259)",
        "(513, 313)",
        "(227, 984)",
        "(250, 922)",
        "(435, 30)",
        "(604, 162)",
        "(965, 332)",
        "(592, 415)",
        "(737, 689)",
        "(205, 50)",
        "(42, 706)",
        "(350, 491)",
        "(478, 815)",
        "(342, 479)",
        "(583, 153)",
        "(999, 476)",
        "(896, 523)",
        "(607, 534)",
        "(14, 658)",
        "(950, 882)",
        "(797, 379)",
        "(7, 43)",
        "(849, 610)",
        "(802, 117)",
        "(791, 15)",
        "(708, 245)",
        "(789, 794)",
        "(554, 500)",
        "(266, 244)"
    ],
    "(161, 107)": [
        "(965, 332)",
        "(627, 259)",
        "(399, 40)",
        "(205, 50)",
        "(771, 123)",
        "(996, 860)",
        "(200, 205)",
        "(947, 942)",
        "(954, 687)",
        "(202, 529)",
        "(83, 392)",
        "(413, 491)",
        "(999, 476)",
        "(250, 922)",
        "(14, 658)",
        "(432, 251)",
        "(7, 43)",
        "(928, 225)",
        "(797, 379)",
        "(25, 107)",
        "(933, 967)",
        "(737, 689)",
        "(108, 192)",
        "(350, 491)",
        "(142, 322)",
        "(988, 838)",
        "(478, 815)",
        "(708, 245)",
        "(784, 18)",
        "(592, 415)",
        "(513, 313)",
        "(847, 869)",
        "(559, 975)",
        "(791, 15)",
        "(470, 899)",
        "(265, 705)",
        "(973, 543)",
        "(248, 147)",
        "(266, 244)",
        "(550, 272)",
        "(379, 239)",
        "(435, 30)",
        "(349, 37)"
    ],
    "(998, 428)": [
        "(599, 140)",
        "(887, 165)",
        "(627, 259)",
        "(227, 984)",
        "(654, 104)",
        "(7, 43)",
        "(561, 465)",
        "(996, 860)",
        "(933, 967)",
        "(550, 272)",
        "(797, 379)",
        "(965, 332)",
        "(248, 147)",
        "(342, 479)",
        "(350, 491)",
        "(789, 794)",
        "(200, 205)",
        "(950, 882)",
        "(905, 376)",
        "(592, 415)",
        "(250, 922)",
        "(478, 815)",
        "(802, 117)",
        "(435, 30)",
        "(205, 50)",
        "(928, 225)",
        "(791, 15)",
        "(265, 705)",
        "(988, 838)",
        "(513, 313)",
        "(781, 340)",
        "(142, 322)",
        "(849, 610)",
        "(954, 687)",
        "(27, 550)",
        "(999, 476)",
        "(399, 40)",
        "(784, 18)",
        "(771, 123)",
        "(559, 975)",
        "(379, 239)",
        "(25, 107)",
        "(847, 869)",
        "(272, 730)",
        "(108, 192)",
        "(554, 500)",
        "(83, 392)",
        "(708, 245)",
        "(283, 617)",
        "(947, 942)",
        "(432, 251)",
        "(42, 706)",
        "(583, 153)",
        "(607, 534)",
        "(484, 457)"
    ],
    "(272, 730)": [
        "(513, 313)",
        "(435, 30)",
        "(988, 838)",
        "(266, 244)",
        "(7, 43)",
        "(973, 543)",
        "(14, 658)",
        "(248, 147)",
        "(379, 239)",
        "(399, 40)",
        "(413, 491)",
        "(905, 376)",
        "(432, 251)",
        "(205, 50)",
        "(604, 162)",
        "(965, 332)",
        "(802, 117)",
        "(737, 689)",
        "(227, 984)",
        "(478, 815)",
        "(484, 457)",
        "(607, 534)",
        "(554, 500)",
        "(25, 107)",
        "(849, 610)",
        "(200, 205)",
        "(83, 392)",
        "(887, 165)",
        "(583, 153)",
        "(896, 523)",
        "(250, 922)",
        "(108, 192)",
        "(342, 479)",
        "(559, 975)",
        "(283, 617)",
        "(654, 104)",
        "(708, 245)",
        "(791, 15)",
        "(781, 340)",
        "(561, 465)",
        "(947, 942)",
        "(998, 428)",
        "(950, 882)",
        "(933, 967)",
        "(771, 123)",
        "(996, 860)",
        "(202, 529)",
        "(350, 491)",
        "(784, 18)",
        "(954, 687)",
        "(627, 259)",
        "(999, 476)",
        "(928, 225)"
    ],
    "(887, 165)": [
        "(554, 500)",
        "(933, 967)",
        "(484, 457)",
        "(42, 706)",
        "(965, 332)",
        "(998, 428)",
        "(797, 379)",
        "(708, 245)",
        "(607, 534)",
        "(27, 550)",
        "(350, 491)",
        "(999, 476)",
        "(83, 392)",
        "(478, 815)",
        "(432, 251)",
        "(413, 491)",
        "(654, 104)",
        "(896, 523)",
        "(802, 117)",
        "(349, 37)",
        "(283, 617)",
        "(599, 140)",
        "(435, 30)",
        "(905, 376)",
        "(950, 882)",
        "(202, 529)",
        "(470, 899)",
        "(771, 123)",
        "(849, 610)",
        "(973, 543)",
        "(25, 107)",
        "(272, 730)",
        "(559, 975)",
        "(550, 272)",
        "(227, 984)",
        "(789, 794)",
        "(947, 942)",
        "(379, 239)",
        "(627, 259)",
        "(847, 869)",
        "(513, 313)",
        "(142, 322)",
        "(592, 415)",
        "(7, 43)",
        "(954, 687)",
        "(928, 225)",
        "(781, 340)",
        "(583, 153)",
        "(737, 689)",
        "(342, 479)",
        "(200, 205)"
    ],
    "(847, 869)": [
        "(896, 523)",
        "(965, 332)",
        "(561, 465)",
        "(205, 50)",
        "(737, 689)",
        "(432, 251)",
        "(250, 922)",
        "(283, 617)",
        "(200, 205)",
        "(83, 392)",
        "(592, 415)",
        "(413, 491)",
        "(42, 706)",
        "(797, 379)",
        "(202, 529)",
        "(554, 500)",
        "(349, 37)",
        "(478, 815)",
        "(435, 30)",
        "(791, 15)",
        "(265, 705)",
        "(996, 860)",
        "(513, 313)",
        "(379, 239)",
        "(950, 882)",
        "(248, 147)",
        "(142, 322)",
        "(627, 259)",
        "(789, 794)",
        "(849, 610)",
        "(654, 104)",
        "(999, 476)",
        "(7, 43)",
        "(781, 340)",
        "(973, 543)",
        "(607, 534)",
        "(550, 272)",
        "(988, 838)",
        "(784, 18)",
        "(887, 165)",
        "(583, 153)",
        "(559, 975)",
        "(161, 107)",
        "(484, 457)",
        "(25, 107)",
        "(998, 428)",
        "(227, 984)",
        "(933, 967)",
        "(399, 40)",
        "(954, 687)",
        "(14, 658)",
        "(771, 123)",
        "(266, 244)"
    ],
    "(27, 550)": [
        "(996, 860)",
        "(484, 457)",
        "(248, 147)",
        "(797, 379)",
        "(349, 37)",
        "(607, 534)",
        "(350, 491)",
        "(283, 617)",
        "(887, 165)",
        "(265, 705)",
        "(627, 259)",
        "(205, 50)",
        "(227, 984)",
        "(42, 706)",
        "(781, 340)",
        "(791, 15)",
        "(737, 689)",
        "(849, 610)",
        "(988, 838)",
        "(928, 225)",
        "(7, 43)",
        "(905, 376)",
        "(250, 922)",
        "(266, 244)",
        "(413, 491)",
        "(789, 794)",
        "(83, 392)",
        "(592, 415)",
        "(554, 500)",
        "(950, 882)",
        "(708, 245)",
        "(142, 322)",
        "(784, 18)",
        "(998, 428)",
        "(802, 117)",
        "(561, 465)",
        "(470, 899)",
        "(583, 153)",
        "(654, 104)",
        "(896, 523)",
        "(933, 967)",
        "(435, 30)"
    ],
    "(999, 476)": [
        "(627, 259)",
        "(399, 40)",
        "(142, 322)",
        "(607, 534)",
        "(849, 610)",
        "(604, 162)",
        "(583, 153)",
        "(342, 479)",
        "(887, 165)",
        "(802, 117)",
        "(797, 379)",
        "(973, 543)",
        "(513, 313)",
        "(108, 192)",
        "(227, 984)",
        "(350, 491)",
        "(947, 942)",
        "(248, 147)",
        "(161, 107)",
        "(791, 15)",
        "(484, 457)",
        "(200, 205)",
        "(205, 50)",
        "(847, 869)",
        "(470, 899)",
        "(933, 967)",
        "(554, 500)",
        "(996, 860)",
        "(83, 392)",
        "(202, 529)",
        "(266, 244)",
        "(432, 251)",
        "(928, 225)",
        "(349, 37)",
        "(950, 882)",
        "(599, 140)",
        "(283, 617)",
        "(905, 376)",
        "(998, 428)",
        "(265, 705)",
        "(789, 794)",
        "(478, 815)",
        "(654, 104)",
        "(708, 245)",
        "(954, 687)",
        "(781, 340)",
        "(965, 332)",
        "(771, 123)",
        "(272, 730)",
        "(550, 272)",
        "(413, 491)"
    ],
    "(950, 882)": [
        "(627, 259)",
        "(708, 245)",
        "(947, 942)",
        "(583, 153)",
        "(592, 415)",
        "(470, 899)",
        "(25, 107)",
        "(142, 322)",
        "(265, 705)",
        "(7, 43)",
        "(973, 543)",
        "(802, 117)",
        "(202, 529)",
        "(998, 428)",
        "(847, 869)",
        "(896, 523)",
        "(887, 165)",
        "(789, 794)",
        "(988, 838)",
        "(227, 984)",
        "(250, 922)",
        "(737, 689)",
        "(607, 534)",
        "(654, 104)",
        "(999, 476)",
        "(27, 550)",
        "(928, 225)",
        "(996, 860)",
        "(797, 379)",
        "(248, 147)",
        "(14, 658)",
        "(599, 140)",
        "(342, 479)",
        "(349, 37)",
        "(432, 251)",
        "(272, 730)",
        "(205, 50)",
        "(350, 491)",
        "(399, 40)",
        "(559, 975)",
        "(954, 687)",
        "(561, 465)",
        "(83, 392)",
        "(791, 15)",
        "(266, 244)"
    ],
    "(83, 392)": [
        "(954, 687)",
        "(342, 479)",
        "(432, 251)",
        "(789, 794)",
        "(847, 869)",
        "(973, 543)",
        "(592, 415)",
        "(887, 165)",
        "(550, 272)",
        "(513, 313)",
        "(248, 147)",
        "(161, 107)",
        "(7, 43)",
        "(996, 860)",
        "(708, 245)",
        "(142, 322)",
        "(265, 705)",
        "(999, 476)",
        "(399, 40)",
        "(607, 534)",
        "(272, 730)",
        "(27, 550)",
        "(554, 500)",
        "(42, 706)",
        "(484, 457)",
        "(737, 689)",
        "(604, 162)",
        "(947, 942)",
        "(965, 332)",
        "(478, 815)",
        "(108, 192)",
        "(771, 123)",
        "(470, 899)",
        "(25, 107)",
        "(350, 491)",
        "(227, 984)",
        "(784, 18)",
        "(349, 37)",
        "(627, 259)",
        "(988, 838)",
        "(250, 922)",
        "(905, 376)",
        "(413, 491)",
        "(998, 428)",
        "(849, 610)",
        "(802, 117)",
        "(791, 15)",
        "(950, 882)",
        "(561, 465)",
        "(379, 239)",
        "(583, 153)"
    ],
    "(265, 705)": [
        "(435, 30)",
        "(988, 838)",
        "(737, 689)",
        "(954, 687)",
        "(27, 550)",
        "(227, 984)",
        "(592, 415)",
        "(791, 15)",
        "(950, 882)",
        "(847, 869)",
        "(250, 922)",
        "(484, 457)",
        "(108, 192)",
        "(604, 162)",
        "(550, 272)",
        "(947, 942)",
        "(849, 610)",
        "(142, 322)",
        "(83, 392)",
        "(583, 153)",
        "(797, 379)",
        "(998, 428)",
        "(607, 534)",
        "(771, 123)",
        "(7, 43)",
        "(399, 40)",
        "(896, 523)",
        "(413, 491)",
        "(248, 147)",
        "(202, 529)",
        "(478, 815)",
        "(266, 244)",
        "(349, 37)",
        "(999, 476)",
        "(432, 251)",
        "(802, 117)",
        "(342, 479)",
        "(708, 245)",
        "(42, 706)",
        "(973, 543)",
        "(161, 107)",
        "(559, 975)",
        "(996, 860)",
        "(513, 313)",
        "(654, 104)",
        "(784, 18)",
        "(200, 205)",
        "(470, 899)"
    ],
    "(708, 245)": [
        "(470, 899)",
        "(14, 658)",
        "(202, 529)",
        "(654, 104)",
        "(781, 340)",
        "(887, 165)",
        "(950, 882)",
        "(283, 617)",
        "(928, 225)",
        "(142, 322)",
        "(737, 689)",
        "(350, 491)",
        "(784, 18)",
        "(771, 123)",
        "(25, 107)",
        "(592, 415)",
        "(559, 975)",
        "(583, 153)",
        "(205, 50)",
        "(996, 860)",
        "(797, 379)",
        "(432, 251)",
        "(550, 272)",
        "(484, 457)",
        "(789, 794)",
        "(200, 205)",
        "(266, 244)",
        "(379, 239)",
        "(604, 162)",
        "(554, 500)",
        "(849, 610)",
        "(83, 392)",
        "(7, 43)",
        "(791, 15)",
        "(965, 332)",
        "(513, 313)",
        "(27, 550)",
        "(478, 815)",
        "(248, 147)",
        "(161, 107)",
        "(272, 730)",
        "(988, 838)",
        "(999, 476)",
        "(265, 705)",
        "(998, 428)",
        "(349, 37)",
        "(599, 140)",
        "(947, 942)",
        "(227, 984)",
        "(905, 376)",
        "(607, 534)",
        "(627, 259)"
    ],
    "(947, 942)": [
        "(200, 205)",
        "(627, 259)",
        "(14, 658)",
        "(781, 340)",
        "(905, 376)",
        "(554, 500)",
        "(950, 882)",
        "(283, 617)",
        "(470, 899)",
        "(789, 794)",
        "(592, 415)",
        "(349, 37)",
        "(654, 104)",
        "(802, 117)",
        "(550, 272)",
        "(161, 107)",
        "(513, 313)",
        "(797, 379)",
        "(999, 476)",
        "(435, 30)",
        "(928, 225)",
        "(973, 543)",
        "(896, 523)",
        "(7, 43)",
        "(265, 705)",
        "(988, 838)",
        "(108, 192)",
        "(42, 706)",
        "(737, 689)",
        "(399, 40)",
        "(83, 392)",
        "(849, 610)",
        "(887, 165)",
        "(933, 967)",
        "(954, 687)",
        "(432, 251)",
        "(272, 730)",
        "(771, 123)",
        "(413, 491)",
        "(478, 815)",
        "(205, 50)",
        "(142, 322)",
        "(266, 244)",
        "(604, 162)",
        "(998, 428)",
        "(708, 245)",
        "(248, 147)"
    ],
    "(849, 610)": [
        "(478, 815)",
        "(42, 706)",
        "(999, 476)",
        "(791, 15)",
        "(954, 687)",
        "(7, 43)",
        "(559, 975)",
        "(896, 523)",
        "(802, 117)",
        "(108, 192)",
        "(248, 147)",
        "(266, 244)",
        "(550, 272)",
        "(592, 415)",
        "(996, 860)",
        "(27, 550)",
        "(432, 251)",
        "(737, 689)",
        "(200, 205)",
        "(847, 869)",
        "(708, 245)",
        "(965, 332)",
        "(265, 705)",
        "(887, 165)",
        "(928, 225)",
        "(973, 543)",
        "(470, 899)",
        "(272, 730)",
        "(905, 376)",
        "(933, 967)",
        "(947, 942)",
        "(998, 428)",
        "(988, 838)",
        "(561, 465)",
        "(554, 500)",
        "(789, 794)",
        "(599, 140)",
        "(83, 392)",
        "(25, 107)",
        "(604, 162)",
        "(784, 18)",
        "(342, 479)",
        "(14, 658)",
        "(484, 457)"
    ],
    "(342, 479)": [
        "(42, 706)",
        "(413, 491)",
        "(791, 15)",
        "(83, 392)",
        "(205, 50)",
        "(896, 523)",
        "(789, 794)",
        "(999, 476)",
        "(554, 500)",
        "(737, 689)",
        "(784, 18)",
        "(108, 192)",
        "(988, 838)",
        "(802, 117)",
        "(379, 239)",
        "(998, 428)",
        "(202, 529)",
        "(349, 37)",
        "(771, 123)",
        "(14, 658)",
        "(250, 922)",
        "(7, 43)",
        "(905, 376)",
        "(797, 379)",
        "(996, 860)",
        "(559, 975)",
        "(435, 30)",
        "(283, 617)",
        "(478, 815)",
        "(627, 259)",
        "(227, 984)",
        "(484, 457)",
        "(599, 140)",
        "(432, 251)",
        "(933, 967)",
        "(973, 543)",
        "(592, 415)",
        "(272, 730)",
        "(248, 147)",
        "(200, 205)",
        "(781, 340)",
        "(470, 899)",
        "(950, 882)",
        "(265, 705)",
        "(654, 104)",
        "(142, 322)",
        "(849, 610)",
        "(350, 491)",
        "(887, 165)",
        "(561, 465)",
        "(25, 107)"
    ],
    "(771, 123)": [
        "(470, 899)",
        "(478, 815)",
        "(200, 205)",
        "(550, 272)",
        "(933, 967)",
        "(25, 107)",
        "(708, 245)",
        "(554, 500)",
        "(781, 340)",
        "(161, 107)",
        "(248, 147)",
        "(205, 50)",
        "(604, 162)",
        "(599, 140)",
        "(342, 479)",
        "(42, 706)",
        "(266, 244)",
        "(14, 658)",
        "(928, 225)",
        "(887, 165)",
        "(988, 838)",
        "(559, 975)",
        "(265, 705)",
        "(797, 379)",
        "(627, 259)",
        "(142, 322)",
        "(583, 153)",
        "(802, 117)",
        "(7, 43)",
        "(399, 40)",
        "(108, 192)",
        "(202, 529)",
        "(996, 860)",
        "(432, 251)",
        "(789, 794)",
        "(83, 392)",
        "(998, 428)",
        "(947, 942)",
        "(349, 37)",
        "(973, 543)",
        "(272, 730)",
        "(784, 18)",
        "(435, 30)",
        "(737, 689)",
        "(350, 491)",
        "(896, 523)",
        "(847, 869)",
        "(227, 984)",
        "(999, 476)",
        "(954, 687)"
    ],
    "(478, 815)": [
        "(435, 30)",
        "(559, 975)",
        "(896, 523)",
        "(771, 123)",
        "(200, 205)",
        "(849, 610)",
        "(797, 379)",
        "(349, 37)",
        "(847, 869)",
        "(399, 40)",
        "(887, 165)",
        "(604, 162)",
        "(802, 117)",
        "(607, 534)",
        "(791, 15)",
        "(561, 465)",
        "(550, 272)",
        "(554, 500)",
        "(933, 967)",
        "(283, 617)",
        "(432, 251)",
        "(784, 18)",
        "(998, 428)",
        "(272, 730)",
        "(413, 491)",
        "(25, 107)",
        "(266, 244)",
        "(592, 415)",
        "(42, 706)",
        "(205, 50)",
        "(342, 479)",
        "(988, 838)",
        "(599, 140)",
        "(161, 107)",
        "(83, 392)",
        "(708, 245)",
        "(265, 705)",
        "(7, 43)",
        "(484, 457)",
        "(996, 860)",
        "(583, 153)",
        "(202, 529)",
        "(999, 476)",
        "(248, 147)",
        "(947, 942)",
        "(227, 984)",
        "(350, 491)",
        "(905, 376)",
        "(654, 104)",
        "(108, 192)"
    ],
    "(905, 376)": [
        "(791, 15)",
        "(513, 313)",
        "(784, 18)",
        "(561, 465)",
        "(604, 162)",
        "(654, 104)",
        "(205, 50)",
        "(947, 942)",
        "(399, 40)",
        "(554, 500)",
        "(896, 523)",
        "(599, 140)",
        "(627, 259)",
        "(607, 534)",
        "(887, 165)",
        "(998, 428)",
        "(272, 730)",
        "(737, 689)",
        "(342, 479)",
        "(27, 550)",
        "(248, 147)",
        "(988, 838)",
        "(349, 37)",
        "(435, 30)",
        "(413, 491)",
        "(14, 658)",
        "(202, 529)",
        "(789, 794)",
        "(42, 706)",
        "(250, 922)",
        "(227, 984)",
        "(266, 244)",
        "(432, 251)",
        "(849, 610)",
        "(996, 860)",
        "(583, 153)",
        "(999, 476)",
        "(781, 340)",
        "(283, 617)",
        "(559, 975)",
        "(350, 491)",
        "(83, 392)",
        "(379, 239)",
        "(478, 815)",
        "(928, 225)",
        "(484, 457)",
        "(973, 543)",
        "(708, 245)"
    ],
    "(250, 922)": [
        "(928, 225)",
        "(789, 794)",
        "(797, 379)",
        "(847, 869)",
        "(399, 40)",
        "(42, 706)",
        "(583, 153)",
        "(604, 162)",
        "(265, 705)",
        "(142, 322)",
        "(7, 43)",
        "(781, 340)",
        "(161, 107)",
        "(998, 428)",
        "(413, 491)",
        "(435, 30)",
        "(342, 479)",
        "(599, 140)",
        "(484, 457)",
        "(791, 15)",
        "(802, 117)",
        "(954, 687)",
        "(550, 272)",
        "(996, 860)",
        "(950, 882)",
        "(27, 550)",
        "(205, 50)",
        "(25, 107)",
        "(202, 529)",
        "(965, 332)",
        "(905, 376)",
        "(432, 251)",
        "(470, 899)",
        "(737, 689)",
        "(272, 730)",
        "(607, 534)",
        "(592, 415)",
        "(784, 18)",
        "(350, 491)",
        "(896, 523)",
        "(973, 543)",
        "(227, 984)",
        "(83, 392)",
        "(933, 967)",
        "(561, 465)",
        "(283, 617)"
    ],
    "(108, 192)": [
        "(413, 491)",
        "(484, 457)",
        "(399, 40)",
        "(550, 272)",
        "(599, 140)",
        "(227, 984)",
        "(14, 658)",
        "(996, 860)",
        "(202, 529)",
        "(896, 523)",
        "(7, 43)",
        "(849, 610)",
        "(432, 251)",
        "(342, 479)",
        "(266, 244)",
        "(583, 153)",
        "(999, 476)",
        "(470, 899)",
        "(789, 794)",
        "(265, 705)",
        "(797, 379)",
        "(559, 975)",
        "(737, 689)",
        "(554, 500)",
        "(988, 838)",
        "(947, 942)",
        "(604, 162)",
        "(435, 30)",
        "(513, 313)",
        "(161, 107)",
        "(954, 687)",
        "(973, 543)",
        "(349, 37)",
        "(272, 730)",
        "(781, 340)",
        "(83, 392)",
        "(771, 123)",
        "(627, 259)",
        "(802, 117)",
        "(561, 465)",
        "(283, 617)",
        "(42, 706)",
        "(998, 428)",
        "(205, 50)",
        "(965, 332)",
        "(592, 415)",
        "(25, 107)",
        "(248, 147)",
        "(478, 815)"
    ],
    "(470, 899)": [
        "(708, 245)",
        "(771, 123)",
        "(435, 30)",
        "(599, 140)",
        "(561, 465)",
        "(205, 50)",
        "(737, 689)",
        "(142, 322)",
        "(248, 147)",
        "(947, 942)",
        "(950, 882)",
        "(484, 457)",
        "(592, 415)",
        "(791, 15)",
        "(108, 192)",
        "(988, 838)",
        "(25, 107)",
        "(202, 529)",
        "(432, 251)",
        "(550, 272)",
        "(797, 379)",
        "(996, 860)",
        "(973, 543)",
        "(887, 165)",
        "(802, 117)",
        "(781, 340)",
        "(999, 476)",
        "(399, 40)",
        "(849, 610)",
        "(250, 922)",
        "(266, 244)",
        "(42, 706)",
        "(954, 687)",
        "(627, 259)",
        "(83, 392)",
        "(342, 479)",
        "(7, 43)",
        "(607, 534)",
        "(513, 313)",
        "(350, 491)",
        "(161, 107)",
        "(27, 550)",
        "(379, 239)",
        "(896, 523)",
        "(413, 491)",
        "(933, 967)",
        "(265, 705)",
        "(200, 205)"
    ],
    "(550, 272)": [
        "(954, 687)",
        "(200, 205)",
        "(108, 192)",
        "(42, 706)",
        "(789, 794)",
        "(599, 140)",
        "(771, 123)",
        "(83, 392)",
        "(998, 428)",
        "(947, 942)",
        "(379, 239)",
        "(25, 107)",
        "(708, 245)",
        "(849, 610)",
        "(478, 815)",
        "(266, 244)",
        "(435, 30)",
        "(627, 259)",
        "(988, 838)",
        "(470, 899)",
        "(896, 523)",
        "(265, 705)",
        "(227, 984)",
        "(205, 50)",
        "(250, 922)",
        "(996, 860)",
        "(513, 313)",
        "(248, 147)",
        "(583, 153)",
        "(554, 500)",
        "(413, 491)",
        "(791, 15)",
        "(847, 869)",
        "(781, 340)",
        "(802, 117)",
        "(349, 37)",
        "(887, 165)",
        "(283, 617)",
        "(432, 251)",
        "(973, 543)",
        "(737, 689)",
        "(933, 967)",
        "(928, 225)",
        "(7, 43)",
        "(654, 104)",
        "(484, 457)",
        "(161, 107)",
        "(607, 534)",
        "(999, 476)"
    ],
    "(604, 162)": [
        "(484, 457)",
        "(789, 794)",
        "(905, 376)",
        "(791, 15)",
        "(554, 500)",
        "(999, 476)",
        "(478, 815)",
        "(435, 30)",
        "(250, 922)",
        "(771, 123)",
        "(802, 117)",
        "(627, 259)",
        "(965, 332)",
        "(272, 730)",
        "(349, 37)",
        "(988, 838)",
        "(265, 705)",
        "(708, 245)",
        "(784, 18)",
        "(413, 491)",
        "(559, 975)",
        "(599, 140)",
        "(592, 415)",
        "(205, 50)",
        "(142, 322)",
        "(108, 192)",
        "(737, 689)",
        "(14, 658)",
        "(654, 104)",
        "(83, 392)",
        "(25, 107)",
        "(607, 534)",
        "(928, 225)",
        "(513, 313)",
        "(248, 147)",
        "(42, 706)",
        "(7, 43)",
        "(947, 942)",
        "(200, 205)",
        "(227, 984)",
        "(849, 610)",
        "(781, 340)",
        "(933, 967)",
        "(379, 239)",
        "(399, 40)",
        "(896, 523)",
        "(266, 244)"
    ],
    "(142, 322)": [
        "(973, 543)",
        "(999, 476)",
        "(737, 689)",
        "(954, 687)",
        "(708, 245)",
        "(413, 491)",
        "(965, 332)",
        "(470, 899)",
        "(627, 259)",
        "(896, 523)",
        "(205, 50)",
        "(200, 205)",
        "(227, 984)",
        "(933, 967)",
        "(435, 30)",
        "(950, 882)",
        "(791, 15)",
        "(561, 465)",
        "(599, 140)",
        "(250, 922)",
        "(7, 43)",
        "(802, 117)",
        "(349, 37)",
        "(847, 869)",
        "(797, 379)",
        "(592, 415)",
        "(399, 40)",
        "(83, 392)",
        "(513, 313)",
        "(265, 705)",
        "(14, 658)",
        "(559, 975)",
        "(604, 162)",
        "(771, 123)",
        "(161, 107)",
        "(998, 428)",
        "(27, 550)",
        "(789, 794)",
        "(784, 18)",
        "(996, 860)",
        "(248, 147)",
        "(887, 165)",
        "(25, 107)",
        "(342, 479)",
        "(379, 239)",
        "(202, 529)",
        "(350, 491)",
        "(266, 244)",
        "(432, 251)",
        "(947, 942)",
        "(928, 225)",
        "(607, 534)",
        "(583, 153)"
    ],
    "(435, 30)": [
        "(478, 815)",
        "(265, 705)",
        "(470, 899)",
        "(272, 730)",
        "(14, 658)",
        "(965, 332)",
        "(379, 239)",
        "(200, 205)",
        "(847, 869)",
        "(142, 322)",
        "(996, 860)",
        "(592, 415)",
        "(604, 162)",
        "(205, 50)",
        "(947, 942)",
        "(583, 153)",
        "(887, 165)",
        "(627, 259)",
        "(928, 225)",
        "(550, 272)",
        "(954, 687)",
        "(42, 706)",
        "(797, 379)",
        "(250, 922)",
        "(283, 617)",
        "(561, 465)",
        "(998, 428)",
        "(599, 140)",
        "(973, 543)",
        "(802, 117)",
        "(25, 107)",
        "(789, 794)",
        "(349, 37)",
        "(342, 479)",
        "(248, 147)",
        "(905, 376)",
        "(108, 192)",
        "(227, 984)",
        "(484, 457)",
        "(399, 40)",
        "(266, 244)",
        "(988, 838)",
        "(933, 967)",
        "(413, 491)",
        "(554, 500)",
        "(737, 689)",
        "(771, 123)",
        "(781, 340)",
        "(432, 251)",
        "(559, 975)",
        "(161, 107)",
        "(654, 104)",
        "(896, 523)",
        "(27, 550)"
    ],
    "(200, 205)": [
        "(947, 942)",
        "(550, 272)",
        "(954, 687)",
        "(205, 50)",
        "(478, 815)",
        "(784, 18)",
        "(771, 123)",
        "(996, 860)",
        "(847, 869)",
        "(933, 967)",
        "(161, 107)",
        "(142, 322)",
        "(435, 30)",
        "(802, 117)",
        "(248, 147)",
        "(561, 465)",
        "(599, 140)",
        "(998, 428)",
        "(413, 491)",
        "(708, 245)",
        "(607, 534)",
        "(484, 457)",
        "(849, 610)",
        "(379, 239)",
        "(627, 259)",
        "(999, 476)",
        "(399, 40)",
        "(896, 523)",
        "(349, 37)",
        "(283, 617)",
        "(272, 730)",
        "(791, 15)",
        "(973, 543)",
        "(789, 794)",
        "(592, 415)",
        "(42, 706)",
        "(583, 153)",
        "(513, 313)",
        "(342, 479)",
        "(604, 162)",
        "(554, 500)",
        "(928, 225)",
        "(432, 251)",
        "(887, 165)",
        "(965, 332)",
        "(265, 705)",
        "(202, 529)",
        "(470, 899)"
    ],
    "(227, 984)": [
        "(283, 617)",
        "(379, 239)",
        "(789, 794)",
        "(998, 428)",
        "(108, 192)",
        "(973, 543)",
        "(791, 15)",
        "(784, 18)",
        "(265, 705)",
        "(27, 550)",
        "(654, 104)",
        "(142, 322)",
        "(802, 117)",
        "(928, 225)",
        "(737, 689)",
        "(999, 476)",
        "(25, 107)",
        "(599, 140)",
        "(954, 687)",
        "(272, 730)",
        "(350, 491)",
        "(550, 272)",
        "(950, 882)",
        "(266, 244)",
        "(592, 415)",
        "(513, 313)",
        "(435, 30)",
        "(905, 376)",
        "(248, 147)",
        "(797, 379)",
        "(988, 838)",
        "(342, 479)",
        "(607, 534)",
        "(887, 165)",
        "(413, 491)",
        "(781, 340)",
        "(559, 975)",
        "(205, 50)",
        "(83, 392)",
        "(847, 869)",
        "(933, 967)",
        "(583, 153)",
        "(250, 922)",
        "(42, 706)",
        "(478, 815)",
        "(604, 162)",
        "(561, 465)",
        "(432, 251)",
        "(896, 523)",
        "(996, 860)",
        "(771, 123)",
        "(708, 245)"
    ],
    "(784, 18)": [
        "(905, 376)",
        "(996, 860)",
        "(654, 104)",
        "(200, 205)",
        "(349, 37)",
        "(227, 984)",
        "(708, 245)",
        "(583, 153)",
        "(42, 706)",
        "(928, 225)",
        "(342, 479)",
        "(802, 117)",
        "(965, 332)",
        "(205, 50)",
        "(933, 967)",
        "(478, 815)",
        "(604, 162)",
        "(554, 500)",
        "(14, 658)",
        "(797, 379)",
        "(561, 465)",
        "(896, 523)",
        "(350, 491)",
        "(627, 259)",
        "(248, 147)",
        "(266, 244)",
        "(847, 869)",
        "(737, 689)",
        "(142, 322)",
        "(607, 534)",
        "(27, 550)",
        "(559, 975)",
        "(432, 251)",
        "(161, 107)",
        "(592, 415)",
        "(988, 838)",
        "(954, 687)",
        "(998, 428)",
        "(250, 922)",
        "(83, 392)",
        "(484, 457)",
        "(973, 543)",
        "(771, 123)",
        "(789, 794)",
        "(513, 313)",
        "(7, 43)",
        "(781, 340)",
        "(849, 610)",
        "(272, 730)",
        "(265, 705)",
        "(202, 529)"
    ],
    "(789, 794)": [
        "(554, 500)",
        "(988, 838)",
        "(227, 984)",
        "(604, 162)",
        "(250, 922)",
        "(550, 272)",
        "(83, 392)",
        "(25, 107)",
        "(342, 479)",
        "(947, 942)",
        "(954, 687)",
        "(205, 50)",
        "(484, 457)",
        "(266, 244)",
        "(654, 104)",
        "(737, 689)",
        "(998, 428)",
        "(708, 245)",
        "(108, 192)",
        "(627, 259)",
        "(933, 967)",
        "(950, 882)",
        "(248, 147)",
        "(202, 529)",
        "(592, 415)",
        "(781, 340)",
        "(607, 534)",
        "(847, 869)",
        "(797, 379)",
        "(7, 43)",
        "(399, 40)",
        "(350, 491)",
        "(435, 30)",
        "(583, 153)",
        "(27, 550)",
        "(559, 975)",
        "(905, 376)",
        "(413, 491)",
        "(142, 322)",
        "(42, 706)",
        "(887, 165)",
        "(200, 205)",
        "(771, 123)",
        "(999, 476)",
        "(14, 658)",
        "(896, 523)",
        "(791, 15)",
        "(784, 18)",
        "(849, 610)",
        "(802, 117)",
        "(599, 140)",
        "(561, 465)",
        "(513, 313)"
    ],
    "(379, 239)": [
        "(349, 37)",
        "(227, 984)",
        "(607, 534)",
        "(283, 617)",
        "(435, 30)",
        "(14, 658)",
        "(484, 457)",
        "(627, 259)",
        "(791, 15)",
        "(550, 272)",
        "(561, 465)",
        "(781, 340)",
        "(342, 479)",
        "(272, 730)",
        "(847, 869)",
        "(202, 529)",
        "(708, 245)",
        "(399, 40)",
        "(200, 205)",
        "(513, 313)",
        "(559, 975)",
        "(928, 225)",
        "(954, 687)",
        "(965, 332)",
        "(350, 491)",
        "(887, 165)",
        "(933, 967)",
        "(996, 860)",
        "(583, 153)",
        "(998, 428)",
        "(142, 322)",
        "(470, 899)",
        "(905, 376)",
        "(896, 523)",
        "(248, 147)",
        "(413, 491)",
        "(988, 838)",
        "(737, 689)",
        "(604, 162)",
        "(161, 107)",
        "(266, 244)",
        "(83, 392)",
        "(973, 543)",
        "(797, 379)"
    ],
    "(996, 860)": [
        "(349, 37)",
        "(784, 18)",
        "(954, 687)",
        "(27, 550)",
        "(561, 465)",
        "(896, 523)",
        "(797, 379)",
        "(200, 205)",
        "(607, 534)",
        "(108, 192)",
        "(350, 491)",
        "(161, 107)",
        "(998, 428)",
        "(435, 30)",
        "(708, 245)",
        "(781, 340)",
        "(847, 869)",
        "(599, 140)",
        "(988, 838)",
        "(849, 610)",
        "(470, 899)",
        "(83, 392)",
        "(928, 225)",
        "(583, 153)",
        "(248, 147)",
        "(250, 922)",
        "(550, 272)",
        "(342, 479)",
        "(999, 476)",
        "(513, 313)",
        "(737, 689)",
        "(559, 975)",
        "(42, 706)",
        "(413, 491)",
        "(950, 882)",
        "(905, 376)",
        "(142, 322)",
        "(771, 123)",
        "(283, 617)",
        "(478, 815)",
        "(592, 415)",
        "(399, 40)",
        "(654, 104)",
        "(379, 239)",
        "(272, 730)",
        "(973, 543)",
        "(265, 705)",
        "(266, 244)",
        "(227, 984)",
        "(432, 251)",
        "(205, 50)",
        "(25, 107)",
        "(7, 43)"
    ],
    "(896, 523)": [
        "(847, 869)",
        "(478, 815)",
        "(802, 117)",
        "(413, 491)",
        "(996, 860)",
        "(513, 313)",
        "(342, 479)",
        "(905, 376)",
        "(142, 322)",
        "(108, 192)",
        "(349, 37)",
        "(849, 610)",
        "(965, 332)",
        "(887, 165)",
        "(627, 259)",
        "(973, 543)",
        "(933, 967)",
        "(583, 153)",
        "(950, 882)",
        "(266, 244)",
        "(550, 272)",
        "(592, 415)",
        "(928, 225)",
        "(350, 491)",
        "(947, 942)",
        "(200, 205)",
        "(784, 18)",
        "(265, 705)",
        "(554, 500)",
        "(7, 43)",
        "(737, 689)",
        "(272, 730)",
        "(988, 838)",
        "(599, 140)",
        "(654, 104)",
        "(561, 465)",
        "(14, 658)",
        "(42, 706)",
        "(797, 379)",
        "(954, 687)",
        "(789, 794)",
        "(250, 922)",
        "(399, 40)",
        "(283, 617)",
        "(379, 239)",
        "(470, 899)",
        "(27, 550)",
        "(227, 984)",
        "(771, 123)",
        "(791, 15)",
        "(604, 162)",
        "(435, 30)"
    ],
    "(791, 15)": [
        "(905, 376)",
        "(342, 479)",
        "(554, 500)",
        "(849, 610)",
        "(604, 162)",
        "(227, 984)",
        "(266, 244)",
        "(484, 457)",
        "(607, 534)",
        "(592, 415)",
        "(513, 313)",
        "(561, 465)",
        "(379, 239)",
        "(142, 322)",
        "(202, 529)",
        "(265, 705)",
        "(847, 869)",
        "(478, 815)",
        "(928, 225)",
        "(470, 899)",
        "(627, 259)",
        "(27, 550)",
        "(432, 251)",
        "(802, 117)",
        "(999, 476)",
        "(14, 658)",
        "(797, 379)",
        "(250, 922)",
        "(654, 104)",
        "(7, 43)",
        "(965, 332)",
        "(25, 107)",
        "(998, 428)",
        "(550, 272)",
        "(708, 245)",
        "(973, 543)",
        "(200, 205)",
        "(350, 491)",
        "(248, 147)",
        "(42, 706)",
        "(205, 50)",
        "(272, 730)",
        "(161, 107)",
        "(413, 491)",
        "(789, 794)",
        "(559, 975)",
        "(83, 392)",
        "(599, 140)",
        "(399, 40)",
        "(950, 882)",
        "(933, 967)",
        "(896, 523)"
    ],
    "(933, 967)": [
        "(627, 259)",
        "(797, 379)",
        "(887, 165)",
        "(802, 117)",
        "(513, 313)",
        "(350, 491)",
        "(771, 123)",
        "(200, 205)",
        "(998, 428)",
        "(142, 322)",
        "(484, 457)",
        "(283, 617)",
        "(896, 523)",
        "(784, 18)",
        "(478, 815)",
        "(789, 794)",
        "(654, 104)",
        "(973, 543)",
        "(999, 476)",
        "(561, 465)",
        "(161, 107)",
        "(781, 340)",
        "(342, 479)",
        "(954, 687)",
        "(849, 610)",
        "(947, 942)",
        "(413, 491)",
        "(435, 30)",
        "(559, 975)",
        "(550, 272)",
        "(379, 239)",
        "(205, 50)",
        "(272, 730)",
        "(847, 869)",
        "(227, 984)",
        "(965, 332)",
        "(399, 40)",
        "(7, 43)",
        "(250, 922)",
        "(988, 838)",
        "(583, 153)",
        "(27, 550)",
        "(604, 162)",
        "(791, 15)",
        "(470, 899)",
        "(25, 107)"
    ],
    "(559, 975)": [
        "(478, 815)",
        "(350, 491)",
        "(599, 140)",
        "(849, 610)",
        "(205, 50)",
        "(42, 706)",
        "(708, 245)",
        "(554, 500)",
        "(988, 838)",
        "(7, 43)",
        "(202, 529)",
        "(607, 534)",
        "(349, 37)",
        "(108, 192)",
        "(604, 162)",
        "(14, 658)",
        "(342, 479)",
        "(771, 123)",
        "(142, 322)",
        "(561, 465)",
        "(789, 794)",
        "(996, 860)",
        "(379, 239)",
        "(737, 689)",
        "(973, 543)",
        "(887, 165)",
        "(283, 617)",
        "(784, 18)",
        "(272, 730)",
        "(933, 967)",
        "(847, 869)",
        "(227, 984)",
        "(25, 107)",
        "(161, 107)",
        "(998, 428)",
        "(413, 491)",
        "(905, 376)",
        "(484, 457)",
        "(592, 415)",
        "(399, 40)",
        "(583, 153)",
        "(791, 15)",
        "(950, 882)",
        "(265, 705)",
        "(248, 147)",
        "(266, 244)",
        "(435, 30)",
        "(781, 340)"
    ],
    "(797, 379)": [
        "(432, 251)",
        "(933, 967)",
        "(654, 104)",
        "(27, 550)",
        "(887, 165)",
        "(250, 922)",
        "(413, 491)",
        "(996, 860)",
        "(42, 706)",
        "(954, 687)",
        "(478, 815)",
        "(847, 869)",
        "(988, 838)",
        "(399, 40)",
        "(999, 476)",
        "(965, 332)",
        "(708, 245)",
        "(998, 428)",
        "(947, 942)",
        "(266, 244)",
        "(928, 225)",
        "(513, 313)",
        "(737, 689)",
        "(108, 192)",
        "(142, 322)",
        "(435, 30)",
        "(592, 415)",
        "(470, 899)",
        "(202, 529)",
        "(791, 15)",
        "(342, 479)",
        "(789, 794)",
        "(161, 107)",
        "(205, 50)",
        "(349, 37)",
        "(265, 705)",
        "(784, 18)",
        "(583, 153)",
        "(561, 465)",
        "(771, 123)",
        "(484, 457)",
        "(227, 984)",
        "(607, 534)",
        "(973, 543)",
        "(802, 117)",
        "(950, 882)",
        "(896, 523)",
        "(599, 140)",
        "(14, 658)",
        "(627, 259)",
        "(283, 617)",
        "(554, 500)",
        "(379, 239)"
    ],
    "(654, 104)": [
        "(708, 245)",
        "(627, 259)",
        "(905, 376)",
        "(797, 379)",
        "(998, 428)",
        "(784, 18)",
        "(432, 251)",
        "(607, 534)",
        "(227, 984)",
        "(205, 50)",
        "(973, 543)",
        "(947, 942)",
        "(887, 165)",
        "(789, 794)",
        "(554, 500)",
        "(283, 617)",
        "(7, 43)",
        "(933, 967)",
        "(349, 37)",
        "(791, 15)",
        "(847, 869)",
        "(25, 107)",
        "(988, 838)",
        "(950, 882)",
        "(928, 225)",
        "(965, 332)",
        "(604, 162)",
        "(896, 523)",
        "(413, 491)",
        "(583, 153)",
        "(272, 730)",
        "(248, 147)",
        "(996, 860)",
        "(42, 706)",
        "(513, 313)",
        "(484, 457)",
        "(342, 479)",
        "(999, 476)",
        "(399, 40)",
        "(202, 529)",
        "(350, 491)",
        "(27, 550)",
        "(802, 117)",
        "(550, 272)",
        "(265, 705)",
        "(478, 815)",
        "(435, 30)",
        "(737, 689)"
    ],
    "(513, 313)": [
        "(272, 730)",
        "(592, 415)",
        "(973, 543)",
        "(905, 376)",
        "(737, 689)",
        "(933, 967)",
        "(42, 706)",
        "(484, 457)",
        "(349, 37)",
        "(413, 491)",
        "(896, 523)",
        "(791, 15)",
        "(928, 225)",
        "(83, 392)",
        "(999, 476)",
        "(947, 942)",
        "(399, 40)",
        "(847, 869)",
        "(797, 379)",
        "(266, 244)",
        "(599, 140)",
        "(248, 147)",
        "(350, 491)",
        "(379, 239)",
        "(802, 117)",
        "(550, 272)",
        "(142, 322)",
        "(554, 500)",
        "(25, 107)",
        "(996, 860)",
        "(227, 984)",
        "(998, 428)",
        "(627, 259)",
        "(108, 192)",
        "(708, 245)",
        "(887, 165)",
        "(7, 43)",
        "(781, 340)",
        "(161, 107)",
        "(200, 205)",
        "(654, 104)",
        "(202, 529)",
        "(283, 617)",
        "(583, 153)",
        "(470, 899)",
        "(604, 162)",
        "(784, 18)",
        "(965, 332)",
        "(265, 705)",
        "(205, 50)",
        "(607, 534)",
        "(988, 838)",
        "(789, 794)"
    ],
    "(25, 107)": [
        "(349, 37)",
        "(413, 491)",
        "(627, 259)",
        "(202, 529)",
        "(954, 687)",
        "(771, 123)",
        "(789, 794)",
        "(708, 245)",
        "(950, 882)",
        "(599, 140)",
        "(205, 50)",
        "(550, 272)",
        "(470, 899)",
        "(42, 706)",
        "(227, 984)",
        "(14, 658)",
        "(432, 251)",
        "(7, 43)",
        "(607, 534)",
        "(248, 147)",
        "(283, 617)",
        "(478, 815)",
        "(161, 107)",
        "(654, 104)",
        "(791, 15)",
        "(250, 922)",
        "(435, 30)",
        "(513, 313)",
        "(988, 838)",
        "(272, 730)",
        "(887, 165)",
        "(928, 225)",
        "(399, 40)",
        "(965, 332)",
        "(604, 162)",
        "(142, 322)",
        "(266, 244)",
        "(559, 975)",
        "(83, 392)",
        "(973, 543)",
        "(350, 491)",
        "(847, 869)",
        "(998, 428)",
        "(561, 465)",
        "(849, 610)",
        "(108, 192)",
        "(996, 860)",
        "(592, 415)",
        "(342, 479)",
        "(933, 967)"
    ],
    "(42, 706)": [
        "(342, 479)",
        "(988, 838)",
        "(928, 225)",
        "(513, 313)",
        "(550, 272)",
        "(432, 251)",
        "(202, 529)",
        "(887, 165)",
        "(849, 610)",
        "(627, 259)",
        "(399, 40)",
        "(797, 379)",
        "(250, 922)",
        "(847, 869)",
        "(205, 50)",
        "(554, 500)",
        "(27, 550)",
        "(784, 18)",
        "(559, 975)",
        "(14, 658)",
        "(25, 107)",
        "(771, 123)",
        "(413, 491)",
        "(435, 30)",
        "(781, 340)",
        "(7, 43)",
        "(484, 457)",
        "(592, 415)",
        "(266, 244)",
        "(478, 815)",
        "(350, 491)",
        "(583, 153)",
        "(905, 376)",
        "(947, 942)",
        "(599, 140)",
        "(83, 392)",
        "(996, 860)",
        "(789, 794)",
        "(802, 117)",
        "(737, 689)",
        "(791, 15)",
        "(896, 523)",
        "(200, 205)",
        "(973, 543)",
        "(470, 899)",
        "(654, 104)",
        "(108, 192)",
        "(349, 37)",
        "(954, 687)",
        "(265, 705)",
        "(227, 984)",
        "(604, 162)",
        "(998, 428)"
    ],
    "(202, 529)": [
        "(708, 245)",
        "(266, 244)",
        "(627, 259)",
        "(42, 706)",
        "(25, 107)",
        "(283, 617)",
        "(988, 838)",
        "(847, 869)",
        "(205, 50)",
        "(108, 192)",
        "(737, 689)",
        "(399, 40)",
        "(7, 43)",
        "(791, 15)",
        "(561, 465)",
        "(161, 107)",
        "(950, 882)",
        "(342, 479)",
        "(470, 899)",
        "(379, 239)",
        "(559, 975)",
        "(965, 332)",
        "(887, 165)",
        "(413, 491)",
        "(789, 794)",
        "(350, 491)",
        "(797, 379)",
        "(349, 37)",
        "(432, 251)",
        "(250, 922)",
        "(999, 476)",
        "(905, 376)",
        "(592, 415)",
        "(484, 457)",
        "(583, 153)",
        "(14, 658)",
        "(265, 705)",
        "(771, 123)",
        "(802, 117)",
        "(478, 815)",
        "(513, 313)",
        "(272, 730)",
        "(142, 322)",
        "(654, 104)",
        "(973, 543)",
        "(954, 687)",
        "(928, 225)",
        "(784, 18)",
        "(200, 205)"
    ],
    "(737, 689)": [
        "(513, 313)",
        "(988, 838)",
        "(142, 322)",
        "(265, 705)",
        "(847, 869)",
        "(708, 245)",
        "(484, 457)",
        "(470, 899)",
        "(342, 479)",
        "(202, 529)",
        "(227, 984)",
        "(789, 794)",
        "(27, 550)",
        "(797, 379)",
        "(432, 251)",
        "(849, 610)",
        "(954, 687)",
        "(272, 730)",
        "(905, 376)",
        "(7, 43)",
        "(108, 192)",
        "(950, 882)",
        "(599, 140)",
        "(996, 860)",
        "(399, 40)",
        "(607, 534)",
        "(161, 107)",
        "(604, 162)",
        "(559, 975)",
        "(896, 523)",
        "(83, 392)",
        "(947, 942)",
        "(250, 922)",
        "(349, 37)",
        "(784, 18)",
        "(42, 706)",
        "(550, 272)",
        "(435, 30)",
        "(592, 415)",
        "(627, 259)",
        "(554, 500)",
        "(771, 123)",
        "(266, 244)",
        "(965, 332)",
        "(14, 658)",
        "(248, 147)",
        "(205, 50)",
        "(350, 491)",
        "(379, 239)",
        "(887, 165)",
        "(781, 340)",
        "(654, 104)",
        "(583, 153)"
    ],
    "(583, 153)": [
        "(781, 340)",
        "(928, 225)",
        "(784, 18)",
        "(999, 476)",
        "(950, 882)",
        "(413, 491)",
        "(708, 245)",
        "(250, 922)",
        "(108, 192)",
        "(802, 117)",
        "(435, 30)",
        "(896, 523)",
        "(283, 617)",
        "(561, 465)",
        "(205, 50)",
        "(607, 534)",
        "(996, 860)",
        "(627, 259)",
        "(265, 705)",
        "(789, 794)",
        "(550, 272)",
        "(797, 379)",
        "(42, 706)",
        "(771, 123)",
        "(272, 730)",
        "(599, 140)",
        "(202, 529)",
        "(592, 415)",
        "(654, 104)",
        "(905, 376)",
        "(847, 869)",
        "(200, 205)",
        "(478, 815)",
        "(379, 239)",
        "(988, 838)",
        "(554, 500)",
        "(513, 313)",
        "(559, 975)",
        "(350, 491)",
        "(227, 984)",
        "(965, 332)",
        "(27, 550)",
        "(887, 165)",
        "(933, 967)",
        "(83, 392)",
        "(998, 428)",
        "(142, 322)",
        "(248, 147)",
        "(266, 244)",
        "(737, 689)"
    ],
    "(432, 251)": [
        "(797, 379)",
        "(42, 706)",
        "(7, 43)",
        "(965, 332)",
        "(599, 140)",
        "(847, 869)",
        "(349, 37)",
        "(83, 392)",
        "(654, 104)",
        "(887, 165)",
        "(108, 192)",
        "(248, 147)",
        "(708, 245)",
        "(266, 244)",
        "(928, 225)",
        "(791, 15)",
        "(272, 730)",
        "(470, 899)",
        "(25, 107)",
        "(737, 689)",
        "(607, 534)",
        "(849, 610)",
        "(478, 815)",
        "(161, 107)",
        "(592, 415)",
        "(202, 529)",
        "(554, 500)",
        "(973, 543)",
        "(250, 922)",
        "(999, 476)",
        "(802, 117)",
        "(905, 376)",
        "(550, 272)",
        "(342, 479)",
        "(784, 18)",
        "(771, 123)",
        "(947, 942)",
        "(265, 705)",
        "(14, 658)",
        "(950, 882)",
        "(142, 322)",
        "(435, 30)",
        "(227, 984)",
        "(998, 428)",
        "(996, 860)",
        "(200, 205)"
    ],
    "(781, 340)": [
        "(592, 415)",
        "(973, 543)",
        "(708, 245)",
        "(583, 153)",
        "(802, 117)",
        "(947, 942)",
        "(561, 465)",
        "(771, 123)",
        "(27, 550)",
        "(996, 860)",
        "(599, 140)",
        "(627, 259)",
        "(379, 239)",
        "(248, 147)",
        "(250, 922)",
        "(928, 225)",
        "(789, 794)",
        "(484, 457)",
        "(7, 43)",
        "(42, 706)",
        "(399, 40)",
        "(470, 899)",
        "(847, 869)",
        "(998, 428)",
        "(933, 967)",
        "(550, 272)",
        "(14, 658)",
        "(413, 491)",
        "(108, 192)",
        "(554, 500)",
        "(205, 50)",
        "(227, 984)",
        "(965, 332)",
        "(349, 37)",
        "(513, 313)",
        "(905, 376)",
        "(272, 730)",
        "(342, 479)",
        "(999, 476)",
        "(435, 30)",
        "(784, 18)",
        "(887, 165)",
        "(604, 162)",
        "(283, 617)",
        "(737, 689)",
        "(559, 975)",
        "(350, 491)"
    ],
    "(554, 500)": [
        "(789, 794)",
        "(887, 165)",
        "(802, 117)",
        "(791, 15)",
        "(604, 162)",
        "(947, 942)",
        "(905, 376)",
        "(342, 479)",
        "(771, 123)",
        "(42, 706)",
        "(847, 869)",
        "(559, 975)",
        "(654, 104)",
        "(478, 815)",
        "(607, 534)",
        "(561, 465)",
        "(350, 491)",
        "(708, 245)",
        "(413, 491)",
        "(928, 225)",
        "(108, 192)",
        "(784, 18)",
        "(999, 476)",
        "(513, 313)",
        "(432, 251)",
        "(550, 272)",
        "(272, 730)",
        "(896, 523)",
        "(83, 392)",
        "(27, 550)",
        "(973, 543)",
        "(781, 340)",
        "(14, 658)",
        "(592, 415)",
        "(435, 30)",
        "(954, 687)",
        "(849, 610)",
        "(583, 153)",
        "(988, 838)",
        "(737, 689)",
        "(248, 147)",
        "(998, 428)",
        "(200, 205)",
        "(599, 140)",
        "(266, 244)",
        "(349, 37)",
        "(797, 379)",
        "(627, 259)"
    ],
    "(205, 50)": [
        "(200, 205)",
        "(847, 869)",
        "(905, 376)",
        "(399, 40)",
        "(342, 479)",
        "(973, 543)",
        "(470, 899)",
        "(161, 107)",
        "(42, 706)",
        "(27, 550)",
        "(202, 529)",
        "(802, 117)",
        "(142, 322)",
        "(559, 975)",
        "(654, 104)",
        "(965, 332)",
        "(928, 225)",
        "(789, 794)",
        "(708, 245)",
        "(771, 123)",
        "(25, 107)",
        "(435, 30)",
        "(784, 18)",
        "(272, 730)",
        "(583, 153)",
        "(592, 415)",
        "(7, 43)",
        "(999, 476)",
        "(550, 272)",
        "(283, 617)",
        "(797, 379)",
        "(998, 428)",
        "(250, 922)",
        "(604, 162)",
        "(599, 140)",
        "(266, 244)",
        "(478, 815)",
        "(988, 838)",
        "(781, 340)",
        "(791, 15)",
        "(248, 147)",
        "(413, 491)",
        "(227, 984)",
        "(933, 967)",
        "(950, 882)",
        "(627, 259)",
        "(108, 192)",
        "(947, 942)",
        "(484, 457)",
        "(737, 689)",
        "(513, 313)",
        "(996, 860)",
        "(350, 491)"
    ],
    "(928, 225)": [
        "(350, 491)",
        "(250, 922)",
        "(42, 706)",
        "(583, 153)",
        "(627, 259)",
        "(708, 245)",
        "(7, 43)",
        "(965, 332)",
        "(14, 658)",
        "(513, 313)",
        "(227, 984)",
        "(784, 18)",
        "(988, 838)",
        "(205, 50)",
        "(791, 15)",
        "(797, 379)",
        "(432, 251)",
        "(802, 117)",
        "(435, 30)",
        "(781, 340)",
        "(947, 942)",
        "(896, 523)",
        "(27, 550)",
        "(996, 860)",
        "(161, 107)",
        "(554, 500)",
        "(771, 123)",
        "(349, 37)",
        "(998, 428)",
        "(849, 610)",
        "(654, 104)",
        "(25, 107)",
        "(484, 457)",
        "(999, 476)",
        "(379, 239)",
        "(607, 534)",
        "(950, 882)",
        "(561, 465)",
        "(550, 272)",
        "(604, 162)",
        "(887, 165)",
        "(973, 543)",
        "(954, 687)",
        "(200, 205)",
        "(905, 376)",
        "(142, 322)",
        "(202, 529)",
        "(272, 730)",
        "(266, 244)"
    ],
    "(7, 43)": [
        "(14, 658)",
        "(432, 251)",
        "(413, 491)",
        "(998, 428)",
        "(849, 610)",
        "(928, 225)",
        "(272, 730)",
        "(108, 192)",
        "(399, 40)",
        "(202, 529)",
        "(950, 882)",
        "(954, 687)",
        "(142, 322)",
        "(559, 975)",
        "(654, 104)",
        "(250, 922)",
        "(83, 392)",
        "(266, 244)",
        "(25, 107)",
        "(205, 50)",
        "(342, 479)",
        "(161, 107)",
        "(947, 942)",
        "(781, 340)",
        "(737, 689)",
        "(27, 550)",
        "(42, 706)",
        "(789, 794)",
        "(847, 869)",
        "(791, 15)",
        "(973, 543)",
        "(484, 457)",
        "(708, 245)",
        "(265, 705)",
        "(896, 523)",
        "(607, 534)",
        "(771, 123)",
        "(513, 313)",
        "(478, 815)",
        "(802, 117)",
        "(887, 165)",
        "(470, 899)",
        "(599, 140)",
        "(933, 967)",
        "(604, 162)",
        "(550, 272)",
        "(784, 18)",
        "(996, 860)"
    ],
    "(413, 491)": [
        "(108, 192)",
        "(342, 479)",
        "(350, 491)",
        "(25, 107)",
        "(896, 523)",
        "(513, 313)",
        "(7, 43)",
        "(627, 259)",
        "(954, 687)",
        "(797, 379)",
        "(142, 322)",
        "(847, 869)",
        "(583, 153)",
        "(887, 165)",
        "(14, 658)",
        "(161, 107)",
        "(272, 730)",
        "(599, 140)",
        "(200, 205)",
        "(42, 706)",
        "(202, 529)",
        "(250, 922)",
        "(478, 815)",
        "(607, 534)",
        "(554, 500)",
        "(604, 162)",
        "(988, 838)",
        "(349, 37)",
        "(27, 550)",
        "(550, 272)",
        "(905, 376)",
        "(973, 543)",
        "(592, 415)",
        "(283, 617)",
        "(265, 705)",
        "(996, 860)",
        "(789, 794)",
        "(781, 340)",
        "(654, 104)",
        "(484, 457)",
        "(227, 984)",
        "(933, 967)",
        "(435, 30)",
        "(205, 50)",
        "(559, 975)",
        "(791, 15)",
        "(266, 244)",
        "(965, 332)",
        "(947, 942)",
        "(83, 392)",
        "(379, 239)",
        "(470, 899)",
        "(999, 476)"
    ],
    "(14, 658)": [
        "(7, 43)",
        "(708, 245)",
        "(435, 30)",
        "(947, 942)",
        "(108, 192)",
        "(379, 239)",
        "(484, 457)",
        "(928, 225)",
        "(272, 730)",
        "(413, 491)",
        "(42, 706)",
        "(561, 465)",
        "(25, 107)",
        "(342, 479)",
        "(771, 123)",
        "(161, 107)",
        "(791, 15)",
        "(350, 491)",
        "(559, 975)",
        "(784, 18)",
        "(142, 322)",
        "(802, 117)",
        "(905, 376)",
        "(399, 40)",
        "(604, 162)",
        "(349, 37)",
        "(781, 340)",
        "(283, 617)",
        "(202, 529)",
        "(248, 147)",
        "(554, 500)",
        "(896, 523)",
        "(599, 140)",
        "(950, 882)",
        "(789, 794)",
        "(432, 251)",
        "(797, 379)",
        "(627, 259)",
        "(973, 543)",
        "(266, 244)",
        "(954, 687)",
        "(737, 689)",
        "(847, 869)",
        "(849, 610)"
    ],
    "(802, 117)": [
        "(933, 967)",
        "(554, 500)",
        "(896, 523)",
        "(988, 838)",
        "(349, 37)",
        "(781, 340)",
        "(205, 50)",
        "(999, 476)",
        "(200, 205)",
        "(849, 610)",
        "(227, 984)",
        "(399, 40)",
        "(478, 815)",
        "(947, 942)",
        "(342, 479)",
        "(784, 18)",
        "(887, 165)",
        "(604, 162)",
        "(627, 259)",
        "(583, 153)",
        "(592, 415)",
        "(950, 882)",
        "(928, 225)",
        "(142, 322)",
        "(791, 15)",
        "(272, 730)",
        "(470, 899)",
        "(998, 428)",
        "(266, 244)",
        "(250, 922)",
        "(513, 313)",
        "(435, 30)",
        "(965, 332)",
        "(973, 543)",
        "(14, 658)",
        "(432, 251)",
        "(550, 272)",
        "(771, 123)",
        "(954, 687)",
        "(797, 379)",
        "(42, 706)",
        "(27, 550)",
        "(7, 43)",
        "(561, 465)",
        "(108, 192)",
        "(202, 529)",
        "(265, 705)",
        "(248, 147)",
        "(283, 617)",
        "(789, 794)",
        "(83, 392)",
        "(599, 140)",
        "(654, 104)",
        "(350, 491)"
    ],
    "(349, 37)": [
        "(379, 239)",
        "(996, 860)",
        "(25, 107)",
        "(27, 550)",
        "(513, 313)",
        "(784, 18)",
        "(432, 251)",
        "(802, 117)",
        "(478, 815)",
        "(847, 869)",
        "(896, 523)",
        "(592, 415)",
        "(947, 942)",
        "(887, 165)",
        "(973, 543)",
        "(342, 479)",
        "(142, 322)",
        "(604, 162)",
        "(954, 687)",
        "(654, 104)",
        "(559, 975)",
        "(399, 40)",
        "(202, 529)",
        "(928, 225)",
        "(905, 376)",
        "(413, 491)",
        "(797, 379)",
        "(435, 30)",
        "(248, 147)",
        "(200, 205)",
        "(607, 534)",
        "(999, 476)",
        "(550, 272)",
        "(14, 658)",
        "(108, 192)",
        "(737, 689)",
        "(781, 340)",
        "(265, 705)",
        "(950, 882)",
        "(771, 123)",
        "(42, 706)",
        "(83, 392)",
        "(283, 617)",
        "(484, 457)",
        "(708, 245)",
        "(627, 259)",
        "(554, 500)",
        "(161, 107)"
    ],
    "(283, 617)": [
        "(227, 984)",
        "(379, 239)",
        "(708, 245)",
        "(202, 529)",
        "(484, 457)",
        "(27, 550)",
        "(847, 869)",
        "(947, 942)",
        "(350, 491)",
        "(933, 967)",
        "(599, 140)",
        "(887, 165)",
        "(654, 104)",
        "(583, 153)",
        "(478, 815)",
        "(248, 147)",
        "(435, 30)",
        "(25, 107)",
        "(607, 534)",
        "(205, 50)",
        "(342, 479)",
        "(200, 205)",
        "(413, 491)",
        "(988, 838)",
        "(550, 272)",
        "(14, 658)",
        "(559, 975)",
        "(954, 687)",
        "(272, 730)",
        "(999, 476)",
        "(627, 259)",
        "(996, 860)",
        "(905, 376)",
        "(108, 192)",
        "(513, 313)",
        "(349, 37)",
        "(896, 523)",
        "(802, 117)",
        "(797, 379)",
        "(998, 428)",
        "(266, 244)",
        "(965, 332)",
        "(781, 340)",
        "(399, 40)",
        "(250, 922)",
        "(973, 543)"
    ],
    "(248, 147)": [
        "(27, 550)",
        "(627, 259)",
        "(470, 899)",
        "(954, 687)",
        "(771, 123)",
        "(200, 205)",
        "(849, 610)",
        "(432, 251)",
        "(83, 392)",
        "(998, 428)",
        "(272, 730)",
        "(781, 340)",
        "(847, 869)",
        "(999, 476)",
        "(789, 794)",
        "(513, 313)",
        "(399, 40)",
        "(25, 107)",
        "(283, 617)",
        "(996, 860)",
        "(905, 376)",
        "(550, 272)",
        "(349, 37)",
        "(435, 30)",
        "(784, 18)",
        "(227, 984)",
        "(791, 15)",
        "(265, 705)",
        "(14, 658)",
        "(142, 322)",
        "(708, 245)",
        "(342, 479)",
        "(205, 50)",
        "(561, 465)",
        "(654, 104)",
        "(950, 882)",
        "(266, 244)",
        "(802, 117)",
        "(478, 815)",
        "(604, 162)",
        "(554, 500)",
        "(161, 107)",
        "(559, 975)",
        "(379, 239)",
        "(737, 689)",
        "(108, 192)",
        "(607, 534)",
        "(592, 415)",
        "(947, 942)",
        "(583, 153)"
    ],
    "(607, 534)": [
        "(379, 239)",
        "(999, 476)",
        "(27, 550)",
        "(887, 165)",
        "(791, 15)",
        "(654, 104)",
        "(996, 860)",
        "(478, 815)",
        "(905, 376)",
        "(350, 491)",
        "(432, 251)",
        "(554, 500)",
        "(200, 205)",
        "(583, 153)",
        "(789, 794)",
        "(25, 107)",
        "(627, 259)",
        "(559, 975)",
        "(413, 491)",
        "(592, 415)",
        "(283, 617)",
        "(950, 882)",
        "(272, 730)",
        "(265, 705)",
        "(484, 457)",
        "(83, 392)",
        "(349, 37)",
        "(737, 689)",
        "(847, 869)",
        "(7, 43)",
        "(928, 225)",
        "(797, 379)",
        "(227, 984)",
        "(784, 18)",
        "(250, 922)",
        "(599, 140)",
        "(604, 162)",
        "(470, 899)",
        "(965, 332)",
        "(973, 543)",
        "(550, 272)",
        "(248, 147)",
        "(513, 313)",
        "(142, 322)",
        "(998, 428)",
        "(708, 245)",
        "(266, 244)"
    ]
}