{
    "(953, 840)": [
        "(3, 754)",
        "(934, 846)",
        "(950, 247)",
        "(124, 506)",
        "(481, 143)",
        "(383, 759)",
        "(205, 511)",
        "(966, 305)",
        "(444, 64)",
        "(367, 975)",
        "(967, 558)",
        "(773, 757)",
        "(204, 658)",
        "(148, 263)",
        "(777, 693)",
        "(797, 676)",
        "(949, 393)",
        "(45, 179)",
        "(800, 402)",
        "(465, 360)",
        "(314, 150)",
        "(967, 162)",
        "(639, 520)",
        "(688, 181)",
        "(520, 910)",
        "(424, 619)",
        "(398, 804)",
        "(89, 886)",
        "(478, 207)",
        "(313, 403)",
        "(518, 440)",
        "(438, 888)",
        "(427, 543)",
        "(980, 927)",
        "(128, 484)",
        "(48, 801)",
        "(209, 592)",
        "(808, 33)",
        "(480, 563)",
        "(876, 663)",
        "(541, 506)",
        "(950, 718)",
        "(626, 453)",
        "(639, 130)",
        "(170, 616)",
        "(148, 30)",
        "(185, 387)",
        "(223, 493)",
        "(810, 917)",
        "(11, 301)",
        "(407, 961)",
        "(470, 730)",
        "(802, 272)",
        "(553, 619)"
    ],
    "(934, 846)": [
        "(480, 563)",
        "(953, 840)",
        "(442, 797)",
        "(553, 619)",
        "(503, 830)",
        "(185, 387)",
        "(314, 150)",
        "(383, 759)",
        "(520, 910)",
        "(773, 757)",
        "(89, 886)",
        "(204, 658)",
        "(209, 592)",
        "(808, 33)",
        "(481, 143)",
        "(532, 644)",
        "(3, 754)",
        "(950, 247)",
        "(219, 616)",
        "(424, 619)",
        "(430, 343)",
        "(626, 453)",
        "(11, 301)",
        "(1, 98)",
        "(163, 944)",
        "(980, 927)",
        "(438, 888)",
        "(966, 305)",
        "(802, 272)",
        "(967, 162)",
        "(313, 403)",
        "(205, 511)",
        "(639, 130)",
        "(148, 263)",
        "(916, 247)",
        "(351, 869)",
        "(449, 193)",
        "(777, 693)",
        "(124, 506)",
        "(170, 616)",
        "(518, 440)",
        "(688, 181)",
        "(427, 543)",
        "(367, 975)",
        "(708, 235)",
        "(465, 360)",
        "(204, 171)",
        "(470, 730)",
        "(128, 484)",
        "(338, 72)",
        "(541, 506)",
        "(797, 676)",
        "(949, 393)",
        "(800, 402)",
        "(876, 663)",
        "(45, 179)",
        "(950, 718)",
        "(810, 917)",
        "(967, 558)",
        "(174, 769)",
        "(639, 520)",
        "(407, 961)",
        "(223, 493)",
        "(445, 672)",
        "(478, 207)"
    ],
    "(442, 797)": [
        "(481, 143)",
        "(1, 98)",
        "(48, 801)",
        "(541, 506)",
        "(934, 846)",
        "(518, 440)",
        "(797, 676)",
        "(724, 437)",
        "(89, 886)",
        "(950, 718)",
        "(966, 305)",
        "(639, 247)",
        "(553, 619)",
        "(148, 263)",
        "(11, 301)",
        "(810, 917)",
        "(916, 247)",
        "(338, 72)",
        "(367, 975)",
        "(355, 694)",
        "(314, 150)",
        "(444, 64)",
        "(626, 453)",
        "(532, 644)",
        "(445, 672)",
        "(808, 33)",
        "(128, 484)",
        "(777, 693)",
        "(688, 181)",
        "(639, 130)",
        "(424, 619)",
        "(209, 592)",
        "(204, 171)",
        "(383, 759)",
        "(170, 616)",
        "(465, 360)",
        "(802, 272)",
        "(407, 961)",
        "(967, 558)",
        "(398, 804)",
        "(124, 506)",
        "(430, 343)",
        "(480, 563)",
        "(148, 30)",
        "(639, 520)",
        "(950, 247)",
        "(470, 730)",
        "(449, 193)",
        "(204, 658)",
        "(163, 944)",
        "(223, 493)"
    ],
    "(916, 247)": [
        "(313, 403)",
        "(205, 511)",
        "(802, 272)",
        "(626, 453)",
        "(967, 162)",
        "(639, 520)",
        "(808, 33)",
        "(438, 888)",
        "(639, 247)",
        "(708, 235)",
        "(367, 975)",
        "(148, 263)",
        "(48, 801)",
        "(170, 616)",
        "(773, 757)",
        "(449, 193)",
        "(445, 672)",
        "(980, 927)",
        "(1, 98)",
        "(966, 305)",
        "(89, 886)",
        "(219, 616)",
        "(209, 592)",
        "(442, 797)",
        "(797, 676)",
        "(204, 171)",
        "(724, 437)",
        "(163, 944)",
        "(950, 247)",
        "(11, 301)",
        "(223, 493)",
        "(520, 910)",
        "(480, 563)",
        "(810, 917)",
        "(532, 644)",
        "(934, 846)",
        "(777, 693)",
        "(481, 143)",
        "(553, 619)",
        "(949, 393)",
        "(430, 343)",
        "(427, 543)",
        "(424, 619)",
        "(470, 730)",
        "(444, 64)",
        "(351, 869)",
        "(174, 769)",
        "(639, 130)",
        "(967, 558)",
        "(124, 506)",
        "(383, 759)",
        "(314, 150)",
        "(800, 402)",
        "(478, 207)",
        "(876, 663)",
        "(128, 484)",
        "(465, 360)"
    ],
    "(209, 592)": [
        "(708, 235)",
        "(553, 619)",
        "(355, 694)",
        "(777, 693)",
        "(185, 387)",
        "(639, 247)",
        "(934, 846)",
        "(541, 506)",
        "(800, 402)",
        "(980, 927)",
        "(11, 301)",
        "(367, 975)",
        "(480, 563)",
        "(170, 616)",
        "(808, 33)",
        "(427, 543)",
        "(204, 658)",
        "(639, 130)",
        "(407, 961)",
        "(916, 247)",
        "(724, 437)",
        "(223, 493)",
        "(478, 207)",
        "(465, 360)",
        "(520, 910)",
        "(148, 263)",
        "(313, 403)",
        "(532, 644)",
        "(438, 888)",
        "(470, 730)",
        "(148, 30)",
        "(773, 757)",
        "(1, 98)",
        "(338, 72)",
        "(442, 797)",
        "(639, 520)",
        "(950, 718)",
        "(966, 305)",
        "(48, 801)",
        "(383, 759)",
        "(481, 143)",
        "(503, 830)",
        "(89, 886)",
        "(953, 840)",
        "(124, 506)",
        "(797, 676)",
        "(626, 453)",
        "(518, 440)",
        "(876, 663)",
        "(967, 162)",
        "(424, 619)",
        "(128, 484)",
        "(204, 171)",
        "(444, 64)",
        "(950, 247)",
        "(351, 869)",
        "(219, 616)",
        "(430, 343)",
        "(445, 672)",
        "(967, 558)",
        "(802, 272)"
    ],
    "(219, 616)": [
        "(777, 693)",
        "(639, 130)",
        "(553, 619)",
        "(314, 150)",
        "(949, 393)",
        "(800, 402)",
        "(876, 663)",
        "(481, 143)",
        "(124, 506)",
        "(445, 672)",
        "(470, 730)",
        "(480, 563)",
        "(797, 676)",
        "(967, 558)",
        "(383, 759)",
        "(802, 272)",
        "(934, 846)",
        "(1, 98)",
        "(351, 869)",
        "(916, 247)",
        "(773, 757)",
        "(163, 944)",
        "(724, 437)",
        "(313, 403)",
        "(950, 718)",
        "(338, 72)",
        "(204, 171)",
        "(170, 616)",
        "(688, 181)",
        "(518, 440)",
        "(48, 801)",
        "(185, 387)",
        "(89, 886)",
        "(639, 520)",
        "(520, 910)",
        "(808, 33)",
        "(355, 694)",
        "(430, 343)",
        "(950, 247)",
        "(966, 305)",
        "(128, 484)",
        "(478, 207)",
        "(223, 493)",
        "(174, 769)",
        "(639, 247)",
        "(444, 64)",
        "(11, 301)",
        "(465, 360)",
        "(148, 30)",
        "(967, 162)",
        "(407, 961)",
        "(209, 592)",
        "(205, 511)",
        "(427, 543)",
        "(438, 888)"
    ],
    "(773, 757)": [
        "(967, 558)",
        "(950, 247)",
        "(808, 33)",
        "(518, 440)",
        "(407, 961)",
        "(934, 846)",
        "(465, 360)",
        "(639, 247)",
        "(48, 801)",
        "(89, 886)",
        "(708, 235)",
        "(204, 171)",
        "(205, 511)",
        "(398, 804)",
        "(438, 888)",
        "(800, 402)",
        "(351, 869)",
        "(916, 247)",
        "(953, 840)",
        "(445, 672)",
        "(980, 927)",
        "(219, 616)",
        "(424, 619)",
        "(777, 693)",
        "(480, 563)",
        "(174, 769)",
        "(3, 754)",
        "(383, 759)",
        "(797, 676)",
        "(444, 64)",
        "(967, 162)",
        "(170, 616)",
        "(209, 592)",
        "(204, 658)",
        "(810, 917)",
        "(802, 272)",
        "(449, 193)",
        "(639, 520)",
        "(688, 181)",
        "(355, 694)",
        "(949, 393)",
        "(11, 301)",
        "(503, 830)",
        "(532, 644)",
        "(148, 263)",
        "(876, 663)",
        "(541, 506)",
        "(950, 718)",
        "(430, 343)",
        "(470, 730)",
        "(724, 437)",
        "(338, 72)",
        "(481, 143)",
        "(185, 387)",
        "(966, 305)"
    ],
    "(430, 343)": [
        "(808, 33)",
        "(967, 162)",
        "(1, 98)",
        "(367, 975)",
        "(445, 672)",
        "(980, 927)",
        "(777, 693)",
        "(449, 193)",
        "(204, 658)",
        "(124, 506)",
        "(170, 616)",
        "(478, 207)",
        "(810, 917)",
        "(797, 676)",
        "(205, 511)",
        "(950, 247)",
        "(470, 730)",
        "(89, 886)",
        "(934, 846)",
        "(3, 754)",
        "(128, 484)",
        "(541, 506)",
        "(338, 72)",
        "(503, 830)",
        "(639, 247)",
        "(639, 130)",
        "(688, 181)",
        "(148, 263)",
        "(967, 558)",
        "(163, 944)",
        "(174, 769)",
        "(966, 305)",
        "(219, 616)",
        "(48, 801)",
        "(313, 403)",
        "(916, 247)",
        "(876, 663)",
        "(481, 143)",
        "(424, 619)",
        "(518, 440)",
        "(639, 520)",
        "(204, 171)",
        "(442, 797)",
        "(553, 619)",
        "(532, 644)",
        "(465, 360)",
        "(802, 272)",
        "(724, 437)",
        "(773, 757)",
        "(407, 961)",
        "(209, 592)",
        "(148, 30)"
    ],
    "(532, 644)": [
        "(480, 563)",
        "(163, 944)",
        "(802, 272)",
        "(223, 493)",
        "(966, 305)",
        "(950, 247)",
        "(481, 143)",
        "(45, 179)",
        "(204, 658)",
        "(1, 98)",
        "(708, 235)",
        "(367, 975)",
        "(185, 387)",
        "(967, 162)",
        "(124, 506)",
        "(934, 846)",
        "(949, 393)",
        "(128, 484)",
        "(626, 453)",
        "(314, 150)",
        "(351, 869)",
        "(465, 360)",
        "(639, 130)",
        "(424, 619)",
        "(438, 888)",
        "(48, 801)",
        "(355, 694)",
        "(209, 592)",
        "(503, 830)",
        "(518, 440)",
        "(442, 797)",
        "(204, 171)",
        "(427, 543)",
        "(916, 247)",
        "(777, 693)",
        "(478, 207)",
        "(520, 910)",
        "(383, 759)",
        "(639, 247)",
        "(810, 917)",
        "(967, 558)",
        "(148, 263)",
        "(797, 676)",
        "(205, 511)",
        "(773, 757)",
        "(553, 619)",
        "(148, 30)",
        "(430, 343)",
        "(470, 730)",
        "(170, 616)",
        "(449, 193)",
        "(407, 961)",
        "(3, 754)"
    ],
    "(338, 72)": [
        "(445, 672)",
        "(427, 543)",
        "(204, 658)",
        "(503, 830)",
        "(398, 804)",
        "(45, 179)",
        "(688, 181)",
        "(204, 171)",
        "(449, 193)",
        "(950, 247)",
        "(367, 975)",
        "(89, 886)",
        "(797, 676)",
        "(520, 910)",
        "(442, 797)",
        "(430, 343)",
        "(518, 440)",
        "(219, 616)",
        "(553, 619)",
        "(724, 437)",
        "(639, 130)",
        "(148, 30)",
        "(11, 301)",
        "(407, 961)",
        "(424, 619)",
        "(810, 917)",
        "(478, 207)",
        "(465, 360)",
        "(1, 98)",
        "(876, 663)",
        "(209, 592)",
        "(355, 694)",
        "(170, 616)",
        "(313, 403)",
        "(949, 393)",
        "(174, 769)",
        "(3, 754)",
        "(48, 801)",
        "(934, 846)",
        "(777, 693)",
        "(980, 927)",
        "(950, 718)",
        "(314, 150)",
        "(626, 453)",
        "(966, 305)",
        "(802, 272)",
        "(163, 944)",
        "(148, 263)",
        "(470, 730)",
        "(808, 33)",
        "(128, 484)",
        "(773, 757)",
        "(639, 247)",
        "(185, 387)"
    ],
    "(89, 886)": [
        "(808, 33)",
        "(407, 961)",
        "(949, 393)",
        "(520, 910)",
        "(442, 797)",
        "(438, 888)",
        "(934, 846)",
        "(773, 757)",
        "(124, 506)",
        "(639, 247)",
        "(45, 179)",
        "(950, 247)",
        "(626, 453)",
        "(688, 181)",
        "(967, 558)",
        "(518, 440)",
        "(313, 403)",
        "(430, 343)",
        "(541, 506)",
        "(916, 247)",
        "(338, 72)",
        "(314, 150)",
        "(449, 193)",
        "(777, 693)",
        "(383, 759)",
        "(223, 493)",
        "(174, 769)",
        "(553, 619)",
        "(470, 730)",
        "(980, 927)",
        "(444, 64)",
        "(953, 840)",
        "(398, 804)",
        "(445, 672)",
        "(480, 563)",
        "(351, 869)",
        "(219, 616)",
        "(148, 30)",
        "(128, 484)",
        "(802, 272)",
        "(3, 754)",
        "(209, 592)",
        "(639, 130)",
        "(876, 663)",
        "(355, 694)",
        "(427, 543)",
        "(481, 143)",
        "(724, 437)",
        "(639, 520)",
        "(148, 263)",
        "(478, 207)",
        "(797, 676)",
        "(950, 718)",
        "(424, 619)",
        "(185, 387)",
        "(204, 658)"
    ],
    "(383, 759)": [
        "(470, 730)",
        "(777, 693)",
        "(48, 801)",
        "(800, 402)",
        "(626, 453)",
        "(934, 846)",
        "(185, 387)",
        "(148, 263)",
        "(520, 910)",
        "(953, 840)",
        "(219, 616)",
        "(639, 520)",
        "(518, 440)",
        "(449, 193)",
        "(503, 830)",
        "(204, 171)",
        "(980, 927)",
        "(89, 886)",
        "(480, 563)",
        "(773, 757)",
        "(553, 619)",
        "(949, 393)",
        "(3, 754)",
        "(124, 506)",
        "(639, 247)",
        "(313, 403)",
        "(465, 360)",
        "(950, 718)",
        "(204, 658)",
        "(424, 619)",
        "(163, 944)",
        "(174, 769)",
        "(639, 130)",
        "(808, 33)",
        "(442, 797)",
        "(209, 592)",
        "(11, 301)",
        "(532, 644)",
        "(351, 869)",
        "(810, 917)",
        "(1, 98)",
        "(223, 493)",
        "(445, 672)",
        "(802, 272)",
        "(916, 247)",
        "(314, 150)",
        "(438, 888)",
        "(478, 207)",
        "(128, 484)",
        "(950, 247)",
        "(170, 616)",
        "(967, 558)",
        "(966, 305)",
        "(876, 663)",
        "(481, 143)"
    ],
    "(313, 403)": [
        "(427, 543)",
        "(916, 247)",
        "(478, 207)",
        "(950, 718)",
        "(223, 493)",
        "(45, 179)",
        "(808, 33)",
        "(148, 263)",
        "(3, 754)",
        "(481, 143)",
        "(967, 162)",
        "(503, 830)",
        "(480, 563)",
        "(204, 171)",
        "(89, 886)",
        "(465, 360)",
        "(797, 676)",
        "(219, 616)",
        "(950, 247)",
        "(48, 801)",
        "(209, 592)",
        "(438, 888)",
        "(934, 846)",
        "(398, 804)",
        "(170, 616)",
        "(204, 658)",
        "(777, 693)",
        "(383, 759)",
        "(445, 672)",
        "(639, 520)",
        "(449, 193)",
        "(802, 272)",
        "(355, 694)",
        "(953, 840)",
        "(688, 181)",
        "(174, 769)",
        "(430, 343)",
        "(338, 72)",
        "(205, 511)",
        "(626, 453)",
        "(639, 247)",
        "(185, 387)",
        "(810, 917)",
        "(470, 730)",
        "(980, 927)",
        "(367, 975)",
        "(11, 301)",
        "(553, 619)",
        "(966, 305)",
        "(124, 506)",
        "(1, 98)",
        "(314, 150)",
        "(520, 910)"
    ],
    "(314, 150)": [
        "(639, 247)",
        "(351, 869)",
        "(934, 846)",
        "(219, 616)",
        "(478, 207)",
        "(204, 171)",
        "(967, 558)",
        "(355, 694)",
        "(449, 193)",
        "(532, 644)",
        "(802, 272)",
        "(626, 453)",
        "(876, 663)",
        "(708, 235)",
        "(407, 961)",
        "(639, 130)",
        "(89, 886)",
        "(148, 263)",
        "(953, 840)",
        "(442, 797)",
        "(45, 179)",
        "(444, 64)",
        "(480, 563)",
        "(223, 493)",
        "(553, 619)",
        "(174, 769)",
        "(518, 440)",
        "(639, 520)",
        "(797, 676)",
        "(520, 910)",
        "(1, 98)",
        "(204, 658)",
        "(724, 437)",
        "(949, 393)",
        "(966, 305)",
        "(170, 616)",
        "(3, 754)",
        "(950, 247)",
        "(808, 33)",
        "(48, 801)",
        "(481, 143)",
        "(11, 301)",
        "(777, 693)",
        "(163, 944)",
        "(950, 718)",
        "(967, 162)",
        "(338, 72)",
        "(438, 888)",
        "(383, 759)",
        "(916, 247)",
        "(465, 360)",
        "(128, 484)",
        "(124, 506)",
        "(688, 181)",
        "(205, 511)",
        "(313, 403)",
        "(980, 927)"
    ],
    "(481, 143)": [
        "(442, 797)",
        "(876, 663)",
        "(148, 263)",
        "(966, 305)",
        "(449, 193)",
        "(518, 440)",
        "(953, 840)",
        "(532, 644)",
        "(219, 616)",
        "(163, 944)",
        "(967, 558)",
        "(503, 830)",
        "(313, 403)",
        "(148, 30)",
        "(934, 846)",
        "(639, 520)",
        "(204, 171)",
        "(48, 801)",
        "(355, 694)",
        "(724, 437)",
        "(438, 888)",
        "(777, 693)",
        "(1, 98)",
        "(124, 506)",
        "(204, 658)",
        "(688, 181)",
        "(808, 33)",
        "(980, 927)",
        "(916, 247)",
        "(205, 511)",
        "(174, 769)",
        "(45, 179)",
        "(209, 592)",
        "(430, 343)",
        "(314, 150)",
        "(470, 730)",
        "(351, 869)",
        "(398, 804)",
        "(170, 616)",
        "(553, 619)",
        "(407, 961)",
        "(445, 672)",
        "(950, 718)",
        "(465, 360)",
        "(89, 886)",
        "(11, 301)",
        "(708, 235)",
        "(367, 975)",
        "(967, 162)",
        "(480, 563)",
        "(223, 493)",
        "(797, 676)",
        "(128, 484)",
        "(639, 130)",
        "(639, 247)",
        "(800, 402)",
        "(773, 757)",
        "(383, 759)"
    ],
    "(3, 754)": [
        "(553, 619)",
        "(953, 840)",
        "(205, 511)",
        "(351, 869)",
        "(639, 130)",
        "(470, 730)",
        "(802, 272)",
        "(313, 403)",
        "(465, 360)",
        "(449, 193)",
        "(478, 207)",
        "(934, 846)",
        "(950, 718)",
        "(518, 440)",
        "(128, 484)",
        "(430, 343)",
        "(808, 33)",
        "(773, 757)",
        "(966, 305)",
        "(444, 64)",
        "(424, 619)",
        "(185, 387)",
        "(626, 453)",
        "(204, 658)",
        "(383, 759)",
        "(148, 30)",
        "(639, 520)",
        "(980, 927)",
        "(724, 437)",
        "(688, 181)",
        "(314, 150)",
        "(777, 693)",
        "(338, 72)",
        "(89, 886)",
        "(163, 944)",
        "(949, 393)",
        "(407, 961)",
        "(480, 563)",
        "(810, 917)",
        "(174, 769)",
        "(427, 543)",
        "(11, 301)",
        "(541, 506)",
        "(950, 247)",
        "(398, 804)",
        "(1, 98)",
        "(532, 644)"
    ],
    "(124, 506)": [
        "(953, 840)",
        "(639, 520)",
        "(430, 343)",
        "(170, 616)",
        "(219, 616)",
        "(89, 886)",
        "(174, 769)",
        "(724, 437)",
        "(163, 944)",
        "(355, 694)",
        "(532, 644)",
        "(1, 98)",
        "(967, 162)",
        "(980, 927)",
        "(48, 801)",
        "(626, 453)",
        "(802, 272)",
        "(204, 171)",
        "(398, 804)",
        "(797, 676)",
        "(553, 619)",
        "(688, 181)",
        "(383, 759)",
        "(481, 143)",
        "(876, 663)",
        "(966, 305)",
        "(639, 247)",
        "(934, 846)",
        "(427, 543)",
        "(223, 493)",
        "(800, 402)",
        "(128, 484)",
        "(810, 917)",
        "(148, 30)",
        "(11, 301)",
        "(209, 592)",
        "(480, 563)",
        "(916, 247)",
        "(449, 193)",
        "(465, 360)",
        "(442, 797)",
        "(314, 150)",
        "(204, 658)",
        "(541, 506)",
        "(478, 207)",
        "(470, 730)",
        "(313, 403)",
        "(445, 672)",
        "(424, 619)",
        "(185, 387)",
        "(518, 440)",
        "(708, 235)",
        "(45, 179)"
    ],
    "(520, 910)": [
        "(367, 975)",
        "(934, 846)",
        "(89, 886)",
        "(639, 520)",
        "(950, 718)",
        "(383, 759)",
        "(810, 917)",
        "(205, 511)",
        "(808, 33)",
        "(338, 72)",
        "(407, 961)",
        "(209, 592)",
        "(148, 30)",
        "(427, 543)",
        "(438, 888)",
        "(953, 840)",
        "(185, 387)",
        "(967, 162)",
        "(465, 360)",
        "(800, 402)",
        "(916, 247)",
        "(314, 150)",
        "(219, 616)",
        "(163, 944)",
        "(639, 247)",
        "(445, 672)",
        "(424, 619)",
        "(532, 644)",
        "(204, 658)",
        "(170, 616)",
        "(626, 453)",
        "(470, 730)",
        "(688, 181)",
        "(980, 927)",
        "(223, 493)",
        "(11, 301)",
        "(876, 663)",
        "(449, 193)",
        "(949, 393)",
        "(351, 869)",
        "(541, 506)",
        "(950, 247)",
        "(518, 440)",
        "(313, 403)",
        "(45, 179)",
        "(966, 305)",
        "(777, 693)"
    ],
    "(407, 961)": [
        "(170, 616)",
        "(639, 130)",
        "(148, 30)",
        "(518, 440)",
        "(89, 886)",
        "(773, 757)",
        "(45, 179)",
        "(424, 619)",
        "(810, 917)",
        "(204, 171)",
        "(438, 888)",
        "(626, 453)",
        "(444, 64)",
        "(688, 181)",
        "(48, 801)",
        "(209, 592)",
        "(802, 272)",
        "(314, 150)",
        "(520, 910)",
        "(478, 207)",
        "(427, 543)",
        "(11, 301)",
        "(967, 558)",
        "(338, 72)",
        "(128, 484)",
        "(398, 804)",
        "(800, 402)",
        "(950, 247)",
        "(351, 869)",
        "(223, 493)",
        "(1, 98)",
        "(367, 975)",
        "(3, 754)",
        "(148, 263)",
        "(481, 143)",
        "(205, 511)",
        "(442, 797)",
        "(185, 387)",
        "(639, 520)",
        "(949, 393)",
        "(950, 718)",
        "(204, 658)",
        "(470, 730)",
        "(541, 506)",
        "(355, 694)",
        "(430, 343)",
        "(465, 360)",
        "(934, 846)",
        "(219, 616)",
        "(953, 840)",
        "(724, 437)",
        "(532, 644)",
        "(966, 305)",
        "(967, 162)"
    ],
    "(950, 247)": [
        "(465, 360)",
        "(480, 563)",
        "(773, 757)",
        "(953, 840)",
        "(808, 33)",
        "(532, 644)",
        "(89, 886)",
        "(802, 272)",
        "(338, 72)",
        "(430, 343)",
        "(934, 846)",
        "(950, 718)",
        "(204, 171)",
        "(980, 927)",
        "(45, 179)",
        "(1, 98)",
        "(639, 130)",
        "(313, 403)",
        "(800, 402)",
        "(876, 663)",
        "(916, 247)",
        "(223, 493)",
        "(204, 658)",
        "(367, 975)",
        "(639, 247)",
        "(639, 520)",
        "(407, 961)",
        "(810, 917)",
        "(626, 453)",
        "(219, 616)",
        "(314, 150)",
        "(128, 484)",
        "(351, 869)",
        "(541, 506)",
        "(444, 64)",
        "(11, 301)",
        "(688, 181)",
        "(470, 730)",
        "(205, 511)",
        "(174, 769)",
        "(966, 305)",
        "(442, 797)",
        "(383, 759)",
        "(209, 592)",
        "(520, 910)",
        "(3, 754)",
        "(949, 393)",
        "(163, 944)",
        "(797, 676)",
        "(478, 207)",
        "(503, 830)"
    ],
    "(639, 247)": [
        "(314, 150)",
        "(967, 162)",
        "(470, 730)",
        "(351, 869)",
        "(949, 393)",
        "(553, 619)",
        "(367, 975)",
        "(966, 305)",
        "(916, 247)",
        "(773, 757)",
        "(209, 592)",
        "(541, 506)",
        "(11, 301)",
        "(442, 797)",
        "(89, 886)",
        "(444, 64)",
        "(148, 30)",
        "(777, 693)",
        "(1, 98)",
        "(445, 672)",
        "(148, 263)",
        "(797, 676)",
        "(800, 402)",
        "(430, 343)",
        "(398, 804)",
        "(205, 511)",
        "(708, 235)",
        "(950, 718)",
        "(170, 616)",
        "(383, 759)",
        "(950, 247)",
        "(424, 619)",
        "(174, 769)",
        "(124, 506)",
        "(520, 910)",
        "(438, 888)",
        "(518, 440)",
        "(223, 493)",
        "(639, 520)",
        "(478, 207)",
        "(163, 944)",
        "(313, 403)",
        "(465, 360)",
        "(532, 644)",
        "(204, 171)",
        "(128, 484)",
        "(204, 658)",
        "(503, 830)",
        "(219, 616)",
        "(810, 917)",
        "(724, 437)",
        "(355, 694)",
        "(481, 143)",
        "(338, 72)",
        "(185, 387)",
        "(427, 543)",
        "(449, 193)"
    ],
    "(367, 975)": [
        "(876, 663)",
        "(430, 343)",
        "(949, 393)",
        "(520, 910)",
        "(438, 888)",
        "(639, 247)",
        "(444, 64)",
        "(427, 543)",
        "(45, 179)",
        "(916, 247)",
        "(148, 30)",
        "(480, 563)",
        "(532, 644)",
        "(953, 840)",
        "(204, 658)",
        "(209, 592)",
        "(355, 694)",
        "(338, 72)",
        "(11, 301)",
        "(204, 171)",
        "(800, 402)",
        "(442, 797)",
        "(966, 305)",
        "(174, 769)",
        "(518, 440)",
        "(639, 520)",
        "(478, 207)",
        "(980, 927)",
        "(553, 619)",
        "(808, 33)",
        "(639, 130)",
        "(950, 247)",
        "(470, 730)",
        "(503, 830)",
        "(802, 272)",
        "(407, 961)",
        "(777, 693)",
        "(934, 846)",
        "(797, 676)",
        "(967, 558)",
        "(626, 453)",
        "(313, 403)",
        "(481, 143)",
        "(205, 511)",
        "(398, 804)",
        "(223, 493)",
        "(1, 98)",
        "(541, 506)",
        "(185, 387)",
        "(170, 616)",
        "(424, 619)"
    ],
    "(800, 402)": [
        "(724, 437)",
        "(383, 759)",
        "(470, 730)",
        "(810, 917)",
        "(219, 616)",
        "(777, 693)",
        "(174, 769)",
        "(967, 162)",
        "(688, 181)",
        "(45, 179)",
        "(209, 592)",
        "(148, 30)",
        "(639, 130)",
        "(148, 263)",
        "(980, 927)",
        "(11, 301)",
        "(773, 757)",
        "(553, 619)",
        "(808, 33)",
        "(170, 616)",
        "(398, 804)",
        "(367, 975)",
        "(953, 840)",
        "(351, 869)",
        "(949, 393)",
        "(639, 247)",
        "(438, 888)",
        "(950, 247)",
        "(48, 801)",
        "(520, 910)",
        "(503, 830)",
        "(407, 961)",
        "(205, 511)",
        "(639, 520)",
        "(966, 305)",
        "(124, 506)",
        "(424, 619)",
        "(465, 360)",
        "(128, 484)",
        "(934, 846)",
        "(802, 272)",
        "(478, 207)",
        "(916, 247)",
        "(185, 387)",
        "(355, 694)",
        "(518, 440)",
        "(427, 543)",
        "(481, 143)",
        "(541, 506)",
        "(449, 193)",
        "(204, 171)",
        "(967, 558)"
    ],
    "(966, 305)": [
        "(355, 694)",
        "(950, 718)",
        "(481, 143)",
        "(427, 543)",
        "(532, 644)",
        "(708, 235)",
        "(518, 440)",
        "(639, 520)",
        "(639, 247)",
        "(953, 840)",
        "(688, 181)",
        "(442, 797)",
        "(148, 30)",
        "(503, 830)",
        "(470, 730)",
        "(967, 558)",
        "(916, 247)",
        "(148, 263)",
        "(128, 484)",
        "(45, 179)",
        "(480, 563)",
        "(777, 693)",
        "(934, 846)",
        "(3, 754)",
        "(478, 207)",
        "(367, 975)",
        "(626, 453)",
        "(465, 360)",
        "(124, 506)",
        "(430, 343)",
        "(204, 658)",
        "(800, 402)",
        "(314, 150)",
        "(170, 616)",
        "(209, 592)",
        "(219, 616)",
        "(553, 619)",
        "(802, 272)",
        "(163, 944)",
        "(449, 193)",
        "(1, 98)",
        "(445, 672)",
        "(11, 301)",
        "(338, 72)",
        "(438, 888)",
        "(950, 247)",
        "(48, 801)",
        "(223, 493)",
        "(724, 437)",
        "(313, 403)",
        "(541, 506)",
        "(424, 619)",
        "(383, 759)",
        "(520, 910)",
        "(185, 387)",
        "(773, 757)",
        "(808, 33)",
        "(407, 961)"
    ],
    "(503, 830)": [
        "(950, 718)",
        "(777, 693)",
        "(934, 846)",
        "(338, 72)",
        "(541, 506)",
        "(470, 730)",
        "(708, 235)",
        "(481, 143)",
        "(465, 360)",
        "(148, 263)",
        "(966, 305)",
        "(639, 520)",
        "(313, 403)",
        "(518, 440)",
        "(204, 658)",
        "(480, 563)",
        "(383, 759)",
        "(45, 179)",
        "(639, 130)",
        "(967, 162)",
        "(430, 343)",
        "(478, 207)",
        "(802, 272)",
        "(980, 927)",
        "(876, 663)",
        "(532, 644)",
        "(800, 402)",
        "(949, 393)",
        "(170, 616)",
        "(438, 888)",
        "(367, 975)",
        "(427, 543)",
        "(724, 437)",
        "(11, 301)",
        "(967, 558)",
        "(209, 592)",
        "(163, 944)",
        "(553, 619)",
        "(773, 757)",
        "(351, 869)",
        "(185, 387)",
        "(449, 193)",
        "(639, 247)",
        "(688, 181)",
        "(223, 493)",
        "(398, 804)",
        "(205, 511)",
        "(444, 64)",
        "(48, 801)",
        "(950, 247)",
        "(204, 171)"
    ],
    "(980, 927)": [
        "(808, 33)",
        "(445, 672)",
        "(223, 493)",
        "(398, 804)",
        "(11, 301)",
        "(430, 343)",
        "(185, 387)",
        "(465, 360)",
        "(777, 693)",
        "(209, 592)",
        "(800, 402)",
        "(916, 247)",
        "(148, 30)",
        "(518, 440)",
        "(950, 247)",
        "(148, 263)",
        "(355, 694)",
        "(124, 506)",
        "(773, 757)",
        "(48, 801)",
        "(934, 846)",
        "(383, 759)",
        "(89, 886)",
        "(503, 830)",
        "(708, 235)",
        "(128, 484)",
        "(367, 975)",
        "(553, 619)",
        "(797, 676)",
        "(3, 754)",
        "(444, 64)",
        "(724, 437)",
        "(481, 143)",
        "(424, 619)",
        "(950, 718)",
        "(170, 616)",
        "(351, 869)",
        "(953, 840)",
        "(1, 98)",
        "(802, 272)",
        "(967, 162)",
        "(438, 888)",
        "(626, 453)",
        "(478, 207)",
        "(639, 130)",
        "(313, 403)",
        "(449, 193)",
        "(427, 543)",
        "(338, 72)",
        "(639, 520)",
        "(520, 910)",
        "(480, 563)",
        "(949, 393)",
        "(810, 917)",
        "(314, 150)"
    ],
    "(170, 616)": [
        "(553, 619)",
        "(802, 272)",
        "(204, 658)",
        "(465, 360)",
        "(407, 961)",
        "(518, 440)",
        "(626, 453)",
        "(174, 769)",
        "(124, 506)",
        "(430, 343)",
        "(223, 493)",
        "(876, 663)",
        "(1, 98)",
        "(45, 179)",
        "(916, 247)",
        "(209, 592)",
        "(444, 64)",
        "(438, 888)",
        "(800, 402)",
        "(148, 30)",
        "(185, 387)",
        "(950, 718)",
        "(797, 676)",
        "(449, 193)",
        "(48, 801)",
        "(427, 543)",
        "(148, 263)",
        "(219, 616)",
        "(313, 403)",
        "(639, 247)",
        "(470, 730)",
        "(773, 757)",
        "(480, 563)",
        "(503, 830)",
        "(478, 207)",
        "(934, 846)",
        "(980, 927)",
        "(424, 619)",
        "(777, 693)",
        "(949, 393)",
        "(967, 558)",
        "(314, 150)",
        "(966, 305)",
        "(338, 72)",
        "(442, 797)",
        "(445, 672)",
        "(520, 910)",
        "(163, 944)",
        "(481, 143)",
        "(355, 694)",
        "(967, 162)",
        "(541, 506)",
        "(205, 511)",
        "(953, 840)",
        "(383, 759)",
        "(639, 520)",
        "(639, 130)",
        "(532, 644)",
        "(367, 975)",
        "(351, 869)"
    ],
    "(626, 453)": [
        "(185, 387)",
        "(916, 247)",
        "(383, 759)",
        "(351, 869)",
        "(170, 616)",
        "(708, 235)",
        "(639, 520)",
        "(204, 171)",
        "(449, 193)",
        "(407, 961)",
        "(967, 558)",
        "(89, 886)",
        "(797, 676)",
        "(48, 801)",
        "(532, 644)",
        "(398, 804)",
        "(934, 846)",
        "(777, 693)",
        "(355, 694)",
        "(438, 888)",
        "(204, 658)",
        "(314, 150)",
        "(639, 130)",
        "(124, 506)",
        "(808, 33)",
        "(442, 797)",
        "(148, 30)",
        "(3, 754)",
        "(445, 672)",
        "(966, 305)",
        "(518, 440)",
        "(45, 179)",
        "(967, 162)",
        "(876, 663)",
        "(427, 543)",
        "(950, 247)",
        "(313, 403)",
        "(980, 927)",
        "(520, 910)",
        "(478, 207)",
        "(553, 619)",
        "(209, 592)",
        "(424, 619)",
        "(163, 944)",
        "(810, 917)",
        "(128, 484)",
        "(223, 493)",
        "(367, 975)",
        "(953, 840)",
        "(338, 72)",
        "(205, 511)",
        "(950, 718)",
        "(174, 769)"
    ],
    "(204, 658)": [
        "(170, 616)",
        "(639, 130)",
        "(427, 543)",
        "(338, 72)",
        "(949, 393)",
        "(688, 181)",
        "(532, 644)",
        "(934, 846)",
        "(430, 343)",
        "(876, 663)",
        "(205, 511)",
        "(810, 917)",
        "(174, 769)",
        "(367, 975)",
        "(163, 944)",
        "(209, 592)",
        "(503, 830)",
        "(808, 33)",
        "(953, 840)",
        "(449, 193)",
        "(1, 98)",
        "(626, 453)",
        "(470, 730)",
        "(355, 694)",
        "(398, 804)",
        "(45, 179)",
        "(444, 64)",
        "(148, 30)",
        "(3, 754)",
        "(313, 403)",
        "(148, 263)",
        "(481, 143)",
        "(950, 247)",
        "(204, 171)",
        "(185, 387)",
        "(48, 801)",
        "(314, 150)",
        "(383, 759)",
        "(518, 440)",
        "(773, 757)",
        "(966, 305)",
        "(351, 869)",
        "(520, 910)",
        "(223, 493)",
        "(639, 247)",
        "(11, 301)",
        "(407, 961)",
        "(950, 718)",
        "(124, 506)",
        "(480, 563)",
        "(967, 162)",
        "(478, 207)",
        "(639, 520)",
        "(967, 558)",
        "(442, 797)",
        "(89, 886)",
        "(724, 437)"
    ],
    "(444, 64)": [
        "(11, 301)",
        "(478, 207)",
        "(708, 235)",
        "(949, 393)",
        "(367, 975)",
        "(205, 511)",
        "(777, 693)",
        "(953, 840)",
        "(639, 247)",
        "(223, 493)",
        "(639, 130)",
        "(148, 30)",
        "(407, 961)",
        "(967, 558)",
        "(170, 616)",
        "(128, 484)",
        "(810, 917)",
        "(351, 869)",
        "(639, 520)",
        "(541, 506)",
        "(148, 263)",
        "(185, 387)",
        "(174, 769)",
        "(553, 619)",
        "(3, 754)",
        "(445, 672)",
        "(314, 150)",
        "(442, 797)",
        "(802, 272)",
        "(204, 658)",
        "(89, 886)",
        "(773, 757)",
        "(48, 801)",
        "(980, 927)",
        "(950, 718)",
        "(424, 619)",
        "(916, 247)",
        "(724, 437)",
        "(163, 944)",
        "(688, 181)",
        "(465, 360)",
        "(45, 179)",
        "(480, 563)",
        "(518, 440)",
        "(950, 247)",
        "(1, 98)",
        "(797, 676)",
        "(219, 616)",
        "(808, 33)",
        "(503, 830)",
        "(470, 730)",
        "(209, 592)",
        "(438, 888)",
        "(876, 663)",
        "(967, 162)"
    ],
    "(128, 484)": [
        "(1, 98)",
        "(470, 730)",
        "(427, 543)",
        "(797, 676)",
        "(688, 181)",
        "(355, 694)",
        "(949, 393)",
        "(532, 644)",
        "(449, 193)",
        "(802, 272)",
        "(351, 869)",
        "(148, 30)",
        "(3, 754)",
        "(444, 64)",
        "(966, 305)",
        "(430, 343)",
        "(174, 769)",
        "(424, 619)",
        "(810, 917)",
        "(980, 927)",
        "(45, 179)",
        "(205, 511)",
        "(407, 961)",
        "(442, 797)",
        "(777, 693)",
        "(808, 33)",
        "(89, 886)",
        "(124, 506)",
        "(950, 247)",
        "(953, 840)",
        "(724, 437)",
        "(219, 616)",
        "(800, 402)",
        "(934, 846)",
        "(518, 440)",
        "(876, 663)",
        "(223, 493)",
        "(163, 944)",
        "(541, 506)",
        "(950, 718)",
        "(48, 801)",
        "(639, 247)",
        "(626, 453)",
        "(553, 619)",
        "(148, 263)",
        "(465, 360)",
        "(209, 592)",
        "(314, 150)",
        "(383, 759)",
        "(639, 130)",
        "(478, 207)",
        "(480, 563)",
        "(481, 143)",
        "(338, 72)",
        "(398, 804)",
        "(916, 247)",
        "(204, 171)"
    ],
    "(480, 563)": [
        "(532, 644)",
        "(934, 846)",
        "(950, 247)",
        "(1, 98)",
        "(688, 181)",
        "(185, 387)",
        "(48, 801)",
        "(967, 162)",
        "(205, 511)",
        "(639, 130)",
        "(949, 393)",
        "(518, 440)",
        "(219, 616)",
        "(367, 975)",
        "(876, 663)",
        "(708, 235)",
        "(11, 301)",
        "(209, 592)",
        "(797, 676)",
        "(950, 718)",
        "(541, 506)",
        "(313, 403)",
        "(777, 693)",
        "(503, 830)",
        "(966, 305)",
        "(773, 757)",
        "(424, 619)",
        "(383, 759)",
        "(314, 150)",
        "(478, 207)",
        "(967, 558)",
        "(148, 30)",
        "(916, 247)",
        "(470, 730)",
        "(89, 886)",
        "(223, 493)",
        "(170, 616)",
        "(465, 360)",
        "(398, 804)",
        "(351, 869)",
        "(445, 672)",
        "(444, 64)",
        "(3, 754)",
        "(953, 840)",
        "(124, 506)",
        "(148, 263)",
        "(980, 927)",
        "(639, 520)",
        "(45, 179)",
        "(442, 797)",
        "(481, 143)",
        "(427, 543)",
        "(174, 769)",
        "(204, 658)",
        "(810, 917)",
        "(128, 484)",
        "(163, 944)",
        "(802, 272)",
        "(808, 33)"
    ],
    "(449, 193)": [
        "(438, 888)",
        "(481, 143)",
        "(205, 511)",
        "(430, 343)",
        "(724, 437)",
        "(626, 453)",
        "(174, 769)",
        "(338, 72)",
        "(48, 801)",
        "(802, 272)",
        "(351, 869)",
        "(3, 754)",
        "(639, 130)",
        "(518, 440)",
        "(708, 235)",
        "(45, 179)",
        "(916, 247)",
        "(128, 484)",
        "(314, 150)",
        "(185, 387)",
        "(553, 619)",
        "(204, 658)",
        "(383, 759)",
        "(478, 207)",
        "(427, 543)",
        "(89, 886)",
        "(170, 616)",
        "(810, 917)",
        "(470, 730)",
        "(313, 403)",
        "(934, 846)",
        "(148, 263)",
        "(355, 694)",
        "(773, 757)",
        "(808, 33)",
        "(688, 181)",
        "(966, 305)",
        "(980, 927)",
        "(223, 493)",
        "(124, 506)",
        "(503, 830)",
        "(163, 944)",
        "(950, 718)",
        "(520, 910)",
        "(777, 693)",
        "(465, 360)",
        "(967, 558)",
        "(876, 663)",
        "(442, 797)",
        "(398, 804)",
        "(639, 520)",
        "(532, 644)",
        "(639, 247)",
        "(800, 402)"
    ],
    "(205, 511)": [
        "(148, 30)",
        "(916, 247)",
        "(3, 754)",
        "(541, 506)",
        "(11, 301)",
        "(45, 179)",
        "(449, 193)",
        "(639, 520)",
        "(480, 563)",
        "(967, 162)",
        "(444, 64)",
        "(953, 840)",
        "(204, 658)",
        "(773, 757)",
        "(430, 343)",
        "(48, 801)",
        "(465, 360)",
        "(398, 804)",
        "(520, 910)",
        "(708, 235)",
        "(478, 207)",
        "(424, 619)",
        "(1, 98)",
        "(223, 493)",
        "(797, 676)",
        "(639, 247)",
        "(950, 718)",
        "(445, 672)",
        "(438, 888)",
        "(934, 846)",
        "(470, 730)",
        "(128, 484)",
        "(800, 402)",
        "(802, 272)",
        "(355, 694)",
        "(876, 663)",
        "(967, 558)",
        "(481, 143)",
        "(724, 437)",
        "(313, 403)",
        "(163, 944)",
        "(808, 33)",
        "(777, 693)",
        "(553, 619)",
        "(407, 961)",
        "(532, 644)",
        "(427, 543)",
        "(170, 616)",
        "(626, 453)",
        "(518, 440)",
        "(367, 975)",
        "(949, 393)",
        "(950, 247)",
        "(639, 130)",
        "(174, 769)",
        "(503, 830)",
        "(314, 150)",
        "(185, 387)",
        "(219, 616)"
    ],
    "(163, 944)": [
        "(174, 769)",
        "(532, 644)",
        "(438, 888)",
        "(478, 207)",
        "(481, 143)",
        "(223, 493)",
        "(11, 301)",
        "(802, 272)",
        "(124, 506)",
        "(204, 171)",
        "(204, 658)",
        "(185, 387)",
        "(465, 360)",
        "(949, 393)",
        "(777, 693)",
        "(219, 616)",
        "(876, 663)",
        "(934, 846)",
        "(797, 676)",
        "(541, 506)",
        "(708, 235)",
        "(916, 247)",
        "(430, 343)",
        "(967, 162)",
        "(470, 730)",
        "(520, 910)",
        "(383, 759)",
        "(639, 520)",
        "(205, 511)",
        "(639, 247)",
        "(810, 917)",
        "(444, 64)",
        "(3, 754)",
        "(170, 616)",
        "(351, 869)",
        "(503, 830)",
        "(966, 305)",
        "(314, 150)",
        "(808, 33)",
        "(128, 484)",
        "(626, 453)",
        "(688, 181)",
        "(45, 179)",
        "(449, 193)",
        "(424, 619)",
        "(338, 72)",
        "(724, 437)",
        "(518, 440)",
        "(480, 563)",
        "(950, 247)",
        "(967, 558)",
        "(442, 797)",
        "(355, 694)",
        "(48, 801)"
    ],
    "(967, 558)": [
        "(223, 493)",
        "(445, 672)",
        "(773, 757)",
        "(518, 440)",
        "(465, 360)",
        "(314, 150)",
        "(808, 33)",
        "(481, 143)",
        "(876, 663)",
        "(219, 616)",
        "(626, 453)",
        "(953, 840)",
        "(45, 179)",
        "(89, 886)",
        "(444, 64)",
        "(777, 693)",
        "(966, 305)",
        "(148, 263)",
        "(480, 563)",
        "(407, 961)",
        "(204, 171)",
        "(724, 437)",
        "(430, 343)",
        "(438, 888)",
        "(205, 511)",
        "(1, 98)",
        "(170, 616)",
        "(688, 181)",
        "(503, 830)",
        "(708, 235)",
        "(967, 162)",
        "(532, 644)",
        "(916, 247)",
        "(174, 769)",
        "(367, 975)",
        "(442, 797)",
        "(553, 619)",
        "(424, 619)",
        "(398, 804)",
        "(11, 301)",
        "(934, 846)",
        "(449, 193)",
        "(383, 759)",
        "(639, 130)",
        "(163, 944)",
        "(204, 658)",
        "(185, 387)",
        "(209, 592)",
        "(800, 402)"
    ],
    "(950, 718)": [
        "(503, 830)",
        "(808, 33)",
        "(148, 263)",
        "(966, 305)",
        "(313, 403)",
        "(876, 663)",
        "(445, 672)",
        "(520, 910)",
        "(442, 797)",
        "(553, 619)",
        "(148, 30)",
        "(967, 162)",
        "(424, 619)",
        "(797, 676)",
        "(480, 563)",
        "(3, 754)",
        "(950, 247)",
        "(48, 801)",
        "(204, 171)",
        "(708, 235)",
        "(810, 917)",
        "(185, 387)",
        "(174, 769)",
        "(541, 506)",
        "(170, 616)",
        "(219, 616)",
        "(427, 543)",
        "(351, 869)",
        "(205, 511)",
        "(45, 179)",
        "(639, 247)",
        "(398, 804)",
        "(383, 759)",
        "(444, 64)",
        "(980, 927)",
        "(639, 130)",
        "(209, 592)",
        "(688, 181)",
        "(1, 98)",
        "(481, 143)",
        "(314, 150)",
        "(338, 72)",
        "(128, 484)",
        "(953, 840)",
        "(11, 301)",
        "(724, 437)",
        "(407, 961)",
        "(355, 694)",
        "(626, 453)",
        "(204, 658)",
        "(449, 193)",
        "(934, 846)",
        "(773, 757)",
        "(89, 886)"
    ],
    "(351, 869)": [
        "(314, 150)",
        "(639, 247)",
        "(3, 754)",
        "(626, 453)",
        "(797, 676)",
        "(148, 30)",
        "(449, 193)",
        "(876, 663)",
        "(773, 757)",
        "(639, 520)",
        "(128, 484)",
        "(204, 171)",
        "(11, 301)",
        "(532, 644)",
        "(219, 616)",
        "(444, 64)",
        "(800, 402)",
        "(45, 179)",
        "(427, 543)",
        "(688, 181)",
        "(950, 718)",
        "(355, 694)",
        "(808, 33)",
        "(89, 886)",
        "(802, 272)",
        "(934, 846)",
        "(407, 961)",
        "(204, 658)",
        "(980, 927)",
        "(478, 207)",
        "(950, 247)",
        "(383, 759)",
        "(916, 247)",
        "(553, 619)",
        "(810, 917)",
        "(445, 672)",
        "(163, 944)",
        "(481, 143)",
        "(480, 563)",
        "(518, 440)",
        "(503, 830)",
        "(398, 804)",
        "(1, 98)",
        "(148, 263)",
        "(541, 506)",
        "(520, 910)",
        "(470, 730)",
        "(724, 437)",
        "(209, 592)",
        "(174, 769)",
        "(170, 616)"
    ],
    "(949, 393)": [
        "(541, 506)",
        "(777, 693)",
        "(444, 64)",
        "(367, 975)",
        "(708, 235)",
        "(219, 616)",
        "(808, 33)",
        "(89, 886)",
        "(639, 247)",
        "(204, 658)",
        "(480, 563)",
        "(724, 437)",
        "(45, 179)",
        "(174, 769)",
        "(204, 171)",
        "(128, 484)",
        "(810, 917)",
        "(532, 644)",
        "(967, 162)",
        "(163, 944)",
        "(355, 694)",
        "(465, 360)",
        "(953, 840)",
        "(688, 181)",
        "(800, 402)",
        "(427, 543)",
        "(223, 493)",
        "(383, 759)",
        "(503, 830)",
        "(438, 888)",
        "(185, 387)",
        "(314, 150)",
        "(170, 616)",
        "(916, 247)",
        "(338, 72)",
        "(639, 130)",
        "(773, 757)",
        "(3, 754)",
        "(48, 801)",
        "(553, 619)",
        "(802, 272)",
        "(934, 846)",
        "(407, 961)",
        "(980, 927)",
        "(148, 30)",
        "(205, 511)",
        "(424, 619)",
        "(520, 910)",
        "(797, 676)",
        "(478, 207)",
        "(950, 247)",
        "(518, 440)"
    ],
    "(148, 263)": [
        "(950, 718)",
        "(481, 143)",
        "(383, 759)",
        "(876, 663)",
        "(470, 730)",
        "(967, 162)",
        "(313, 403)",
        "(916, 247)",
        "(398, 804)",
        "(503, 830)",
        "(688, 181)",
        "(800, 402)",
        "(442, 797)",
        "(553, 619)",
        "(953, 840)",
        "(518, 440)",
        "(980, 927)",
        "(966, 305)",
        "(639, 130)",
        "(639, 247)",
        "(967, 558)",
        "(314, 150)",
        "(209, 592)",
        "(444, 64)",
        "(170, 616)",
        "(204, 658)",
        "(445, 672)",
        "(810, 917)",
        "(430, 343)",
        "(465, 360)",
        "(934, 846)",
        "(148, 30)",
        "(438, 888)",
        "(797, 676)",
        "(449, 193)",
        "(185, 387)",
        "(204, 171)",
        "(407, 961)",
        "(532, 644)",
        "(480, 563)",
        "(128, 484)",
        "(351, 869)",
        "(773, 757)",
        "(45, 179)",
        "(338, 72)",
        "(639, 520)",
        "(89, 886)",
        "(11, 301)",
        "(808, 33)",
        "(708, 235)"
    ],
    "(688, 181)": [
        "(808, 33)",
        "(480, 563)",
        "(148, 30)",
        "(724, 437)",
        "(797, 676)",
        "(800, 402)",
        "(204, 658)",
        "(338, 72)",
        "(128, 484)",
        "(966, 305)",
        "(223, 493)",
        "(148, 263)",
        "(89, 886)",
        "(407, 961)",
        "(174, 769)",
        "(45, 179)",
        "(424, 619)",
        "(949, 393)",
        "(470, 730)",
        "(478, 207)",
        "(953, 840)",
        "(351, 869)",
        "(185, 387)",
        "(11, 301)",
        "(430, 343)",
        "(219, 616)",
        "(876, 663)",
        "(124, 506)",
        "(518, 440)",
        "(445, 672)",
        "(481, 143)",
        "(3, 754)",
        "(313, 403)",
        "(442, 797)",
        "(639, 520)",
        "(967, 558)",
        "(541, 506)",
        "(934, 846)",
        "(773, 757)",
        "(48, 801)",
        "(950, 718)",
        "(444, 64)",
        "(449, 193)",
        "(438, 888)",
        "(810, 917)",
        "(520, 910)",
        "(802, 272)",
        "(163, 944)",
        "(503, 830)",
        "(950, 247)",
        "(639, 130)",
        "(314, 150)",
        "(427, 543)"
    ],
    "(185, 387)": [
        "(626, 453)",
        "(934, 846)",
        "(480, 563)",
        "(383, 759)",
        "(48, 801)",
        "(174, 769)",
        "(209, 592)",
        "(980, 927)",
        "(398, 804)",
        "(11, 301)",
        "(708, 235)",
        "(876, 663)",
        "(532, 644)",
        "(163, 944)",
        "(427, 543)",
        "(449, 193)",
        "(170, 616)",
        "(950, 718)",
        "(553, 619)",
        "(478, 207)",
        "(444, 64)",
        "(688, 181)",
        "(355, 694)",
        "(520, 910)",
        "(3, 754)",
        "(724, 437)",
        "(204, 658)",
        "(1, 98)",
        "(219, 616)",
        "(777, 693)",
        "(949, 393)",
        "(445, 672)",
        "(148, 263)",
        "(223, 493)",
        "(470, 730)",
        "(313, 403)",
        "(438, 888)",
        "(797, 676)",
        "(802, 272)",
        "(148, 30)",
        "(503, 830)",
        "(407, 961)",
        "(465, 360)",
        "(953, 840)",
        "(800, 402)",
        "(367, 975)",
        "(205, 511)",
        "(124, 506)",
        "(89, 886)",
        "(967, 558)",
        "(639, 520)",
        "(338, 72)",
        "(639, 247)",
        "(966, 305)",
        "(773, 757)"
    ],
    "(639, 130)": [
        "(219, 616)",
        "(204, 658)",
        "(407, 961)",
        "(3, 754)",
        "(553, 619)",
        "(478, 207)",
        "(480, 563)",
        "(438, 888)",
        "(398, 804)",
        "(800, 402)",
        "(444, 64)",
        "(449, 193)",
        "(209, 592)",
        "(465, 360)",
        "(148, 263)",
        "(314, 150)",
        "(626, 453)",
        "(503, 830)",
        "(810, 917)",
        "(532, 644)",
        "(950, 247)",
        "(427, 543)",
        "(967, 162)",
        "(338, 72)",
        "(430, 343)",
        "(48, 801)",
        "(777, 693)",
        "(367, 975)",
        "(934, 846)",
        "(45, 179)",
        "(950, 718)",
        "(442, 797)",
        "(383, 759)",
        "(174, 769)",
        "(949, 393)",
        "(916, 247)",
        "(204, 171)",
        "(89, 886)",
        "(980, 927)",
        "(708, 235)",
        "(953, 840)",
        "(1, 98)",
        "(688, 181)",
        "(205, 511)",
        "(128, 484)",
        "(724, 437)",
        "(11, 301)",
        "(170, 616)",
        "(470, 730)",
        "(967, 558)",
        "(481, 143)"
    ],
    "(518, 440)": [
        "(797, 676)",
        "(48, 801)",
        "(45, 179)",
        "(407, 961)",
        "(170, 616)",
        "(773, 757)",
        "(967, 558)",
        "(553, 619)",
        "(442, 797)",
        "(966, 305)",
        "(481, 143)",
        "(802, 272)",
        "(480, 563)",
        "(708, 235)",
        "(724, 437)",
        "(449, 193)",
        "(383, 759)",
        "(3, 754)",
        "(503, 830)",
        "(89, 886)",
        "(980, 927)",
        "(148, 263)",
        "(1, 98)",
        "(465, 360)",
        "(876, 663)",
        "(470, 730)",
        "(777, 693)",
        "(398, 804)",
        "(338, 72)",
        "(367, 975)",
        "(639, 520)",
        "(532, 644)",
        "(314, 150)",
        "(688, 181)",
        "(219, 616)",
        "(541, 506)",
        "(626, 453)",
        "(445, 672)",
        "(478, 207)",
        "(204, 658)",
        "(639, 247)",
        "(953, 840)",
        "(148, 30)",
        "(934, 846)",
        "(355, 694)",
        "(967, 162)",
        "(209, 592)",
        "(351, 869)",
        "(444, 64)",
        "(128, 484)",
        "(430, 343)",
        "(438, 888)",
        "(205, 511)",
        "(808, 33)",
        "(163, 944)",
        "(800, 402)",
        "(520, 910)",
        "(204, 171)",
        "(949, 393)",
        "(124, 506)"
    ],
    "(398, 804)": [
        "(980, 927)",
        "(338, 72)",
        "(355, 694)",
        "(174, 769)",
        "(185, 387)",
        "(639, 130)",
        "(148, 263)",
        "(465, 360)",
        "(773, 757)",
        "(205, 511)",
        "(967, 162)",
        "(626, 453)",
        "(553, 619)",
        "(800, 402)",
        "(204, 658)",
        "(518, 440)",
        "(724, 437)",
        "(639, 247)",
        "(124, 506)",
        "(953, 840)",
        "(424, 619)",
        "(313, 403)",
        "(89, 886)",
        "(407, 961)",
        "(950, 718)",
        "(204, 171)",
        "(438, 888)",
        "(45, 179)",
        "(480, 563)",
        "(427, 543)",
        "(1, 98)",
        "(481, 143)",
        "(797, 676)",
        "(808, 33)",
        "(223, 493)",
        "(351, 869)",
        "(442, 797)",
        "(802, 272)",
        "(967, 558)",
        "(503, 830)",
        "(367, 975)",
        "(777, 693)",
        "(48, 801)",
        "(470, 730)",
        "(449, 193)",
        "(478, 207)",
        "(128, 484)",
        "(3, 754)",
        "(148, 30)",
        "(639, 520)"
    ],
    "(148, 30)": [
        "(205, 511)",
        "(688, 181)",
        "(407, 961)",
        "(810, 917)",
        "(48, 801)",
        "(797, 676)",
        "(950, 718)",
        "(367, 975)",
        "(876, 663)",
        "(800, 402)",
        "(424, 619)",
        "(481, 143)",
        "(351, 869)",
        "(966, 305)",
        "(444, 64)",
        "(708, 235)",
        "(639, 247)",
        "(128, 484)",
        "(445, 672)",
        "(980, 927)",
        "(204, 171)",
        "(170, 616)",
        "(520, 910)",
        "(174, 769)",
        "(777, 693)",
        "(465, 360)",
        "(478, 207)",
        "(480, 563)",
        "(338, 72)",
        "(11, 301)",
        "(204, 658)",
        "(626, 453)",
        "(3, 754)",
        "(967, 162)",
        "(45, 179)",
        "(209, 592)",
        "(639, 520)",
        "(148, 263)",
        "(89, 886)",
        "(518, 440)",
        "(427, 543)",
        "(808, 33)",
        "(355, 694)",
        "(541, 506)",
        "(124, 506)",
        "(553, 619)",
        "(185, 387)",
        "(532, 644)",
        "(949, 393)",
        "(442, 797)",
        "(953, 840)",
        "(223, 493)",
        "(219, 616)",
        "(398, 804)",
        "(430, 343)"
    ],
    "(470, 730)": [
        "(383, 759)",
        "(128, 484)",
        "(800, 402)",
        "(639, 247)",
        "(802, 272)",
        "(48, 801)",
        "(1, 98)",
        "(3, 754)",
        "(503, 830)",
        "(148, 263)",
        "(219, 616)",
        "(465, 360)",
        "(966, 305)",
        "(808, 33)",
        "(541, 506)",
        "(430, 343)",
        "(11, 301)",
        "(518, 440)",
        "(204, 658)",
        "(688, 181)",
        "(223, 493)",
        "(89, 886)",
        "(438, 888)",
        "(209, 592)",
        "(480, 563)",
        "(876, 663)",
        "(205, 511)",
        "(170, 616)",
        "(449, 193)",
        "(163, 944)",
        "(367, 975)",
        "(185, 387)",
        "(916, 247)",
        "(481, 143)",
        "(445, 672)",
        "(934, 846)",
        "(553, 619)",
        "(520, 910)",
        "(313, 403)",
        "(355, 694)",
        "(478, 207)",
        "(427, 543)",
        "(950, 247)",
        "(407, 961)",
        "(532, 644)",
        "(204, 171)",
        "(444, 64)",
        "(124, 506)",
        "(442, 797)",
        "(398, 804)",
        "(351, 869)",
        "(639, 130)",
        "(338, 72)",
        "(773, 757)",
        "(708, 235)",
        "(953, 840)"
    ],
    "(427, 543)": [
        "(313, 403)",
        "(338, 72)",
        "(204, 658)",
        "(966, 305)",
        "(367, 975)",
        "(128, 484)",
        "(185, 387)",
        "(209, 592)",
        "(876, 663)",
        "(204, 171)",
        "(639, 520)",
        "(810, 917)",
        "(449, 193)",
        "(520, 910)",
        "(351, 869)",
        "(639, 130)",
        "(48, 801)",
        "(950, 718)",
        "(407, 961)",
        "(949, 393)",
        "(174, 769)",
        "(170, 616)",
        "(777, 693)",
        "(532, 644)",
        "(802, 272)",
        "(1, 98)",
        "(626, 453)",
        "(124, 506)",
        "(223, 493)",
        "(503, 830)",
        "(148, 30)",
        "(541, 506)",
        "(953, 840)",
        "(934, 846)",
        "(916, 247)",
        "(398, 804)",
        "(808, 33)",
        "(724, 437)",
        "(89, 886)",
        "(980, 927)",
        "(3, 754)",
        "(205, 511)",
        "(470, 730)",
        "(967, 162)",
        "(480, 563)",
        "(11, 301)",
        "(800, 402)",
        "(445, 672)",
        "(708, 235)",
        "(688, 181)",
        "(219, 616)",
        "(639, 247)"
    ],
    "(355, 694)": [
        "(966, 305)",
        "(810, 917)",
        "(209, 592)",
        "(398, 804)",
        "(445, 672)",
        "(128, 484)",
        "(802, 272)",
        "(124, 506)",
        "(367, 975)",
        "(314, 150)",
        "(438, 888)",
        "(980, 927)",
        "(481, 143)",
        "(949, 393)",
        "(626, 453)",
        "(204, 658)",
        "(478, 207)",
        "(553, 619)",
        "(442, 797)",
        "(797, 676)",
        "(532, 644)",
        "(185, 387)",
        "(777, 693)",
        "(351, 869)",
        "(205, 511)",
        "(313, 403)",
        "(708, 235)",
        "(465, 360)",
        "(219, 616)",
        "(449, 193)",
        "(338, 72)",
        "(518, 440)",
        "(148, 30)",
        "(773, 757)",
        "(174, 769)",
        "(45, 179)",
        "(876, 663)",
        "(89, 886)",
        "(170, 616)",
        "(1, 98)",
        "(470, 730)",
        "(950, 718)",
        "(639, 247)",
        "(800, 402)",
        "(223, 493)",
        "(407, 961)",
        "(11, 301)",
        "(808, 33)",
        "(163, 944)"
    ],
    "(424, 619)": [
        "(1, 98)",
        "(541, 506)",
        "(802, 272)",
        "(639, 520)",
        "(797, 676)",
        "(407, 961)",
        "(465, 360)",
        "(950, 718)",
        "(148, 30)",
        "(478, 207)",
        "(11, 301)",
        "(934, 846)",
        "(205, 511)",
        "(773, 757)",
        "(688, 181)",
        "(967, 162)",
        "(223, 493)",
        "(480, 563)",
        "(532, 644)",
        "(128, 484)",
        "(445, 672)",
        "(3, 754)",
        "(724, 437)",
        "(953, 840)",
        "(398, 804)",
        "(338, 72)",
        "(708, 235)",
        "(639, 247)",
        "(383, 759)",
        "(980, 927)",
        "(170, 616)",
        "(438, 888)",
        "(442, 797)",
        "(808, 33)",
        "(800, 402)",
        "(520, 910)",
        "(174, 769)",
        "(45, 179)",
        "(444, 64)",
        "(916, 247)",
        "(430, 343)",
        "(626, 453)",
        "(209, 592)",
        "(876, 663)",
        "(967, 558)",
        "(949, 393)",
        "(163, 944)",
        "(966, 305)",
        "(124, 506)",
        "(89, 886)",
        "(810, 917)",
        "(367, 975)"
    ],
    "(11, 301)": [
        "(444, 64)",
        "(205, 511)",
        "(553, 619)",
        "(980, 927)",
        "(639, 520)",
        "(724, 437)",
        "(639, 247)",
        "(163, 944)",
        "(185, 387)",
        "(209, 592)",
        "(800, 402)",
        "(480, 563)",
        "(424, 619)",
        "(442, 797)",
        "(367, 975)",
        "(470, 730)",
        "(351, 869)",
        "(1, 98)",
        "(934, 846)",
        "(445, 672)",
        "(688, 181)",
        "(223, 493)",
        "(148, 30)",
        "(407, 961)",
        "(45, 179)",
        "(338, 72)",
        "(916, 247)",
        "(174, 769)",
        "(777, 693)",
        "(802, 272)",
        "(503, 830)",
        "(541, 506)",
        "(383, 759)",
        "(124, 506)",
        "(314, 150)",
        "(773, 757)",
        "(966, 305)",
        "(950, 247)",
        "(478, 207)",
        "(204, 658)",
        "(950, 718)",
        "(481, 143)",
        "(520, 910)",
        "(3, 754)",
        "(313, 403)",
        "(148, 263)",
        "(967, 558)",
        "(355, 694)",
        "(427, 543)",
        "(219, 616)",
        "(639, 130)",
        "(48, 801)",
        "(708, 235)",
        "(465, 360)",
        "(953, 840)",
        "(204, 171)"
    ],
    "(553, 619)": [
        "(3, 754)",
        "(170, 616)",
        "(219, 616)",
        "(934, 846)",
        "(639, 130)",
        "(209, 592)",
        "(876, 663)",
        "(518, 440)",
        "(11, 301)",
        "(639, 247)",
        "(541, 506)",
        "(724, 437)",
        "(950, 718)",
        "(442, 797)",
        "(800, 402)",
        "(449, 193)",
        "(148, 263)",
        "(398, 804)",
        "(45, 179)",
        "(185, 387)",
        "(355, 694)",
        "(1, 98)",
        "(478, 207)",
        "(444, 64)",
        "(89, 886)",
        "(338, 72)",
        "(314, 150)",
        "(808, 33)",
        "(124, 506)",
        "(367, 975)",
        "(980, 927)",
        "(383, 759)",
        "(639, 520)",
        "(204, 171)",
        "(465, 360)",
        "(438, 888)",
        "(967, 162)",
        "(916, 247)",
        "(351, 869)",
        "(445, 672)",
        "(205, 511)",
        "(966, 305)",
        "(503, 830)",
        "(626, 453)",
        "(148, 30)",
        "(481, 143)",
        "(470, 730)",
        "(949, 393)",
        "(797, 676)",
        "(967, 558)",
        "(532, 644)",
        "(128, 484)",
        "(430, 343)",
        "(777, 693)",
        "(313, 403)",
        "(708, 235)",
        "(174, 769)",
        "(953, 840)"
    ],
    "(967, 162)": [
        "(639, 247)",
        "(430, 343)",
        "(916, 247)",
        "(800, 402)",
        "(480, 563)",
        "(223, 493)",
        "(148, 263)",
        "(205, 511)",
        "(445, 672)",
        "(950, 718)",
        "(1, 98)",
        "(876, 663)",
        "(777, 693)",
        "(532, 644)",
        "(313, 403)",
        "(949, 393)",
        "(398, 804)",
        "(124, 506)",
        "(808, 33)",
        "(424, 619)",
        "(503, 830)",
        "(953, 840)",
        "(639, 130)",
        "(934, 846)",
        "(438, 888)",
        "(520, 910)",
        "(773, 757)",
        "(148, 30)",
        "(797, 676)",
        "(163, 944)",
        "(626, 453)",
        "(553, 619)",
        "(810, 917)",
        "(980, 927)",
        "(967, 558)",
        "(518, 440)",
        "(478, 207)",
        "(209, 592)",
        "(314, 150)",
        "(170, 616)",
        "(427, 543)",
        "(481, 143)",
        "(48, 801)",
        "(204, 658)",
        "(802, 272)",
        "(219, 616)",
        "(45, 179)",
        "(407, 961)",
        "(444, 64)"
    ],
    "(639, 520)": [
        "(438, 888)",
        "(45, 179)",
        "(424, 619)",
        "(916, 247)",
        "(11, 301)",
        "(520, 910)",
        "(205, 511)",
        "(966, 305)",
        "(124, 506)",
        "(626, 453)",
        "(802, 272)",
        "(541, 506)",
        "(481, 143)",
        "(503, 830)",
        "(810, 917)",
        "(383, 759)",
        "(351, 869)",
        "(427, 543)",
        "(808, 33)",
        "(444, 64)",
        "(953, 840)",
        "(518, 440)",
        "(367, 975)",
        "(204, 171)",
        "(314, 150)",
        "(3, 754)",
        "(553, 619)",
        "(800, 402)",
        "(950, 247)",
        "(313, 403)",
        "(219, 616)",
        "(478, 207)",
        "(148, 30)",
        "(223, 493)",
        "(163, 944)",
        "(209, 592)",
        "(688, 181)",
        "(639, 247)",
        "(773, 757)",
        "(1, 98)",
        "(430, 343)",
        "(980, 927)",
        "(407, 961)",
        "(876, 663)",
        "(480, 563)",
        "(89, 886)",
        "(724, 437)",
        "(148, 263)",
        "(442, 797)",
        "(934, 846)",
        "(170, 616)",
        "(204, 658)",
        "(449, 193)",
        "(185, 387)",
        "(398, 804)",
        "(708, 235)"
    ],
    "(174, 769)": [
        "(1, 98)",
        "(163, 944)",
        "(204, 171)",
        "(45, 179)",
        "(800, 402)",
        "(398, 804)",
        "(185, 387)",
        "(170, 616)",
        "(449, 193)",
        "(949, 393)",
        "(204, 658)",
        "(124, 506)",
        "(777, 693)",
        "(445, 672)",
        "(438, 888)",
        "(688, 181)",
        "(950, 718)",
        "(773, 757)",
        "(808, 33)",
        "(802, 272)",
        "(128, 484)",
        "(444, 64)",
        "(89, 886)",
        "(148, 30)",
        "(367, 975)",
        "(314, 150)",
        "(427, 543)",
        "(639, 247)",
        "(430, 343)",
        "(11, 301)",
        "(383, 759)",
        "(313, 403)",
        "(481, 143)",
        "(639, 130)",
        "(424, 619)",
        "(338, 72)",
        "(541, 506)",
        "(916, 247)",
        "(355, 694)",
        "(48, 801)",
        "(3, 754)",
        "(967, 558)",
        "(810, 917)",
        "(219, 616)",
        "(478, 207)",
        "(950, 247)",
        "(205, 511)",
        "(480, 563)",
        "(934, 846)",
        "(708, 235)",
        "(553, 619)",
        "(351, 869)",
        "(626, 453)"
    ],
    "(797, 676)": [
        "(518, 440)",
        "(777, 693)",
        "(442, 797)",
        "(424, 619)",
        "(688, 181)",
        "(148, 30)",
        "(351, 869)",
        "(128, 484)",
        "(478, 207)",
        "(219, 616)",
        "(950, 718)",
        "(430, 343)",
        "(626, 453)",
        "(480, 563)",
        "(953, 840)",
        "(639, 247)",
        "(338, 72)",
        "(438, 888)",
        "(916, 247)",
        "(313, 403)",
        "(45, 179)",
        "(1, 98)",
        "(163, 944)",
        "(170, 616)",
        "(355, 694)",
        "(708, 235)",
        "(205, 511)",
        "(124, 506)",
        "(773, 757)",
        "(980, 927)",
        "(314, 150)",
        "(967, 162)",
        "(148, 263)",
        "(223, 493)",
        "(808, 33)",
        "(185, 387)",
        "(209, 592)",
        "(398, 804)",
        "(445, 672)",
        "(553, 619)",
        "(367, 975)",
        "(532, 644)",
        "(934, 846)",
        "(541, 506)",
        "(810, 917)",
        "(444, 64)",
        "(465, 360)",
        "(204, 171)",
        "(949, 393)",
        "(89, 886)",
        "(481, 143)",
        "(950, 247)"
    ],
    "(48, 801)": [
        "(442, 797)",
        "(518, 440)",
        "(383, 759)",
        "(478, 207)",
        "(185, 387)",
        "(470, 730)",
        "(480, 563)",
        "(148, 30)",
        "(773, 757)",
        "(223, 493)",
        "(449, 193)",
        "(916, 247)",
        "(407, 961)",
        "(205, 511)",
        "(876, 663)",
        "(950, 718)",
        "(626, 453)",
        "(724, 437)",
        "(481, 143)",
        "(980, 927)",
        "(124, 506)",
        "(1, 98)",
        "(810, 917)",
        "(45, 179)",
        "(313, 403)",
        "(427, 543)",
        "(170, 616)",
        "(532, 644)",
        "(639, 130)",
        "(800, 402)",
        "(444, 64)",
        "(219, 616)",
        "(204, 658)",
        "(777, 693)",
        "(430, 343)",
        "(209, 592)",
        "(688, 181)",
        "(953, 840)",
        "(314, 150)",
        "(338, 72)",
        "(949, 393)",
        "(174, 769)",
        "(445, 672)",
        "(128, 484)",
        "(808, 33)",
        "(398, 804)",
        "(966, 305)",
        "(967, 162)",
        "(503, 830)",
        "(11, 301)",
        "(708, 235)",
        "(541, 506)",
        "(204, 171)",
        "(163, 944)"
    ],
    "(777, 693)": [
        "(503, 830)",
        "(219, 616)",
        "(797, 676)",
        "(949, 393)",
        "(383, 759)",
        "(810, 917)",
        "(800, 402)",
        "(209, 592)",
        "(430, 343)",
        "(876, 663)",
        "(444, 64)",
        "(980, 927)",
        "(808, 33)",
        "(1, 98)",
        "(967, 162)",
        "(967, 558)",
        "(639, 247)",
        "(480, 563)",
        "(174, 769)",
        "(626, 453)",
        "(953, 840)",
        "(163, 944)",
        "(773, 757)",
        "(966, 305)",
        "(518, 440)",
        "(481, 143)",
        "(89, 886)",
        "(148, 30)",
        "(639, 130)",
        "(355, 694)",
        "(427, 543)",
        "(478, 207)",
        "(313, 403)",
        "(185, 387)",
        "(442, 797)",
        "(128, 484)",
        "(724, 437)",
        "(934, 846)",
        "(916, 247)",
        "(11, 301)",
        "(48, 801)",
        "(170, 616)",
        "(367, 975)",
        "(532, 644)",
        "(3, 754)",
        "(205, 511)",
        "(204, 171)",
        "(314, 150)",
        "(438, 888)",
        "(445, 672)",
        "(338, 72)",
        "(541, 506)",
        "(398, 804)",
        "(449, 193)",
        "(553, 619)",
        "(520, 910)"
    ],
    "(810, 917)": [
        "(355, 694)",
        "(777, 693)",
        "(800, 402)",
        "(148, 30)",
        "(407, 961)",
        "(520, 910)",
        "(802, 272)",
        "(204, 658)",
        "(430, 343)",
        "(639, 520)",
        "(949, 393)",
        "(442, 797)",
        "(478, 207)",
        "(708, 235)",
        "(444, 64)",
        "(427, 543)",
        "(950, 718)",
        "(541, 506)",
        "(223, 493)",
        "(48, 801)",
        "(639, 130)",
        "(1, 98)",
        "(45, 179)",
        "(128, 484)",
        "(449, 193)",
        "(148, 263)",
        "(338, 72)",
        "(916, 247)",
        "(950, 247)",
        "(773, 757)",
        "(445, 672)",
        "(967, 162)",
        "(876, 663)",
        "(124, 506)",
        "(163, 944)",
        "(351, 869)",
        "(383, 759)",
        "(313, 403)",
        "(3, 754)",
        "(532, 644)",
        "(688, 181)",
        "(724, 437)",
        "(626, 453)",
        "(797, 676)",
        "(174, 769)",
        "(639, 247)",
        "(934, 846)",
        "(808, 33)",
        "(480, 563)",
        "(953, 840)",
        "(980, 927)",
        "(424, 619)"
    ],
    "(708, 235)": [
        "(209, 592)",
        "(444, 64)",
        "(949, 393)",
        "(966, 305)",
        "(626, 453)",
        "(916, 247)",
        "(503, 830)",
        "(185, 387)",
        "(532, 644)",
        "(773, 757)",
        "(518, 440)",
        "(480, 563)",
        "(148, 30)",
        "(449, 193)",
        "(45, 179)",
        "(445, 672)",
        "(810, 917)",
        "(950, 718)",
        "(205, 511)",
        "(478, 207)",
        "(223, 493)",
        "(314, 150)",
        "(797, 676)",
        "(980, 927)",
        "(163, 944)",
        "(639, 247)",
        "(424, 619)",
        "(355, 694)",
        "(967, 558)",
        "(934, 846)",
        "(639, 130)",
        "(808, 33)",
        "(481, 143)",
        "(541, 506)",
        "(802, 272)",
        "(438, 888)",
        "(553, 619)",
        "(174, 769)",
        "(11, 301)",
        "(470, 730)",
        "(148, 263)",
        "(427, 543)",
        "(48, 801)",
        "(724, 437)",
        "(124, 506)",
        "(639, 520)"
    ],
    "(808, 33)": [
        "(89, 886)",
        "(430, 343)",
        "(950, 718)",
        "(688, 181)",
        "(980, 927)",
        "(773, 757)",
        "(478, 207)",
        "(949, 393)",
        "(950, 247)",
        "(445, 672)",
        "(916, 247)",
        "(967, 558)",
        "(802, 272)",
        "(313, 403)",
        "(777, 693)",
        "(934, 846)",
        "(470, 730)",
        "(1, 98)",
        "(209, 592)",
        "(800, 402)",
        "(204, 658)",
        "(639, 520)",
        "(967, 162)",
        "(520, 910)",
        "(626, 453)",
        "(3, 754)",
        "(174, 769)",
        "(553, 619)",
        "(367, 975)",
        "(45, 179)",
        "(351, 869)",
        "(442, 797)",
        "(481, 143)",
        "(219, 616)",
        "(223, 493)",
        "(424, 619)",
        "(128, 484)",
        "(383, 759)",
        "(148, 30)",
        "(314, 150)",
        "(205, 511)",
        "(427, 543)",
        "(449, 193)",
        "(797, 676)",
        "(438, 888)",
        "(953, 840)",
        "(398, 804)",
        "(163, 944)",
        "(708, 235)",
        "(48, 801)",
        "(444, 64)",
        "(518, 440)",
        "(355, 694)",
        "(810, 917)",
        "(148, 263)",
        "(338, 72)",
        "(480, 563)",
        "(541, 506)",
        "(966, 305)"
    ],
    "(45, 179)": [
        "(204, 171)",
        "(174, 769)",
        "(518, 440)",
        "(639, 520)",
        "(205, 511)",
        "(1, 98)",
        "(313, 403)",
        "(407, 961)",
        "(438, 888)",
        "(338, 72)",
        "(800, 402)",
        "(532, 644)",
        "(367, 975)",
        "(949, 393)",
        "(89, 886)",
        "(465, 360)",
        "(967, 558)",
        "(170, 616)",
        "(449, 193)",
        "(708, 235)",
        "(541, 506)",
        "(966, 305)",
        "(553, 619)",
        "(688, 181)",
        "(950, 247)",
        "(953, 840)",
        "(503, 830)",
        "(797, 676)",
        "(351, 869)",
        "(48, 801)",
        "(314, 150)",
        "(810, 917)",
        "(204, 658)",
        "(128, 484)",
        "(11, 301)",
        "(808, 33)",
        "(950, 718)",
        "(148, 30)",
        "(626, 453)",
        "(639, 130)",
        "(398, 804)",
        "(802, 272)",
        "(424, 619)",
        "(481, 143)",
        "(444, 64)",
        "(355, 694)",
        "(478, 207)",
        "(480, 563)",
        "(934, 846)",
        "(163, 944)",
        "(223, 493)",
        "(148, 263)",
        "(724, 437)",
        "(520, 910)",
        "(967, 162)",
        "(124, 506)"
    ],
    "(724, 437)": [
        "(800, 402)",
        "(688, 181)",
        "(442, 797)",
        "(553, 619)",
        "(949, 393)",
        "(876, 663)",
        "(478, 207)",
        "(449, 193)",
        "(1, 98)",
        "(11, 301)",
        "(124, 506)",
        "(518, 440)",
        "(48, 801)",
        "(209, 592)",
        "(481, 143)",
        "(219, 616)",
        "(398, 804)",
        "(338, 72)",
        "(424, 619)",
        "(916, 247)",
        "(967, 558)",
        "(185, 387)",
        "(3, 754)",
        "(223, 493)",
        "(980, 927)",
        "(777, 693)",
        "(314, 150)",
        "(445, 672)",
        "(205, 511)",
        "(503, 830)",
        "(128, 484)",
        "(444, 64)",
        "(427, 543)",
        "(810, 917)",
        "(950, 718)",
        "(89, 886)",
        "(639, 520)",
        "(639, 247)",
        "(163, 944)",
        "(966, 305)",
        "(639, 130)",
        "(430, 343)",
        "(438, 888)",
        "(351, 869)",
        "(204, 171)",
        "(773, 757)",
        "(45, 179)",
        "(708, 235)",
        "(407, 961)",
        "(204, 658)"
    ],
    "(204, 171)": [
        "(174, 769)",
        "(45, 179)",
        "(438, 888)",
        "(314, 150)",
        "(626, 453)",
        "(407, 961)",
        "(338, 72)",
        "(876, 663)",
        "(773, 757)",
        "(949, 393)",
        "(163, 944)",
        "(313, 403)",
        "(367, 975)",
        "(481, 143)",
        "(427, 543)",
        "(950, 718)",
        "(351, 869)",
        "(950, 247)",
        "(148, 30)",
        "(383, 759)",
        "(124, 506)",
        "(219, 616)",
        "(916, 247)",
        "(532, 644)",
        "(639, 520)",
        "(967, 558)",
        "(398, 804)",
        "(204, 658)",
        "(553, 619)",
        "(802, 272)",
        "(445, 672)",
        "(478, 207)",
        "(442, 797)",
        "(148, 263)",
        "(777, 693)",
        "(639, 130)",
        "(465, 360)",
        "(934, 846)",
        "(639, 247)",
        "(430, 343)",
        "(797, 676)",
        "(470, 730)",
        "(209, 592)",
        "(518, 440)",
        "(724, 437)",
        "(48, 801)",
        "(128, 484)",
        "(11, 301)",
        "(800, 402)",
        "(503, 830)"
    ],
    "(478, 207)": [
        "(444, 64)",
        "(313, 403)",
        "(314, 150)",
        "(808, 33)",
        "(48, 801)",
        "(639, 130)",
        "(163, 944)",
        "(724, 437)",
        "(797, 676)",
        "(430, 343)",
        "(541, 506)",
        "(3, 754)",
        "(1, 98)",
        "(424, 619)",
        "(810, 917)",
        "(449, 193)",
        "(708, 235)",
        "(205, 511)",
        "(209, 592)",
        "(355, 694)",
        "(876, 663)",
        "(185, 387)",
        "(688, 181)",
        "(407, 961)",
        "(553, 619)",
        "(966, 305)",
        "(503, 830)",
        "(148, 30)",
        "(480, 563)",
        "(367, 975)",
        "(777, 693)",
        "(338, 72)",
        "(639, 520)",
        "(953, 840)",
        "(518, 440)",
        "(170, 616)",
        "(204, 171)",
        "(532, 644)",
        "(351, 869)",
        "(639, 247)",
        "(438, 888)",
        "(223, 493)",
        "(626, 453)",
        "(967, 162)",
        "(219, 616)",
        "(980, 927)",
        "(45, 179)",
        "(11, 301)",
        "(470, 730)",
        "(800, 402)",
        "(383, 759)",
        "(174, 769)",
        "(124, 506)",
        "(89, 886)",
        "(128, 484)",
        "(916, 247)",
        "(204, 658)",
        "(949, 393)",
        "(398, 804)",
        "(934, 846)",
        "(950, 247)"
    ],
    "(438, 888)": [
        "(449, 193)",
        "(639, 520)",
        "(163, 944)",
        "(367, 975)",
        "(204, 171)",
        "(45, 179)",
        "(916, 247)",
        "(89, 886)",
        "(407, 961)",
        "(639, 130)",
        "(773, 757)",
        "(355, 694)",
        "(541, 506)",
        "(170, 616)",
        "(174, 769)",
        "(626, 453)",
        "(465, 360)",
        "(481, 143)",
        "(797, 676)",
        "(934, 846)",
        "(532, 644)",
        "(520, 910)",
        "(800, 402)",
        "(209, 592)",
        "(313, 403)",
        "(967, 162)",
        "(205, 511)",
        "(470, 730)",
        "(802, 272)",
        "(503, 830)",
        "(553, 619)",
        "(949, 393)",
        "(967, 558)",
        "(639, 247)",
        "(398, 804)",
        "(424, 619)",
        "(148, 263)",
        "(953, 840)",
        "(478, 207)",
        "(185, 387)",
        "(980, 927)",
        "(688, 181)",
        "(808, 33)",
        "(777, 693)",
        "(1, 98)",
        "(314, 150)",
        "(518, 440)",
        "(383, 759)",
        "(966, 305)",
        "(445, 672)",
        "(876, 663)",
        "(708, 235)",
        "(444, 64)",
        "(724, 437)",
        "(219, 616)"
    ],
    "(1, 98)": [
        "(174, 769)",
        "(424, 619)",
        "(442, 797)",
        "(128, 484)",
        "(223, 493)",
        "(480, 563)",
        "(430, 343)",
        "(45, 179)",
        "(470, 730)",
        "(532, 644)",
        "(724, 437)",
        "(777, 693)",
        "(967, 162)",
        "(170, 616)",
        "(478, 207)",
        "(808, 33)",
        "(124, 506)",
        "(219, 616)",
        "(639, 247)",
        "(916, 247)",
        "(11, 301)",
        "(934, 846)",
        "(518, 440)",
        "(204, 658)",
        "(48, 801)",
        "(950, 247)",
        "(797, 676)",
        "(553, 619)",
        "(205, 511)",
        "(810, 917)",
        "(481, 143)",
        "(445, 672)",
        "(185, 387)",
        "(314, 150)",
        "(427, 543)",
        "(338, 72)",
        "(209, 592)",
        "(407, 961)",
        "(967, 558)",
        "(980, 927)",
        "(398, 804)",
        "(950, 718)",
        "(383, 759)",
        "(465, 360)",
        "(639, 520)",
        "(438, 888)",
        "(966, 305)",
        "(444, 64)",
        "(355, 694)",
        "(351, 869)",
        "(639, 130)",
        "(367, 975)",
        "(313, 403)",
        "(541, 506)",
        "(3, 754)"
    ],
    "(465, 360)": [
        "(950, 247)",
        "(170, 616)",
        "(967, 558)",
        "(773, 757)",
        "(980, 927)",
        "(470, 730)",
        "(424, 619)",
        "(3, 754)",
        "(503, 830)",
        "(45, 179)",
        "(398, 804)",
        "(205, 511)",
        "(163, 944)",
        "(802, 272)",
        "(639, 130)",
        "(518, 440)",
        "(949, 393)",
        "(438, 888)",
        "(532, 644)",
        "(313, 403)",
        "(953, 840)",
        "(209, 592)",
        "(148, 30)",
        "(520, 910)",
        "(148, 263)",
        "(383, 759)",
        "(338, 72)",
        "(966, 305)",
        "(553, 619)",
        "(480, 563)",
        "(445, 672)",
        "(355, 694)",
        "(800, 402)",
        "(934, 846)",
        "(639, 247)",
        "(444, 64)",
        "(204, 171)",
        "(442, 797)",
        "(1, 98)",
        "(223, 493)",
        "(876, 663)",
        "(124, 506)",
        "(481, 143)",
        "(185, 387)",
        "(128, 484)",
        "(314, 150)",
        "(541, 506)",
        "(797, 676)",
        "(430, 343)",
        "(449, 193)",
        "(219, 616)",
        "(407, 961)",
        "(11, 301)",
        "(916, 247)"
    ],
    "(876, 663)": [
        "(367, 975)",
        "(481, 143)",
        "(553, 619)",
        "(950, 718)",
        "(148, 263)",
        "(219, 616)",
        "(724, 437)",
        "(445, 672)",
        "(967, 558)",
        "(777, 693)",
        "(204, 658)",
        "(204, 171)",
        "(148, 30)",
        "(185, 387)",
        "(170, 616)",
        "(480, 563)",
        "(967, 162)",
        "(351, 869)",
        "(48, 801)",
        "(427, 543)",
        "(314, 150)",
        "(518, 440)",
        "(163, 944)",
        "(478, 207)",
        "(503, 830)",
        "(950, 247)",
        "(688, 181)",
        "(470, 730)",
        "(124, 506)",
        "(626, 453)",
        "(205, 511)",
        "(338, 72)",
        "(810, 917)",
        "(430, 343)",
        "(541, 506)",
        "(89, 886)",
        "(355, 694)",
        "(953, 840)",
        "(465, 360)",
        "(209, 592)",
        "(128, 484)",
        "(639, 520)",
        "(424, 619)",
        "(934, 846)",
        "(520, 910)",
        "(773, 757)",
        "(438, 888)",
        "(916, 247)",
        "(449, 193)",
        "(383, 759)",
        "(444, 64)"
    ],
    "(223, 493)": [
        "(967, 558)",
        "(1, 98)",
        "(980, 927)",
        "(532, 644)",
        "(541, 506)",
        "(313, 403)",
        "(967, 162)",
        "(48, 801)",
        "(163, 944)",
        "(170, 616)",
        "(688, 181)",
        "(444, 64)",
        "(708, 235)",
        "(209, 592)",
        "(810, 917)",
        "(470, 730)",
        "(424, 619)",
        "(205, 511)",
        "(89, 886)",
        "(949, 393)",
        "(314, 150)",
        "(11, 301)",
        "(916, 247)",
        "(950, 247)",
        "(802, 272)",
        "(480, 563)",
        "(724, 437)",
        "(407, 961)",
        "(639, 520)",
        "(808, 33)",
        "(427, 543)",
        "(639, 247)",
        "(124, 506)",
        "(185, 387)",
        "(797, 676)",
        "(478, 207)",
        "(465, 360)",
        "(398, 804)",
        "(204, 658)",
        "(383, 759)",
        "(128, 484)",
        "(449, 193)",
        "(626, 453)",
        "(219, 616)",
        "(503, 830)",
        "(520, 910)",
        "(45, 179)",
        "(367, 975)",
        "(966, 305)",
        "(355, 694)",
        "(148, 30)",
        "(953, 840)",
        "(481, 143)",
        "(934, 846)",
        "(442, 797)"
    ],
    "(445, 672)": [
        "(338, 72)",
        "(967, 558)",
        "(430, 343)",
        "(980, 927)",
        "(950, 718)",
        "(808, 33)",
        "(876, 663)",
        "(967, 162)",
        "(219, 616)",
        "(355, 694)",
        "(916, 247)",
        "(708, 235)",
        "(148, 30)",
        "(773, 757)",
        "(174, 769)",
        "(639, 247)",
        "(11, 301)",
        "(444, 64)",
        "(424, 619)",
        "(1, 98)",
        "(205, 511)",
        "(626, 453)",
        "(148, 263)",
        "(89, 886)",
        "(442, 797)",
        "(688, 181)",
        "(313, 403)",
        "(518, 440)",
        "(465, 360)",
        "(204, 171)",
        "(724, 437)",
        "(520, 910)",
        "(185, 387)",
        "(810, 917)",
        "(170, 616)",
        "(553, 619)",
        "(470, 730)",
        "(351, 869)",
        "(480, 563)",
        "(777, 693)",
        "(481, 143)",
        "(797, 676)",
        "(966, 305)",
        "(383, 759)",
        "(48, 801)",
        "(438, 888)",
        "(124, 506)",
        "(541, 506)",
        "(427, 543)",
        "(934, 846)",
        "(209, 592)"
    ],
    "(802, 272)": [
        "(170, 616)",
        "(916, 247)",
        "(470, 730)",
        "(424, 619)",
        "(532, 644)",
        "(3, 754)",
        "(639, 520)",
        "(808, 33)",
        "(518, 440)",
        "(810, 917)",
        "(950, 247)",
        "(355, 694)",
        "(163, 944)",
        "(449, 193)",
        "(219, 616)",
        "(128, 484)",
        "(465, 360)",
        "(407, 961)",
        "(314, 150)",
        "(541, 506)",
        "(174, 769)",
        "(124, 506)",
        "(934, 846)",
        "(503, 830)",
        "(444, 64)",
        "(438, 888)",
        "(427, 543)",
        "(223, 493)",
        "(205, 511)",
        "(351, 869)",
        "(313, 403)",
        "(367, 975)",
        "(773, 757)",
        "(204, 171)",
        "(11, 301)",
        "(45, 179)",
        "(980, 927)",
        "(89, 886)",
        "(966, 305)",
        "(442, 797)",
        "(185, 387)",
        "(383, 759)",
        "(949, 393)",
        "(688, 181)",
        "(800, 402)",
        "(398, 804)",
        "(338, 72)",
        "(430, 343)",
        "(708, 235)",
        "(967, 162)",
        "(480, 563)",
        "(953, 840)",
        "(209, 592)"
    ],
    "(541, 506)": [
        "(949, 393)",
        "(424, 619)",
        "(442, 797)",
        "(205, 511)",
        "(503, 830)",
        "(223, 493)",
        "(553, 619)",
        "(209, 592)",
        "(639, 520)",
        "(639, 247)",
        "(478, 207)",
        "(470, 730)",
        "(480, 563)",
        "(438, 888)",
        "(89, 886)",
        "(45, 179)",
        "(444, 64)",
        "(950, 718)",
        "(810, 917)",
        "(430, 343)",
        "(802, 272)",
        "(163, 944)",
        "(518, 440)",
        "(688, 181)",
        "(427, 543)",
        "(11, 301)",
        "(148, 30)",
        "(876, 663)",
        "(174, 769)",
        "(950, 247)",
        "(934, 846)",
        "(953, 840)",
        "(128, 484)",
        "(797, 676)",
        "(170, 616)",
        "(777, 693)",
        "(351, 869)",
        "(465, 360)",
        "(708, 235)",
        "(407, 961)",
        "(124, 506)",
        "(3, 754)",
        "(773, 757)",
        "(367, 975)",
        "(520, 910)",
        "(966, 305)",
        "(445, 672)",
        "(48, 801)",
        "(800, 402)",
        "(1, 98)",
        "(808, 33)"
    ]
}