{
    "(163, 132)": [
        "(980, 436)",
        "(770, 757)",
        "(112, 397)",
        "(413, 1)",
        "(910, 686)",
        "(137, 319)",
        "(249, 19)",
        "(898, 125)",
        "(902, 54)",
        "(875, 108)",
        "(833, 213)",
        "(966, 787)",
        "(292, 953)",
        "(288, 642)",
        "(969, 921)",
        "(699, 902)",
        "(843, 401)",
        "(616, 527)",
        "(677, 136)",
        "(330, 576)",
        "(348, 926)",
        "(293, 721)",
        "(236, 594)",
        "(303, 221)",
        "(66, 752)",
        "(692, 273)",
        "(444, 28)",
        "(962, 345)",
        "(196, 978)",
        "(153, 673)",
        "(21, 850)",
        "(951, 594)",
        "(688, 612)",
        "(887, 743)",
        "(445, 391)",
        "(5, 60)",
        "(660, 480)",
        "(206, 786)",
        "(996, 919)",
        "(71, 451)",
        "(769, 232)",
        "(189, 317)",
        "(882, 21)",
        "(664, 97)",
        "(934, 292)",
        "(983, 386)",
        "(667, 901)",
        "(732, 775)",
        "(118, 250)",
        "(998, 465)",
        "(158, 677)",
        "(514, 978)",
        "(96, 136)",
        "(428, 99)",
        "(727, 337)",
        "(945, 387)",
        "(847, 910)",
        "(157, 22)"
    ],
    "(770, 757)": [
        "(163, 132)",
        "(61, 196)",
        "(664, 97)",
        "(444, 28)",
        "(21, 850)",
        "(413, 1)",
        "(617, 187)",
        "(236, 594)",
        "(980, 436)",
        "(998, 465)",
        "(909, 932)",
        "(384, 423)",
        "(875, 108)",
        "(692, 273)",
        "(153, 673)",
        "(898, 125)",
        "(951, 594)",
        "(249, 19)",
        "(112, 397)",
        "(445, 391)",
        "(898, 999)",
        "(90, 228)",
        "(667, 901)",
        "(628, 415)",
        "(157, 22)",
        "(847, 950)",
        "(660, 480)",
        "(934, 292)",
        "(428, 99)",
        "(31, 24)",
        "(843, 401)",
        "(293, 721)",
        "(616, 527)",
        "(243, 990)",
        "(966, 787)",
        "(288, 642)",
        "(996, 919)",
        "(833, 213)",
        "(292, 953)",
        "(206, 786)",
        "(651, 800)",
        "(677, 136)",
        "(847, 910)",
        "(699, 902)",
        "(118, 250)",
        "(882, 21)",
        "(688, 612)",
        "(348, 926)",
        "(96, 136)",
        "(969, 921)",
        "(902, 54)",
        "(910, 686)",
        "(330, 576)",
        "(303, 221)"
    ],
    "(998, 465)": [
        "(847, 950)",
        "(5, 60)",
        "(843, 401)",
        "(196, 978)",
        "(962, 345)",
        "(71, 451)",
        "(112, 397)",
        "(732, 775)",
        "(137, 319)",
        "(292, 953)",
        "(770, 757)",
        "(934, 292)",
        "(651, 800)",
        "(966, 787)",
        "(144, 721)",
        "(444, 28)",
        "(625, 251)",
        "(882, 21)",
        "(384, 423)",
        "(428, 99)",
        "(983, 386)",
        "(980, 436)",
        "(734, 752)",
        "(31, 24)",
        "(157, 22)",
        "(189, 317)",
        "(898, 999)",
        "(206, 786)",
        "(288, 642)",
        "(21, 850)",
        "(158, 677)",
        "(617, 187)",
        "(847, 910)",
        "(293, 721)",
        "(66, 752)",
        "(236, 594)",
        "(898, 125)",
        "(90, 228)",
        "(616, 527)",
        "(348, 926)",
        "(660, 480)",
        "(692, 273)",
        "(769, 232)",
        "(330, 576)",
        "(153, 673)",
        "(688, 612)",
        "(96, 136)",
        "(945, 387)",
        "(929, 594)",
        "(951, 594)",
        "(727, 337)",
        "(163, 132)",
        "(514, 978)",
        "(445, 391)",
        "(664, 97)",
        "(833, 213)",
        "(303, 221)"
    ],
    "(61, 196)": [
        "(934, 292)",
        "(189, 317)",
        "(770, 757)",
        "(843, 401)",
        "(413, 1)",
        "(288, 642)",
        "(31, 24)",
        "(472, 913)",
        "(236, 594)",
        "(962, 345)",
        "(692, 273)",
        "(71, 451)",
        "(249, 19)",
        "(983, 386)",
        "(980, 436)",
        "(90, 228)",
        "(617, 187)",
        "(688, 612)",
        "(514, 978)",
        "(66, 752)",
        "(996, 919)",
        "(847, 910)",
        "(833, 213)",
        "(882, 21)",
        "(153, 673)",
        "(945, 387)",
        "(330, 576)",
        "(5, 60)",
        "(898, 125)",
        "(616, 527)",
        "(158, 677)",
        "(384, 423)",
        "(734, 752)",
        "(847, 950)",
        "(966, 787)",
        "(292, 953)",
        "(732, 775)",
        "(137, 319)",
        "(910, 686)",
        "(660, 480)",
        "(969, 921)",
        "(664, 97)",
        "(243, 990)",
        "(727, 337)",
        "(144, 721)",
        "(941, 553)",
        "(21, 850)",
        "(112, 397)",
        "(951, 594)",
        "(651, 800)",
        "(628, 415)",
        "(444, 28)",
        "(625, 251)",
        "(157, 22)",
        "(887, 743)",
        "(898, 999)",
        "(196, 978)",
        "(293, 721)",
        "(96, 136)",
        "(902, 54)"
    ],
    "(196, 978)": [
        "(628, 415)",
        "(206, 786)",
        "(998, 465)",
        "(732, 775)",
        "(898, 125)",
        "(292, 953)",
        "(144, 721)",
        "(153, 673)",
        "(660, 480)",
        "(157, 22)",
        "(667, 901)",
        "(616, 527)",
        "(243, 990)",
        "(769, 232)",
        "(677, 136)",
        "(112, 397)",
        "(945, 387)",
        "(875, 108)",
        "(980, 436)",
        "(962, 345)",
        "(833, 213)",
        "(137, 319)",
        "(428, 99)",
        "(625, 251)",
        "(5, 60)",
        "(66, 752)",
        "(445, 391)",
        "(514, 978)",
        "(90, 228)",
        "(472, 913)",
        "(692, 273)",
        "(882, 21)",
        "(96, 136)",
        "(31, 24)",
        "(348, 926)",
        "(617, 187)",
        "(413, 1)",
        "(934, 292)",
        "(898, 999)",
        "(983, 386)",
        "(236, 594)",
        "(996, 919)",
        "(163, 132)",
        "(288, 642)",
        "(303, 221)",
        "(951, 594)",
        "(843, 401)",
        "(384, 423)",
        "(847, 950)",
        "(910, 686)",
        "(929, 594)",
        "(444, 28)",
        "(847, 910)",
        "(21, 850)",
        "(734, 752)",
        "(966, 787)",
        "(61, 196)",
        "(158, 677)",
        "(293, 721)",
        "(727, 337)",
        "(249, 19)",
        "(118, 250)",
        "(688, 612)"
    ],
    "(617, 187)": [
        "(664, 97)",
        "(292, 953)",
        "(157, 22)",
        "(514, 978)",
        "(983, 386)",
        "(118, 250)",
        "(951, 594)",
        "(980, 436)",
        "(384, 423)",
        "(847, 910)",
        "(770, 757)",
        "(734, 752)",
        "(843, 401)",
        "(330, 576)",
        "(189, 317)",
        "(61, 196)",
        "(688, 612)",
        "(71, 451)",
        "(96, 136)",
        "(882, 21)",
        "(616, 527)",
        "(732, 775)",
        "(444, 28)",
        "(137, 319)",
        "(196, 978)",
        "(998, 465)",
        "(144, 721)",
        "(206, 786)",
        "(303, 221)",
        "(966, 787)",
        "(5, 60)",
        "(910, 686)",
        "(929, 594)",
        "(90, 228)",
        "(293, 721)",
        "(413, 1)",
        "(909, 932)",
        "(660, 480)",
        "(112, 397)",
        "(153, 673)",
        "(445, 391)",
        "(31, 24)",
        "(692, 273)",
        "(677, 136)",
        "(833, 213)",
        "(945, 387)",
        "(962, 345)",
        "(898, 999)",
        "(249, 19)",
        "(699, 902)",
        "(288, 642)",
        "(472, 913)"
    ],
    "(833, 213)": [
        "(444, 28)",
        "(445, 391)",
        "(5, 60)",
        "(910, 686)",
        "(625, 251)",
        "(616, 527)",
        "(734, 752)",
        "(882, 21)",
        "(732, 775)",
        "(303, 221)",
        "(969, 921)",
        "(692, 273)",
        "(769, 232)",
        "(677, 136)",
        "(163, 132)",
        "(196, 978)",
        "(21, 850)",
        "(206, 786)",
        "(660, 480)",
        "(843, 401)",
        "(951, 594)",
        "(727, 337)",
        "(966, 787)",
        "(31, 24)",
        "(514, 978)",
        "(292, 953)",
        "(61, 196)",
        "(112, 397)",
        "(898, 999)",
        "(158, 677)",
        "(384, 423)",
        "(941, 553)",
        "(875, 108)",
        "(929, 594)",
        "(887, 743)",
        "(962, 345)",
        "(847, 910)",
        "(983, 386)",
        "(699, 902)",
        "(847, 950)",
        "(651, 800)",
        "(770, 757)",
        "(980, 436)",
        "(153, 673)",
        "(898, 125)",
        "(189, 317)",
        "(348, 926)",
        "(243, 990)",
        "(617, 187)",
        "(688, 612)",
        "(236, 594)",
        "(71, 451)",
        "(998, 465)"
    ],
    "(664, 97)": [
        "(617, 187)",
        "(769, 232)",
        "(96, 136)",
        "(21, 850)",
        "(157, 22)",
        "(206, 786)",
        "(413, 1)",
        "(770, 757)",
        "(951, 594)",
        "(288, 642)",
        "(293, 721)",
        "(847, 950)",
        "(898, 999)",
        "(236, 594)",
        "(929, 594)",
        "(734, 752)",
        "(444, 28)",
        "(158, 677)",
        "(843, 401)",
        "(118, 250)",
        "(90, 228)",
        "(137, 319)",
        "(5, 60)",
        "(910, 686)",
        "(909, 932)",
        "(330, 576)",
        "(887, 743)",
        "(983, 386)",
        "(898, 125)",
        "(628, 415)",
        "(112, 397)",
        "(941, 553)",
        "(667, 901)",
        "(875, 108)",
        "(153, 673)",
        "(732, 775)",
        "(692, 273)",
        "(966, 787)",
        "(625, 251)",
        "(699, 902)",
        "(61, 196)",
        "(384, 423)",
        "(163, 132)",
        "(996, 919)",
        "(980, 436)",
        "(472, 913)",
        "(882, 21)",
        "(688, 612)",
        "(445, 391)",
        "(727, 337)",
        "(31, 24)",
        "(660, 480)",
        "(902, 54)",
        "(428, 99)",
        "(998, 465)",
        "(677, 136)",
        "(945, 387)"
    ],
    "(144, 721)": [
        "(732, 775)",
        "(847, 950)",
        "(196, 978)",
        "(330, 576)",
        "(875, 108)",
        "(71, 451)",
        "(157, 22)",
        "(727, 337)",
        "(966, 787)",
        "(112, 397)",
        "(153, 673)",
        "(998, 465)",
        "(934, 292)",
        "(969, 921)",
        "(292, 953)",
        "(303, 221)",
        "(898, 999)",
        "(428, 99)",
        "(31, 24)",
        "(882, 21)",
        "(137, 319)",
        "(384, 423)",
        "(66, 752)",
        "(189, 317)",
        "(617, 187)",
        "(90, 228)",
        "(413, 1)",
        "(951, 594)",
        "(628, 415)",
        "(293, 721)",
        "(243, 990)",
        "(910, 686)",
        "(651, 800)",
        "(996, 919)",
        "(61, 196)",
        "(206, 786)",
        "(5, 60)",
        "(898, 125)",
        "(945, 387)",
        "(769, 232)",
        "(444, 28)",
        "(96, 136)",
        "(677, 136)",
        "(236, 594)",
        "(847, 910)",
        "(692, 273)",
        "(843, 401)",
        "(158, 677)",
        "(118, 250)",
        "(667, 901)"
    ],
    "(243, 990)": [
        "(514, 978)",
        "(71, 451)",
        "(734, 752)",
        "(651, 800)",
        "(898, 999)",
        "(667, 901)",
        "(206, 786)",
        "(189, 317)",
        "(118, 250)",
        "(90, 228)",
        "(96, 136)",
        "(910, 686)",
        "(196, 978)",
        "(158, 677)",
        "(692, 273)",
        "(445, 391)",
        "(472, 913)",
        "(293, 721)",
        "(153, 673)",
        "(843, 401)",
        "(428, 99)",
        "(384, 423)",
        "(847, 910)",
        "(628, 415)",
        "(882, 21)",
        "(66, 752)",
        "(902, 54)",
        "(413, 1)",
        "(945, 387)",
        "(996, 919)",
        "(898, 125)",
        "(770, 757)",
        "(962, 345)",
        "(144, 721)",
        "(980, 436)",
        "(5, 60)",
        "(727, 337)",
        "(61, 196)",
        "(157, 22)",
        "(444, 28)",
        "(887, 743)",
        "(769, 232)",
        "(983, 386)",
        "(688, 612)",
        "(21, 850)",
        "(929, 594)",
        "(969, 921)",
        "(833, 213)",
        "(732, 775)",
        "(847, 950)",
        "(348, 926)",
        "(909, 932)",
        "(875, 108)",
        "(677, 136)"
    ],
    "(660, 480)": [
        "(445, 391)",
        "(158, 677)",
        "(875, 108)",
        "(945, 387)",
        "(196, 978)",
        "(951, 594)",
        "(348, 926)",
        "(667, 901)",
        "(625, 251)",
        "(833, 213)",
        "(688, 612)",
        "(249, 19)",
        "(677, 136)",
        "(941, 553)",
        "(692, 273)",
        "(66, 752)",
        "(910, 686)",
        "(969, 921)",
        "(118, 250)",
        "(929, 594)",
        "(292, 953)",
        "(734, 752)",
        "(303, 221)",
        "(31, 24)",
        "(770, 757)",
        "(882, 21)",
        "(61, 196)",
        "(236, 594)",
        "(616, 527)",
        "(843, 401)",
        "(428, 99)",
        "(112, 397)",
        "(71, 451)",
        "(163, 132)",
        "(998, 465)",
        "(934, 292)",
        "(769, 232)",
        "(651, 800)",
        "(617, 187)",
        "(96, 136)",
        "(962, 345)",
        "(153, 673)",
        "(206, 786)",
        "(21, 850)",
        "(514, 978)",
        "(384, 423)",
        "(887, 743)",
        "(664, 97)",
        "(847, 950)",
        "(5, 60)",
        "(699, 902)",
        "(983, 386)",
        "(996, 919)",
        "(902, 54)"
    ],
    "(413, 1)": [
        "(61, 196)",
        "(664, 97)",
        "(249, 19)",
        "(163, 132)",
        "(769, 232)",
        "(330, 576)",
        "(882, 21)",
        "(770, 757)",
        "(847, 910)",
        "(189, 317)",
        "(727, 337)",
        "(118, 250)",
        "(843, 401)",
        "(384, 423)",
        "(980, 436)",
        "(288, 642)",
        "(667, 901)",
        "(929, 594)",
        "(910, 686)",
        "(902, 54)",
        "(941, 553)",
        "(996, 919)",
        "(196, 978)",
        "(243, 990)",
        "(153, 673)",
        "(71, 451)",
        "(90, 228)",
        "(692, 273)",
        "(444, 28)",
        "(688, 612)",
        "(348, 926)",
        "(428, 99)",
        "(137, 319)",
        "(144, 721)",
        "(206, 786)",
        "(734, 752)",
        "(651, 800)",
        "(847, 950)",
        "(616, 527)",
        "(157, 22)",
        "(628, 415)",
        "(617, 187)",
        "(962, 345)",
        "(21, 850)",
        "(66, 752)",
        "(875, 108)",
        "(292, 953)",
        "(969, 921)",
        "(966, 787)",
        "(31, 24)",
        "(677, 136)",
        "(699, 902)",
        "(514, 978)",
        "(445, 391)",
        "(945, 387)",
        "(303, 221)",
        "(732, 775)",
        "(96, 136)",
        "(158, 677)",
        "(898, 999)"
    ],
    "(236, 594)": [
        "(137, 319)",
        "(444, 28)",
        "(727, 337)",
        "(153, 673)",
        "(31, 24)",
        "(61, 196)",
        "(664, 97)",
        "(980, 436)",
        "(770, 757)",
        "(157, 22)",
        "(996, 919)",
        "(118, 250)",
        "(5, 60)",
        "(472, 913)",
        "(983, 386)",
        "(898, 125)",
        "(902, 54)",
        "(21, 850)",
        "(189, 317)",
        "(96, 136)",
        "(875, 108)",
        "(163, 132)",
        "(428, 99)",
        "(909, 932)",
        "(616, 527)",
        "(966, 787)",
        "(330, 576)",
        "(384, 423)",
        "(196, 978)",
        "(847, 950)",
        "(734, 752)",
        "(887, 743)",
        "(71, 451)",
        "(660, 480)",
        "(898, 999)",
        "(998, 465)",
        "(929, 594)",
        "(910, 686)",
        "(625, 251)",
        "(934, 292)",
        "(847, 910)",
        "(66, 752)",
        "(112, 397)",
        "(158, 677)",
        "(732, 775)",
        "(951, 594)",
        "(651, 800)",
        "(843, 401)",
        "(144, 721)",
        "(833, 213)",
        "(348, 926)",
        "(677, 136)"
    ],
    "(667, 901)": [
        "(189, 317)",
        "(31, 24)",
        "(96, 136)",
        "(514, 978)",
        "(90, 228)",
        "(243, 990)",
        "(444, 28)",
        "(288, 642)",
        "(196, 978)",
        "(293, 721)",
        "(445, 391)",
        "(330, 576)",
        "(660, 480)",
        "(875, 108)",
        "(651, 800)",
        "(909, 932)",
        "(692, 273)",
        "(413, 1)",
        "(929, 594)",
        "(112, 397)",
        "(898, 125)",
        "(934, 292)",
        "(249, 19)",
        "(770, 757)",
        "(980, 436)",
        "(664, 97)",
        "(734, 752)",
        "(847, 910)",
        "(902, 54)",
        "(71, 451)",
        "(66, 752)",
        "(843, 401)",
        "(625, 251)",
        "(428, 99)",
        "(732, 775)",
        "(158, 677)",
        "(847, 950)",
        "(118, 250)",
        "(910, 686)",
        "(303, 221)",
        "(969, 921)",
        "(727, 337)",
        "(292, 953)",
        "(348, 926)",
        "(962, 345)",
        "(983, 386)",
        "(677, 136)",
        "(163, 132)",
        "(898, 999)",
        "(887, 743)",
        "(951, 594)",
        "(153, 673)",
        "(5, 60)",
        "(137, 319)",
        "(144, 721)",
        "(769, 232)",
        "(945, 387)"
    ],
    "(112, 397)": [
        "(983, 386)",
        "(163, 132)",
        "(651, 800)",
        "(998, 465)",
        "(692, 273)",
        "(144, 721)",
        "(196, 978)",
        "(189, 317)",
        "(727, 337)",
        "(902, 54)",
        "(732, 775)",
        "(71, 451)",
        "(847, 950)",
        "(769, 232)",
        "(21, 850)",
        "(31, 24)",
        "(90, 228)",
        "(909, 932)",
        "(770, 757)",
        "(941, 553)",
        "(910, 686)",
        "(833, 213)",
        "(118, 250)",
        "(428, 99)",
        "(667, 901)",
        "(664, 97)",
        "(249, 19)",
        "(153, 673)",
        "(677, 136)",
        "(445, 391)",
        "(384, 423)",
        "(616, 527)",
        "(5, 60)",
        "(514, 978)",
        "(137, 319)",
        "(734, 752)",
        "(966, 787)",
        "(660, 480)",
        "(330, 576)",
        "(292, 953)",
        "(293, 721)",
        "(96, 136)",
        "(444, 28)",
        "(61, 196)",
        "(898, 999)",
        "(617, 187)",
        "(236, 594)",
        "(980, 436)",
        "(625, 251)",
        "(951, 594)",
        "(875, 108)",
        "(929, 594)",
        "(843, 401)",
        "(206, 786)",
        "(699, 902)",
        "(157, 22)",
        "(288, 642)"
    ],
    "(303, 221)": [
        "(969, 921)",
        "(293, 721)",
        "(847, 950)",
        "(887, 743)",
        "(833, 213)",
        "(66, 752)",
        "(734, 752)",
        "(732, 775)",
        "(929, 594)",
        "(677, 136)",
        "(843, 401)",
        "(144, 721)",
        "(951, 594)",
        "(996, 919)",
        "(21, 850)",
        "(31, 24)",
        "(71, 451)",
        "(616, 527)",
        "(898, 999)",
        "(163, 132)",
        "(727, 337)",
        "(660, 480)",
        "(137, 319)",
        "(882, 21)",
        "(292, 953)",
        "(769, 232)",
        "(983, 386)",
        "(617, 187)",
        "(348, 926)",
        "(196, 978)",
        "(330, 576)",
        "(667, 901)",
        "(118, 250)",
        "(288, 642)",
        "(158, 677)",
        "(206, 786)",
        "(153, 673)",
        "(5, 60)",
        "(625, 251)",
        "(910, 686)",
        "(157, 22)",
        "(941, 553)",
        "(445, 391)",
        "(980, 436)",
        "(428, 99)",
        "(847, 910)",
        "(966, 787)",
        "(898, 125)",
        "(945, 387)",
        "(96, 136)",
        "(902, 54)",
        "(934, 292)",
        "(909, 932)",
        "(514, 978)",
        "(249, 19)",
        "(413, 1)",
        "(770, 757)",
        "(628, 415)",
        "(998, 465)"
    ],
    "(980, 436)": [
        "(163, 132)",
        "(153, 673)",
        "(288, 642)",
        "(66, 752)",
        "(617, 187)",
        "(236, 594)",
        "(770, 757)",
        "(428, 99)",
        "(61, 196)",
        "(196, 978)",
        "(384, 423)",
        "(677, 136)",
        "(951, 594)",
        "(910, 686)",
        "(625, 251)",
        "(998, 465)",
        "(413, 1)",
        "(847, 910)",
        "(882, 21)",
        "(996, 919)",
        "(667, 901)",
        "(902, 54)",
        "(843, 401)",
        "(875, 108)",
        "(929, 594)",
        "(137, 319)",
        "(249, 19)",
        "(445, 391)",
        "(898, 999)",
        "(514, 978)",
        "(727, 337)",
        "(692, 273)",
        "(157, 22)",
        "(243, 990)",
        "(833, 213)",
        "(21, 850)",
        "(962, 345)",
        "(664, 97)",
        "(966, 787)",
        "(688, 612)",
        "(292, 953)",
        "(112, 397)",
        "(189, 317)",
        "(303, 221)",
        "(909, 932)",
        "(769, 232)",
        "(732, 775)",
        "(5, 60)",
        "(293, 721)",
        "(651, 800)",
        "(330, 576)",
        "(898, 125)",
        "(847, 950)",
        "(158, 677)"
    ],
    "(71, 451)": [
        "(243, 990)",
        "(293, 721)",
        "(651, 800)",
        "(983, 386)",
        "(769, 232)",
        "(688, 612)",
        "(998, 465)",
        "(144, 721)",
        "(962, 345)",
        "(699, 902)",
        "(288, 642)",
        "(929, 594)",
        "(61, 196)",
        "(732, 775)",
        "(112, 397)",
        "(882, 21)",
        "(843, 401)",
        "(617, 187)",
        "(158, 677)",
        "(514, 978)",
        "(292, 953)",
        "(189, 317)",
        "(303, 221)",
        "(898, 999)",
        "(887, 743)",
        "(692, 273)",
        "(384, 423)",
        "(445, 391)",
        "(31, 24)",
        "(677, 136)",
        "(137, 319)",
        "(413, 1)",
        "(667, 901)",
        "(348, 926)",
        "(330, 576)",
        "(236, 594)",
        "(941, 553)",
        "(660, 480)",
        "(90, 228)",
        "(734, 752)",
        "(628, 415)",
        "(163, 132)",
        "(444, 28)",
        "(472, 913)",
        "(969, 921)",
        "(66, 752)",
        "(847, 950)",
        "(727, 337)",
        "(96, 136)",
        "(21, 850)",
        "(157, 22)",
        "(966, 787)",
        "(206, 786)",
        "(833, 213)",
        "(5, 60)",
        "(428, 99)"
    ],
    "(428, 99)": [
        "(929, 594)",
        "(445, 391)",
        "(348, 926)",
        "(962, 345)",
        "(158, 677)",
        "(980, 436)",
        "(875, 108)",
        "(909, 932)",
        "(153, 673)",
        "(616, 527)",
        "(983, 386)",
        "(196, 978)",
        "(951, 594)",
        "(677, 136)",
        "(998, 465)",
        "(969, 921)",
        "(96, 136)",
        "(243, 990)",
        "(734, 752)",
        "(21, 850)",
        "(112, 397)",
        "(144, 721)",
        "(236, 594)",
        "(770, 757)",
        "(882, 21)",
        "(898, 125)",
        "(206, 786)",
        "(413, 1)",
        "(732, 775)",
        "(667, 901)",
        "(910, 686)",
        "(660, 480)",
        "(628, 415)",
        "(472, 913)",
        "(288, 642)",
        "(966, 787)",
        "(118, 250)",
        "(996, 919)",
        "(303, 221)",
        "(163, 132)",
        "(664, 97)",
        "(945, 387)",
        "(843, 401)",
        "(847, 910)",
        "(384, 423)",
        "(444, 28)",
        "(71, 451)",
        "(692, 273)"
    ],
    "(677, 136)": [
        "(137, 319)",
        "(909, 932)",
        "(910, 686)",
        "(941, 553)",
        "(732, 775)",
        "(31, 24)",
        "(348, 926)",
        "(303, 221)",
        "(196, 978)",
        "(833, 213)",
        "(384, 423)",
        "(651, 800)",
        "(983, 386)",
        "(980, 436)",
        "(660, 480)",
        "(843, 401)",
        "(734, 752)",
        "(90, 228)",
        "(428, 99)",
        "(157, 22)",
        "(163, 132)",
        "(292, 953)",
        "(934, 292)",
        "(5, 60)",
        "(153, 673)",
        "(158, 677)",
        "(616, 527)",
        "(71, 451)",
        "(293, 721)",
        "(945, 387)",
        "(929, 594)",
        "(898, 125)",
        "(112, 397)",
        "(96, 136)",
        "(445, 391)",
        "(688, 612)",
        "(625, 251)",
        "(249, 19)",
        "(206, 786)",
        "(692, 273)",
        "(66, 752)",
        "(770, 757)",
        "(444, 28)",
        "(875, 108)",
        "(288, 642)",
        "(898, 999)",
        "(667, 901)",
        "(144, 721)",
        "(413, 1)",
        "(617, 187)",
        "(847, 950)",
        "(996, 919)",
        "(243, 990)",
        "(189, 317)",
        "(664, 97)",
        "(969, 921)",
        "(236, 594)",
        "(887, 743)"
    ],
    "(847, 910)": [
        "(616, 527)",
        "(651, 800)",
        "(206, 786)",
        "(887, 743)",
        "(617, 187)",
        "(769, 232)",
        "(413, 1)",
        "(628, 415)",
        "(882, 21)",
        "(90, 228)",
        "(910, 686)",
        "(444, 28)",
        "(983, 386)",
        "(330, 576)",
        "(61, 196)",
        "(699, 902)",
        "(934, 292)",
        "(980, 436)",
        "(348, 926)",
        "(243, 990)",
        "(847, 950)",
        "(96, 136)",
        "(293, 721)",
        "(945, 387)",
        "(667, 901)",
        "(445, 391)",
        "(875, 108)",
        "(734, 752)",
        "(833, 213)",
        "(998, 465)",
        "(929, 594)",
        "(384, 423)",
        "(137, 319)",
        "(770, 757)",
        "(66, 752)",
        "(236, 594)",
        "(732, 775)",
        "(996, 919)",
        "(514, 978)",
        "(189, 317)",
        "(969, 921)",
        "(157, 22)",
        "(288, 642)",
        "(153, 673)",
        "(196, 978)",
        "(249, 19)",
        "(898, 125)",
        "(303, 221)",
        "(144, 721)",
        "(909, 932)",
        "(898, 999)",
        "(843, 401)",
        "(428, 99)",
        "(163, 132)",
        "(902, 54)",
        "(5, 60)"
    ],
    "(902, 54)": [
        "(934, 292)",
        "(882, 21)",
        "(628, 415)",
        "(996, 919)",
        "(945, 387)",
        "(699, 902)",
        "(163, 132)",
        "(898, 125)",
        "(969, 921)",
        "(153, 673)",
        "(847, 950)",
        "(616, 527)",
        "(692, 273)",
        "(112, 397)",
        "(157, 22)",
        "(384, 423)",
        "(5, 60)",
        "(236, 594)",
        "(875, 108)",
        "(288, 642)",
        "(348, 926)",
        "(413, 1)",
        "(293, 721)",
        "(31, 24)",
        "(980, 436)",
        "(206, 786)",
        "(243, 990)",
        "(21, 850)",
        "(667, 901)",
        "(898, 999)",
        "(951, 594)",
        "(688, 612)",
        "(732, 775)",
        "(983, 386)",
        "(734, 752)",
        "(966, 787)",
        "(769, 232)",
        "(249, 19)",
        "(887, 743)",
        "(66, 752)",
        "(137, 319)",
        "(514, 978)",
        "(770, 757)",
        "(472, 913)",
        "(941, 553)",
        "(910, 686)",
        "(664, 97)",
        "(330, 576)",
        "(843, 401)",
        "(303, 221)",
        "(929, 594)",
        "(61, 196)",
        "(847, 910)",
        "(158, 677)",
        "(660, 480)",
        "(292, 953)"
    ],
    "(887, 743)": [
        "(962, 345)",
        "(330, 576)",
        "(969, 921)",
        "(206, 786)",
        "(951, 594)",
        "(249, 19)",
        "(847, 910)",
        "(303, 221)",
        "(158, 677)",
        "(966, 787)",
        "(898, 125)",
        "(348, 926)",
        "(929, 594)",
        "(651, 800)",
        "(692, 273)",
        "(882, 21)",
        "(898, 999)",
        "(444, 28)",
        "(664, 97)",
        "(734, 752)",
        "(71, 451)",
        "(472, 913)",
        "(21, 850)",
        "(843, 401)",
        "(833, 213)",
        "(769, 232)",
        "(514, 978)",
        "(236, 594)",
        "(288, 642)",
        "(163, 132)",
        "(90, 228)",
        "(628, 415)",
        "(996, 919)",
        "(616, 527)",
        "(118, 250)",
        "(292, 953)",
        "(31, 24)",
        "(902, 54)",
        "(153, 673)",
        "(66, 752)",
        "(243, 990)",
        "(875, 108)",
        "(61, 196)",
        "(983, 386)",
        "(293, 721)",
        "(660, 480)",
        "(667, 901)",
        "(910, 686)",
        "(945, 387)",
        "(688, 612)",
        "(727, 337)",
        "(847, 950)",
        "(677, 136)"
    ],
    "(249, 19)": [
        "(189, 317)",
        "(158, 677)",
        "(444, 28)",
        "(941, 553)",
        "(413, 1)",
        "(616, 527)",
        "(163, 132)",
        "(887, 743)",
        "(909, 932)",
        "(699, 902)",
        "(61, 196)",
        "(157, 22)",
        "(31, 24)",
        "(692, 273)",
        "(472, 913)",
        "(514, 978)",
        "(660, 480)",
        "(66, 752)",
        "(206, 786)",
        "(770, 757)",
        "(137, 319)",
        "(875, 108)",
        "(330, 576)",
        "(969, 921)",
        "(910, 686)",
        "(118, 250)",
        "(934, 292)",
        "(625, 251)",
        "(667, 901)",
        "(112, 397)",
        "(293, 721)",
        "(847, 950)",
        "(348, 926)",
        "(996, 919)",
        "(96, 136)",
        "(980, 436)",
        "(945, 387)",
        "(21, 850)",
        "(677, 136)",
        "(384, 423)",
        "(898, 999)",
        "(951, 594)",
        "(727, 337)",
        "(902, 54)",
        "(732, 775)",
        "(843, 401)",
        "(847, 910)",
        "(966, 787)",
        "(288, 642)",
        "(5, 60)",
        "(617, 187)",
        "(628, 415)",
        "(196, 978)",
        "(769, 232)",
        "(303, 221)",
        "(90, 228)"
    ],
    "(31, 24)": [
        "(444, 28)",
        "(667, 901)",
        "(945, 387)",
        "(910, 686)",
        "(236, 594)",
        "(61, 196)",
        "(330, 576)",
        "(699, 902)",
        "(934, 292)",
        "(677, 136)",
        "(5, 60)",
        "(472, 913)",
        "(249, 19)",
        "(898, 125)",
        "(112, 397)",
        "(90, 228)",
        "(966, 787)",
        "(833, 213)",
        "(303, 221)",
        "(445, 391)",
        "(21, 850)",
        "(998, 465)",
        "(734, 752)",
        "(769, 232)",
        "(692, 273)",
        "(348, 926)",
        "(71, 451)",
        "(902, 54)",
        "(144, 721)",
        "(727, 337)",
        "(660, 480)",
        "(196, 978)",
        "(292, 953)",
        "(770, 757)",
        "(651, 800)",
        "(96, 136)",
        "(969, 921)",
        "(847, 950)",
        "(628, 415)",
        "(384, 423)",
        "(206, 786)",
        "(732, 775)",
        "(137, 319)",
        "(898, 999)",
        "(887, 743)",
        "(688, 612)",
        "(962, 345)",
        "(882, 21)",
        "(66, 752)",
        "(996, 919)",
        "(664, 97)",
        "(189, 317)",
        "(413, 1)",
        "(909, 932)",
        "(617, 187)",
        "(843, 401)",
        "(153, 673)",
        "(118, 250)",
        "(983, 386)"
    ],
    "(444, 28)": [
        "(833, 213)",
        "(31, 24)",
        "(236, 594)",
        "(910, 686)",
        "(292, 953)",
        "(249, 19)",
        "(770, 757)",
        "(667, 901)",
        "(384, 423)",
        "(945, 387)",
        "(628, 415)",
        "(847, 950)",
        "(189, 317)",
        "(330, 576)",
        "(699, 902)",
        "(157, 22)",
        "(664, 97)",
        "(445, 391)",
        "(998, 465)",
        "(847, 910)",
        "(996, 919)",
        "(153, 673)",
        "(887, 743)",
        "(5, 60)",
        "(348, 926)",
        "(875, 108)",
        "(206, 786)",
        "(617, 187)",
        "(929, 594)",
        "(651, 800)",
        "(163, 132)",
        "(288, 642)",
        "(413, 1)",
        "(158, 677)",
        "(934, 292)",
        "(734, 752)",
        "(843, 401)",
        "(112, 397)",
        "(677, 136)",
        "(243, 990)",
        "(625, 251)",
        "(71, 451)",
        "(898, 999)",
        "(962, 345)",
        "(293, 721)",
        "(61, 196)",
        "(732, 775)",
        "(144, 721)",
        "(196, 978)",
        "(137, 319)",
        "(898, 125)",
        "(66, 752)",
        "(966, 787)",
        "(909, 932)",
        "(472, 913)",
        "(428, 99)"
    ],
    "(969, 921)": [
        "(514, 978)",
        "(5, 60)",
        "(303, 221)",
        "(887, 743)",
        "(189, 317)",
        "(962, 345)",
        "(727, 337)",
        "(934, 292)",
        "(292, 953)",
        "(66, 752)",
        "(902, 54)",
        "(833, 213)",
        "(732, 775)",
        "(157, 22)",
        "(288, 642)",
        "(163, 132)",
        "(144, 721)",
        "(983, 386)",
        "(428, 99)",
        "(966, 787)",
        "(249, 19)",
        "(660, 480)",
        "(158, 677)",
        "(898, 999)",
        "(951, 594)",
        "(206, 786)",
        "(882, 21)",
        "(688, 612)",
        "(847, 950)",
        "(472, 913)",
        "(31, 24)",
        "(61, 196)",
        "(769, 232)",
        "(667, 901)",
        "(96, 136)",
        "(118, 250)",
        "(910, 686)",
        "(90, 228)",
        "(929, 594)",
        "(137, 319)",
        "(945, 387)",
        "(71, 451)",
        "(293, 721)",
        "(847, 910)",
        "(348, 926)",
        "(843, 401)",
        "(413, 1)",
        "(384, 423)",
        "(770, 757)",
        "(941, 553)",
        "(330, 576)",
        "(243, 990)",
        "(651, 800)",
        "(445, 391)",
        "(692, 273)",
        "(996, 919)",
        "(625, 251)",
        "(677, 136)",
        "(898, 125)"
    ],
    "(996, 919)": [
        "(902, 54)",
        "(628, 415)",
        "(625, 251)",
        "(951, 594)",
        "(910, 686)",
        "(945, 387)",
        "(189, 317)",
        "(882, 21)",
        "(66, 752)",
        "(236, 594)",
        "(929, 594)",
        "(444, 28)",
        "(875, 108)",
        "(847, 950)",
        "(472, 913)",
        "(61, 196)",
        "(118, 250)",
        "(303, 221)",
        "(732, 775)",
        "(962, 345)",
        "(769, 232)",
        "(980, 436)",
        "(699, 902)",
        "(153, 673)",
        "(293, 721)",
        "(158, 677)",
        "(413, 1)",
        "(909, 932)",
        "(243, 990)",
        "(249, 19)",
        "(692, 273)",
        "(196, 978)",
        "(651, 800)",
        "(770, 757)",
        "(445, 391)",
        "(843, 401)",
        "(206, 786)",
        "(887, 743)",
        "(292, 953)",
        "(144, 721)",
        "(163, 132)",
        "(90, 228)",
        "(983, 386)",
        "(664, 97)",
        "(31, 24)",
        "(847, 910)",
        "(5, 60)",
        "(688, 612)",
        "(734, 752)",
        "(21, 850)",
        "(898, 125)",
        "(934, 292)",
        "(428, 99)",
        "(157, 22)",
        "(677, 136)",
        "(969, 921)",
        "(96, 136)",
        "(660, 480)"
    ],
    "(966, 787)": [
        "(945, 387)",
        "(910, 686)",
        "(843, 401)",
        "(882, 21)",
        "(941, 553)",
        "(5, 60)",
        "(628, 415)",
        "(887, 743)",
        "(144, 721)",
        "(137, 319)",
        "(445, 391)",
        "(616, 527)",
        "(909, 932)",
        "(163, 132)",
        "(998, 465)",
        "(951, 594)",
        "(348, 926)",
        "(514, 978)",
        "(21, 850)",
        "(206, 786)",
        "(31, 24)",
        "(833, 213)",
        "(969, 921)",
        "(153, 673)",
        "(962, 345)",
        "(934, 292)",
        "(692, 273)",
        "(90, 228)",
        "(236, 594)",
        "(734, 752)",
        "(61, 196)",
        "(664, 97)",
        "(770, 757)",
        "(617, 187)",
        "(112, 397)",
        "(769, 232)",
        "(288, 642)",
        "(902, 54)",
        "(898, 125)",
        "(384, 423)",
        "(66, 752)",
        "(428, 99)",
        "(96, 136)",
        "(980, 436)",
        "(929, 594)",
        "(293, 721)",
        "(118, 250)",
        "(413, 1)",
        "(249, 19)",
        "(727, 337)",
        "(875, 108)",
        "(71, 451)",
        "(303, 221)",
        "(196, 978)",
        "(651, 800)",
        "(444, 28)",
        "(688, 612)"
    ],
    "(898, 125)": [
        "(651, 800)",
        "(292, 953)",
        "(196, 978)",
        "(945, 387)",
        "(616, 527)",
        "(898, 999)",
        "(628, 415)",
        "(163, 132)",
        "(902, 54)",
        "(293, 721)",
        "(118, 250)",
        "(734, 752)",
        "(887, 743)",
        "(909, 932)",
        "(189, 317)",
        "(699, 902)",
        "(688, 612)",
        "(206, 786)",
        "(514, 978)",
        "(941, 553)",
        "(137, 319)",
        "(910, 686)",
        "(236, 594)",
        "(31, 24)",
        "(770, 757)",
        "(445, 391)",
        "(727, 337)",
        "(664, 97)",
        "(843, 401)",
        "(153, 673)",
        "(667, 901)",
        "(875, 108)",
        "(882, 21)",
        "(61, 196)",
        "(677, 136)",
        "(428, 99)",
        "(243, 990)",
        "(998, 465)",
        "(66, 752)",
        "(929, 594)",
        "(769, 232)",
        "(833, 213)",
        "(966, 787)",
        "(144, 721)",
        "(625, 251)",
        "(384, 423)",
        "(692, 273)",
        "(472, 913)",
        "(996, 919)",
        "(847, 910)",
        "(444, 28)",
        "(21, 850)",
        "(303, 221)",
        "(96, 136)",
        "(157, 22)",
        "(5, 60)",
        "(980, 436)",
        "(158, 677)",
        "(969, 921)"
    ],
    "(962, 345)": [
        "(887, 743)",
        "(998, 465)",
        "(428, 99)",
        "(969, 921)",
        "(514, 978)",
        "(61, 196)",
        "(732, 775)",
        "(71, 451)",
        "(692, 273)",
        "(96, 136)",
        "(137, 319)",
        "(898, 999)",
        "(472, 913)",
        "(651, 800)",
        "(699, 902)",
        "(196, 978)",
        "(348, 926)",
        "(330, 576)",
        "(384, 423)",
        "(769, 232)",
        "(966, 787)",
        "(847, 950)",
        "(996, 919)",
        "(153, 673)",
        "(118, 250)",
        "(158, 677)",
        "(616, 527)",
        "(910, 686)",
        "(625, 251)",
        "(90, 228)",
        "(163, 132)",
        "(833, 213)",
        "(5, 60)",
        "(206, 786)",
        "(734, 752)",
        "(157, 22)",
        "(882, 21)",
        "(243, 990)",
        "(445, 391)",
        "(727, 337)",
        "(875, 108)",
        "(628, 415)",
        "(293, 721)",
        "(980, 436)",
        "(31, 24)",
        "(413, 1)",
        "(444, 28)",
        "(688, 612)",
        "(667, 901)",
        "(660, 480)",
        "(934, 292)",
        "(288, 642)",
        "(843, 401)",
        "(617, 187)",
        "(941, 553)",
        "(909, 932)"
    ],
    "(951, 594)": [
        "(206, 786)",
        "(692, 273)",
        "(628, 415)",
        "(664, 97)",
        "(616, 527)",
        "(887, 743)",
        "(617, 187)",
        "(996, 919)",
        "(348, 926)",
        "(660, 480)",
        "(330, 576)",
        "(514, 978)",
        "(66, 752)",
        "(96, 136)",
        "(727, 337)",
        "(734, 752)",
        "(769, 232)",
        "(909, 932)",
        "(966, 787)",
        "(980, 436)",
        "(428, 99)",
        "(770, 757)",
        "(303, 221)",
        "(833, 213)",
        "(732, 775)",
        "(137, 319)",
        "(293, 721)",
        "(969, 921)",
        "(472, 913)",
        "(945, 387)",
        "(910, 686)",
        "(5, 60)",
        "(902, 54)",
        "(875, 108)",
        "(90, 228)",
        "(196, 978)",
        "(163, 132)",
        "(384, 423)",
        "(249, 19)",
        "(144, 721)",
        "(843, 401)",
        "(882, 21)",
        "(292, 953)",
        "(61, 196)",
        "(118, 250)",
        "(236, 594)",
        "(112, 397)",
        "(998, 465)",
        "(688, 612)",
        "(288, 642)",
        "(941, 553)",
        "(667, 901)",
        "(847, 950)"
    ],
    "(699, 902)": [
        "(983, 386)",
        "(732, 775)",
        "(31, 24)",
        "(472, 913)",
        "(902, 54)",
        "(909, 932)",
        "(651, 800)",
        "(934, 292)",
        "(249, 19)",
        "(444, 28)",
        "(71, 451)",
        "(910, 686)",
        "(898, 125)",
        "(945, 387)",
        "(962, 345)",
        "(727, 337)",
        "(293, 721)",
        "(692, 273)",
        "(163, 132)",
        "(66, 752)",
        "(847, 910)",
        "(514, 978)",
        "(288, 642)",
        "(996, 919)",
        "(445, 391)",
        "(21, 850)",
        "(833, 213)",
        "(843, 401)",
        "(384, 423)",
        "(153, 673)",
        "(616, 527)",
        "(929, 594)",
        "(664, 97)",
        "(625, 251)",
        "(769, 232)",
        "(941, 553)",
        "(137, 319)",
        "(157, 22)",
        "(770, 757)",
        "(413, 1)",
        "(875, 108)",
        "(734, 752)",
        "(660, 480)",
        "(5, 60)",
        "(617, 187)",
        "(112, 397)",
        "(158, 677)"
    ],
    "(137, 319)": [
        "(677, 136)",
        "(236, 594)",
        "(288, 642)",
        "(206, 786)",
        "(934, 292)",
        "(625, 251)",
        "(21, 850)",
        "(293, 721)",
        "(163, 132)",
        "(983, 386)",
        "(941, 553)",
        "(847, 950)",
        "(962, 345)",
        "(998, 465)",
        "(966, 787)",
        "(688, 612)",
        "(910, 686)",
        "(898, 125)",
        "(664, 97)",
        "(196, 978)",
        "(189, 317)",
        "(153, 673)",
        "(96, 136)",
        "(249, 19)",
        "(951, 594)",
        "(843, 401)",
        "(617, 187)",
        "(5, 60)",
        "(303, 221)",
        "(144, 721)",
        "(71, 451)",
        "(651, 800)",
        "(898, 999)",
        "(384, 423)",
        "(980, 436)",
        "(61, 196)",
        "(66, 752)",
        "(112, 397)",
        "(413, 1)",
        "(875, 108)",
        "(909, 932)",
        "(692, 273)",
        "(847, 910)",
        "(158, 677)",
        "(157, 22)",
        "(616, 527)",
        "(31, 24)",
        "(292, 953)",
        "(969, 921)",
        "(699, 902)",
        "(628, 415)",
        "(445, 391)",
        "(902, 54)",
        "(732, 775)",
        "(769, 232)",
        "(727, 337)",
        "(444, 28)",
        "(945, 387)",
        "(118, 250)",
        "(734, 752)",
        "(667, 901)",
        "(929, 594)"
    ],
    "(898, 999)": [
        "(628, 415)",
        "(882, 21)",
        "(243, 990)",
        "(898, 125)",
        "(983, 386)",
        "(189, 317)",
        "(348, 926)",
        "(664, 97)",
        "(962, 345)",
        "(929, 594)",
        "(887, 743)",
        "(96, 136)",
        "(144, 721)",
        "(909, 932)",
        "(118, 250)",
        "(157, 22)",
        "(71, 451)",
        "(732, 775)",
        "(969, 921)",
        "(941, 553)",
        "(303, 221)",
        "(833, 213)",
        "(770, 757)",
        "(472, 913)",
        "(998, 465)",
        "(293, 721)",
        "(137, 319)",
        "(875, 108)",
        "(196, 978)",
        "(288, 642)",
        "(384, 423)",
        "(5, 60)",
        "(902, 54)",
        "(90, 228)",
        "(158, 677)",
        "(980, 436)",
        "(727, 337)",
        "(292, 953)",
        "(249, 19)",
        "(236, 594)",
        "(330, 576)",
        "(445, 391)",
        "(945, 387)",
        "(843, 401)",
        "(616, 527)",
        "(31, 24)",
        "(692, 273)",
        "(444, 28)",
        "(112, 397)",
        "(677, 136)",
        "(667, 901)",
        "(934, 292)",
        "(61, 196)",
        "(617, 187)",
        "(734, 752)",
        "(153, 673)",
        "(847, 910)",
        "(514, 978)",
        "(625, 251)",
        "(769, 232)",
        "(413, 1)"
    ],
    "(875, 108)": [
        "(153, 673)",
        "(660, 480)",
        "(96, 136)",
        "(144, 721)",
        "(983, 386)",
        "(90, 228)",
        "(734, 752)",
        "(625, 251)",
        "(163, 132)",
        "(727, 337)",
        "(428, 99)",
        "(651, 800)",
        "(196, 978)",
        "(770, 757)",
        "(667, 901)",
        "(732, 775)",
        "(996, 919)",
        "(929, 594)",
        "(902, 54)",
        "(249, 19)",
        "(444, 28)",
        "(945, 387)",
        "(157, 22)",
        "(118, 250)",
        "(236, 594)",
        "(898, 125)",
        "(769, 232)",
        "(293, 721)",
        "(833, 213)",
        "(664, 97)",
        "(898, 999)",
        "(980, 436)",
        "(847, 910)",
        "(628, 415)",
        "(5, 60)",
        "(909, 932)",
        "(941, 553)",
        "(951, 594)",
        "(137, 319)",
        "(288, 642)",
        "(882, 21)",
        "(677, 136)",
        "(616, 527)",
        "(962, 345)",
        "(413, 1)",
        "(21, 850)",
        "(692, 273)",
        "(887, 743)",
        "(934, 292)",
        "(112, 397)",
        "(966, 787)",
        "(206, 786)",
        "(699, 902)",
        "(472, 913)",
        "(445, 391)",
        "(348, 926)",
        "(514, 978)",
        "(243, 990)",
        "(330, 576)"
    ],
    "(206, 786)": [
        "(951, 594)",
        "(196, 978)",
        "(96, 136)",
        "(887, 743)",
        "(137, 319)",
        "(384, 423)",
        "(664, 97)",
        "(909, 932)",
        "(243, 990)",
        "(847, 910)",
        "(616, 527)",
        "(898, 125)",
        "(833, 213)",
        "(692, 273)",
        "(769, 232)",
        "(651, 800)",
        "(66, 752)",
        "(249, 19)",
        "(966, 787)",
        "(444, 28)",
        "(472, 913)",
        "(153, 673)",
        "(734, 752)",
        "(998, 465)",
        "(158, 677)",
        "(969, 921)",
        "(902, 54)",
        "(428, 99)",
        "(118, 250)",
        "(21, 850)",
        "(962, 345)",
        "(617, 187)",
        "(677, 136)",
        "(413, 1)",
        "(996, 919)",
        "(945, 387)",
        "(770, 757)",
        "(727, 337)",
        "(31, 24)",
        "(163, 132)",
        "(303, 221)",
        "(929, 594)",
        "(910, 686)",
        "(628, 415)",
        "(847, 950)",
        "(144, 721)",
        "(157, 22)",
        "(660, 480)",
        "(445, 391)",
        "(625, 251)",
        "(5, 60)",
        "(90, 228)",
        "(292, 953)",
        "(875, 108)",
        "(348, 926)",
        "(112, 397)",
        "(71, 451)",
        "(293, 721)"
    ],
    "(847, 950)": [
        "(910, 686)",
        "(998, 465)",
        "(472, 913)",
        "(734, 752)",
        "(288, 642)",
        "(144, 721)",
        "(625, 251)",
        "(303, 221)",
        "(292, 953)",
        "(21, 850)",
        "(444, 28)",
        "(664, 97)",
        "(137, 319)",
        "(902, 54)",
        "(118, 250)",
        "(112, 397)",
        "(157, 22)",
        "(941, 553)",
        "(769, 232)",
        "(996, 919)",
        "(445, 391)",
        "(692, 273)",
        "(983, 386)",
        "(727, 337)",
        "(962, 345)",
        "(847, 910)",
        "(96, 136)",
        "(843, 401)",
        "(5, 60)",
        "(770, 757)",
        "(249, 19)",
        "(969, 921)",
        "(61, 196)",
        "(236, 594)",
        "(667, 901)",
        "(833, 213)",
        "(651, 800)",
        "(31, 24)",
        "(413, 1)",
        "(514, 978)",
        "(196, 978)",
        "(348, 926)",
        "(909, 932)",
        "(206, 786)",
        "(616, 527)",
        "(71, 451)",
        "(732, 775)",
        "(384, 423)",
        "(66, 752)",
        "(677, 136)",
        "(243, 990)",
        "(330, 576)",
        "(660, 480)",
        "(628, 415)",
        "(929, 594)",
        "(951, 594)",
        "(158, 677)",
        "(980, 436)",
        "(887, 743)",
        "(945, 387)"
    ],
    "(616, 527)": [
        "(625, 251)",
        "(847, 910)",
        "(898, 125)",
        "(951, 594)",
        "(833, 213)",
        "(249, 19)",
        "(843, 401)",
        "(882, 21)",
        "(472, 913)",
        "(206, 786)",
        "(196, 978)",
        "(445, 391)",
        "(902, 54)",
        "(966, 787)",
        "(90, 228)",
        "(688, 612)",
        "(428, 99)",
        "(66, 752)",
        "(5, 60)",
        "(163, 132)",
        "(293, 721)",
        "(692, 273)",
        "(303, 221)",
        "(617, 187)",
        "(288, 642)",
        "(677, 136)",
        "(348, 926)",
        "(962, 345)",
        "(236, 594)",
        "(61, 196)",
        "(153, 673)",
        "(384, 423)",
        "(651, 800)",
        "(112, 397)",
        "(770, 757)",
        "(330, 576)",
        "(660, 480)",
        "(118, 250)",
        "(699, 902)",
        "(413, 1)",
        "(887, 743)",
        "(998, 465)",
        "(137, 319)",
        "(898, 999)",
        "(909, 932)",
        "(157, 22)",
        "(875, 108)",
        "(983, 386)",
        "(847, 950)",
        "(628, 415)",
        "(734, 752)",
        "(934, 292)"
    ],
    "(628, 415)": [
        "(196, 978)",
        "(843, 401)",
        "(898, 999)",
        "(384, 423)",
        "(951, 594)",
        "(902, 54)",
        "(898, 125)",
        "(996, 919)",
        "(882, 21)",
        "(444, 28)",
        "(293, 721)",
        "(966, 787)",
        "(96, 136)",
        "(847, 910)",
        "(910, 686)",
        "(21, 850)",
        "(288, 642)",
        "(292, 953)",
        "(445, 391)",
        "(330, 576)",
        "(5, 60)",
        "(664, 97)",
        "(941, 553)",
        "(243, 990)",
        "(734, 752)",
        "(66, 752)",
        "(770, 757)",
        "(875, 108)",
        "(727, 337)",
        "(692, 273)",
        "(983, 386)",
        "(887, 743)",
        "(144, 721)",
        "(31, 24)",
        "(71, 451)",
        "(428, 99)",
        "(625, 251)",
        "(934, 292)",
        "(118, 250)",
        "(413, 1)",
        "(206, 786)",
        "(962, 345)",
        "(137, 319)",
        "(514, 978)",
        "(61, 196)",
        "(157, 22)",
        "(616, 527)",
        "(769, 232)",
        "(153, 673)",
        "(189, 317)",
        "(249, 19)",
        "(847, 950)",
        "(90, 228)",
        "(303, 221)"
    ],
    "(384, 423)": [
        "(628, 415)",
        "(909, 932)",
        "(651, 800)",
        "(206, 786)",
        "(882, 21)",
        "(444, 28)",
        "(617, 187)",
        "(293, 721)",
        "(934, 292)",
        "(189, 317)",
        "(677, 136)",
        "(980, 436)",
        "(157, 22)",
        "(902, 54)",
        "(770, 757)",
        "(962, 345)",
        "(843, 401)",
        "(413, 1)",
        "(998, 465)",
        "(243, 990)",
        "(692, 273)",
        "(734, 752)",
        "(625, 251)",
        "(71, 451)",
        "(833, 213)",
        "(727, 337)",
        "(292, 953)",
        "(144, 721)",
        "(769, 232)",
        "(898, 999)",
        "(236, 594)",
        "(61, 196)",
        "(330, 576)",
        "(137, 319)",
        "(616, 527)",
        "(112, 397)",
        "(699, 902)",
        "(847, 910)",
        "(249, 19)",
        "(951, 594)",
        "(96, 136)",
        "(196, 978)",
        "(31, 24)",
        "(688, 612)",
        "(664, 97)",
        "(5, 60)",
        "(445, 391)",
        "(983, 386)",
        "(153, 673)",
        "(348, 926)",
        "(966, 787)",
        "(898, 125)",
        "(732, 775)",
        "(969, 921)",
        "(847, 950)",
        "(945, 387)",
        "(660, 480)",
        "(910, 686)",
        "(66, 752)",
        "(158, 677)",
        "(428, 99)"
    ],
    "(882, 21)": [
        "(5, 60)",
        "(902, 54)",
        "(734, 752)",
        "(898, 999)",
        "(692, 273)",
        "(909, 932)",
        "(384, 423)",
        "(966, 787)",
        "(628, 415)",
        "(616, 527)",
        "(833, 213)",
        "(413, 1)",
        "(96, 136)",
        "(996, 919)",
        "(847, 910)",
        "(945, 387)",
        "(998, 465)",
        "(330, 576)",
        "(71, 451)",
        "(934, 292)",
        "(887, 743)",
        "(617, 187)",
        "(843, 401)",
        "(61, 196)",
        "(158, 677)",
        "(980, 436)",
        "(189, 317)",
        "(243, 990)",
        "(21, 850)",
        "(941, 553)",
        "(348, 926)",
        "(196, 978)",
        "(144, 721)",
        "(969, 921)",
        "(898, 125)",
        "(303, 221)",
        "(428, 99)",
        "(929, 594)",
        "(660, 480)",
        "(983, 386)",
        "(514, 978)",
        "(688, 612)",
        "(875, 108)",
        "(962, 345)",
        "(625, 251)",
        "(163, 132)",
        "(951, 594)",
        "(118, 250)",
        "(651, 800)",
        "(31, 24)",
        "(664, 97)",
        "(770, 757)",
        "(90, 228)",
        "(910, 686)",
        "(153, 673)",
        "(445, 391)",
        "(66, 752)",
        "(472, 913)"
    ],
    "(330, 576)": [
        "(887, 743)",
        "(472, 913)",
        "(144, 721)",
        "(413, 1)",
        "(31, 24)",
        "(189, 317)",
        "(445, 391)",
        "(444, 28)",
        "(951, 594)",
        "(667, 901)",
        "(617, 187)",
        "(962, 345)",
        "(292, 953)",
        "(288, 642)",
        "(941, 553)",
        "(882, 21)",
        "(847, 910)",
        "(732, 775)",
        "(769, 232)",
        "(628, 415)",
        "(664, 97)",
        "(929, 594)",
        "(163, 132)",
        "(727, 337)",
        "(249, 19)",
        "(910, 686)",
        "(909, 932)",
        "(61, 196)",
        "(236, 594)",
        "(384, 423)",
        "(348, 926)",
        "(66, 752)",
        "(692, 273)",
        "(688, 612)",
        "(71, 451)",
        "(616, 527)",
        "(157, 22)",
        "(112, 397)",
        "(734, 752)",
        "(898, 999)",
        "(96, 136)",
        "(303, 221)",
        "(158, 677)",
        "(945, 387)",
        "(998, 465)",
        "(90, 228)",
        "(843, 401)",
        "(969, 921)",
        "(651, 800)",
        "(118, 250)",
        "(847, 950)",
        "(902, 54)",
        "(625, 251)",
        "(980, 436)",
        "(770, 757)",
        "(875, 108)"
    ],
    "(288, 642)": [
        "(137, 319)",
        "(847, 950)",
        "(980, 436)",
        "(445, 391)",
        "(61, 196)",
        "(514, 978)",
        "(667, 901)",
        "(664, 97)",
        "(934, 292)",
        "(732, 775)",
        "(71, 451)",
        "(628, 415)",
        "(330, 576)",
        "(969, 921)",
        "(96, 136)",
        "(163, 132)",
        "(727, 337)",
        "(158, 677)",
        "(902, 54)",
        "(413, 1)",
        "(157, 22)",
        "(699, 902)",
        "(616, 527)",
        "(348, 926)",
        "(692, 273)",
        "(998, 465)",
        "(929, 594)",
        "(21, 850)",
        "(153, 673)",
        "(688, 612)",
        "(5, 60)",
        "(898, 999)",
        "(444, 28)",
        "(118, 250)",
        "(875, 108)",
        "(196, 978)",
        "(887, 743)",
        "(625, 251)",
        "(843, 401)",
        "(770, 757)",
        "(966, 787)",
        "(303, 221)",
        "(909, 932)",
        "(428, 99)",
        "(910, 686)",
        "(734, 752)",
        "(677, 136)",
        "(847, 910)",
        "(962, 345)",
        "(293, 721)",
        "(983, 386)",
        "(249, 19)",
        "(951, 594)",
        "(90, 228)",
        "(941, 553)",
        "(292, 953)",
        "(617, 187)",
        "(112, 397)"
    ],
    "(934, 292)": [
        "(909, 932)",
        "(902, 54)",
        "(769, 232)",
        "(61, 196)",
        "(945, 387)",
        "(688, 612)",
        "(651, 800)",
        "(137, 319)",
        "(31, 24)",
        "(969, 921)",
        "(288, 642)",
        "(983, 386)",
        "(699, 902)",
        "(384, 423)",
        "(910, 686)",
        "(998, 465)",
        "(144, 721)",
        "(882, 21)",
        "(348, 926)",
        "(847, 910)",
        "(677, 136)",
        "(966, 787)",
        "(249, 19)",
        "(21, 850)",
        "(667, 901)",
        "(732, 775)",
        "(196, 978)",
        "(770, 757)",
        "(734, 752)",
        "(444, 28)",
        "(96, 136)",
        "(625, 251)",
        "(660, 480)",
        "(628, 415)",
        "(118, 250)",
        "(163, 132)",
        "(153, 673)",
        "(236, 594)",
        "(875, 108)",
        "(962, 345)",
        "(996, 919)",
        "(472, 913)",
        "(90, 228)",
        "(898, 999)",
        "(293, 721)",
        "(929, 594)",
        "(843, 401)",
        "(727, 337)",
        "(292, 953)",
        "(514, 978)",
        "(616, 527)",
        "(303, 221)"
    ],
    "(732, 775)": [
        "(144, 721)",
        "(348, 926)",
        "(196, 978)",
        "(699, 902)",
        "(96, 136)",
        "(677, 136)",
        "(514, 978)",
        "(833, 213)",
        "(962, 345)",
        "(998, 465)",
        "(303, 221)",
        "(288, 642)",
        "(969, 921)",
        "(71, 451)",
        "(112, 397)",
        "(692, 273)",
        "(292, 953)",
        "(875, 108)",
        "(330, 576)",
        "(21, 850)",
        "(472, 913)",
        "(293, 721)",
        "(951, 594)",
        "(996, 919)",
        "(769, 232)",
        "(898, 999)",
        "(153, 673)",
        "(445, 391)",
        "(617, 187)",
        "(934, 292)",
        "(66, 752)",
        "(664, 97)",
        "(909, 932)",
        "(61, 196)",
        "(428, 99)",
        "(902, 54)",
        "(667, 901)",
        "(158, 677)",
        "(31, 24)",
        "(945, 387)",
        "(157, 22)",
        "(847, 910)",
        "(444, 28)",
        "(137, 319)",
        "(249, 19)",
        "(236, 594)",
        "(384, 423)",
        "(847, 950)",
        "(980, 436)",
        "(163, 132)",
        "(727, 337)",
        "(189, 317)",
        "(243, 990)",
        "(910, 686)",
        "(5, 60)",
        "(688, 612)",
        "(625, 251)",
        "(413, 1)"
    ],
    "(909, 932)": [
        "(934, 292)",
        "(384, 423)",
        "(677, 136)",
        "(882, 21)",
        "(692, 273)",
        "(734, 752)",
        "(206, 786)",
        "(929, 594)",
        "(249, 19)",
        "(292, 953)",
        "(699, 902)",
        "(898, 125)",
        "(625, 251)",
        "(770, 757)",
        "(966, 787)",
        "(90, 228)",
        "(428, 99)",
        "(348, 926)",
        "(951, 594)",
        "(667, 901)",
        "(112, 397)",
        "(514, 978)",
        "(664, 97)",
        "(898, 999)",
        "(843, 401)",
        "(21, 850)",
        "(153, 673)",
        "(293, 721)",
        "(945, 387)",
        "(330, 576)",
        "(236, 594)",
        "(996, 919)",
        "(732, 775)",
        "(875, 108)",
        "(158, 677)",
        "(137, 319)",
        "(983, 386)",
        "(688, 612)",
        "(288, 642)",
        "(616, 527)",
        "(910, 686)",
        "(617, 187)",
        "(847, 950)",
        "(445, 391)",
        "(651, 800)",
        "(980, 436)",
        "(5, 60)",
        "(31, 24)",
        "(727, 337)",
        "(962, 345)",
        "(847, 910)",
        "(243, 990)",
        "(303, 221)",
        "(444, 28)",
        "(66, 752)"
    ],
    "(692, 273)": [
        "(951, 594)",
        "(769, 232)",
        "(882, 21)",
        "(909, 932)",
        "(929, 594)",
        "(153, 673)",
        "(445, 391)",
        "(962, 345)",
        "(61, 196)",
        "(21, 850)",
        "(833, 213)",
        "(112, 397)",
        "(625, 251)",
        "(843, 401)",
        "(902, 54)",
        "(688, 612)",
        "(243, 990)",
        "(732, 775)",
        "(249, 19)",
        "(206, 786)",
        "(770, 757)",
        "(699, 902)",
        "(887, 743)",
        "(847, 950)",
        "(157, 22)",
        "(96, 136)",
        "(667, 901)",
        "(660, 480)",
        "(616, 527)",
        "(384, 423)",
        "(71, 451)",
        "(983, 386)",
        "(910, 686)",
        "(288, 642)",
        "(31, 24)",
        "(66, 752)",
        "(196, 978)",
        "(966, 787)",
        "(5, 60)",
        "(727, 337)",
        "(163, 132)",
        "(413, 1)",
        "(664, 97)",
        "(118, 250)",
        "(996, 919)",
        "(330, 576)",
        "(293, 721)",
        "(628, 415)",
        "(137, 319)",
        "(651, 800)",
        "(514, 978)",
        "(677, 136)",
        "(980, 436)",
        "(945, 387)",
        "(898, 999)",
        "(998, 465)",
        "(158, 677)",
        "(875, 108)",
        "(898, 125)",
        "(734, 752)",
        "(617, 187)",
        "(144, 721)",
        "(941, 553)",
        "(472, 913)",
        "(969, 921)",
        "(428, 99)"
    ],
    "(945, 387)": [
        "(514, 978)",
        "(934, 292)",
        "(31, 24)",
        "(898, 125)",
        "(966, 787)",
        "(902, 54)",
        "(660, 480)",
        "(625, 251)",
        "(444, 28)",
        "(996, 919)",
        "(699, 902)",
        "(196, 978)",
        "(153, 673)",
        "(882, 21)",
        "(445, 391)",
        "(941, 553)",
        "(21, 850)",
        "(651, 800)",
        "(875, 108)",
        "(61, 196)",
        "(909, 932)",
        "(951, 594)",
        "(677, 136)",
        "(847, 910)",
        "(158, 677)",
        "(243, 990)",
        "(189, 317)",
        "(5, 60)",
        "(157, 22)",
        "(292, 953)",
        "(249, 19)",
        "(90, 228)",
        "(206, 786)",
        "(898, 999)",
        "(910, 686)",
        "(692, 273)",
        "(330, 576)",
        "(769, 232)",
        "(969, 921)",
        "(732, 775)",
        "(144, 721)",
        "(734, 752)",
        "(998, 465)",
        "(118, 250)",
        "(843, 401)",
        "(96, 136)",
        "(384, 423)",
        "(293, 721)",
        "(617, 187)",
        "(66, 752)",
        "(413, 1)",
        "(303, 221)",
        "(428, 99)",
        "(887, 743)",
        "(137, 319)",
        "(163, 132)",
        "(664, 97)",
        "(847, 950)",
        "(667, 901)"
    ],
    "(5, 60)": [
        "(882, 21)",
        "(998, 465)",
        "(969, 921)",
        "(833, 213)",
        "(769, 232)",
        "(153, 673)",
        "(445, 391)",
        "(966, 787)",
        "(31, 24)",
        "(118, 250)",
        "(236, 594)",
        "(66, 752)",
        "(902, 54)",
        "(616, 527)",
        "(664, 97)",
        "(628, 415)",
        "(196, 978)",
        "(90, 228)",
        "(444, 28)",
        "(96, 136)",
        "(677, 136)",
        "(293, 721)",
        "(651, 800)",
        "(137, 319)",
        "(847, 950)",
        "(61, 196)",
        "(692, 273)",
        "(292, 953)",
        "(951, 594)",
        "(288, 642)",
        "(898, 999)",
        "(962, 345)",
        "(112, 397)",
        "(875, 108)",
        "(945, 387)",
        "(157, 22)",
        "(734, 752)",
        "(617, 187)",
        "(348, 926)",
        "(163, 132)",
        "(472, 913)",
        "(243, 990)",
        "(303, 221)",
        "(384, 423)",
        "(727, 337)",
        "(189, 317)",
        "(144, 721)",
        "(996, 919)",
        "(983, 386)",
        "(941, 553)",
        "(909, 932)",
        "(206, 786)",
        "(158, 677)",
        "(625, 251)",
        "(980, 436)",
        "(249, 19)",
        "(732, 775)",
        "(660, 480)",
        "(699, 902)",
        "(898, 125)",
        "(667, 901)",
        "(21, 850)",
        "(71, 451)",
        "(847, 910)"
    ],
    "(472, 913)": [
        "(847, 950)",
        "(330, 576)",
        "(66, 752)",
        "(688, 612)",
        "(61, 196)",
        "(699, 902)",
        "(616, 527)",
        "(929, 594)",
        "(843, 401)",
        "(962, 345)",
        "(31, 24)",
        "(21, 850)",
        "(249, 19)",
        "(243, 990)",
        "(236, 594)",
        "(910, 686)",
        "(996, 919)",
        "(732, 775)",
        "(769, 232)",
        "(887, 743)",
        "(96, 136)",
        "(206, 786)",
        "(898, 999)",
        "(196, 978)",
        "(951, 594)",
        "(514, 978)",
        "(969, 921)",
        "(90, 228)",
        "(5, 60)",
        "(428, 99)",
        "(651, 800)",
        "(445, 391)",
        "(71, 451)",
        "(664, 97)",
        "(118, 250)",
        "(898, 125)",
        "(934, 292)",
        "(189, 317)",
        "(153, 673)",
        "(902, 54)",
        "(158, 677)",
        "(875, 108)",
        "(692, 273)",
        "(882, 21)",
        "(293, 721)",
        "(444, 28)",
        "(617, 187)"
    ],
    "(189, 317)": [
        "(249, 19)",
        "(667, 901)",
        "(61, 196)",
        "(969, 921)",
        "(330, 576)",
        "(243, 990)",
        "(444, 28)",
        "(898, 999)",
        "(348, 926)",
        "(996, 919)",
        "(384, 423)",
        "(898, 125)",
        "(413, 1)",
        "(112, 397)",
        "(617, 187)",
        "(843, 401)",
        "(96, 136)",
        "(137, 319)",
        "(158, 677)",
        "(71, 451)",
        "(236, 594)",
        "(769, 232)",
        "(998, 465)",
        "(882, 21)",
        "(445, 391)",
        "(157, 22)",
        "(688, 612)",
        "(144, 721)",
        "(945, 387)",
        "(651, 800)",
        "(734, 752)",
        "(929, 594)",
        "(727, 337)",
        "(293, 721)",
        "(163, 132)",
        "(625, 251)",
        "(5, 60)",
        "(941, 553)",
        "(847, 910)",
        "(833, 213)",
        "(980, 436)",
        "(31, 24)",
        "(732, 775)",
        "(628, 415)",
        "(472, 913)",
        "(677, 136)",
        "(66, 752)"
    ],
    "(651, 800)": [
        "(118, 250)",
        "(243, 990)",
        "(898, 125)",
        "(384, 423)",
        "(71, 451)",
        "(847, 910)",
        "(934, 292)",
        "(112, 397)",
        "(699, 902)",
        "(983, 386)",
        "(734, 752)",
        "(998, 465)",
        "(962, 345)",
        "(875, 108)",
        "(677, 136)",
        "(667, 901)",
        "(910, 686)",
        "(153, 673)",
        "(206, 786)",
        "(887, 743)",
        "(945, 387)",
        "(5, 60)",
        "(688, 612)",
        "(137, 319)",
        "(444, 28)",
        "(348, 926)",
        "(769, 232)",
        "(616, 527)",
        "(189, 317)",
        "(31, 24)",
        "(625, 251)",
        "(996, 919)",
        "(692, 273)",
        "(833, 213)",
        "(847, 950)",
        "(413, 1)",
        "(770, 757)",
        "(292, 953)",
        "(144, 721)",
        "(472, 913)",
        "(660, 480)",
        "(727, 337)",
        "(882, 21)",
        "(293, 721)",
        "(61, 196)",
        "(941, 553)",
        "(96, 136)",
        "(909, 932)",
        "(514, 978)",
        "(21, 850)",
        "(236, 594)",
        "(157, 22)",
        "(445, 391)",
        "(969, 921)",
        "(929, 594)",
        "(90, 228)",
        "(980, 436)",
        "(330, 576)",
        "(966, 787)"
    ],
    "(514, 978)": [
        "(945, 387)",
        "(243, 990)",
        "(969, 921)",
        "(617, 187)",
        "(667, 901)",
        "(962, 345)",
        "(769, 232)",
        "(732, 775)",
        "(288, 642)",
        "(983, 386)",
        "(951, 594)",
        "(898, 125)",
        "(625, 251)",
        "(61, 196)",
        "(249, 19)",
        "(966, 787)",
        "(909, 932)",
        "(71, 451)",
        "(833, 213)",
        "(699, 902)",
        "(196, 978)",
        "(941, 553)",
        "(66, 752)",
        "(910, 686)",
        "(472, 913)",
        "(887, 743)",
        "(21, 850)",
        "(112, 397)",
        "(882, 21)",
        "(692, 273)",
        "(980, 436)",
        "(847, 950)",
        "(628, 415)",
        "(847, 910)",
        "(651, 800)",
        "(660, 480)",
        "(902, 54)",
        "(445, 391)",
        "(998, 465)",
        "(727, 337)",
        "(163, 132)",
        "(413, 1)",
        "(875, 108)",
        "(934, 292)",
        "(157, 22)",
        "(348, 926)",
        "(688, 612)",
        "(303, 221)",
        "(898, 999)"
    ],
    "(90, 228)": [
        "(66, 752)",
        "(667, 901)",
        "(118, 250)",
        "(875, 108)",
        "(243, 990)",
        "(929, 594)",
        "(734, 752)",
        "(847, 910)",
        "(909, 932)",
        "(61, 196)",
        "(616, 527)",
        "(664, 97)",
        "(112, 397)",
        "(941, 553)",
        "(677, 136)",
        "(293, 721)",
        "(5, 60)",
        "(31, 24)",
        "(196, 978)",
        "(910, 686)",
        "(770, 757)",
        "(966, 787)",
        "(153, 673)",
        "(727, 337)",
        "(96, 136)",
        "(962, 345)",
        "(413, 1)",
        "(144, 721)",
        "(472, 913)",
        "(157, 22)",
        "(898, 999)",
        "(951, 594)",
        "(945, 387)",
        "(71, 451)",
        "(887, 743)",
        "(998, 465)",
        "(617, 187)",
        "(969, 921)",
        "(996, 919)",
        "(625, 251)",
        "(843, 401)",
        "(330, 576)",
        "(292, 953)",
        "(348, 926)",
        "(206, 786)",
        "(934, 292)",
        "(769, 232)",
        "(882, 21)",
        "(445, 391)",
        "(651, 800)",
        "(21, 850)",
        "(288, 642)",
        "(158, 677)",
        "(983, 386)",
        "(628, 415)",
        "(249, 19)"
    ],
    "(118, 250)": [
        "(651, 800)",
        "(293, 721)",
        "(617, 187)",
        "(66, 752)",
        "(90, 228)",
        "(243, 990)",
        "(898, 125)",
        "(236, 594)",
        "(5, 60)",
        "(847, 950)",
        "(445, 391)",
        "(664, 97)",
        "(910, 686)",
        "(96, 136)",
        "(413, 1)",
        "(996, 919)",
        "(898, 999)",
        "(660, 480)",
        "(249, 19)",
        "(875, 108)",
        "(112, 397)",
        "(962, 345)",
        "(692, 273)",
        "(288, 642)",
        "(206, 786)",
        "(292, 953)",
        "(157, 22)",
        "(625, 251)",
        "(616, 527)",
        "(667, 901)",
        "(303, 221)",
        "(969, 921)",
        "(887, 743)",
        "(628, 415)",
        "(934, 292)",
        "(882, 21)",
        "(734, 752)",
        "(770, 757)",
        "(951, 594)",
        "(472, 913)",
        "(727, 337)",
        "(966, 787)",
        "(945, 387)",
        "(941, 553)",
        "(428, 99)",
        "(21, 850)",
        "(163, 132)",
        "(688, 612)",
        "(330, 576)",
        "(348, 926)",
        "(31, 24)",
        "(137, 319)",
        "(144, 721)",
        "(196, 978)",
        "(153, 673)"
    ],
    "(843, 401)": [
        "(628, 415)",
        "(998, 465)",
        "(61, 196)",
        "(966, 787)",
        "(616, 527)",
        "(472, 913)",
        "(617, 187)",
        "(692, 273)",
        "(929, 594)",
        "(664, 97)",
        "(189, 317)",
        "(303, 221)",
        "(833, 213)",
        "(384, 423)",
        "(71, 451)",
        "(677, 136)",
        "(413, 1)",
        "(163, 132)",
        "(243, 990)",
        "(898, 125)",
        "(727, 337)",
        "(909, 932)",
        "(137, 319)",
        "(21, 850)",
        "(882, 21)",
        "(96, 136)",
        "(847, 950)",
        "(941, 553)",
        "(153, 673)",
        "(887, 743)",
        "(980, 436)",
        "(625, 251)",
        "(348, 926)",
        "(770, 757)",
        "(667, 901)",
        "(158, 677)",
        "(699, 902)",
        "(288, 642)",
        "(660, 480)",
        "(196, 978)",
        "(996, 919)",
        "(898, 999)",
        "(444, 28)",
        "(951, 594)",
        "(90, 228)",
        "(983, 386)",
        "(330, 576)",
        "(157, 22)",
        "(969, 921)",
        "(292, 953)",
        "(66, 752)",
        "(688, 612)",
        "(236, 594)",
        "(249, 19)",
        "(945, 387)",
        "(910, 686)",
        "(962, 345)",
        "(934, 292)",
        "(144, 721)",
        "(902, 54)",
        "(112, 397)",
        "(31, 24)",
        "(428, 99)",
        "(847, 910)"
    ],
    "(21, 850)": [
        "(664, 97)",
        "(137, 319)",
        "(157, 22)",
        "(847, 950)",
        "(734, 752)",
        "(692, 273)",
        "(770, 757)",
        "(66, 752)",
        "(628, 415)",
        "(727, 337)",
        "(833, 213)",
        "(688, 612)",
        "(472, 913)",
        "(112, 397)",
        "(732, 775)",
        "(966, 787)",
        "(945, 387)",
        "(303, 221)",
        "(236, 594)",
        "(909, 932)",
        "(843, 401)",
        "(887, 743)",
        "(31, 24)",
        "(428, 99)",
        "(934, 292)",
        "(293, 721)",
        "(882, 21)",
        "(288, 642)",
        "(292, 953)",
        "(998, 465)",
        "(699, 902)",
        "(902, 54)",
        "(206, 786)",
        "(514, 978)",
        "(983, 386)",
        "(249, 19)",
        "(163, 132)",
        "(769, 232)",
        "(61, 196)",
        "(980, 436)",
        "(413, 1)",
        "(348, 926)",
        "(875, 108)",
        "(651, 800)",
        "(996, 919)",
        "(243, 990)",
        "(660, 480)",
        "(910, 686)",
        "(118, 250)",
        "(196, 978)",
        "(71, 451)",
        "(90, 228)",
        "(898, 125)",
        "(445, 391)",
        "(5, 60)"
    ],
    "(727, 337)": [
        "(236, 594)",
        "(969, 921)",
        "(144, 721)",
        "(875, 108)",
        "(734, 752)",
        "(112, 397)",
        "(413, 1)",
        "(21, 850)",
        "(951, 594)",
        "(699, 902)",
        "(288, 642)",
        "(898, 125)",
        "(833, 213)",
        "(843, 401)",
        "(330, 576)",
        "(847, 950)",
        "(384, 423)",
        "(348, 926)",
        "(96, 136)",
        "(292, 953)",
        "(303, 221)",
        "(31, 24)",
        "(90, 228)",
        "(692, 273)",
        "(625, 251)",
        "(628, 415)",
        "(983, 386)",
        "(688, 612)",
        "(898, 999)",
        "(189, 317)",
        "(769, 232)",
        "(206, 786)",
        "(980, 436)",
        "(249, 19)",
        "(667, 901)",
        "(962, 345)",
        "(243, 990)",
        "(61, 196)",
        "(5, 60)",
        "(651, 800)",
        "(157, 22)",
        "(118, 250)",
        "(664, 97)",
        "(293, 721)",
        "(158, 677)",
        "(137, 319)",
        "(71, 451)",
        "(732, 775)",
        "(998, 465)",
        "(966, 787)",
        "(909, 932)",
        "(514, 978)",
        "(934, 292)",
        "(66, 752)",
        "(196, 978)",
        "(163, 132)",
        "(887, 743)",
        "(929, 594)"
    ],
    "(929, 594)": [
        "(428, 99)",
        "(909, 932)",
        "(153, 673)",
        "(692, 273)",
        "(303, 221)",
        "(472, 913)",
        "(664, 97)",
        "(71, 451)",
        "(90, 228)",
        "(898, 999)",
        "(887, 743)",
        "(843, 401)",
        "(996, 919)",
        "(875, 108)",
        "(158, 677)",
        "(330, 576)",
        "(667, 901)",
        "(413, 1)",
        "(660, 480)",
        "(66, 752)",
        "(157, 22)",
        "(910, 686)",
        "(288, 642)",
        "(444, 28)",
        "(833, 213)",
        "(677, 136)",
        "(882, 21)",
        "(292, 953)",
        "(847, 910)",
        "(980, 436)",
        "(688, 612)",
        "(189, 317)",
        "(699, 902)",
        "(236, 594)",
        "(617, 187)",
        "(898, 125)",
        "(969, 921)",
        "(206, 786)",
        "(966, 787)",
        "(196, 978)",
        "(998, 465)",
        "(243, 990)",
        "(96, 136)",
        "(625, 251)",
        "(934, 292)",
        "(651, 800)",
        "(941, 553)",
        "(112, 397)",
        "(445, 391)",
        "(847, 950)",
        "(902, 54)",
        "(727, 337)",
        "(137, 319)"
    ],
    "(153, 673)": [
        "(875, 108)",
        "(236, 594)",
        "(96, 136)",
        "(980, 436)",
        "(734, 752)",
        "(5, 60)",
        "(196, 978)",
        "(66, 752)",
        "(929, 594)",
        "(692, 273)",
        "(902, 54)",
        "(144, 721)",
        "(945, 387)",
        "(428, 99)",
        "(651, 800)",
        "(770, 757)",
        "(243, 990)",
        "(444, 28)",
        "(137, 319)",
        "(966, 787)",
        "(898, 125)",
        "(909, 932)",
        "(732, 775)",
        "(677, 136)",
        "(61, 196)",
        "(206, 786)",
        "(996, 919)",
        "(962, 345)",
        "(910, 686)",
        "(843, 401)",
        "(90, 228)",
        "(288, 642)",
        "(112, 397)",
        "(413, 1)",
        "(664, 97)",
        "(348, 926)",
        "(616, 527)",
        "(163, 132)",
        "(699, 902)",
        "(292, 953)",
        "(303, 221)",
        "(833, 213)",
        "(625, 251)",
        "(384, 423)",
        "(887, 743)",
        "(934, 292)",
        "(998, 465)",
        "(157, 22)",
        "(660, 480)",
        "(847, 910)",
        "(617, 187)",
        "(983, 386)",
        "(628, 415)",
        "(445, 391)",
        "(472, 913)",
        "(882, 21)",
        "(898, 999)",
        "(31, 24)",
        "(667, 901)",
        "(688, 612)",
        "(118, 250)"
    ],
    "(983, 386)": [
        "(699, 902)",
        "(112, 397)",
        "(71, 451)",
        "(898, 999)",
        "(617, 187)",
        "(514, 978)",
        "(875, 108)",
        "(137, 319)",
        "(651, 800)",
        "(934, 292)",
        "(292, 953)",
        "(61, 196)",
        "(677, 136)",
        "(688, 612)",
        "(236, 594)",
        "(428, 99)",
        "(847, 910)",
        "(998, 465)",
        "(847, 950)",
        "(969, 921)",
        "(664, 97)",
        "(692, 273)",
        "(769, 232)",
        "(293, 721)",
        "(196, 978)",
        "(833, 213)",
        "(303, 221)",
        "(66, 752)",
        "(727, 337)",
        "(21, 850)",
        "(882, 21)",
        "(909, 932)",
        "(902, 54)",
        "(628, 415)",
        "(157, 22)",
        "(941, 553)",
        "(996, 919)",
        "(616, 527)",
        "(384, 423)",
        "(667, 901)",
        "(843, 401)",
        "(243, 990)",
        "(5, 60)",
        "(163, 132)",
        "(153, 673)",
        "(887, 743)",
        "(288, 642)",
        "(90, 228)",
        "(660, 480)",
        "(31, 24)",
        "(445, 391)"
    ],
    "(96, 136)": [
        "(206, 786)",
        "(153, 673)",
        "(667, 901)",
        "(348, 926)",
        "(664, 97)",
        "(732, 775)",
        "(293, 721)",
        "(875, 108)",
        "(243, 990)",
        "(962, 345)",
        "(734, 752)",
        "(882, 21)",
        "(628, 415)",
        "(951, 594)",
        "(941, 553)",
        "(288, 642)",
        "(189, 317)",
        "(118, 250)",
        "(898, 999)",
        "(692, 273)",
        "(137, 319)",
        "(428, 99)",
        "(617, 187)",
        "(5, 60)",
        "(66, 752)",
        "(236, 594)",
        "(292, 953)",
        "(472, 913)",
        "(843, 401)",
        "(847, 950)",
        "(847, 910)",
        "(727, 337)",
        "(196, 978)",
        "(90, 228)",
        "(677, 136)",
        "(249, 19)",
        "(445, 391)",
        "(31, 24)",
        "(330, 576)",
        "(934, 292)",
        "(384, 423)",
        "(112, 397)",
        "(969, 921)",
        "(966, 787)",
        "(688, 612)",
        "(651, 800)",
        "(660, 480)",
        "(144, 721)",
        "(158, 677)",
        "(998, 465)",
        "(929, 594)",
        "(770, 757)",
        "(945, 387)",
        "(71, 451)",
        "(163, 132)",
        "(303, 221)",
        "(898, 125)",
        "(61, 196)",
        "(996, 919)",
        "(910, 686)",
        "(413, 1)"
    ],
    "(625, 251)": [
        "(616, 527)",
        "(847, 950)",
        "(833, 213)",
        "(945, 387)",
        "(996, 919)",
        "(137, 319)",
        "(875, 108)",
        "(688, 612)",
        "(692, 273)",
        "(909, 932)",
        "(514, 978)",
        "(660, 480)",
        "(157, 22)",
        "(998, 465)",
        "(910, 686)",
        "(941, 553)",
        "(196, 978)",
        "(980, 436)",
        "(769, 232)",
        "(249, 19)",
        "(384, 423)",
        "(292, 953)",
        "(962, 345)",
        "(843, 401)",
        "(727, 337)",
        "(664, 97)",
        "(667, 901)",
        "(677, 136)",
        "(118, 250)",
        "(288, 642)",
        "(651, 800)",
        "(934, 292)",
        "(699, 902)",
        "(628, 415)",
        "(153, 673)",
        "(236, 594)",
        "(882, 21)",
        "(444, 28)",
        "(90, 228)",
        "(303, 221)",
        "(189, 317)",
        "(898, 125)",
        "(61, 196)",
        "(112, 397)",
        "(206, 786)",
        "(5, 60)",
        "(929, 594)",
        "(330, 576)",
        "(969, 921)",
        "(732, 775)",
        "(293, 721)",
        "(898, 999)"
    ],
    "(293, 721)": [
        "(71, 451)",
        "(303, 221)",
        "(118, 250)",
        "(96, 136)",
        "(292, 953)",
        "(158, 677)",
        "(137, 319)",
        "(769, 232)",
        "(664, 97)",
        "(384, 423)",
        "(898, 125)",
        "(628, 415)",
        "(667, 901)",
        "(688, 612)",
        "(699, 902)",
        "(243, 990)",
        "(616, 527)",
        "(90, 228)",
        "(732, 775)",
        "(909, 932)",
        "(734, 752)",
        "(5, 60)",
        "(163, 132)",
        "(951, 594)",
        "(902, 54)",
        "(21, 850)",
        "(847, 910)",
        "(996, 919)",
        "(983, 386)",
        "(677, 136)",
        "(875, 108)",
        "(898, 999)",
        "(249, 19)",
        "(770, 757)",
        "(998, 465)",
        "(692, 273)",
        "(189, 317)",
        "(157, 22)",
        "(112, 397)",
        "(144, 721)",
        "(617, 187)",
        "(962, 345)",
        "(651, 800)",
        "(444, 28)",
        "(969, 921)",
        "(727, 337)",
        "(966, 787)",
        "(288, 642)",
        "(934, 292)",
        "(887, 743)",
        "(945, 387)",
        "(980, 436)",
        "(61, 196)",
        "(196, 978)",
        "(66, 752)",
        "(910, 686)",
        "(472, 913)",
        "(206, 786)",
        "(625, 251)"
    ],
    "(66, 752)": [
        "(472, 913)",
        "(90, 228)",
        "(980, 436)",
        "(118, 250)",
        "(153, 673)",
        "(969, 921)",
        "(303, 221)",
        "(158, 677)",
        "(688, 612)",
        "(951, 594)",
        "(996, 919)",
        "(21, 850)",
        "(5, 60)",
        "(206, 786)",
        "(616, 527)",
        "(61, 196)",
        "(249, 19)",
        "(699, 902)",
        "(660, 480)",
        "(196, 978)",
        "(96, 136)",
        "(348, 926)",
        "(929, 594)",
        "(514, 978)",
        "(628, 415)",
        "(692, 273)",
        "(243, 990)",
        "(732, 775)",
        "(163, 132)",
        "(144, 721)",
        "(330, 576)",
        "(667, 901)",
        "(137, 319)",
        "(983, 386)",
        "(998, 465)",
        "(677, 136)",
        "(898, 125)",
        "(734, 752)",
        "(769, 232)",
        "(847, 910)",
        "(902, 54)",
        "(887, 743)",
        "(966, 787)",
        "(413, 1)",
        "(236, 594)",
        "(31, 24)",
        "(71, 451)",
        "(843, 401)",
        "(445, 391)",
        "(847, 950)",
        "(444, 28)",
        "(945, 387)",
        "(727, 337)",
        "(293, 721)",
        "(882, 21)",
        "(910, 686)",
        "(384, 423)",
        "(189, 317)",
        "(292, 953)",
        "(909, 932)"
    ],
    "(769, 232)": [
        "(934, 292)",
        "(664, 97)",
        "(692, 273)",
        "(445, 391)",
        "(71, 451)",
        "(5, 60)",
        "(413, 1)",
        "(734, 752)",
        "(514, 978)",
        "(293, 721)",
        "(847, 910)",
        "(833, 213)",
        "(196, 978)",
        "(941, 553)",
        "(206, 786)",
        "(910, 686)",
        "(951, 594)",
        "(112, 397)",
        "(847, 950)",
        "(330, 576)",
        "(625, 251)",
        "(472, 913)",
        "(962, 345)",
        "(732, 775)",
        "(189, 317)",
        "(996, 919)",
        "(875, 108)",
        "(31, 24)",
        "(983, 386)",
        "(384, 423)",
        "(651, 800)",
        "(303, 221)",
        "(887, 743)",
        "(727, 337)",
        "(966, 787)",
        "(21, 850)",
        "(969, 921)",
        "(292, 953)",
        "(660, 480)",
        "(163, 132)",
        "(699, 902)",
        "(902, 54)",
        "(66, 752)",
        "(898, 125)",
        "(945, 387)",
        "(998, 465)",
        "(144, 721)",
        "(243, 990)",
        "(137, 319)",
        "(980, 436)",
        "(90, 228)",
        "(628, 415)",
        "(348, 926)",
        "(249, 19)",
        "(667, 901)",
        "(898, 999)"
    ],
    "(941, 553)": [
        "(249, 19)",
        "(677, 136)",
        "(966, 787)",
        "(137, 319)",
        "(688, 612)",
        "(96, 136)",
        "(769, 232)",
        "(898, 125)",
        "(330, 576)",
        "(847, 950)",
        "(660, 480)",
        "(90, 228)",
        "(945, 387)",
        "(625, 251)",
        "(112, 397)",
        "(628, 415)",
        "(157, 22)",
        "(898, 999)",
        "(664, 97)",
        "(514, 978)",
        "(413, 1)",
        "(833, 213)",
        "(843, 401)",
        "(882, 21)",
        "(875, 108)",
        "(71, 451)",
        "(983, 386)",
        "(61, 196)",
        "(699, 902)",
        "(292, 953)",
        "(189, 317)",
        "(651, 800)",
        "(303, 221)",
        "(445, 391)",
        "(734, 752)",
        "(5, 60)",
        "(118, 250)",
        "(969, 921)",
        "(962, 345)",
        "(929, 594)",
        "(288, 642)",
        "(951, 594)",
        "(902, 54)",
        "(692, 273)"
    ],
    "(688, 612)": [
        "(158, 677)",
        "(934, 292)",
        "(472, 913)",
        "(71, 451)",
        "(293, 721)",
        "(625, 251)",
        "(66, 752)",
        "(898, 125)",
        "(692, 273)",
        "(137, 319)",
        "(941, 553)",
        "(21, 850)",
        "(983, 386)",
        "(660, 480)",
        "(617, 187)",
        "(348, 926)",
        "(61, 196)",
        "(616, 527)",
        "(651, 800)",
        "(189, 317)",
        "(969, 921)",
        "(288, 642)",
        "(330, 576)",
        "(902, 54)",
        "(929, 594)",
        "(413, 1)",
        "(727, 337)",
        "(677, 136)",
        "(882, 21)",
        "(163, 132)",
        "(909, 932)",
        "(384, 423)",
        "(910, 686)",
        "(31, 24)",
        "(980, 436)",
        "(96, 136)",
        "(962, 345)",
        "(998, 465)",
        "(664, 97)",
        "(996, 919)",
        "(770, 757)",
        "(243, 990)",
        "(843, 401)",
        "(118, 250)",
        "(833, 213)",
        "(951, 594)",
        "(292, 953)",
        "(732, 775)",
        "(966, 787)",
        "(887, 743)",
        "(734, 752)",
        "(514, 978)",
        "(153, 673)",
        "(196, 978)"
    ],
    "(292, 953)": [
        "(617, 187)",
        "(898, 125)",
        "(444, 28)",
        "(293, 721)",
        "(196, 978)",
        "(847, 950)",
        "(969, 921)",
        "(909, 932)",
        "(998, 465)",
        "(983, 386)",
        "(330, 576)",
        "(628, 415)",
        "(732, 775)",
        "(163, 132)",
        "(144, 721)",
        "(677, 136)",
        "(71, 451)",
        "(833, 213)",
        "(96, 136)",
        "(660, 480)",
        "(727, 337)",
        "(384, 423)",
        "(31, 24)",
        "(625, 251)",
        "(21, 850)",
        "(303, 221)",
        "(5, 60)",
        "(929, 594)",
        "(348, 926)",
        "(118, 250)",
        "(61, 196)",
        "(945, 387)",
        "(910, 686)",
        "(898, 999)",
        "(112, 397)",
        "(770, 757)",
        "(153, 673)",
        "(651, 800)",
        "(996, 919)",
        "(769, 232)",
        "(137, 319)",
        "(667, 901)",
        "(887, 743)",
        "(951, 594)",
        "(941, 553)",
        "(980, 436)",
        "(90, 228)",
        "(413, 1)",
        "(843, 401)",
        "(206, 786)",
        "(445, 391)",
        "(688, 612)",
        "(934, 292)",
        "(288, 642)",
        "(66, 752)",
        "(902, 54)"
    ],
    "(158, 677)": [
        "(249, 19)",
        "(660, 480)",
        "(688, 612)",
        "(293, 721)",
        "(348, 926)",
        "(428, 99)",
        "(66, 752)",
        "(887, 743)",
        "(243, 990)",
        "(664, 97)",
        "(288, 642)",
        "(71, 451)",
        "(189, 317)",
        "(929, 594)",
        "(157, 22)",
        "(445, 391)",
        "(969, 921)",
        "(882, 21)",
        "(833, 213)",
        "(677, 136)",
        "(962, 345)",
        "(206, 786)",
        "(996, 919)",
        "(945, 387)",
        "(998, 465)",
        "(61, 196)",
        "(898, 999)",
        "(444, 28)",
        "(909, 932)",
        "(843, 401)",
        "(667, 901)",
        "(137, 319)",
        "(330, 576)",
        "(303, 221)",
        "(732, 775)",
        "(692, 273)",
        "(236, 594)",
        "(96, 136)",
        "(727, 337)",
        "(5, 60)",
        "(163, 132)",
        "(472, 913)",
        "(90, 228)",
        "(196, 978)",
        "(384, 423)",
        "(144, 721)",
        "(847, 950)",
        "(699, 902)",
        "(902, 54)",
        "(898, 125)",
        "(980, 436)",
        "(413, 1)"
    ],
    "(157, 22)": [
        "(617, 187)",
        "(664, 97)",
        "(196, 978)",
        "(21, 850)",
        "(144, 721)",
        "(444, 28)",
        "(236, 594)",
        "(902, 54)",
        "(969, 921)",
        "(249, 19)",
        "(384, 423)",
        "(625, 251)",
        "(847, 950)",
        "(692, 273)",
        "(677, 136)",
        "(158, 677)",
        "(898, 999)",
        "(875, 108)",
        "(998, 465)",
        "(941, 553)",
        "(288, 642)",
        "(929, 594)",
        "(770, 757)",
        "(189, 317)",
        "(910, 686)",
        "(90, 228)",
        "(945, 387)",
        "(118, 250)",
        "(5, 60)",
        "(962, 345)",
        "(330, 576)",
        "(137, 319)",
        "(293, 721)",
        "(413, 1)",
        "(983, 386)",
        "(980, 436)",
        "(616, 527)",
        "(243, 990)",
        "(699, 902)",
        "(732, 775)",
        "(206, 786)",
        "(303, 221)",
        "(445, 391)",
        "(727, 337)",
        "(153, 673)",
        "(348, 926)",
        "(847, 910)",
        "(61, 196)",
        "(628, 415)",
        "(843, 401)",
        "(71, 451)",
        "(651, 800)",
        "(996, 919)",
        "(514, 978)",
        "(898, 125)",
        "(112, 397)",
        "(163, 132)"
    ],
    "(445, 391)": [
        "(660, 480)",
        "(428, 99)",
        "(833, 213)",
        "(769, 232)",
        "(910, 686)",
        "(288, 642)",
        "(5, 60)",
        "(330, 576)",
        "(692, 273)",
        "(667, 901)",
        "(616, 527)",
        "(966, 787)",
        "(444, 28)",
        "(118, 250)",
        "(243, 990)",
        "(945, 387)",
        "(898, 125)",
        "(847, 950)",
        "(628, 415)",
        "(770, 757)",
        "(158, 677)",
        "(31, 24)",
        "(196, 978)",
        "(732, 775)",
        "(71, 451)",
        "(189, 317)",
        "(699, 902)",
        "(847, 910)",
        "(112, 397)",
        "(677, 136)",
        "(96, 136)",
        "(980, 436)",
        "(996, 919)",
        "(163, 132)",
        "(898, 999)",
        "(962, 345)",
        "(472, 913)",
        "(384, 423)",
        "(909, 932)",
        "(157, 22)",
        "(137, 319)",
        "(941, 553)",
        "(664, 97)",
        "(303, 221)",
        "(66, 752)",
        "(206, 786)",
        "(617, 187)",
        "(153, 673)",
        "(292, 953)",
        "(651, 800)",
        "(90, 228)",
        "(514, 978)",
        "(882, 21)",
        "(929, 594)",
        "(875, 108)",
        "(413, 1)",
        "(998, 465)",
        "(969, 921)",
        "(21, 850)",
        "(983, 386)"
    ],
    "(734, 752)": [
        "(243, 990)",
        "(882, 21)",
        "(847, 950)",
        "(153, 673)",
        "(909, 932)",
        "(769, 232)",
        "(833, 213)",
        "(21, 850)",
        "(303, 221)",
        "(875, 108)",
        "(96, 136)",
        "(898, 125)",
        "(617, 187)",
        "(664, 97)",
        "(727, 337)",
        "(90, 228)",
        "(651, 800)",
        "(951, 594)",
        "(677, 136)",
        "(887, 743)",
        "(998, 465)",
        "(384, 423)",
        "(428, 99)",
        "(293, 721)",
        "(31, 24)",
        "(628, 415)",
        "(206, 786)",
        "(348, 926)",
        "(660, 480)",
        "(667, 901)",
        "(61, 196)",
        "(966, 787)",
        "(847, 910)",
        "(189, 317)",
        "(236, 594)",
        "(112, 397)",
        "(5, 60)",
        "(962, 345)",
        "(934, 292)",
        "(330, 576)",
        "(413, 1)",
        "(71, 451)",
        "(902, 54)",
        "(444, 28)",
        "(66, 752)",
        "(118, 250)",
        "(288, 642)",
        "(945, 387)",
        "(941, 553)",
        "(692, 273)",
        "(996, 919)",
        "(910, 686)",
        "(196, 978)",
        "(616, 527)",
        "(898, 999)",
        "(699, 902)",
        "(688, 612)",
        "(137, 319)"
    ],
    "(348, 926)": [
        "(732, 775)",
        "(96, 136)",
        "(428, 99)",
        "(158, 677)",
        "(951, 594)",
        "(189, 317)",
        "(898, 999)",
        "(677, 136)",
        "(660, 480)",
        "(887, 743)",
        "(962, 345)",
        "(909, 932)",
        "(688, 612)",
        "(910, 686)",
        "(966, 787)",
        "(934, 292)",
        "(902, 54)",
        "(444, 28)",
        "(847, 910)",
        "(163, 132)",
        "(66, 752)",
        "(288, 642)",
        "(727, 337)",
        "(31, 24)",
        "(734, 752)",
        "(616, 527)",
        "(882, 21)",
        "(196, 978)",
        "(651, 800)",
        "(843, 401)",
        "(153, 673)",
        "(249, 19)",
        "(292, 953)",
        "(330, 576)",
        "(71, 451)",
        "(413, 1)",
        "(303, 221)",
        "(5, 60)",
        "(998, 465)",
        "(847, 950)",
        "(667, 901)",
        "(384, 423)",
        "(21, 850)",
        "(833, 213)",
        "(157, 22)",
        "(969, 921)",
        "(90, 228)",
        "(770, 757)",
        "(243, 990)",
        "(206, 786)",
        "(875, 108)",
        "(769, 232)",
        "(118, 250)",
        "(514, 978)",
        "(236, 594)"
    ],
    "(910, 686)": [
        "(847, 950)",
        "(677, 136)",
        "(444, 28)",
        "(31, 24)",
        "(966, 787)",
        "(445, 391)",
        "(163, 132)",
        "(833, 213)",
        "(996, 919)",
        "(243, 990)",
        "(699, 902)",
        "(934, 292)",
        "(628, 415)",
        "(137, 319)",
        "(847, 910)",
        "(118, 250)",
        "(769, 232)",
        "(651, 800)",
        "(898, 125)",
        "(348, 926)",
        "(625, 251)",
        "(980, 436)",
        "(472, 913)",
        "(664, 97)",
        "(660, 480)",
        "(249, 19)",
        "(112, 397)",
        "(413, 1)",
        "(90, 228)",
        "(692, 273)",
        "(330, 576)",
        "(929, 594)",
        "(514, 978)",
        "(153, 673)",
        "(962, 345)",
        "(951, 594)",
        "(157, 22)",
        "(292, 953)",
        "(428, 99)",
        "(61, 196)",
        "(617, 187)",
        "(667, 901)",
        "(236, 594)",
        "(945, 387)",
        "(144, 721)",
        "(969, 921)",
        "(206, 786)",
        "(909, 932)",
        "(288, 642)",
        "(688, 612)",
        "(303, 221)",
        "(196, 978)",
        "(734, 752)",
        "(21, 850)",
        "(843, 401)",
        "(384, 423)",
        "(887, 743)",
        "(732, 775)",
        "(882, 21)",
        "(902, 54)",
        "(770, 757)",
        "(66, 752)",
        "(293, 721)",
        "(96, 136)"
    ]
}