{
    "(834, 737)": [
        "(923, 989)",
        "(457, 801)",
        "(333, 669)",
        "(248, 559)",
        "(65, 727)",
        "(542, 992)",
        "(137, 970)",
        "(65, 69)",
        "(631, 145)",
        "(103, 90)",
        "(341, 944)",
        "(266, 500)",
        "(374, 970)",
        "(807, 130)",
        "(447, 433)",
        "(962, 452)",
        "(413, 587)",
        "(821, 451)",
        "(243, 713)",
        "(54, 246)",
        "(976, 351)",
        "(496, 328)",
        "(425, 400)"
    ],
    "(496, 328)": [
        "(947, 848)",
        "(821, 451)",
        "(807, 130)",
        "(266, 500)",
        "(656, 937)",
        "(182, 473)",
        "(50, 244)",
        "(537, 44)",
        "(110, 158)",
        "(243, 713)",
        "(818, 544)",
        "(65, 727)",
        "(301, 132)",
        "(510, 666)",
        "(370, 935)",
        "(463, 100)",
        "(952, 12)",
        "(973, 172)",
        "(20, 69)",
        "(891, 620)",
        "(834, 737)"
    ],
    "(962, 452)": [
        "(699, 90)",
        "(413, 587)",
        "(472, 957)",
        "(341, 944)",
        "(631, 145)",
        "(915, 178)",
        "(834, 737)",
        "(54, 246)",
        "(110, 158)",
        "(891, 620)",
        "(20, 69)",
        "(973, 172)",
        "(459, 708)",
        "(505, 830)"
    ],
    "(65, 727)": [
        "(65, 69)",
        "(946, 303)",
        "(834, 737)",
        "(301, 132)",
        "(542, 992)",
        "(551, 152)",
        "(50, 244)",
        "(159, 400)",
        "(413, 587)",
        "(496, 328)",
        "(973, 172)",
        "(505, 830)",
        "(986, 639)",
        "(448, 265)",
        "(947, 848)",
        "(248, 559)",
        "(189, 937)",
        "(457, 606)",
        "(421, 13)"
    ],
    "(923, 989)": [
        "(973, 172)",
        "(834, 737)",
        "(695, 569)",
        "(54, 246)",
        "(103, 90)",
        "(947, 848)",
        "(988, 345)",
        "(235, 125)",
        "(821, 451)",
        "(551, 152)",
        "(333, 669)",
        "(11, 998)",
        "(976, 351)",
        "(341, 944)",
        "(986, 639)",
        "(656, 937)",
        "(266, 500)",
        "(23, 817)",
        "(915, 178)",
        "(189, 937)"
    ],
    "(714, 298)": [
        "(159, 400)",
        "(374, 970)",
        "(631, 145)",
        "(656, 937)",
        "(807, 130)",
        "(858, 718)",
        "(235, 125)",
        "(552, 583)",
        "(50, 244)",
        "(65, 69)",
        "(768, 680)",
        "(542, 992)",
        "(22, 395)",
        "(446, 232)",
        "(537, 44)",
        "(510, 666)",
        "(457, 801)",
        "(551, 152)"
    ],
    "(370, 935)": [
        "(446, 232)",
        "(986, 639)",
        "(459, 708)",
        "(228, 22)",
        "(282, 715)",
        "(947, 848)",
        "(448, 265)",
        "(259, 804)",
        "(879, 170)",
        "(695, 569)",
        "(551, 152)",
        "(421, 13)",
        "(542, 992)",
        "(180, 815)",
        "(496, 328)",
        "(110, 158)",
        "(973, 172)",
        "(541, 865)",
        "(20, 69)",
        "(425, 400)",
        "(457, 606)"
    ],
    "(228, 22)": [
        "(542, 992)",
        "(370, 935)",
        "(421, 13)",
        "(65, 69)",
        "(447, 433)",
        "(124, 672)",
        "(22, 395)",
        "(986, 639)",
        "(510, 666)",
        "(976, 351)",
        "(341, 944)",
        "(537, 44)",
        "(50, 244)",
        "(137, 970)",
        "(821, 451)",
        "(988, 345)"
    ],
    "(425, 400)": [
        "(110, 158)",
        "(65, 69)",
        "(457, 606)",
        "(50, 244)",
        "(988, 345)",
        "(973, 172)",
        "(678, 301)",
        "(472, 957)",
        "(448, 265)",
        "(22, 395)",
        "(952, 12)",
        "(413, 587)",
        "(459, 178)",
        "(976, 351)",
        "(986, 639)",
        "(248, 559)",
        "(370, 935)",
        "(834, 737)"
    ],
    "(248, 559)": [
        "(834, 737)",
        "(264, 825)",
        "(472, 957)",
        "(457, 801)",
        "(11, 998)",
        "(112, 585)",
        "(73, 769)",
        "(374, 970)",
        "(947, 848)",
        "(448, 265)",
        "(695, 569)",
        "(65, 727)",
        "(54, 246)",
        "(413, 587)",
        "(425, 400)"
    ],
    "(699, 90)": [
        "(915, 178)",
        "(962, 452)",
        "(112, 585)",
        "(551, 152)",
        "(552, 583)",
        "(541, 865)",
        "(50, 244)",
        "(818, 544)",
        "(124, 672)",
        "(235, 125)",
        "(189, 937)",
        "(946, 303)",
        "(821, 451)",
        "(22, 395)",
        "(858, 718)",
        "(537, 44)",
        "(656, 937)",
        "(159, 400)",
        "(457, 606)"
    ],
    "(73, 769)": [
        "(266, 500)",
        "(472, 957)",
        "(459, 178)",
        "(457, 801)",
        "(858, 718)",
        "(54, 246)",
        "(124, 672)",
        "(551, 152)",
        "(333, 669)",
        "(259, 804)",
        "(952, 12)",
        "(23, 817)",
        "(930, 658)",
        "(248, 559)",
        "(446, 232)",
        "(137, 970)",
        "(463, 100)",
        "(448, 265)",
        "(768, 680)",
        "(421, 13)",
        "(447, 433)",
        "(552, 583)",
        "(65, 69)"
    ],
    "(988, 345)": [
        "(266, 500)",
        "(947, 848)",
        "(112, 585)",
        "(243, 713)",
        "(425, 400)",
        "(448, 265)",
        "(551, 152)",
        "(891, 620)",
        "(472, 957)",
        "(923, 989)",
        "(505, 830)",
        "(459, 708)",
        "(50, 244)",
        "(447, 433)",
        "(374, 970)",
        "(124, 672)",
        "(510, 666)",
        "(228, 22)",
        "(915, 178)",
        "(446, 232)"
    ],
    "(341, 944)": [
        "(952, 12)",
        "(235, 125)",
        "(542, 992)",
        "(23, 817)",
        "(457, 801)",
        "(457, 606)",
        "(962, 452)",
        "(447, 433)",
        "(818, 544)",
        "(858, 718)",
        "(228, 22)",
        "(834, 737)",
        "(923, 989)",
        "(510, 666)",
        "(891, 620)",
        "(266, 500)",
        "(930, 658)",
        "(552, 583)",
        "(301, 132)",
        "(374, 970)",
        "(656, 937)",
        "(976, 351)"
    ],
    "(159, 400)": [
        "(714, 298)",
        "(551, 152)",
        "(180, 815)",
        "(266, 500)",
        "(333, 669)",
        "(65, 727)",
        "(678, 301)",
        "(537, 44)",
        "(459, 708)",
        "(374, 970)",
        "(821, 451)",
        "(92, 406)",
        "(472, 957)",
        "(656, 937)",
        "(110, 158)",
        "(65, 69)",
        "(699, 90)"
    ],
    "(92, 406)": [
        "(23, 817)",
        "(510, 666)",
        "(459, 708)",
        "(54, 246)",
        "(110, 158)",
        "(930, 658)",
        "(551, 152)",
        "(124, 672)",
        "(542, 992)",
        "(282, 715)",
        "(537, 44)",
        "(159, 400)",
        "(946, 303)",
        "(421, 13)",
        "(947, 848)",
        "(891, 620)",
        "(631, 145)"
    ],
    "(259, 804)": [
        "(946, 303)",
        "(103, 90)",
        "(370, 935)",
        "(73, 769)",
        "(976, 351)",
        "(110, 158)",
        "(264, 825)",
        "(807, 130)",
        "(821, 451)",
        "(551, 152)",
        "(541, 865)",
        "(23, 817)",
        "(54, 246)"
    ],
    "(986, 639)": [
        "(370, 935)",
        "(50, 244)",
        "(182, 473)",
        "(228, 22)",
        "(374, 970)",
        "(110, 158)",
        "(112, 585)",
        "(413, 587)",
        "(22, 395)",
        "(858, 718)",
        "(65, 727)",
        "(282, 715)",
        "(923, 989)",
        "(821, 451)",
        "(631, 145)",
        "(11, 998)",
        "(20, 69)",
        "(915, 178)",
        "(425, 400)",
        "(266, 500)"
    ],
    "(65, 69)": [
        "(541, 865)",
        "(678, 301)",
        "(425, 400)",
        "(180, 815)",
        "(65, 727)",
        "(973, 172)",
        "(228, 22)",
        "(537, 44)",
        "(768, 680)",
        "(112, 585)",
        "(834, 737)",
        "(103, 90)",
        "(542, 992)",
        "(182, 473)",
        "(22, 395)",
        "(714, 298)",
        "(448, 265)",
        "(54, 246)",
        "(695, 569)",
        "(858, 718)",
        "(446, 232)",
        "(73, 769)",
        "(159, 400)",
        "(891, 620)"
    ],
    "(54, 246)": [
        "(243, 713)",
        "(124, 672)",
        "(818, 544)",
        "(879, 170)",
        "(457, 801)",
        "(923, 989)",
        "(92, 406)",
        "(73, 769)",
        "(858, 718)",
        "(413, 587)",
        "(631, 145)",
        "(266, 500)",
        "(447, 433)",
        "(472, 957)",
        "(962, 452)",
        "(50, 244)",
        "(65, 69)",
        "(248, 559)",
        "(463, 100)",
        "(282, 715)",
        "(834, 737)",
        "(22, 395)",
        "(259, 804)",
        "(541, 865)"
    ],
    "(22, 395)": [
        "(463, 100)",
        "(103, 90)",
        "(180, 815)",
        "(858, 718)",
        "(264, 825)",
        "(421, 13)",
        "(301, 132)",
        "(447, 433)",
        "(266, 500)",
        "(228, 22)",
        "(457, 606)",
        "(986, 639)",
        "(65, 69)",
        "(425, 400)",
        "(235, 125)",
        "(714, 298)",
        "(459, 178)",
        "(699, 90)",
        "(510, 666)",
        "(446, 232)",
        "(54, 246)"
    ],
    "(124, 672)": [
        "(54, 246)",
        "(879, 170)",
        "(228, 22)",
        "(73, 769)",
        "(92, 406)",
        "(699, 90)",
        "(103, 90)",
        "(11, 998)",
        "(457, 606)",
        "(988, 345)",
        "(542, 992)",
        "(333, 669)",
        "(973, 172)",
        "(243, 713)",
        "(447, 433)",
        "(50, 244)",
        "(472, 957)",
        "(915, 178)"
    ],
    "(264, 825)": [
        "(235, 125)",
        "(973, 172)",
        "(22, 395)",
        "(952, 12)",
        "(248, 559)",
        "(946, 303)",
        "(23, 817)",
        "(448, 265)",
        "(259, 804)",
        "(631, 145)",
        "(446, 232)",
        "(463, 100)"
    ],
    "(505, 830)": [
        "(20, 69)",
        "(695, 569)",
        "(50, 244)",
        "(235, 125)",
        "(973, 172)",
        "(988, 345)",
        "(858, 718)",
        "(537, 44)",
        "(266, 500)",
        "(891, 620)",
        "(65, 727)",
        "(542, 992)",
        "(947, 848)",
        "(189, 937)",
        "(510, 666)",
        "(243, 713)",
        "(962, 452)",
        "(282, 715)"
    ],
    "(768, 680)": [
        "(235, 125)",
        "(282, 715)",
        "(821, 451)",
        "(65, 69)",
        "(189, 937)",
        "(930, 658)",
        "(457, 801)",
        "(973, 172)",
        "(243, 713)",
        "(333, 669)",
        "(976, 351)",
        "(11, 998)",
        "(714, 298)",
        "(73, 769)",
        "(818, 544)",
        "(446, 232)",
        "(137, 970)",
        "(463, 100)",
        "(946, 303)"
    ],
    "(930, 658)": [
        "(301, 132)",
        "(463, 100)",
        "(180, 815)",
        "(333, 669)",
        "(768, 680)",
        "(92, 406)",
        "(947, 848)",
        "(459, 178)",
        "(73, 769)",
        "(879, 170)",
        "(50, 244)",
        "(946, 303)",
        "(341, 944)",
        "(110, 158)",
        "(459, 708)"
    ],
    "(678, 301)": [
        "(65, 69)",
        "(537, 44)",
        "(112, 585)",
        "(374, 970)",
        "(425, 400)",
        "(159, 400)",
        "(182, 473)",
        "(946, 303)",
        "(421, 13)",
        "(447, 433)",
        "(243, 713)",
        "(20, 69)",
        "(103, 90)",
        "(266, 500)",
        "(821, 451)"
    ],
    "(552, 583)": [
        "(235, 125)",
        "(457, 801)",
        "(301, 132)",
        "(699, 90)",
        "(282, 715)",
        "(714, 298)",
        "(695, 569)",
        "(50, 244)",
        "(879, 170)",
        "(333, 669)",
        "(182, 473)",
        "(341, 944)",
        "(976, 351)",
        "(73, 769)"
    ],
    "(541, 865)": [
        "(65, 69)",
        "(11, 998)",
        "(946, 303)",
        "(282, 715)",
        "(103, 90)",
        "(699, 90)",
        "(333, 669)",
        "(551, 152)",
        "(447, 433)",
        "(915, 178)",
        "(537, 44)",
        "(374, 970)",
        "(23, 817)",
        "(110, 158)",
        "(631, 145)",
        "(370, 935)",
        "(259, 804)",
        "(54, 246)"
    ],
    "(182, 473)": [
        "(413, 587)",
        "(448, 265)",
        "(858, 718)",
        "(986, 639)",
        "(496, 328)",
        "(821, 451)",
        "(551, 152)",
        "(65, 69)",
        "(678, 301)",
        "(510, 666)",
        "(552, 583)",
        "(695, 569)",
        "(946, 303)",
        "(818, 544)"
    ],
    "(459, 708)": [
        "(370, 935)",
        "(92, 406)",
        "(510, 666)",
        "(879, 170)",
        "(818, 544)",
        "(301, 132)",
        "(103, 90)",
        "(988, 345)",
        "(159, 400)",
        "(110, 158)",
        "(235, 125)",
        "(947, 848)",
        "(189, 937)",
        "(282, 715)",
        "(695, 569)",
        "(962, 452)",
        "(446, 232)",
        "(930, 658)",
        "(952, 12)"
    ],
    "(301, 132)": [
        "(930, 658)",
        "(946, 303)",
        "(472, 957)",
        "(858, 718)",
        "(552, 583)",
        "(915, 178)",
        "(50, 244)",
        "(22, 395)",
        "(65, 727)",
        "(459, 708)",
        "(282, 715)",
        "(374, 970)",
        "(447, 433)",
        "(20, 69)",
        "(973, 172)",
        "(496, 328)",
        "(243, 713)",
        "(103, 90)",
        "(448, 265)",
        "(947, 848)",
        "(341, 944)",
        "(235, 125)"
    ],
    "(266, 500)": [
        "(73, 769)",
        "(235, 125)",
        "(988, 345)",
        "(496, 328)",
        "(457, 801)",
        "(333, 669)",
        "(159, 400)",
        "(22, 395)",
        "(818, 544)",
        "(537, 44)",
        "(915, 178)",
        "(834, 737)",
        "(973, 172)",
        "(505, 830)",
        "(54, 246)",
        "(23, 817)",
        "(947, 848)",
        "(656, 937)",
        "(923, 989)",
        "(341, 944)",
        "(551, 152)",
        "(952, 12)",
        "(678, 301)",
        "(986, 639)"
    ],
    "(542, 992)": [
        "(228, 22)",
        "(341, 944)",
        "(282, 715)",
        "(858, 718)",
        "(834, 737)",
        "(65, 727)",
        "(947, 848)",
        "(374, 970)",
        "(65, 69)",
        "(472, 957)",
        "(92, 406)",
        "(370, 935)",
        "(946, 303)",
        "(505, 830)",
        "(124, 672)",
        "(714, 298)",
        "(818, 544)"
    ],
    "(448, 265)": [
        "(182, 473)",
        "(821, 451)",
        "(370, 935)",
        "(818, 544)",
        "(988, 345)",
        "(915, 178)",
        "(23, 817)",
        "(510, 666)",
        "(976, 351)",
        "(425, 400)",
        "(248, 559)",
        "(65, 69)",
        "(65, 727)",
        "(73, 769)",
        "(235, 125)",
        "(463, 100)",
        "(858, 718)",
        "(264, 825)",
        "(301, 132)",
        "(103, 90)",
        "(421, 13)"
    ],
    "(551, 152)": [
        "(112, 585)",
        "(818, 544)",
        "(447, 433)",
        "(457, 801)",
        "(243, 713)",
        "(699, 90)",
        "(333, 669)",
        "(159, 400)",
        "(92, 406)",
        "(65, 727)",
        "(988, 345)",
        "(370, 935)",
        "(180, 815)",
        "(73, 769)",
        "(973, 172)",
        "(182, 473)",
        "(923, 989)",
        "(952, 12)",
        "(472, 957)",
        "(541, 865)",
        "(421, 13)",
        "(266, 500)",
        "(259, 804)",
        "(20, 69)",
        "(446, 232)",
        "(137, 970)",
        "(714, 298)"
    ],
    "(976, 351)": [
        "(446, 232)",
        "(11, 998)",
        "(137, 970)",
        "(946, 303)",
        "(448, 265)",
        "(23, 817)",
        "(259, 804)",
        "(228, 22)",
        "(923, 989)",
        "(768, 680)",
        "(425, 400)",
        "(421, 13)",
        "(510, 666)",
        "(552, 583)",
        "(834, 737)",
        "(472, 957)",
        "(282, 715)",
        "(656, 937)",
        "(341, 944)"
    ],
    "(915, 178)": [
        "(699, 90)",
        "(301, 132)",
        "(510, 666)",
        "(656, 937)",
        "(891, 620)",
        "(448, 265)",
        "(472, 957)",
        "(243, 713)",
        "(266, 500)",
        "(631, 145)",
        "(541, 865)",
        "(110, 158)",
        "(962, 452)",
        "(879, 170)",
        "(947, 848)",
        "(923, 989)",
        "(986, 639)",
        "(988, 345)",
        "(137, 970)",
        "(124, 672)"
    ],
    "(457, 801)": [
        "(834, 737)",
        "(552, 583)",
        "(818, 544)",
        "(54, 246)",
        "(551, 152)",
        "(341, 944)",
        "(266, 500)",
        "(73, 769)",
        "(768, 680)",
        "(973, 172)",
        "(189, 937)",
        "(248, 559)",
        "(282, 715)",
        "(891, 620)",
        "(374, 970)",
        "(879, 170)",
        "(714, 298)"
    ],
    "(447, 433)": [
        "(180, 815)",
        "(446, 232)",
        "(551, 152)",
        "(858, 718)",
        "(228, 22)",
        "(695, 569)",
        "(22, 395)",
        "(341, 944)",
        "(301, 132)",
        "(988, 345)",
        "(541, 865)",
        "(54, 246)",
        "(678, 301)",
        "(834, 737)",
        "(952, 12)",
        "(189, 937)",
        "(124, 672)",
        "(73, 769)"
    ],
    "(472, 957)": [
        "(301, 132)",
        "(73, 769)",
        "(510, 666)",
        "(20, 69)",
        "(962, 452)",
        "(333, 669)",
        "(952, 12)",
        "(425, 400)",
        "(915, 178)",
        "(248, 559)",
        "(988, 345)",
        "(137, 970)",
        "(551, 152)",
        "(947, 848)",
        "(542, 992)",
        "(110, 158)",
        "(54, 246)",
        "(159, 400)",
        "(973, 172)",
        "(631, 145)",
        "(879, 170)",
        "(656, 937)",
        "(807, 130)",
        "(124, 672)",
        "(976, 351)"
    ],
    "(457, 606)": [
        "(459, 178)",
        "(110, 158)",
        "(11, 998)",
        "(425, 400)",
        "(341, 944)",
        "(821, 451)",
        "(22, 395)",
        "(879, 170)",
        "(463, 100)",
        "(124, 672)",
        "(510, 666)",
        "(858, 718)",
        "(947, 848)",
        "(65, 727)",
        "(952, 12)",
        "(699, 90)",
        "(370, 935)"
    ],
    "(446, 232)": [
        "(370, 935)",
        "(976, 351)",
        "(447, 433)",
        "(73, 769)",
        "(112, 585)",
        "(413, 587)",
        "(946, 303)",
        "(818, 544)",
        "(189, 937)",
        "(264, 825)",
        "(243, 713)",
        "(333, 669)",
        "(551, 152)",
        "(714, 298)",
        "(23, 817)",
        "(22, 395)",
        "(459, 708)",
        "(768, 680)",
        "(65, 69)",
        "(988, 345)",
        "(821, 451)"
    ],
    "(112, 585)": [
        "(551, 152)",
        "(103, 90)",
        "(11, 998)",
        "(952, 12)",
        "(699, 90)",
        "(988, 345)",
        "(463, 100)",
        "(510, 666)",
        "(65, 69)",
        "(678, 301)",
        "(23, 817)",
        "(986, 639)",
        "(248, 559)",
        "(446, 232)",
        "(189, 937)",
        "(137, 970)",
        "(656, 937)",
        "(891, 620)",
        "(807, 130)"
    ],
    "(50, 244)": [
        "(946, 303)",
        "(947, 848)",
        "(986, 639)",
        "(425, 400)",
        "(631, 145)",
        "(103, 90)",
        "(505, 830)",
        "(301, 132)",
        "(20, 69)",
        "(11, 998)",
        "(496, 328)",
        "(699, 90)",
        "(65, 727)",
        "(714, 298)",
        "(988, 345)",
        "(552, 583)",
        "(228, 22)",
        "(54, 246)",
        "(930, 658)",
        "(421, 13)",
        "(463, 100)",
        "(952, 12)",
        "(124, 672)"
    ],
    "(103, 90)": [
        "(112, 585)",
        "(11, 998)",
        "(22, 395)",
        "(259, 804)",
        "(50, 244)",
        "(541, 865)",
        "(923, 989)",
        "(459, 708)",
        "(656, 937)",
        "(282, 715)",
        "(65, 69)",
        "(834, 737)",
        "(124, 672)",
        "(459, 178)",
        "(189, 937)",
        "(20, 69)",
        "(807, 130)",
        "(301, 132)",
        "(821, 451)",
        "(448, 265)",
        "(23, 817)",
        "(510, 666)",
        "(678, 301)",
        "(137, 970)",
        "(374, 970)"
    ],
    "(137, 970)": [
        "(976, 351)",
        "(834, 737)",
        "(180, 815)",
        "(472, 957)",
        "(858, 718)",
        "(73, 769)",
        "(112, 585)",
        "(973, 172)",
        "(228, 22)",
        "(510, 666)",
        "(551, 152)",
        "(103, 90)",
        "(879, 170)",
        "(768, 680)",
        "(915, 178)"
    ],
    "(11, 998)": [
        "(23, 817)",
        "(112, 585)",
        "(457, 606)",
        "(541, 865)",
        "(976, 351)",
        "(103, 90)",
        "(50, 244)",
        "(110, 158)",
        "(248, 559)",
        "(947, 848)",
        "(124, 672)",
        "(923, 989)",
        "(768, 680)",
        "(821, 451)",
        "(986, 639)",
        "(333, 669)"
    ],
    "(413, 587)": [
        "(182, 473)",
        "(962, 452)",
        "(879, 170)",
        "(891, 620)",
        "(54, 246)",
        "(65, 727)",
        "(986, 639)",
        "(425, 400)",
        "(446, 232)",
        "(973, 172)",
        "(834, 737)",
        "(248, 559)",
        "(656, 937)",
        "(946, 303)"
    ],
    "(189, 937)": [
        "(768, 680)",
        "(457, 801)",
        "(947, 848)",
        "(103, 90)",
        "(699, 90)",
        "(112, 585)",
        "(459, 708)",
        "(463, 100)",
        "(821, 451)",
        "(446, 232)",
        "(505, 830)",
        "(447, 433)",
        "(65, 727)",
        "(923, 989)"
    ],
    "(807, 130)": [
        "(496, 328)",
        "(714, 298)",
        "(891, 620)",
        "(110, 158)",
        "(834, 737)",
        "(103, 90)",
        "(259, 804)",
        "(656, 937)",
        "(472, 957)",
        "(952, 12)",
        "(112, 585)"
    ],
    "(821, 451)": [
        "(496, 328)",
        "(818, 544)",
        "(333, 669)",
        "(768, 680)",
        "(448, 265)",
        "(947, 848)",
        "(891, 620)",
        "(182, 473)",
        "(457, 606)",
        "(923, 989)",
        "(159, 400)",
        "(11, 998)",
        "(103, 90)",
        "(986, 639)",
        "(189, 937)",
        "(699, 90)",
        "(259, 804)",
        "(228, 22)",
        "(834, 737)",
        "(510, 666)",
        "(952, 12)",
        "(678, 301)",
        "(446, 232)"
    ],
    "(23, 817)": [
        "(510, 666)",
        "(11, 998)",
        "(180, 815)",
        "(92, 406)",
        "(656, 937)",
        "(333, 669)",
        "(341, 944)",
        "(818, 544)",
        "(947, 848)",
        "(112, 585)",
        "(448, 265)",
        "(976, 351)",
        "(73, 769)",
        "(858, 718)",
        "(266, 500)",
        "(952, 12)",
        "(264, 825)",
        "(20, 69)",
        "(541, 865)",
        "(923, 989)",
        "(103, 90)",
        "(446, 232)",
        "(259, 804)",
        "(891, 620)"
    ],
    "(631, 145)": [
        "(50, 244)",
        "(946, 303)",
        "(714, 298)",
        "(54, 246)",
        "(834, 737)",
        "(915, 178)",
        "(656, 937)",
        "(333, 669)",
        "(891, 620)",
        "(962, 452)",
        "(973, 172)",
        "(986, 639)",
        "(264, 825)",
        "(472, 957)",
        "(541, 865)",
        "(818, 544)",
        "(92, 406)"
    ],
    "(879, 170)": [
        "(54, 246)",
        "(459, 708)",
        "(124, 672)",
        "(370, 935)",
        "(413, 587)",
        "(457, 606)",
        "(891, 620)",
        "(552, 583)",
        "(463, 100)",
        "(915, 178)",
        "(930, 658)",
        "(243, 713)",
        "(110, 158)",
        "(472, 957)",
        "(457, 801)",
        "(137, 970)"
    ],
    "(946, 303)": [
        "(301, 132)",
        "(50, 244)",
        "(952, 12)",
        "(259, 804)",
        "(541, 865)",
        "(65, 727)",
        "(243, 713)",
        "(631, 145)",
        "(374, 970)",
        "(976, 351)",
        "(282, 715)",
        "(264, 825)",
        "(678, 301)",
        "(542, 992)",
        "(656, 937)",
        "(446, 232)",
        "(92, 406)",
        "(699, 90)",
        "(930, 658)",
        "(947, 848)",
        "(695, 569)",
        "(182, 473)",
        "(768, 680)",
        "(413, 587)"
    ],
    "(656, 937)": [
        "(23, 817)",
        "(496, 328)",
        "(463, 100)",
        "(915, 178)",
        "(714, 298)",
        "(103, 90)",
        "(631, 145)",
        "(858, 718)",
        "(112, 585)",
        "(946, 303)",
        "(266, 500)",
        "(923, 989)",
        "(159, 400)",
        "(510, 666)",
        "(472, 957)",
        "(807, 130)",
        "(699, 90)",
        "(976, 351)",
        "(341, 944)",
        "(413, 587)"
    ],
    "(510, 666)": [
        "(23, 817)",
        "(92, 406)",
        "(459, 708)",
        "(243, 713)",
        "(472, 957)",
        "(915, 178)",
        "(112, 585)",
        "(448, 265)",
        "(228, 22)",
        "(182, 473)",
        "(235, 125)",
        "(20, 69)",
        "(496, 328)",
        "(341, 944)",
        "(656, 937)",
        "(457, 606)",
        "(988, 345)",
        "(137, 970)",
        "(22, 395)",
        "(505, 830)",
        "(463, 100)",
        "(103, 90)",
        "(976, 351)",
        "(821, 451)",
        "(714, 298)",
        "(282, 715)",
        "(537, 44)"
    ],
    "(421, 13)": [
        "(228, 22)",
        "(952, 12)",
        "(22, 395)",
        "(370, 935)",
        "(678, 301)",
        "(92, 406)",
        "(50, 244)",
        "(551, 152)",
        "(976, 351)",
        "(180, 815)",
        "(73, 769)",
        "(448, 265)",
        "(65, 727)"
    ],
    "(858, 718)": [
        "(301, 132)",
        "(447, 433)",
        "(182, 473)",
        "(22, 395)",
        "(542, 992)",
        "(73, 769)",
        "(54, 246)",
        "(714, 298)",
        "(505, 830)",
        "(341, 944)",
        "(110, 158)",
        "(537, 44)",
        "(137, 970)",
        "(986, 639)",
        "(973, 172)",
        "(23, 817)",
        "(656, 937)",
        "(448, 265)",
        "(699, 90)",
        "(65, 69)",
        "(457, 606)"
    ],
    "(333, 669)": [
        "(821, 451)",
        "(23, 817)",
        "(834, 737)",
        "(930, 658)",
        "(551, 152)",
        "(180, 815)",
        "(472, 957)",
        "(266, 500)",
        "(159, 400)",
        "(73, 769)",
        "(463, 100)",
        "(541, 865)",
        "(818, 544)",
        "(923, 989)",
        "(631, 145)",
        "(768, 680)",
        "(552, 583)",
        "(124, 672)",
        "(446, 232)",
        "(235, 125)",
        "(459, 178)",
        "(110, 158)",
        "(11, 998)"
    ],
    "(818, 544)": [
        "(54, 246)",
        "(821, 451)",
        "(551, 152)",
        "(457, 801)",
        "(459, 708)",
        "(448, 265)",
        "(23, 817)",
        "(341, 944)",
        "(699, 90)",
        "(496, 328)",
        "(266, 500)",
        "(333, 669)",
        "(695, 569)",
        "(446, 232)",
        "(235, 125)",
        "(243, 713)",
        "(768, 680)",
        "(182, 473)",
        "(631, 145)",
        "(542, 992)"
    ],
    "(20, 69)": [
        "(505, 830)",
        "(472, 957)",
        "(50, 244)",
        "(282, 715)",
        "(110, 158)",
        "(301, 132)",
        "(103, 90)",
        "(23, 817)",
        "(510, 666)",
        "(986, 639)",
        "(496, 328)",
        "(678, 301)",
        "(962, 452)",
        "(551, 152)",
        "(952, 12)",
        "(370, 935)"
    ],
    "(537, 44)": [
        "(678, 301)",
        "(65, 69)",
        "(947, 848)",
        "(496, 328)",
        "(159, 400)",
        "(110, 158)",
        "(266, 500)",
        "(858, 718)",
        "(505, 830)",
        "(228, 22)",
        "(92, 406)",
        "(541, 865)",
        "(699, 90)",
        "(714, 298)",
        "(695, 569)",
        "(510, 666)"
    ],
    "(947, 848)": [
        "(496, 328)",
        "(50, 244)",
        "(370, 935)",
        "(988, 345)",
        "(821, 451)",
        "(537, 44)",
        "(23, 817)",
        "(930, 658)",
        "(189, 937)",
        "(923, 989)",
        "(282, 715)",
        "(542, 992)",
        "(11, 998)",
        "(472, 957)",
        "(266, 500)",
        "(248, 559)",
        "(459, 708)",
        "(505, 830)",
        "(915, 178)",
        "(65, 727)",
        "(946, 303)",
        "(92, 406)",
        "(301, 132)",
        "(457, 606)",
        "(235, 125)"
    ],
    "(463, 100)": [
        "(22, 395)",
        "(930, 658)",
        "(952, 12)",
        "(112, 585)",
        "(656, 937)",
        "(333, 669)",
        "(73, 769)",
        "(457, 606)",
        "(879, 170)",
        "(189, 937)",
        "(448, 265)",
        "(496, 328)",
        "(50, 244)",
        "(510, 666)",
        "(54, 246)",
        "(264, 825)",
        "(768, 680)"
    ],
    "(235, 125)": [
        "(768, 680)",
        "(552, 583)",
        "(341, 944)",
        "(264, 825)",
        "(952, 12)",
        "(266, 500)",
        "(505, 830)",
        "(973, 172)",
        "(714, 298)",
        "(923, 989)",
        "(699, 90)",
        "(510, 666)",
        "(459, 708)",
        "(448, 265)",
        "(22, 395)",
        "(818, 544)",
        "(333, 669)",
        "(459, 178)",
        "(180, 815)",
        "(301, 132)",
        "(947, 848)"
    ],
    "(459, 178)": [
        "(457, 606)",
        "(73, 769)",
        "(374, 970)",
        "(243, 713)",
        "(930, 658)",
        "(103, 90)",
        "(425, 400)",
        "(952, 12)",
        "(22, 395)",
        "(235, 125)",
        "(333, 669)"
    ],
    "(952, 12)": [
        "(341, 944)",
        "(946, 303)",
        "(112, 585)",
        "(235, 125)",
        "(421, 13)",
        "(463, 100)",
        "(264, 825)",
        "(472, 957)",
        "(282, 715)",
        "(73, 769)",
        "(551, 152)",
        "(425, 400)",
        "(23, 817)",
        "(447, 433)",
        "(459, 178)",
        "(496, 328)",
        "(695, 569)",
        "(50, 244)",
        "(807, 130)",
        "(20, 69)",
        "(266, 500)",
        "(457, 606)",
        "(821, 451)",
        "(459, 708)"
    ],
    "(374, 970)": [
        "(714, 298)",
        "(946, 303)",
        "(678, 301)",
        "(459, 178)",
        "(973, 172)",
        "(301, 132)",
        "(986, 639)",
        "(542, 992)",
        "(159, 400)",
        "(457, 801)",
        "(988, 345)",
        "(834, 737)",
        "(248, 559)",
        "(541, 865)",
        "(341, 944)",
        "(103, 90)"
    ],
    "(110, 158)": [
        "(425, 400)",
        "(457, 606)",
        "(92, 406)",
        "(11, 998)",
        "(496, 328)",
        "(20, 69)",
        "(986, 639)",
        "(537, 44)",
        "(858, 718)",
        "(459, 708)",
        "(807, 130)",
        "(915, 178)",
        "(472, 957)",
        "(259, 804)",
        "(879, 170)",
        "(962, 452)",
        "(159, 400)",
        "(370, 935)",
        "(541, 865)",
        "(930, 658)",
        "(333, 669)"
    ],
    "(891, 620)": [
        "(180, 815)",
        "(821, 451)",
        "(915, 178)",
        "(988, 345)",
        "(413, 587)",
        "(807, 130)",
        "(695, 569)",
        "(457, 801)",
        "(505, 830)",
        "(879, 170)",
        "(631, 145)",
        "(341, 944)",
        "(112, 585)",
        "(962, 452)",
        "(92, 406)",
        "(496, 328)",
        "(65, 69)",
        "(23, 817)"
    ],
    "(973, 172)": [
        "(923, 989)",
        "(65, 69)",
        "(264, 825)",
        "(505, 830)",
        "(457, 801)",
        "(425, 400)",
        "(235, 125)",
        "(374, 970)",
        "(768, 680)",
        "(551, 152)",
        "(301, 132)",
        "(266, 500)",
        "(858, 718)",
        "(65, 727)",
        "(137, 970)",
        "(413, 587)",
        "(631, 145)",
        "(472, 957)",
        "(370, 935)",
        "(243, 713)",
        "(124, 672)",
        "(496, 328)",
        "(180, 815)",
        "(962, 452)"
    ],
    "(243, 713)": [
        "(54, 246)",
        "(946, 303)",
        "(988, 345)",
        "(510, 666)",
        "(551, 152)",
        "(459, 178)",
        "(915, 178)",
        "(496, 328)",
        "(768, 680)",
        "(180, 815)",
        "(282, 715)",
        "(879, 170)",
        "(301, 132)",
        "(678, 301)",
        "(446, 232)",
        "(973, 172)",
        "(505, 830)",
        "(124, 672)",
        "(818, 544)",
        "(834, 737)"
    ],
    "(180, 815)": [
        "(23, 817)",
        "(447, 433)",
        "(65, 69)",
        "(891, 620)",
        "(930, 658)",
        "(22, 395)",
        "(333, 669)",
        "(159, 400)",
        "(551, 152)",
        "(137, 970)",
        "(243, 713)",
        "(695, 569)",
        "(370, 935)",
        "(421, 13)",
        "(973, 172)",
        "(235, 125)"
    ],
    "(282, 715)": [
        "(768, 680)",
        "(370, 935)",
        "(541, 865)",
        "(542, 992)",
        "(301, 132)",
        "(946, 303)",
        "(952, 12)",
        "(20, 69)",
        "(552, 583)",
        "(457, 801)",
        "(947, 848)",
        "(103, 90)",
        "(92, 406)",
        "(243, 713)",
        "(459, 708)",
        "(986, 639)",
        "(54, 246)",
        "(695, 569)",
        "(505, 830)",
        "(510, 666)",
        "(976, 351)"
    ],
    "(695, 569)": [
        "(505, 830)",
        "(923, 989)",
        "(447, 433)",
        "(370, 935)",
        "(891, 620)",
        "(552, 583)",
        "(180, 815)",
        "(818, 544)",
        "(248, 559)",
        "(182, 473)",
        "(459, 708)",
        "(946, 303)",
        "(952, 12)",
        "(282, 715)",
        "(65, 69)",
        "(537, 44)"
    ]
}