{
    "(545, 250)": [
        "(480, 307)",
        "(639, 545)",
        "(517, 266)",
        "(718, 511)",
        "(332, 353)",
        "(361, 289)",
        "(92, 164)",
        "(340, 792)",
        "(331, 315)",
        "(845, 463)",
        "(409, 226)"
    ],
    "(542, 583)": [
        "(92, 164)",
        "(938, 193)",
        "(670, 345)",
        "(339, 857)",
        "(361, 289)",
        "(517, 266)",
        "(453, 715)",
        "(608, 673)"
    ],
    "(340, 792)": [
        "(74, 290)",
        "(517, 266)",
        "(92, 164)",
        "(639, 545)",
        "(254, 773)",
        "(480, 307)",
        "(331, 315)",
        "(362, 514)",
        "(845, 463)",
        "(419, 11)",
        "(488, 47)",
        "(938, 193)",
        "(337, 49)",
        "(203, 116)",
        "(545, 250)",
        "(332, 353)",
        "(437, 124)"
    ],
    "(74, 777)": [
        "(419, 11)",
        "(718, 511)",
        "(382, 645)",
        "(833, 567)",
        "(278, 89)",
        "(445, 99)",
        "(203, 116)",
        "(938, 193)",
        "(982, 84)",
        "(437, 124)",
        "(527, 11)"
    ],
    "(203, 116)": [
        "(339, 857)",
        "(881, 906)",
        "(453, 715)",
        "(74, 777)",
        "(969, 802)",
        "(340, 792)",
        "(546, 315)",
        "(337, 49)",
        "(488, 47)",
        "(716, 425)",
        "(916, 214)",
        "(138, 859)",
        "(21, 679)",
        "(982, 84)"
    ],
    "(409, 226)": [
        "(331, 315)",
        "(488, 47)",
        "(138, 859)",
        "(230, 434)",
        "(74, 290)",
        "(982, 84)",
        "(881, 906)",
        "(362, 514)",
        "(100, 652)",
        "(639, 545)",
        "(845, 463)",
        "(546, 315)",
        "(361, 289)",
        "(332, 353)",
        "(21, 679)",
        "(938, 193)",
        "(545, 250)"
    ],
    "(956, 69)": [
        "(21, 679)",
        "(138, 859)",
        "(331, 315)",
        "(332, 353)",
        "(845, 463)",
        "(437, 124)",
        "(527, 11)",
        "(938, 193)",
        "(686, 546)",
        "(517, 266)",
        "(488, 47)",
        "(74, 290)"
    ],
    "(339, 857)": [
        "(203, 116)",
        "(969, 802)",
        "(716, 425)",
        "(881, 906)",
        "(382, 645)",
        "(542, 583)",
        "(982, 84)",
        "(467, 364)",
        "(680, 284)",
        "(437, 124)"
    ],
    "(74, 290)": [
        "(361, 289)",
        "(340, 792)",
        "(254, 773)",
        "(718, 511)",
        "(409, 226)",
        "(278, 89)",
        "(453, 715)",
        "(982, 84)",
        "(956, 69)",
        "(833, 567)"
    ],
    "(230, 434)": [
        "(409, 226)",
        "(686, 546)",
        "(92, 164)",
        "(969, 802)",
        "(639, 545)"
    ],
    "(699, 843)": [
        "(437, 124)",
        "(686, 546)",
        "(969, 802)",
        "(546, 315)",
        "(191, 897)",
        "(138, 859)",
        "(916, 214)",
        "(845, 463)",
        "(670, 345)"
    ],
    "(878, 68)": [
        "(686, 546)",
        "(982, 84)",
        "(517, 266)",
        "(467, 364)",
        "(453, 715)",
        "(92, 164)",
        "(437, 124)",
        "(331, 315)",
        "(382, 645)"
    ],
    "(382, 645)": [
        "(332, 353)",
        "(480, 307)",
        "(670, 345)",
        "(74, 777)",
        "(686, 546)",
        "(361, 289)",
        "(680, 284)",
        "(517, 266)",
        "(339, 857)",
        "(138, 859)",
        "(833, 567)",
        "(546, 315)",
        "(878, 68)",
        "(303, 357)",
        "(453, 715)"
    ],
    "(337, 49)": [
        "(480, 307)",
        "(361, 289)",
        "(982, 84)",
        "(340, 792)",
        "(203, 116)",
        "(362, 514)",
        "(517, 266)",
        "(419, 11)"
    ],
    "(670, 345)": [
        "(938, 193)",
        "(382, 645)",
        "(542, 583)",
        "(453, 715)",
        "(833, 567)",
        "(278, 89)",
        "(467, 364)",
        "(608, 673)",
        "(21, 679)",
        "(982, 84)",
        "(845, 463)",
        "(699, 843)"
    ],
    "(453, 715)": [
        "(445, 99)",
        "(881, 906)",
        "(303, 357)",
        "(718, 511)",
        "(203, 116)",
        "(878, 68)",
        "(670, 345)",
        "(833, 567)",
        "(716, 425)",
        "(74, 290)",
        "(982, 84)",
        "(92, 164)",
        "(542, 583)",
        "(639, 545)",
        "(361, 289)",
        "(382, 645)",
        "(278, 89)",
        "(546, 315)",
        "(21, 679)"
    ],
    "(527, 11)": [
        "(92, 164)",
        "(331, 315)",
        "(718, 511)",
        "(138, 859)",
        "(361, 289)",
        "(938, 193)",
        "(488, 47)",
        "(956, 69)",
        "(833, 567)",
        "(716, 425)",
        "(845, 463)",
        "(437, 124)",
        "(74, 777)"
    ],
    "(362, 514)": [
        "(138, 859)",
        "(716, 425)",
        "(340, 792)",
        "(437, 124)",
        "(409, 226)",
        "(278, 89)",
        "(337, 49)",
        "(845, 463)"
    ],
    "(833, 567)": [
        "(608, 673)",
        "(845, 463)",
        "(467, 364)",
        "(445, 99)",
        "(74, 777)",
        "(969, 802)",
        "(453, 715)",
        "(881, 906)",
        "(670, 345)",
        "(191, 897)",
        "(382, 645)",
        "(527, 11)",
        "(74, 290)",
        "(138, 859)"
    ],
    "(331, 315)": [
        "(409, 226)",
        "(480, 307)",
        "(332, 353)",
        "(527, 11)",
        "(340, 792)",
        "(488, 47)",
        "(956, 69)",
        "(878, 68)",
        "(686, 546)",
        "(303, 357)",
        "(100, 652)",
        "(545, 250)",
        "(916, 214)",
        "(419, 11)"
    ],
    "(546, 315)": [
        "(191, 897)",
        "(517, 266)",
        "(445, 99)",
        "(916, 214)",
        "(100, 652)",
        "(699, 843)",
        "(680, 284)",
        "(845, 463)",
        "(881, 906)",
        "(382, 645)",
        "(203, 116)",
        "(409, 226)",
        "(332, 353)",
        "(453, 715)"
    ],
    "(278, 89)": [
        "(881, 906)",
        "(639, 545)",
        "(437, 124)",
        "(74, 777)",
        "(303, 357)",
        "(670, 345)",
        "(362, 514)",
        "(254, 773)",
        "(74, 290)",
        "(419, 11)",
        "(453, 715)",
        "(517, 266)"
    ],
    "(517, 266)": [
        "(608, 673)",
        "(340, 792)",
        "(680, 284)",
        "(546, 315)",
        "(686, 546)",
        "(878, 68)",
        "(382, 645)",
        "(138, 859)",
        "(467, 364)",
        "(716, 425)",
        "(545, 250)",
        "(542, 583)",
        "(718, 511)",
        "(956, 69)",
        "(21, 679)",
        "(337, 49)",
        "(278, 89)"
    ],
    "(92, 164)": [
        "(527, 11)",
        "(254, 773)",
        "(138, 859)",
        "(340, 792)",
        "(542, 583)",
        "(718, 511)",
        "(100, 652)",
        "(878, 68)",
        "(938, 193)",
        "(881, 906)",
        "(545, 250)",
        "(453, 715)",
        "(488, 47)",
        "(445, 99)",
        "(686, 546)",
        "(230, 434)"
    ],
    "(467, 364)": [
        "(833, 567)",
        "(21, 679)",
        "(878, 68)",
        "(254, 773)",
        "(517, 266)",
        "(881, 906)",
        "(445, 99)",
        "(332, 353)",
        "(339, 857)",
        "(670, 345)",
        "(982, 84)",
        "(100, 652)",
        "(303, 357)"
    ],
    "(332, 353)": [
        "(382, 645)",
        "(331, 315)",
        "(956, 69)",
        "(419, 11)",
        "(639, 545)",
        "(467, 364)",
        "(545, 250)",
        "(546, 315)",
        "(340, 792)",
        "(409, 226)",
        "(480, 307)",
        "(138, 859)",
        "(445, 99)"
    ],
    "(303, 357)": [
        "(453, 715)",
        "(881, 906)",
        "(278, 89)",
        "(138, 859)",
        "(254, 773)",
        "(331, 315)",
        "(969, 802)",
        "(382, 645)",
        "(467, 364)"
    ],
    "(254, 773)": [
        "(845, 463)",
        "(92, 164)",
        "(340, 792)",
        "(74, 290)",
        "(881, 906)",
        "(916, 214)",
        "(467, 364)",
        "(278, 89)",
        "(303, 357)",
        "(716, 425)"
    ],
    "(191, 897)": [
        "(546, 315)",
        "(969, 802)",
        "(445, 99)",
        "(833, 567)",
        "(639, 545)",
        "(488, 47)",
        "(699, 843)"
    ],
    "(680, 284)": [
        "(445, 99)",
        "(517, 266)",
        "(382, 645)",
        "(546, 315)",
        "(100, 652)",
        "(339, 857)",
        "(982, 84)",
        "(488, 47)",
        "(686, 546)",
        "(361, 289)"
    ],
    "(845, 463)": [
        "(254, 773)",
        "(833, 567)",
        "(716, 425)",
        "(982, 84)",
        "(138, 859)",
        "(340, 792)",
        "(956, 69)",
        "(546, 315)",
        "(409, 226)",
        "(608, 673)",
        "(881, 906)",
        "(699, 843)",
        "(527, 11)",
        "(545, 250)",
        "(670, 345)",
        "(362, 514)"
    ],
    "(21, 679)": [
        "(956, 69)",
        "(467, 364)",
        "(670, 345)",
        "(100, 652)",
        "(517, 266)",
        "(480, 307)",
        "(409, 226)",
        "(203, 116)",
        "(453, 715)"
    ],
    "(608, 673)": [
        "(833, 567)",
        "(517, 266)",
        "(488, 47)",
        "(480, 307)",
        "(938, 193)",
        "(639, 545)",
        "(916, 214)",
        "(845, 463)",
        "(670, 345)",
        "(542, 583)"
    ],
    "(100, 652)": [
        "(716, 425)",
        "(92, 164)",
        "(546, 315)",
        "(938, 193)",
        "(916, 214)",
        "(409, 226)",
        "(419, 11)",
        "(680, 284)",
        "(467, 364)",
        "(331, 315)",
        "(21, 679)",
        "(686, 546)"
    ],
    "(488, 47)": [
        "(938, 193)",
        "(409, 226)",
        "(608, 673)",
        "(718, 511)",
        "(331, 315)",
        "(340, 792)",
        "(916, 214)",
        "(527, 11)",
        "(191, 897)",
        "(203, 116)",
        "(956, 69)",
        "(92, 164)",
        "(680, 284)"
    ],
    "(138, 859)": [
        "(362, 514)",
        "(92, 164)",
        "(956, 69)",
        "(409, 226)",
        "(845, 463)",
        "(686, 546)",
        "(527, 11)",
        "(361, 289)",
        "(382, 645)",
        "(517, 266)",
        "(699, 843)",
        "(303, 357)",
        "(437, 124)",
        "(203, 116)",
        "(969, 802)",
        "(332, 353)",
        "(833, 567)"
    ],
    "(480, 307)": [
        "(331, 315)",
        "(437, 124)",
        "(382, 645)",
        "(337, 49)",
        "(340, 792)",
        "(545, 250)",
        "(608, 673)",
        "(361, 289)",
        "(21, 679)",
        "(332, 353)"
    ],
    "(969, 802)": [
        "(339, 857)",
        "(191, 897)",
        "(833, 567)",
        "(699, 843)",
        "(361, 289)",
        "(203, 116)",
        "(303, 357)",
        "(881, 906)",
        "(138, 859)",
        "(230, 434)"
    ],
    "(445, 99)": [
        "(453, 715)",
        "(680, 284)",
        "(833, 567)",
        "(546, 315)",
        "(191, 897)",
        "(982, 84)",
        "(74, 777)",
        "(437, 124)",
        "(467, 364)",
        "(686, 546)",
        "(716, 425)",
        "(938, 193)",
        "(92, 164)",
        "(332, 353)"
    ],
    "(361, 289)": [
        "(74, 290)",
        "(382, 645)",
        "(138, 859)",
        "(337, 49)",
        "(969, 802)",
        "(527, 11)",
        "(938, 193)",
        "(545, 250)",
        "(542, 583)",
        "(480, 307)",
        "(409, 226)",
        "(453, 715)",
        "(680, 284)"
    ],
    "(716, 425)": [
        "(362, 514)",
        "(100, 652)",
        "(845, 463)",
        "(339, 857)",
        "(453, 715)",
        "(517, 266)",
        "(445, 99)",
        "(203, 116)",
        "(437, 124)",
        "(718, 511)",
        "(527, 11)",
        "(254, 773)"
    ],
    "(881, 906)": [
        "(938, 193)",
        "(453, 715)",
        "(278, 89)",
        "(203, 116)",
        "(303, 357)",
        "(339, 857)",
        "(254, 773)",
        "(833, 567)",
        "(409, 226)",
        "(546, 315)",
        "(467, 364)",
        "(92, 164)",
        "(969, 802)",
        "(845, 463)",
        "(916, 214)"
    ],
    "(938, 193)": [
        "(881, 906)",
        "(488, 47)",
        "(670, 345)",
        "(542, 583)",
        "(419, 11)",
        "(916, 214)",
        "(718, 511)",
        "(100, 652)",
        "(527, 11)",
        "(74, 777)",
        "(340, 792)",
        "(608, 673)",
        "(92, 164)",
        "(361, 289)",
        "(956, 69)",
        "(445, 99)",
        "(409, 226)"
    ],
    "(639, 545)": [
        "(340, 792)",
        "(278, 89)",
        "(545, 250)",
        "(191, 897)",
        "(608, 673)",
        "(332, 353)",
        "(409, 226)",
        "(437, 124)",
        "(453, 715)",
        "(686, 546)",
        "(230, 434)"
    ],
    "(437, 124)": [
        "(480, 307)",
        "(699, 843)",
        "(278, 89)",
        "(362, 514)",
        "(956, 69)",
        "(878, 68)",
        "(445, 99)",
        "(419, 11)",
        "(339, 857)",
        "(639, 545)",
        "(716, 425)",
        "(138, 859)",
        "(74, 777)",
        "(340, 792)",
        "(527, 11)"
    ],
    "(718, 511)": [
        "(916, 214)",
        "(74, 777)",
        "(488, 47)",
        "(92, 164)",
        "(527, 11)",
        "(74, 290)",
        "(453, 715)",
        "(938, 193)",
        "(545, 250)",
        "(517, 266)",
        "(716, 425)",
        "(419, 11)"
    ],
    "(419, 11)": [
        "(74, 777)",
        "(938, 193)",
        "(340, 792)",
        "(332, 353)",
        "(100, 652)",
        "(437, 124)",
        "(278, 89)",
        "(718, 511)",
        "(337, 49)",
        "(331, 315)"
    ],
    "(916, 214)": [
        "(686, 546)",
        "(718, 511)",
        "(546, 315)",
        "(938, 193)",
        "(254, 773)",
        "(488, 47)",
        "(100, 652)",
        "(608, 673)",
        "(699, 843)",
        "(203, 116)",
        "(881, 906)",
        "(331, 315)"
    ],
    "(686, 546)": [
        "(916, 214)",
        "(878, 68)",
        "(382, 645)",
        "(138, 859)",
        "(699, 843)",
        "(517, 266)",
        "(230, 434)",
        "(331, 315)",
        "(445, 99)",
        "(956, 69)",
        "(100, 652)",
        "(639, 545)",
        "(92, 164)",
        "(680, 284)"
    ],
    "(982, 84)": [
        "(845, 463)",
        "(878, 68)",
        "(445, 99)",
        "(409, 226)",
        "(337, 49)",
        "(339, 857)",
        "(467, 364)",
        "(453, 715)",
        "(74, 777)",
        "(680, 284)",
        "(74, 290)",
        "(670, 345)",
        "(203, 116)"
    ]
}