{
    "(788, 558)": [
        "(739, 178)",
        "(192, 567)",
        "(374, 236)",
        "(120, 242)",
        "(715, 442)",
        "(347, 270)",
        "(244, 730)",
        "(792, 101)",
        "(66, 133)",
        "(869, 18)",
        "(201, 412)",
        "(80, 448)",
        "(146, 362)",
        "(28, 961)",
        "(164, 601)",
        "(601, 266)",
        "(57, 404)",
        "(330, 248)",
        "(665, 538)",
        "(249, 797)",
        "(388, 421)"
    ],
    "(66, 133)": [
        "(28, 961)",
        "(146, 362)",
        "(244, 730)",
        "(152, 905)",
        "(757, 562)",
        "(347, 270)",
        "(388, 421)",
        "(788, 558)",
        "(977, 261)",
        "(739, 178)",
        "(792, 101)",
        "(57, 404)",
        "(164, 601)",
        "(201, 412)",
        "(991, 31)",
        "(273, 945)",
        "(601, 266)",
        "(293, 404)",
        "(119, 430)",
        "(81, 342)"
    ],
    "(977, 261)": [
        "(201, 412)",
        "(437, 928)",
        "(273, 945)",
        "(293, 404)",
        "(745, 502)",
        "(244, 730)",
        "(537, 724)",
        "(715, 442)",
        "(330, 248)",
        "(298, 317)",
        "(66, 133)",
        "(665, 538)",
        "(421, 885)",
        "(991, 31)",
        "(988, 520)",
        "(149, 600)",
        "(119, 430)",
        "(388, 421)",
        "(703, 45)",
        "(164, 601)",
        "(869, 18)"
    ],
    "(80, 448)": [
        "(149, 600)",
        "(745, 502)",
        "(120, 242)",
        "(601, 266)",
        "(991, 31)",
        "(703, 45)",
        "(665, 538)",
        "(81, 342)",
        "(164, 601)",
        "(63, 275)",
        "(388, 421)",
        "(273, 945)",
        "(437, 928)",
        "(249, 797)",
        "(715, 442)",
        "(788, 558)",
        "(409, 56)",
        "(244, 730)"
    ],
    "(421, 885)": [
        "(120, 242)",
        "(298, 317)",
        "(388, 421)",
        "(792, 101)",
        "(164, 601)",
        "(347, 270)",
        "(991, 31)",
        "(665, 538)",
        "(201, 412)",
        "(988, 520)",
        "(977, 261)",
        "(119, 430)",
        "(374, 236)",
        "(409, 56)",
        "(739, 178)",
        "(703, 45)"
    ],
    "(57, 404)": [
        "(63, 275)",
        "(388, 421)",
        "(601, 266)",
        "(374, 236)",
        "(409, 56)",
        "(249, 797)",
        "(273, 945)",
        "(149, 600)",
        "(788, 558)",
        "(81, 342)",
        "(757, 562)",
        "(792, 101)",
        "(66, 133)",
        "(745, 502)",
        "(715, 442)"
    ],
    "(388, 421)": [
        "(63, 275)",
        "(201, 412)",
        "(244, 730)",
        "(28, 961)",
        "(421, 885)",
        "(703, 45)",
        "(152, 905)",
        "(66, 133)",
        "(739, 178)",
        "(249, 797)",
        "(57, 404)",
        "(149, 600)",
        "(293, 404)",
        "(80, 448)",
        "(715, 442)",
        "(347, 270)",
        "(409, 56)",
        "(81, 342)",
        "(745, 502)",
        "(601, 266)",
        "(298, 317)",
        "(330, 248)",
        "(977, 261)",
        "(788, 558)"
    ],
    "(409, 56)": [
        "(81, 342)",
        "(703, 45)",
        "(601, 266)",
        "(715, 442)",
        "(273, 945)",
        "(374, 236)",
        "(745, 502)",
        "(330, 248)",
        "(119, 430)",
        "(57, 404)",
        "(80, 448)",
        "(388, 421)",
        "(201, 412)",
        "(293, 404)",
        "(28, 961)",
        "(991, 31)",
        "(249, 797)",
        "(421, 885)",
        "(63, 275)",
        "(164, 601)"
    ],
    "(988, 520)": [
        "(164, 601)",
        "(739, 178)",
        "(745, 502)",
        "(146, 362)",
        "(152, 905)",
        "(249, 797)",
        "(421, 885)",
        "(119, 430)",
        "(715, 442)",
        "(665, 538)",
        "(63, 275)",
        "(991, 31)",
        "(977, 261)",
        "(601, 266)",
        "(869, 18)",
        "(298, 317)"
    ],
    "(63, 275)": [
        "(388, 421)",
        "(537, 724)",
        "(739, 178)",
        "(119, 430)",
        "(244, 730)",
        "(57, 404)",
        "(146, 362)",
        "(80, 448)",
        "(991, 31)",
        "(120, 242)",
        "(374, 236)",
        "(601, 266)",
        "(347, 270)",
        "(28, 961)",
        "(437, 928)",
        "(273, 945)",
        "(298, 317)",
        "(249, 797)",
        "(164, 601)",
        "(988, 520)",
        "(869, 18)",
        "(409, 56)",
        "(201, 412)"
    ],
    "(869, 18)": [
        "(244, 730)",
        "(757, 562)",
        "(119, 430)",
        "(788, 558)",
        "(273, 945)",
        "(192, 567)",
        "(537, 724)",
        "(715, 442)",
        "(146, 362)",
        "(792, 101)",
        "(63, 275)",
        "(988, 520)",
        "(152, 905)",
        "(81, 342)",
        "(991, 31)",
        "(977, 261)"
    ],
    "(192, 567)": [
        "(119, 430)",
        "(120, 242)",
        "(273, 945)",
        "(792, 101)",
        "(788, 558)",
        "(244, 730)",
        "(601, 266)",
        "(164, 601)",
        "(152, 905)",
        "(869, 18)",
        "(757, 562)",
        "(739, 178)",
        "(374, 236)",
        "(537, 724)",
        "(149, 600)",
        "(298, 317)",
        "(330, 248)",
        "(745, 502)"
    ],
    "(347, 270)": [
        "(244, 730)",
        "(757, 562)",
        "(66, 133)",
        "(374, 236)",
        "(152, 905)",
        "(788, 558)",
        "(421, 885)",
        "(792, 101)",
        "(537, 724)",
        "(63, 275)",
        "(715, 442)",
        "(388, 421)",
        "(273, 945)",
        "(703, 45)",
        "(739, 178)",
        "(81, 342)",
        "(164, 601)",
        "(119, 430)",
        "(201, 412)",
        "(293, 404)"
    ],
    "(120, 242)": [
        "(192, 567)",
        "(298, 317)",
        "(421, 885)",
        "(80, 448)",
        "(792, 101)",
        "(152, 905)",
        "(437, 928)",
        "(249, 797)",
        "(244, 730)",
        "(788, 558)",
        "(119, 430)",
        "(703, 45)",
        "(63, 275)",
        "(146, 362)",
        "(149, 600)",
        "(665, 538)",
        "(991, 31)",
        "(715, 442)",
        "(81, 342)",
        "(273, 945)",
        "(293, 404)",
        "(537, 724)"
    ],
    "(81, 342)": [
        "(792, 101)",
        "(409, 56)",
        "(330, 248)",
        "(757, 562)",
        "(152, 905)",
        "(739, 178)",
        "(80, 448)",
        "(537, 724)",
        "(665, 538)",
        "(119, 430)",
        "(146, 362)",
        "(293, 404)",
        "(388, 421)",
        "(244, 730)",
        "(347, 270)",
        "(57, 404)",
        "(120, 242)",
        "(869, 18)",
        "(66, 133)"
    ],
    "(201, 412)": [
        "(293, 404)",
        "(152, 905)",
        "(388, 421)",
        "(977, 261)",
        "(244, 730)",
        "(421, 885)",
        "(788, 558)",
        "(409, 56)",
        "(601, 266)",
        "(273, 945)",
        "(330, 248)",
        "(164, 601)",
        "(28, 961)",
        "(703, 45)",
        "(665, 538)",
        "(66, 133)",
        "(347, 270)",
        "(63, 275)"
    ],
    "(757, 562)": [
        "(347, 270)",
        "(66, 133)",
        "(437, 928)",
        "(869, 18)",
        "(81, 342)",
        "(739, 178)",
        "(152, 905)",
        "(244, 730)",
        "(249, 797)",
        "(149, 600)",
        "(745, 502)",
        "(192, 567)",
        "(537, 724)",
        "(330, 248)",
        "(57, 404)",
        "(298, 317)",
        "(119, 430)",
        "(273, 945)",
        "(374, 236)",
        "(703, 45)"
    ],
    "(437, 928)": [
        "(119, 430)",
        "(977, 261)",
        "(757, 562)",
        "(152, 905)",
        "(792, 101)",
        "(120, 242)",
        "(665, 538)",
        "(146, 362)",
        "(330, 248)",
        "(80, 448)",
        "(715, 442)",
        "(63, 275)",
        "(703, 45)",
        "(28, 961)",
        "(293, 404)",
        "(991, 31)"
    ],
    "(330, 248)": [
        "(293, 404)",
        "(601, 266)",
        "(81, 342)",
        "(715, 442)",
        "(537, 724)",
        "(665, 538)",
        "(977, 261)",
        "(437, 928)",
        "(409, 56)",
        "(991, 31)",
        "(249, 797)",
        "(757, 562)",
        "(201, 412)",
        "(152, 905)",
        "(374, 236)",
        "(388, 421)",
        "(28, 961)",
        "(149, 600)",
        "(192, 567)",
        "(788, 558)",
        "(164, 601)"
    ],
    "(703, 45)": [
        "(164, 601)",
        "(665, 538)",
        "(409, 56)",
        "(792, 101)",
        "(388, 421)",
        "(298, 317)",
        "(80, 448)",
        "(120, 242)",
        "(249, 797)",
        "(152, 905)",
        "(745, 502)",
        "(244, 730)",
        "(601, 266)",
        "(347, 270)",
        "(149, 600)",
        "(437, 928)",
        "(374, 236)",
        "(201, 412)",
        "(977, 261)",
        "(757, 562)",
        "(421, 885)",
        "(739, 178)"
    ],
    "(715, 442)": [
        "(409, 56)",
        "(330, 248)",
        "(298, 317)",
        "(788, 558)",
        "(28, 961)",
        "(739, 178)",
        "(374, 236)",
        "(977, 261)",
        "(388, 421)",
        "(347, 270)",
        "(437, 928)",
        "(792, 101)",
        "(244, 730)",
        "(80, 448)",
        "(991, 31)",
        "(988, 520)",
        "(146, 362)",
        "(869, 18)",
        "(120, 242)",
        "(601, 266)",
        "(665, 538)",
        "(293, 404)",
        "(57, 404)"
    ],
    "(601, 266)": [
        "(330, 248)",
        "(80, 448)",
        "(409, 56)",
        "(792, 101)",
        "(192, 567)",
        "(298, 317)",
        "(57, 404)",
        "(63, 275)",
        "(152, 905)",
        "(703, 45)",
        "(119, 430)",
        "(388, 421)",
        "(201, 412)",
        "(146, 362)",
        "(788, 558)",
        "(715, 442)",
        "(988, 520)",
        "(164, 601)",
        "(66, 133)"
    ],
    "(739, 178)": [
        "(63, 275)",
        "(988, 520)",
        "(788, 558)",
        "(665, 538)",
        "(991, 31)",
        "(757, 562)",
        "(81, 342)",
        "(388, 421)",
        "(715, 442)",
        "(66, 133)",
        "(273, 945)",
        "(745, 502)",
        "(149, 600)",
        "(28, 961)",
        "(192, 567)",
        "(347, 270)",
        "(146, 362)",
        "(164, 601)",
        "(293, 404)",
        "(421, 885)",
        "(703, 45)"
    ],
    "(374, 236)": [
        "(273, 945)",
        "(347, 270)",
        "(788, 558)",
        "(244, 730)",
        "(63, 275)",
        "(715, 442)",
        "(409, 56)",
        "(57, 404)",
        "(192, 567)",
        "(149, 600)",
        "(792, 101)",
        "(330, 248)",
        "(703, 45)",
        "(745, 502)",
        "(421, 885)",
        "(757, 562)",
        "(119, 430)",
        "(537, 724)"
    ],
    "(164, 601)": [
        "(703, 45)",
        "(988, 520)",
        "(298, 317)",
        "(421, 885)",
        "(249, 797)",
        "(28, 961)",
        "(80, 448)",
        "(192, 567)",
        "(152, 905)",
        "(792, 101)",
        "(788, 558)",
        "(745, 502)",
        "(991, 31)",
        "(63, 275)",
        "(201, 412)",
        "(347, 270)",
        "(739, 178)",
        "(66, 133)",
        "(601, 266)",
        "(977, 261)",
        "(409, 56)",
        "(330, 248)"
    ],
    "(745, 502)": [
        "(80, 448)",
        "(249, 797)",
        "(293, 404)",
        "(988, 520)",
        "(977, 261)",
        "(703, 45)",
        "(409, 56)",
        "(537, 724)",
        "(792, 101)",
        "(152, 905)",
        "(739, 178)",
        "(757, 562)",
        "(146, 362)",
        "(388, 421)",
        "(164, 601)",
        "(119, 430)",
        "(374, 236)",
        "(192, 567)",
        "(57, 404)"
    ],
    "(991, 31)": [
        "(249, 797)",
        "(298, 317)",
        "(80, 448)",
        "(739, 178)",
        "(421, 885)",
        "(63, 275)",
        "(330, 248)",
        "(244, 730)",
        "(149, 600)",
        "(715, 442)",
        "(120, 242)",
        "(164, 601)",
        "(977, 261)",
        "(988, 520)",
        "(409, 56)",
        "(66, 133)",
        "(437, 928)",
        "(869, 18)"
    ],
    "(146, 362)": [
        "(66, 133)",
        "(119, 430)",
        "(28, 961)",
        "(988, 520)",
        "(63, 275)",
        "(437, 928)",
        "(665, 538)",
        "(120, 242)",
        "(81, 342)",
        "(149, 600)",
        "(715, 442)",
        "(788, 558)",
        "(745, 502)",
        "(601, 266)",
        "(739, 178)",
        "(869, 18)",
        "(293, 404)"
    ],
    "(293, 404)": [
        "(201, 412)",
        "(330, 248)",
        "(745, 502)",
        "(665, 538)",
        "(977, 261)",
        "(244, 730)",
        "(388, 421)",
        "(81, 342)",
        "(792, 101)",
        "(409, 56)",
        "(249, 797)",
        "(152, 905)",
        "(28, 961)",
        "(146, 362)",
        "(149, 600)",
        "(437, 928)",
        "(120, 242)",
        "(739, 178)",
        "(347, 270)",
        "(66, 133)",
        "(715, 442)"
    ],
    "(149, 600)": [
        "(80, 448)",
        "(152, 905)",
        "(388, 421)",
        "(249, 797)",
        "(120, 242)",
        "(991, 31)",
        "(146, 362)",
        "(757, 562)",
        "(739, 178)",
        "(57, 404)",
        "(703, 45)",
        "(244, 730)",
        "(192, 567)",
        "(374, 236)",
        "(273, 945)",
        "(792, 101)",
        "(293, 404)",
        "(977, 261)",
        "(330, 248)",
        "(537, 724)",
        "(119, 430)"
    ],
    "(249, 797)": [
        "(991, 31)",
        "(792, 101)",
        "(745, 502)",
        "(120, 242)",
        "(164, 601)",
        "(665, 538)",
        "(388, 421)",
        "(119, 430)",
        "(703, 45)",
        "(988, 520)",
        "(149, 600)",
        "(757, 562)",
        "(330, 248)",
        "(80, 448)",
        "(57, 404)",
        "(63, 275)",
        "(293, 404)",
        "(409, 56)",
        "(788, 558)"
    ],
    "(152, 905)": [
        "(201, 412)",
        "(149, 600)",
        "(66, 133)",
        "(437, 928)",
        "(120, 242)",
        "(81, 342)",
        "(388, 421)",
        "(273, 945)",
        "(347, 270)",
        "(757, 562)",
        "(988, 520)",
        "(703, 45)",
        "(792, 101)",
        "(192, 567)",
        "(745, 502)",
        "(164, 601)",
        "(601, 266)",
        "(330, 248)",
        "(665, 538)",
        "(293, 404)",
        "(869, 18)"
    ],
    "(792, 101)": [
        "(81, 342)",
        "(249, 797)",
        "(665, 538)",
        "(298, 317)",
        "(192, 567)",
        "(703, 45)",
        "(437, 928)",
        "(120, 242)",
        "(421, 885)",
        "(601, 266)",
        "(788, 558)",
        "(152, 905)",
        "(347, 270)",
        "(66, 133)",
        "(745, 502)",
        "(715, 442)",
        "(293, 404)",
        "(164, 601)",
        "(374, 236)",
        "(149, 600)",
        "(57, 404)",
        "(869, 18)",
        "(244, 730)"
    ],
    "(28, 961)": [
        "(66, 133)",
        "(298, 317)",
        "(388, 421)",
        "(146, 362)",
        "(244, 730)",
        "(164, 601)",
        "(715, 442)",
        "(63, 275)",
        "(788, 558)",
        "(739, 178)",
        "(409, 56)",
        "(293, 404)",
        "(437, 928)",
        "(201, 412)",
        "(330, 248)"
    ],
    "(665, 538)": [
        "(703, 45)",
        "(792, 101)",
        "(739, 178)",
        "(293, 404)",
        "(80, 448)",
        "(437, 928)",
        "(249, 797)",
        "(146, 362)",
        "(421, 885)",
        "(81, 342)",
        "(330, 248)",
        "(119, 430)",
        "(120, 242)",
        "(273, 945)",
        "(977, 261)",
        "(988, 520)",
        "(244, 730)",
        "(152, 905)",
        "(201, 412)",
        "(715, 442)",
        "(788, 558)",
        "(298, 317)"
    ],
    "(244, 730)": [
        "(869, 18)",
        "(347, 270)",
        "(388, 421)",
        "(66, 133)",
        "(63, 275)",
        "(273, 945)",
        "(28, 961)",
        "(201, 412)",
        "(120, 242)",
        "(374, 236)",
        "(293, 404)",
        "(977, 261)",
        "(788, 558)",
        "(192, 567)",
        "(757, 562)",
        "(991, 31)",
        "(703, 45)",
        "(715, 442)",
        "(80, 448)",
        "(81, 342)",
        "(149, 600)",
        "(665, 538)",
        "(792, 101)"
    ],
    "(298, 317)": [
        "(120, 242)",
        "(991, 31)",
        "(28, 961)",
        "(792, 101)",
        "(164, 601)",
        "(421, 885)",
        "(715, 442)",
        "(273, 945)",
        "(703, 45)",
        "(537, 724)",
        "(601, 266)",
        "(977, 261)",
        "(63, 275)",
        "(388, 421)",
        "(757, 562)",
        "(192, 567)",
        "(988, 520)",
        "(665, 538)"
    ],
    "(273, 945)": [
        "(192, 567)",
        "(374, 236)",
        "(244, 730)",
        "(977, 261)",
        "(298, 317)",
        "(152, 905)",
        "(409, 56)",
        "(80, 448)",
        "(869, 18)",
        "(739, 178)",
        "(665, 538)",
        "(537, 724)",
        "(57, 404)",
        "(347, 270)",
        "(63, 275)",
        "(201, 412)",
        "(149, 600)",
        "(757, 562)",
        "(120, 242)",
        "(66, 133)"
    ],
    "(537, 724)": [
        "(63, 275)",
        "(330, 248)",
        "(298, 317)",
        "(81, 342)",
        "(977, 261)",
        "(347, 270)",
        "(745, 502)",
        "(869, 18)",
        "(273, 945)",
        "(757, 562)",
        "(192, 567)",
        "(120, 242)",
        "(149, 600)",
        "(374, 236)"
    ],
    "(119, 430)": [
        "(192, 567)",
        "(437, 928)",
        "(146, 362)",
        "(63, 275)",
        "(869, 18)",
        "(120, 242)",
        "(249, 797)",
        "(81, 342)",
        "(665, 538)",
        "(409, 56)",
        "(988, 520)",
        "(601, 266)",
        "(421, 885)",
        "(745, 502)",
        "(757, 562)",
        "(977, 261)",
        "(347, 270)",
        "(374, 236)",
        "(66, 133)",
        "(149, 600)"
    ]
}