{
    "(792, 74)": [
        "(99, 361)",
        "(511, 419)",
        "(364, 332)",
        "(214, 686)",
        "(773, 191)",
        "(906, 938)",
        "(353, 303)",
        "(116, 409)",
        "(89, 517)",
        "(673, 100)",
        "(857, 74)"
    ],
    "(777, 203)": [
        "(364, 332)",
        "(545, 437)",
        "(715, 527)",
        "(290, 230)",
        "(743, 439)",
        "(425, 881)",
        "(164, 467)",
        "(11, 362)",
        "(652, 488)",
        "(857, 74)",
        "(315, 546)"
    ],
    "(116, 409)": [
        "(290, 230)",
        "(266, 92)",
        "(164, 467)",
        "(545, 437)",
        "(773, 191)",
        "(307, 969)",
        "(315, 546)",
        "(514, 833)",
        "(463, 21)",
        "(11, 916)",
        "(47, 138)",
        "(488, 336)",
        "(193, 639)",
        "(49, 670)",
        "(792, 74)",
        "(353, 303)",
        "(124, 718)"
    ],
    "(226, 956)": [
        "(511, 419)",
        "(327, 595)",
        "(124, 718)",
        "(68, 382)",
        "(514, 833)",
        "(315, 278)",
        "(802, 445)",
        "(906, 938)",
        "(546, 982)",
        "(545, 437)",
        "(715, 527)"
    ],
    "(69, 339)": [
        "(289, 716)",
        "(327, 595)",
        "(49, 670)",
        "(488, 336)",
        "(859, 480)",
        "(567, 331)",
        "(68, 382)",
        "(673, 100)",
        "(99, 361)",
        "(511, 419)",
        "(652, 488)",
        "(284, 845)",
        "(214, 686)"
    ],
    "(857, 74)": [
        "(11, 362)",
        "(679, 608)",
        "(673, 100)",
        "(11, 916)",
        "(99, 361)",
        "(345, 453)",
        "(463, 21)",
        "(425, 881)",
        "(773, 191)",
        "(514, 833)",
        "(307, 969)",
        "(266, 92)",
        "(546, 982)",
        "(897, 680)",
        "(289, 716)",
        "(792, 74)",
        "(777, 203)"
    ],
    "(290, 230)": [
        "(116, 409)",
        "(773, 191)",
        "(679, 608)",
        "(488, 336)",
        "(715, 527)",
        "(89, 517)",
        "(357, 254)",
        "(777, 203)",
        "(425, 881)",
        "(645, 337)",
        "(99, 361)",
        "(124, 718)",
        "(567, 331)",
        "(463, 21)"
    ],
    "(434, 699)": [
        "(673, 100)",
        "(859, 480)",
        "(307, 969)",
        "(124, 718)",
        "(315, 546)",
        "(364, 332)",
        "(289, 716)",
        "(327, 595)"
    ],
    "(843, 878)": [
        "(652, 488)",
        "(89, 517)",
        "(289, 716)",
        "(715, 527)",
        "(545, 437)",
        "(645, 337)"
    ],
    "(68, 382)": [
        "(226, 956)",
        "(906, 938)",
        "(743, 439)",
        "(69, 339)",
        "(11, 362)",
        "(463, 21)",
        "(11, 916)",
        "(307, 969)",
        "(327, 595)"
    ],
    "(645, 337)": [
        "(307, 969)",
        "(425, 881)",
        "(743, 439)",
        "(284, 845)",
        "(511, 419)",
        "(84, 762)",
        "(315, 278)",
        "(290, 230)",
        "(773, 191)",
        "(193, 639)",
        "(289, 716)",
        "(266, 92)",
        "(843, 878)",
        "(673, 100)"
    ],
    "(49, 670)": [
        "(289, 716)",
        "(193, 639)",
        "(425, 881)",
        "(488, 336)",
        "(715, 527)",
        "(69, 339)",
        "(345, 453)",
        "(859, 480)",
        "(116, 409)",
        "(11, 916)",
        "(546, 982)",
        "(545, 437)"
    ],
    "(345, 453)": [
        "(715, 527)",
        "(357, 254)",
        "(99, 361)",
        "(284, 845)",
        "(315, 546)",
        "(353, 303)",
        "(49, 670)",
        "(857, 74)",
        "(545, 437)",
        "(11, 362)",
        "(546, 982)"
    ],
    "(715, 527)": [
        "(345, 453)",
        "(353, 303)",
        "(777, 203)",
        "(290, 230)",
        "(897, 680)",
        "(49, 670)",
        "(289, 716)",
        "(193, 639)",
        "(99, 361)",
        "(511, 419)",
        "(843, 878)",
        "(546, 982)",
        "(859, 480)",
        "(226, 956)"
    ],
    "(11, 362)": [
        "(857, 74)",
        "(463, 21)",
        "(546, 982)",
        "(425, 881)",
        "(315, 278)",
        "(511, 419)",
        "(777, 203)",
        "(315, 546)",
        "(345, 453)",
        "(545, 437)",
        "(193, 639)",
        "(802, 445)",
        "(68, 382)",
        "(567, 331)"
    ],
    "(514, 833)": [
        "(897, 680)",
        "(289, 716)",
        "(226, 956)",
        "(116, 409)",
        "(673, 100)",
        "(773, 191)",
        "(99, 361)",
        "(857, 74)",
        "(307, 969)",
        "(463, 21)",
        "(357, 254)",
        "(488, 336)",
        "(567, 331)"
    ],
    "(567, 331)": [
        "(679, 608)",
        "(89, 517)",
        "(353, 303)",
        "(897, 680)",
        "(315, 278)",
        "(289, 716)",
        "(69, 339)",
        "(290, 230)",
        "(357, 254)",
        "(463, 21)",
        "(11, 362)",
        "(514, 833)",
        "(546, 982)",
        "(164, 467)",
        "(266, 92)"
    ],
    "(315, 546)": [
        "(546, 982)",
        "(315, 278)",
        "(11, 916)",
        "(425, 881)",
        "(353, 303)",
        "(116, 409)",
        "(345, 453)",
        "(284, 845)",
        "(124, 718)",
        "(434, 699)",
        "(11, 362)",
        "(327, 595)",
        "(777, 203)"
    ],
    "(315, 278)": [
        "(488, 336)",
        "(315, 546)",
        "(289, 716)",
        "(266, 92)",
        "(546, 982)",
        "(226, 956)",
        "(89, 517)",
        "(353, 303)",
        "(567, 331)",
        "(645, 337)",
        "(11, 362)",
        "(425, 881)",
        "(214, 686)",
        "(679, 608)",
        "(193, 639)"
    ],
    "(89, 517)": [
        "(425, 881)",
        "(47, 138)",
        "(488, 336)",
        "(843, 878)",
        "(567, 331)",
        "(315, 278)",
        "(290, 230)",
        "(511, 419)",
        "(906, 938)",
        "(193, 639)",
        "(679, 608)",
        "(802, 445)",
        "(792, 74)",
        "(463, 21)",
        "(284, 845)"
    ],
    "(266, 92)": [
        "(327, 595)",
        "(116, 409)",
        "(315, 278)",
        "(284, 845)",
        "(307, 969)",
        "(164, 467)",
        "(802, 445)",
        "(645, 337)",
        "(857, 74)",
        "(673, 100)",
        "(567, 331)"
    ],
    "(164, 467)": [
        "(425, 881)",
        "(802, 445)",
        "(116, 409)",
        "(364, 332)",
        "(353, 303)",
        "(545, 437)",
        "(673, 100)",
        "(266, 92)",
        "(546, 982)",
        "(777, 203)",
        "(773, 191)",
        "(289, 716)",
        "(307, 969)",
        "(567, 331)"
    ],
    "(364, 332)": [
        "(906, 938)",
        "(777, 203)",
        "(327, 595)",
        "(164, 467)",
        "(897, 680)",
        "(289, 716)",
        "(546, 982)",
        "(214, 686)",
        "(792, 74)",
        "(434, 699)",
        "(353, 303)",
        "(425, 881)",
        "(124, 718)"
    ],
    "(353, 303)": [
        "(315, 546)",
        "(715, 527)",
        "(859, 480)",
        "(164, 467)",
        "(345, 453)",
        "(315, 278)",
        "(567, 331)",
        "(679, 608)",
        "(511, 419)",
        "(193, 639)",
        "(284, 845)",
        "(792, 74)",
        "(802, 445)",
        "(364, 332)",
        "(463, 21)",
        "(116, 409)",
        "(773, 191)"
    ],
    "(357, 254)": [
        "(345, 453)",
        "(290, 230)",
        "(546, 982)",
        "(511, 419)",
        "(773, 191)",
        "(743, 439)",
        "(567, 331)",
        "(514, 833)",
        "(99, 361)",
        "(802, 445)",
        "(425, 881)",
        "(327, 595)"
    ],
    "(773, 191)": [
        "(290, 230)",
        "(116, 409)",
        "(906, 938)",
        "(514, 833)",
        "(857, 74)",
        "(792, 74)",
        "(357, 254)",
        "(645, 337)",
        "(859, 480)",
        "(802, 445)",
        "(164, 467)",
        "(353, 303)"
    ],
    "(897, 680)": [
        "(514, 833)",
        "(364, 332)",
        "(715, 527)",
        "(289, 716)",
        "(511, 419)",
        "(567, 331)",
        "(857, 74)",
        "(99, 361)"
    ],
    "(284, 845)": [
        "(652, 488)",
        "(266, 92)",
        "(345, 453)",
        "(645, 337)",
        "(47, 138)",
        "(315, 546)",
        "(289, 716)",
        "(463, 21)",
        "(353, 303)",
        "(84, 762)",
        "(488, 336)",
        "(69, 339)",
        "(89, 517)"
    ],
    "(463, 21)": [
        "(673, 100)",
        "(11, 362)",
        "(546, 982)",
        "(116, 409)",
        "(857, 74)",
        "(284, 845)",
        "(511, 419)",
        "(514, 833)",
        "(353, 303)",
        "(290, 230)",
        "(545, 437)",
        "(89, 517)",
        "(567, 331)",
        "(68, 382)",
        "(193, 639)",
        "(652, 488)"
    ],
    "(679, 608)": [
        "(857, 74)",
        "(290, 230)",
        "(673, 100)",
        "(906, 938)",
        "(567, 331)",
        "(353, 303)",
        "(89, 517)",
        "(652, 488)",
        "(545, 437)",
        "(11, 916)",
        "(315, 278)",
        "(289, 716)"
    ],
    "(673, 100)": [
        "(463, 21)",
        "(434, 699)",
        "(679, 608)",
        "(906, 938)",
        "(857, 74)",
        "(514, 833)",
        "(545, 437)",
        "(164, 467)",
        "(84, 762)",
        "(488, 336)",
        "(69, 339)",
        "(266, 92)",
        "(792, 74)",
        "(645, 337)"
    ],
    "(652, 488)": [
        "(843, 878)",
        "(124, 718)",
        "(284, 845)",
        "(11, 916)",
        "(327, 595)",
        "(488, 336)",
        "(859, 480)",
        "(679, 608)",
        "(69, 339)",
        "(777, 203)",
        "(743, 439)",
        "(463, 21)"
    ],
    "(47, 138)": [
        "(545, 437)",
        "(89, 517)",
        "(11, 916)",
        "(284, 845)",
        "(116, 409)",
        "(546, 982)",
        "(743, 439)"
    ],
    "(859, 480)": [
        "(434, 699)",
        "(353, 303)",
        "(11, 916)",
        "(802, 445)",
        "(49, 670)",
        "(69, 339)",
        "(652, 488)",
        "(488, 336)",
        "(773, 191)",
        "(193, 639)",
        "(715, 527)",
        "(545, 437)"
    ],
    "(307, 969)": [
        "(289, 716)",
        "(645, 337)",
        "(116, 409)",
        "(266, 92)",
        "(434, 699)",
        "(11, 916)",
        "(857, 74)",
        "(514, 833)",
        "(546, 982)",
        "(68, 382)",
        "(164, 467)"
    ],
    "(802, 445)": [
        "(164, 467)",
        "(859, 480)",
        "(743, 439)",
        "(226, 956)",
        "(214, 686)",
        "(327, 595)",
        "(266, 92)",
        "(353, 303)",
        "(89, 517)",
        "(545, 437)",
        "(511, 419)",
        "(773, 191)",
        "(357, 254)",
        "(11, 362)"
    ],
    "(99, 361)": [
        "(345, 453)",
        "(792, 74)",
        "(857, 74)",
        "(715, 527)",
        "(906, 938)",
        "(514, 833)",
        "(290, 230)",
        "(69, 339)",
        "(743, 439)",
        "(357, 254)",
        "(897, 680)"
    ],
    "(289, 716)": [
        "(307, 969)",
        "(69, 339)",
        "(49, 670)",
        "(315, 278)",
        "(514, 833)",
        "(843, 878)",
        "(364, 332)",
        "(715, 527)",
        "(897, 680)",
        "(284, 845)",
        "(567, 331)",
        "(434, 699)",
        "(645, 337)",
        "(425, 881)",
        "(164, 467)",
        "(488, 336)",
        "(857, 74)",
        "(679, 608)"
    ],
    "(425, 881)": [
        "(315, 546)",
        "(89, 517)",
        "(164, 467)",
        "(49, 670)",
        "(645, 337)",
        "(124, 718)",
        "(511, 419)",
        "(545, 437)",
        "(11, 362)",
        "(290, 230)",
        "(857, 74)",
        "(777, 203)",
        "(315, 278)",
        "(546, 982)",
        "(289, 716)",
        "(364, 332)",
        "(743, 439)",
        "(357, 254)",
        "(214, 686)"
    ],
    "(906, 938)": [
        "(364, 332)",
        "(84, 762)",
        "(673, 100)",
        "(679, 608)",
        "(773, 191)",
        "(68, 382)",
        "(89, 517)",
        "(226, 956)",
        "(124, 718)",
        "(99, 361)",
        "(792, 74)",
        "(546, 982)"
    ],
    "(193, 639)": [
        "(511, 419)",
        "(49, 670)",
        "(715, 527)",
        "(89, 517)",
        "(116, 409)",
        "(353, 303)",
        "(645, 337)",
        "(859, 480)",
        "(11, 362)",
        "(463, 21)",
        "(315, 278)"
    ],
    "(545, 437)": [
        "(47, 138)",
        "(488, 336)",
        "(116, 409)",
        "(777, 203)",
        "(425, 881)",
        "(673, 100)",
        "(164, 467)",
        "(345, 453)",
        "(802, 445)",
        "(226, 956)",
        "(679, 608)",
        "(49, 670)",
        "(11, 362)",
        "(463, 21)",
        "(843, 878)",
        "(859, 480)"
    ],
    "(124, 718)": [
        "(652, 488)",
        "(226, 956)",
        "(425, 881)",
        "(315, 546)",
        "(434, 699)",
        "(906, 938)",
        "(511, 419)",
        "(290, 230)",
        "(364, 332)",
        "(116, 409)"
    ],
    "(511, 419)": [
        "(226, 956)",
        "(193, 639)",
        "(425, 881)",
        "(645, 337)",
        "(89, 517)",
        "(897, 680)",
        "(792, 74)",
        "(715, 527)",
        "(353, 303)",
        "(357, 254)",
        "(124, 718)",
        "(463, 21)",
        "(802, 445)",
        "(11, 362)",
        "(69, 339)",
        "(11, 916)"
    ],
    "(11, 916)": [
        "(315, 546)",
        "(47, 138)",
        "(859, 480)",
        "(307, 969)",
        "(116, 409)",
        "(857, 74)",
        "(652, 488)",
        "(49, 670)",
        "(511, 419)",
        "(679, 608)",
        "(68, 382)"
    ],
    "(214, 686)": [
        "(802, 445)",
        "(364, 332)",
        "(792, 74)",
        "(84, 762)",
        "(315, 278)",
        "(69, 339)",
        "(425, 881)"
    ],
    "(546, 982)": [
        "(315, 546)",
        "(11, 362)",
        "(315, 278)",
        "(463, 21)",
        "(357, 254)",
        "(47, 138)",
        "(49, 670)",
        "(364, 332)",
        "(164, 467)",
        "(715, 527)",
        "(425, 881)",
        "(226, 956)",
        "(307, 969)",
        "(345, 453)",
        "(906, 938)",
        "(857, 74)",
        "(567, 331)"
    ],
    "(84, 762)": [
        "(906, 938)",
        "(645, 337)",
        "(673, 100)",
        "(214, 686)",
        "(284, 845)"
    ],
    "(488, 336)": [
        "(315, 278)",
        "(545, 437)",
        "(89, 517)",
        "(49, 670)",
        "(290, 230)",
        "(69, 339)",
        "(116, 409)",
        "(673, 100)",
        "(652, 488)",
        "(859, 480)",
        "(289, 716)",
        "(514, 833)",
        "(284, 845)"
    ],
    "(327, 595)": [
        "(226, 956)",
        "(266, 92)",
        "(364, 332)",
        "(69, 339)",
        "(652, 488)",
        "(802, 445)",
        "(434, 699)",
        "(315, 546)",
        "(68, 382)",
        "(357, 254)"
    ],
    "(743, 439)": [
        "(645, 337)",
        "(802, 445)",
        "(68, 382)",
        "(777, 203)",
        "(357, 254)",
        "(99, 361)",
        "(652, 488)",
        "(425, 881)",
        "(47, 138)"
    ]
}