{
    "(759, 141)": [
        "(209, 236)",
        "(454, 408)",
        "(764, 491)"
    ],
    "(435, 448)": [
        "(698, 745)",
        "(502, 432)",
        "(454, 408)"
    ],
    "(781, 58)": [],
    "(454, 408)": [
        "(385, 307)",
        "(502, 432)",
        "(759, 141)",
        "(435, 448)"
    ],
    "(385, 307)": [
        "(454, 408)",
        "(355, 614)",
        "(997, 331)"
    ],
    "(118, 709)": [],
    "(209, 236)": [
        "(588, 598)",
        "(759, 141)",
        "(698, 745)"
    ],
    "(764, 491)": [
        "(759, 141)",
        "(588, 598)"
    ],
    "(698, 745)": [
        "(435, 448)",
        "(209, 236)"
    ],
    "(997, 331)": [
        "(355, 614)",
        "(685, 355)",
        "(585, 885)",
        "(385, 307)"
    ],
    "(617, 400)": [
        "(551, 665)",
        "(685, 355)"
    ],
    "(551, 665)": [
        "(580, 247)",
        "(585, 885)",
        "(617, 400)",
        "(588, 598)"
    ],
    "(355, 614)": [
        "(503, 969)",
        "(385, 307)",
        "(997, 331)",
        "(502, 432)"
    ],
    "(502, 432)": [
        "(454, 408)",
        "(435, 448)",
        "(355, 614)"
    ],
    "(580, 247)": [
        "(551, 665)",
        "(607, 705)"
    ],
    "(685, 355)": [
        "(997, 331)",
        "(503, 969)",
        "(617, 400)"
    ],
    "(588, 598)": [
        "(209, 236)",
        "(551, 665)",
        "(764, 491)"
    ],
    "(503, 969)": [
        "(355, 614)",
        "(685, 355)"
    ],
    "(607, 705)": [
        "(580, 247)",
        "(585, 885)"
    ],
    "(536, 771)": [],
    "(585, 885)": [
        "(551, 665)",
        "(997, 331)",
        "(607, 705)"
    ]
}