{
    "(961, 665)": [
        "(448, 265)",
        "(459, 708)",
        "(945, 537)",
        "(264, 825)",
        "(50, 244)",
        "(71, 787)",
        "(317, 273)",
        "(986, 639)",
        "(962, 452)",
        "(915, 178)",
        "(182, 473)",
        "(376, 865)",
        "(259, 804)",
        "(631, 145)",
        "(505, 830)",
        "(730, 298)",
        "(425, 400)",
        "(807, 130)",
        "(65, 727)",
        "(930, 658)",
        "(879, 170)"
    ],
    "(538, 244)": [
        "(71, 787)",
        "(879, 170)",
        "(457, 606)",
        "(472, 957)",
        "(264, 825)",
        "(137, 970)",
        "(54, 246)",
        "(448, 265)",
        "(631, 145)",
        "(821, 451)",
        "(124, 672)",
        "(930, 658)",
        "(301, 132)",
        "(317, 273)"
    ],
    "(730, 298)": [
        "(22, 395)",
        "(370, 935)",
        "(50, 244)",
        "(976, 351)",
        "(248, 559)",
        "(974, 493)",
        "(585, 140)",
        "(189, 937)",
        "(542, 992)",
        "(961, 665)",
        "(92, 406)",
        "(496, 328)",
        "(65, 69)",
        "(430, 575)",
        "(446, 232)",
        "(65, 727)",
        "(264, 825)",
        "(699, 90)",
        "(137, 970)",
        "(472, 957)",
        "(341, 944)"
    ],
    "(317, 273)": [
        "(879, 170)",
        "(22, 395)",
        "(961, 665)",
        "(542, 992)",
        "(551, 152)",
        "(915, 178)",
        "(137, 970)",
        "(259, 804)",
        "(807, 130)",
        "(930, 658)",
        "(54, 246)",
        "(976, 351)",
        "(92, 406)",
        "(448, 265)",
        "(538, 244)"
    ],
    "(945, 537)": [
        "(961, 665)",
        "(941, 222)",
        "(552, 583)",
        "(631, 145)",
        "(22, 395)",
        "(112, 585)",
        "(425, 400)",
        "(50, 244)",
        "(724, 119)",
        "(65, 69)",
        "(976, 351)",
        "(551, 152)"
    ],
    "(724, 119)": [
        "(11, 998)",
        "(92, 406)",
        "(541, 865)",
        "(54, 246)",
        "(228, 22)",
        "(457, 606)",
        "(248, 559)",
        "(834, 402)",
        "(65, 727)",
        "(430, 575)",
        "(266, 500)",
        "(182, 473)",
        "(945, 537)",
        "(552, 583)",
        "(988, 345)",
        "(301, 132)",
        "(542, 992)"
    ],
    "(430, 575)": [
        "(768, 680)",
        "(915, 178)",
        "(807, 130)",
        "(552, 583)",
        "(54, 246)",
        "(879, 170)",
        "(976, 351)",
        "(65, 727)",
        "(370, 935)",
        "(834, 737)",
        "(248, 559)",
        "(259, 804)",
        "(834, 402)",
        "(631, 145)",
        "(724, 119)",
        "(730, 298)",
        "(341, 944)",
        "(301, 132)",
        "(137, 970)"
    ],
    "(941, 222)": [
        "(264, 825)",
        "(136, 549)",
        "(266, 500)",
        "(945, 537)",
        "(50, 244)",
        "(124, 672)",
        "(11, 998)",
        "(73, 769)",
        "(542, 992)",
        "(974, 493)",
        "(137, 970)",
        "(112, 585)",
        "(92, 406)",
        "(447, 433)",
        "(301, 132)",
        "(459, 708)",
        "(370, 935)",
        "(915, 178)"
    ],
    "(974, 493)": [
        "(376, 865)",
        "(807, 130)",
        "(264, 825)",
        "(65, 727)",
        "(50, 244)",
        "(941, 222)",
        "(730, 298)",
        "(124, 672)",
        "(834, 737)",
        "(23, 817)",
        "(552, 583)",
        "(425, 400)",
        "(344, 300)",
        "(136, 549)",
        "(73, 769)",
        "(962, 452)",
        "(930, 658)",
        "(678, 301)"
    ],
    "(71, 787)": [
        "(538, 244)",
        "(182, 473)",
        "(457, 606)",
        "(988, 345)",
        "(92, 406)",
        "(961, 665)",
        "(112, 585)",
        "(376, 865)",
        "(73, 769)",
        "(189, 937)",
        "(714, 298)",
        "(447, 433)",
        "(54, 246)",
        "(457, 801)",
        "(370, 935)",
        "(413, 587)",
        "(228, 22)",
        "(834, 402)",
        "(585, 140)"
    ],
    "(834, 402)": [
        "(413, 587)",
        "(678, 301)",
        "(834, 737)",
        "(65, 69)",
        "(259, 804)",
        "(430, 575)",
        "(724, 119)",
        "(930, 658)",
        "(124, 672)",
        "(11, 998)",
        "(446, 232)",
        "(988, 345)",
        "(879, 170)",
        "(699, 90)",
        "(71, 787)",
        "(552, 583)",
        "(457, 801)",
        "(541, 865)",
        "(23, 817)",
        "(505, 830)"
    ],
    "(585, 140)": [
        "(376, 865)",
        "(264, 825)",
        "(541, 865)",
        "(22, 395)",
        "(988, 345)",
        "(341, 944)",
        "(182, 473)",
        "(137, 970)",
        "(730, 298)",
        "(370, 935)",
        "(821, 451)",
        "(448, 265)",
        "(228, 22)",
        "(71, 787)",
        "(259, 804)",
        "(73, 769)",
        "(457, 606)",
        "(136, 549)"
    ],
    "(693, 473)": [
        "(768, 680)",
        "(266, 500)",
        "(459, 708)",
        "(821, 451)",
        "(73, 769)",
        "(341, 944)",
        "(552, 583)",
        "(23, 817)",
        "(425, 400)",
        "(50, 244)",
        "(986, 639)",
        "(448, 265)",
        "(457, 801)",
        "(678, 301)",
        "(915, 178)",
        "(189, 937)",
        "(879, 170)"
    ],
    "(376, 865)": [
        "(585, 140)",
        "(974, 493)",
        "(962, 452)",
        "(301, 132)",
        "(446, 232)",
        "(542, 992)",
        "(448, 265)",
        "(71, 787)",
        "(447, 433)",
        "(65, 727)",
        "(264, 825)",
        "(182, 473)",
        "(112, 585)",
        "(457, 801)",
        "(961, 665)",
        "(834, 737)",
        "(986, 639)",
        "(23, 817)",
        "(159, 400)"
    ],
    "(344, 300)": [
        "(413, 587)",
        "(447, 433)",
        "(228, 22)",
        "(259, 804)",
        "(50, 244)",
        "(11, 998)",
        "(159, 400)",
        "(103, 90)",
        "(988, 345)",
        "(879, 170)",
        "(974, 493)",
        "(266, 500)"
    ],
    "(136, 549)": [
        "(505, 830)",
        "(941, 222)",
        "(54, 246)",
        "(986, 639)",
        "(65, 727)",
        "(413, 587)",
        "(103, 90)",
        "(988, 345)",
        "(447, 433)",
        "(699, 90)",
        "(112, 585)",
        "(541, 865)",
        "(974, 493)",
        "(124, 672)",
        "(448, 265)",
        "(228, 22)",
        "(496, 328)",
        "(834, 737)",
        "(768, 680)",
        "(259, 804)",
        "(585, 140)"
    ],
    "(834, 737)": [
        "(807, 130)",
        "(447, 433)",
        "(542, 992)",
        "(103, 90)",
        "(834, 402)",
        "(54, 246)",
        "(430, 575)",
        "(264, 825)",
        "(457, 606)",
        "(974, 493)",
        "(541, 865)",
        "(631, 145)",
        "(376, 865)",
        "(699, 90)",
        "(552, 583)",
        "(124, 672)",
        "(768, 680)",
        "(136, 549)",
        "(50, 244)",
        "(986, 639)"
    ],
    "(496, 328)": [
        "(54, 246)",
        "(768, 680)",
        "(915, 178)",
        "(962, 452)",
        "(446, 232)",
        "(459, 708)",
        "(730, 298)",
        "(448, 265)",
        "(136, 549)",
        "(73, 769)",
        "(413, 587)"
    ],
    "(962, 452)": [
        "(22, 395)",
        "(459, 708)",
        "(376, 865)",
        "(496, 328)",
        "(961, 665)",
        "(73, 769)",
        "(879, 170)",
        "(103, 90)",
        "(124, 672)",
        "(457, 606)",
        "(821, 451)",
        "(974, 493)",
        "(266, 500)",
        "(988, 345)",
        "(542, 992)"
    ],
    "(65, 727)": [
        "(879, 170)",
        "(974, 493)",
        "(552, 583)",
        "(136, 549)",
        "(988, 345)",
        "(430, 575)",
        "(23, 817)",
        "(631, 145)",
        "(376, 865)",
        "(678, 301)",
        "(301, 132)",
        "(724, 119)",
        "(446, 232)",
        "(54, 246)",
        "(730, 298)",
        "(961, 665)",
        "(341, 944)",
        "(930, 658)",
        "(182, 473)"
    ],
    "(923, 989)": [
        "(54, 246)",
        "(986, 639)",
        "(879, 170)",
        "(92, 406)",
        "(448, 265)",
        "(976, 351)",
        "(768, 680)",
        "(22, 395)",
        "(73, 769)",
        "(930, 658)",
        "(301, 132)",
        "(542, 992)",
        "(915, 178)",
        "(264, 825)"
    ],
    "(714, 298)": [
        "(22, 395)",
        "(631, 145)",
        "(259, 804)",
        "(159, 400)",
        "(915, 178)",
        "(11, 998)",
        "(23, 817)",
        "(71, 787)",
        "(301, 132)",
        "(457, 801)",
        "(447, 433)",
        "(930, 658)",
        "(425, 400)"
    ],
    "(370, 935)": [
        "(541, 865)",
        "(768, 680)",
        "(988, 345)",
        "(730, 298)",
        "(23, 817)",
        "(182, 473)",
        "(457, 801)",
        "(137, 970)",
        "(430, 575)",
        "(447, 433)",
        "(699, 90)",
        "(413, 587)",
        "(585, 140)",
        "(71, 787)",
        "(986, 639)",
        "(941, 222)",
        "(228, 22)",
        "(248, 559)",
        "(879, 170)",
        "(930, 658)"
    ],
    "(228, 22)": [
        "(930, 658)",
        "(448, 265)",
        "(344, 300)",
        "(54, 246)",
        "(65, 69)",
        "(724, 119)",
        "(71, 787)",
        "(266, 500)",
        "(136, 549)",
        "(585, 140)",
        "(472, 957)",
        "(370, 935)",
        "(264, 825)",
        "(112, 585)",
        "(986, 639)"
    ],
    "(425, 400)": [
        "(505, 830)",
        "(693, 473)",
        "(159, 400)",
        "(945, 537)",
        "(259, 804)",
        "(974, 493)",
        "(961, 665)",
        "(459, 708)",
        "(915, 178)",
        "(301, 132)",
        "(65, 69)",
        "(714, 298)"
    ],
    "(248, 559)": [
        "(50, 244)",
        "(807, 130)",
        "(137, 970)",
        "(730, 298)",
        "(430, 575)",
        "(542, 992)",
        "(724, 119)",
        "(459, 708)",
        "(112, 585)",
        "(446, 232)",
        "(266, 500)",
        "(370, 935)",
        "(821, 451)"
    ],
    "(699, 90)": [
        "(73, 769)",
        "(189, 937)",
        "(301, 132)",
        "(631, 145)",
        "(370, 935)",
        "(137, 970)",
        "(136, 549)",
        "(807, 130)",
        "(54, 246)",
        "(22, 395)",
        "(834, 737)",
        "(821, 451)",
        "(834, 402)",
        "(915, 178)",
        "(730, 298)"
    ],
    "(73, 769)": [
        "(699, 90)",
        "(22, 395)",
        "(11, 998)",
        "(103, 90)",
        "(259, 804)",
        "(124, 672)",
        "(448, 265)",
        "(941, 222)",
        "(693, 473)",
        "(71, 787)",
        "(962, 452)",
        "(923, 989)",
        "(92, 406)",
        "(266, 500)",
        "(986, 639)",
        "(974, 493)",
        "(585, 140)",
        "(112, 585)",
        "(189, 937)",
        "(496, 328)",
        "(413, 587)"
    ],
    "(988, 345)": [
        "(22, 395)",
        "(976, 351)",
        "(182, 473)",
        "(370, 935)",
        "(71, 787)",
        "(585, 140)",
        "(65, 727)",
        "(136, 549)",
        "(678, 301)",
        "(552, 583)",
        "(344, 300)",
        "(159, 400)",
        "(834, 402)",
        "(821, 451)",
        "(447, 433)",
        "(962, 452)",
        "(724, 119)",
        "(459, 708)"
    ],
    "(341, 944)": [
        "(182, 473)",
        "(457, 801)",
        "(768, 680)",
        "(585, 140)",
        "(693, 473)",
        "(541, 865)",
        "(301, 132)",
        "(112, 585)",
        "(631, 145)",
        "(413, 587)",
        "(124, 672)",
        "(430, 575)",
        "(65, 727)",
        "(730, 298)"
    ],
    "(159, 400)": [
        "(542, 992)",
        "(915, 178)",
        "(714, 298)",
        "(879, 170)",
        "(986, 639)",
        "(112, 585)",
        "(344, 300)",
        "(425, 400)",
        "(182, 473)",
        "(266, 500)",
        "(988, 345)",
        "(103, 90)",
        "(376, 865)"
    ],
    "(92, 406)": [
        "(724, 119)",
        "(807, 130)",
        "(264, 825)",
        "(71, 787)",
        "(923, 989)",
        "(941, 222)",
        "(541, 865)",
        "(73, 769)",
        "(457, 801)",
        "(50, 244)",
        "(730, 298)",
        "(317, 273)",
        "(678, 301)"
    ],
    "(259, 804)": [
        "(714, 298)",
        "(457, 606)",
        "(189, 937)",
        "(344, 300)",
        "(447, 433)",
        "(73, 769)",
        "(317, 273)",
        "(834, 402)",
        "(124, 672)",
        "(430, 575)",
        "(879, 170)",
        "(182, 473)",
        "(264, 825)",
        "(542, 992)",
        "(961, 665)",
        "(301, 132)",
        "(425, 400)",
        "(541, 865)",
        "(266, 500)",
        "(585, 140)",
        "(136, 549)"
    ],
    "(986, 639)": [
        "(23, 817)",
        "(136, 549)",
        "(923, 989)",
        "(457, 801)",
        "(266, 500)",
        "(159, 400)",
        "(961, 665)",
        "(447, 433)",
        "(693, 473)",
        "(22, 395)",
        "(678, 301)",
        "(976, 351)",
        "(376, 865)",
        "(73, 769)",
        "(370, 935)",
        "(189, 937)",
        "(834, 737)",
        "(228, 22)"
    ],
    "(65, 69)": [
        "(413, 587)",
        "(266, 500)",
        "(552, 583)",
        "(228, 22)",
        "(103, 90)",
        "(834, 402)",
        "(54, 246)",
        "(930, 658)",
        "(768, 680)",
        "(730, 298)",
        "(945, 537)",
        "(448, 265)",
        "(457, 801)",
        "(879, 170)",
        "(425, 400)"
    ],
    "(54, 246)": [
        "(136, 549)",
        "(923, 989)",
        "(496, 328)",
        "(724, 119)",
        "(976, 351)",
        "(542, 992)",
        "(430, 575)",
        "(472, 957)",
        "(228, 22)",
        "(538, 244)",
        "(768, 680)",
        "(834, 737)",
        "(65, 69)",
        "(189, 937)",
        "(699, 90)",
        "(317, 273)",
        "(71, 787)",
        "(103, 90)",
        "(112, 585)",
        "(541, 865)",
        "(65, 727)",
        "(447, 433)",
        "(182, 473)",
        "(448, 265)",
        "(446, 232)"
    ],
    "(22, 395)": [
        "(730, 298)",
        "(962, 452)",
        "(988, 345)",
        "(103, 90)",
        "(459, 708)",
        "(714, 298)",
        "(73, 769)",
        "(189, 937)",
        "(317, 273)",
        "(552, 583)",
        "(585, 140)",
        "(448, 265)",
        "(182, 473)",
        "(945, 537)",
        "(23, 817)",
        "(923, 989)",
        "(699, 90)",
        "(986, 639)",
        "(413, 587)",
        "(505, 830)",
        "(447, 433)",
        "(457, 801)",
        "(472, 957)"
    ],
    "(124, 672)": [
        "(941, 222)",
        "(447, 433)",
        "(73, 769)",
        "(266, 500)",
        "(259, 804)",
        "(678, 301)",
        "(457, 801)",
        "(974, 493)",
        "(834, 402)",
        "(182, 473)",
        "(538, 244)",
        "(631, 145)",
        "(341, 944)",
        "(23, 817)",
        "(136, 549)",
        "(834, 737)",
        "(879, 170)",
        "(962, 452)",
        "(541, 865)",
        "(821, 451)"
    ],
    "(264, 825)": [
        "(941, 222)",
        "(585, 140)",
        "(961, 665)",
        "(92, 406)",
        "(974, 493)",
        "(551, 152)",
        "(538, 244)",
        "(182, 473)",
        "(834, 737)",
        "(376, 865)",
        "(459, 708)",
        "(266, 500)",
        "(259, 804)",
        "(457, 606)",
        "(23, 817)",
        "(542, 992)",
        "(730, 298)",
        "(457, 801)",
        "(189, 937)",
        "(228, 22)",
        "(923, 989)"
    ],
    "(505, 830)": [
        "(136, 549)",
        "(425, 400)",
        "(472, 957)",
        "(103, 90)",
        "(807, 130)",
        "(976, 351)",
        "(961, 665)",
        "(23, 817)",
        "(11, 998)",
        "(22, 395)",
        "(631, 145)",
        "(446, 232)",
        "(834, 402)"
    ],
    "(768, 680)": [
        "(457, 606)",
        "(430, 575)",
        "(370, 935)",
        "(693, 473)",
        "(496, 328)",
        "(50, 244)",
        "(879, 170)",
        "(678, 301)",
        "(341, 944)",
        "(54, 246)",
        "(459, 708)",
        "(103, 90)",
        "(807, 130)",
        "(182, 473)",
        "(923, 989)",
        "(189, 937)",
        "(834, 737)",
        "(65, 69)",
        "(457, 801)",
        "(112, 585)",
        "(136, 549)"
    ],
    "(930, 658)": [
        "(413, 587)",
        "(228, 22)",
        "(50, 244)",
        "(112, 585)",
        "(834, 402)",
        "(103, 90)",
        "(65, 69)",
        "(317, 273)",
        "(923, 989)",
        "(538, 244)",
        "(552, 583)",
        "(961, 665)",
        "(714, 298)",
        "(65, 727)",
        "(370, 935)",
        "(974, 493)"
    ],
    "(678, 301)": [
        "(834, 402)",
        "(457, 801)",
        "(807, 130)",
        "(768, 680)",
        "(915, 178)",
        "(821, 451)",
        "(124, 672)",
        "(988, 345)",
        "(189, 937)",
        "(65, 727)",
        "(103, 90)",
        "(986, 639)",
        "(693, 473)",
        "(542, 992)",
        "(552, 583)",
        "(137, 970)",
        "(92, 406)",
        "(976, 351)",
        "(974, 493)"
    ],
    "(552, 583)": [
        "(266, 500)",
        "(430, 575)",
        "(915, 178)",
        "(65, 69)",
        "(65, 727)",
        "(945, 537)",
        "(22, 395)",
        "(976, 351)",
        "(103, 90)",
        "(693, 473)",
        "(988, 345)",
        "(446, 232)",
        "(974, 493)",
        "(834, 737)",
        "(930, 658)",
        "(678, 301)",
        "(834, 402)",
        "(724, 119)"
    ],
    "(541, 865)": [
        "(370, 935)",
        "(457, 606)",
        "(724, 119)",
        "(585, 140)",
        "(112, 585)",
        "(341, 944)",
        "(834, 737)",
        "(92, 406)",
        "(136, 549)",
        "(50, 244)",
        "(54, 246)",
        "(976, 351)",
        "(259, 804)",
        "(821, 451)",
        "(124, 672)",
        "(834, 402)"
    ],
    "(182, 473)": [
        "(446, 232)",
        "(71, 787)",
        "(988, 345)",
        "(341, 944)",
        "(370, 935)",
        "(551, 152)",
        "(264, 825)",
        "(448, 265)",
        "(189, 937)",
        "(585, 140)",
        "(821, 451)",
        "(768, 680)",
        "(22, 395)",
        "(376, 865)",
        "(961, 665)",
        "(301, 132)",
        "(259, 804)",
        "(457, 606)",
        "(124, 672)",
        "(159, 400)",
        "(724, 119)",
        "(54, 246)",
        "(457, 801)",
        "(65, 727)"
    ],
    "(459, 708)": [
        "(961, 665)",
        "(22, 395)",
        "(631, 145)",
        "(962, 452)",
        "(693, 473)",
        "(457, 606)",
        "(768, 680)",
        "(264, 825)",
        "(496, 328)",
        "(248, 559)",
        "(425, 400)",
        "(941, 222)",
        "(988, 345)"
    ],
    "(301, 132)": [
        "(413, 587)",
        "(376, 865)",
        "(699, 90)",
        "(457, 606)",
        "(341, 944)",
        "(65, 727)",
        "(182, 473)",
        "(103, 90)",
        "(259, 804)",
        "(189, 937)",
        "(714, 298)",
        "(551, 152)",
        "(941, 222)",
        "(923, 989)",
        "(542, 992)",
        "(538, 244)",
        "(976, 351)",
        "(425, 400)",
        "(430, 575)",
        "(724, 119)"
    ],
    "(266, 500)": [
        "(65, 69)",
        "(552, 583)",
        "(941, 222)",
        "(693, 473)",
        "(986, 639)",
        "(112, 585)",
        "(124, 672)",
        "(264, 825)",
        "(159, 400)",
        "(915, 178)",
        "(724, 119)",
        "(73, 769)",
        "(807, 130)",
        "(50, 244)",
        "(228, 22)",
        "(259, 804)",
        "(248, 559)",
        "(344, 300)",
        "(962, 452)"
    ],
    "(542, 992)": [
        "(159, 400)",
        "(631, 145)",
        "(915, 178)",
        "(54, 246)",
        "(447, 433)",
        "(834, 737)",
        "(317, 273)",
        "(376, 865)",
        "(941, 222)",
        "(248, 559)",
        "(259, 804)",
        "(551, 152)",
        "(264, 825)",
        "(730, 298)",
        "(457, 606)",
        "(678, 301)",
        "(301, 132)",
        "(923, 989)",
        "(457, 801)",
        "(962, 452)",
        "(724, 119)"
    ],
    "(448, 265)": [
        "(961, 665)",
        "(228, 22)",
        "(976, 351)",
        "(457, 606)",
        "(22, 395)",
        "(923, 989)",
        "(447, 433)",
        "(73, 769)",
        "(182, 473)",
        "(538, 244)",
        "(376, 865)",
        "(693, 473)",
        "(585, 140)",
        "(457, 801)",
        "(631, 145)",
        "(136, 549)",
        "(496, 328)",
        "(65, 69)",
        "(54, 246)",
        "(317, 273)"
    ],
    "(551, 152)": [
        "(446, 232)",
        "(264, 825)",
        "(182, 473)",
        "(317, 273)",
        "(542, 992)",
        "(301, 132)",
        "(976, 351)",
        "(457, 801)",
        "(945, 537)"
    ],
    "(976, 351)": [
        "(988, 345)",
        "(50, 244)",
        "(11, 998)",
        "(54, 246)",
        "(430, 575)",
        "(448, 265)",
        "(552, 583)",
        "(730, 298)",
        "(472, 957)",
        "(923, 989)",
        "(821, 451)",
        "(505, 830)",
        "(317, 273)",
        "(541, 865)",
        "(986, 639)",
        "(551, 152)",
        "(945, 537)",
        "(301, 132)",
        "(23, 817)",
        "(678, 301)"
    ],
    "(915, 178)": [
        "(430, 575)",
        "(542, 992)",
        "(159, 400)",
        "(552, 583)",
        "(714, 298)",
        "(496, 328)",
        "(678, 301)",
        "(317, 273)",
        "(961, 665)",
        "(472, 957)",
        "(137, 970)",
        "(446, 232)",
        "(266, 500)",
        "(693, 473)",
        "(425, 400)",
        "(699, 90)",
        "(923, 989)",
        "(941, 222)"
    ],
    "(457, 801)": [
        "(678, 301)",
        "(986, 639)",
        "(341, 944)",
        "(370, 935)",
        "(472, 957)",
        "(124, 672)",
        "(376, 865)",
        "(693, 473)",
        "(92, 406)",
        "(714, 298)",
        "(448, 265)",
        "(71, 787)",
        "(768, 680)",
        "(542, 992)",
        "(264, 825)",
        "(65, 69)",
        "(834, 402)",
        "(50, 244)",
        "(182, 473)",
        "(551, 152)",
        "(22, 395)"
    ],
    "(447, 433)": [
        "(457, 606)",
        "(112, 585)",
        "(344, 300)",
        "(259, 804)",
        "(542, 992)",
        "(834, 737)",
        "(124, 672)",
        "(631, 145)",
        "(448, 265)",
        "(370, 935)",
        "(376, 865)",
        "(136, 549)",
        "(11, 998)",
        "(986, 639)",
        "(941, 222)",
        "(472, 957)",
        "(413, 587)",
        "(71, 787)",
        "(714, 298)",
        "(54, 246)",
        "(988, 345)",
        "(22, 395)"
    ],
    "(472, 957)": [
        "(807, 130)",
        "(54, 246)",
        "(538, 244)",
        "(505, 830)",
        "(457, 801)",
        "(976, 351)",
        "(50, 244)",
        "(915, 178)",
        "(447, 433)",
        "(228, 22)",
        "(730, 298)",
        "(22, 395)"
    ],
    "(457, 606)": [
        "(768, 680)",
        "(541, 865)",
        "(71, 787)",
        "(538, 244)",
        "(447, 433)",
        "(259, 804)",
        "(807, 130)",
        "(448, 265)",
        "(301, 132)",
        "(459, 708)",
        "(834, 737)",
        "(724, 119)",
        "(182, 473)",
        "(264, 825)",
        "(542, 992)",
        "(103, 90)",
        "(137, 970)",
        "(962, 452)",
        "(11, 998)",
        "(585, 140)",
        "(112, 585)"
    ],
    "(446, 232)": [
        "(182, 473)",
        "(50, 244)",
        "(551, 152)",
        "(11, 998)",
        "(376, 865)",
        "(821, 451)",
        "(552, 583)",
        "(65, 727)",
        "(915, 178)",
        "(496, 328)",
        "(834, 402)",
        "(248, 559)",
        "(730, 298)",
        "(413, 587)",
        "(54, 246)",
        "(505, 830)"
    ],
    "(112, 585)": [
        "(447, 433)",
        "(266, 500)",
        "(930, 658)",
        "(159, 400)",
        "(71, 787)",
        "(137, 970)",
        "(807, 130)",
        "(541, 865)",
        "(941, 222)",
        "(136, 549)",
        "(945, 537)",
        "(376, 865)",
        "(341, 944)",
        "(821, 451)",
        "(54, 246)",
        "(248, 559)",
        "(768, 680)",
        "(457, 606)",
        "(73, 769)",
        "(228, 22)"
    ],
    "(50, 244)": [
        "(976, 351)",
        "(446, 232)",
        "(248, 559)",
        "(930, 658)",
        "(730, 298)",
        "(941, 222)",
        "(768, 680)",
        "(961, 665)",
        "(974, 493)",
        "(344, 300)",
        "(189, 937)",
        "(472, 957)",
        "(693, 473)",
        "(945, 537)",
        "(92, 406)",
        "(541, 865)",
        "(266, 500)",
        "(137, 970)",
        "(457, 801)",
        "(11, 998)",
        "(834, 737)",
        "(631, 145)"
    ],
    "(103, 90)": [
        "(22, 395)",
        "(631, 145)",
        "(73, 769)",
        "(552, 583)",
        "(65, 69)",
        "(834, 737)",
        "(344, 300)",
        "(136, 549)",
        "(768, 680)",
        "(505, 830)",
        "(678, 301)",
        "(930, 658)",
        "(301, 132)",
        "(54, 246)",
        "(962, 452)",
        "(457, 606)",
        "(159, 400)"
    ],
    "(137, 970)": [
        "(538, 244)",
        "(248, 559)",
        "(370, 935)",
        "(112, 585)",
        "(941, 222)",
        "(317, 273)",
        "(585, 140)",
        "(699, 90)",
        "(11, 998)",
        "(23, 817)",
        "(915, 178)",
        "(631, 145)",
        "(457, 606)",
        "(50, 244)",
        "(807, 130)",
        "(678, 301)",
        "(730, 298)",
        "(430, 575)"
    ],
    "(11, 998)": [
        "(724, 119)",
        "(976, 351)",
        "(23, 817)",
        "(446, 232)",
        "(73, 769)",
        "(941, 222)",
        "(344, 300)",
        "(714, 298)",
        "(447, 433)",
        "(137, 970)",
        "(189, 937)",
        "(834, 402)",
        "(457, 606)",
        "(505, 830)",
        "(50, 244)"
    ],
    "(413, 587)": [
        "(65, 69)",
        "(344, 300)",
        "(834, 402)",
        "(930, 658)",
        "(301, 132)",
        "(136, 549)",
        "(631, 145)",
        "(370, 935)",
        "(447, 433)",
        "(341, 944)",
        "(71, 787)",
        "(446, 232)",
        "(22, 395)",
        "(73, 769)",
        "(496, 328)"
    ],
    "(189, 937)": [
        "(699, 90)",
        "(22, 395)",
        "(259, 804)",
        "(182, 473)",
        "(50, 244)",
        "(678, 301)",
        "(71, 787)",
        "(54, 246)",
        "(11, 998)",
        "(301, 132)",
        "(730, 298)",
        "(821, 451)",
        "(768, 680)",
        "(693, 473)",
        "(986, 639)",
        "(264, 825)",
        "(73, 769)"
    ],
    "(807, 130)": [
        "(92, 406)",
        "(430, 575)",
        "(974, 493)",
        "(834, 737)",
        "(472, 957)",
        "(457, 606)",
        "(248, 559)",
        "(678, 301)",
        "(112, 585)",
        "(768, 680)",
        "(317, 273)",
        "(505, 830)",
        "(699, 90)",
        "(879, 170)",
        "(266, 500)",
        "(961, 665)",
        "(137, 970)",
        "(821, 451)"
    ],
    "(821, 451)": [
        "(693, 473)",
        "(678, 301)",
        "(446, 232)",
        "(182, 473)",
        "(538, 244)",
        "(585, 140)",
        "(976, 351)",
        "(879, 170)",
        "(112, 585)",
        "(23, 817)",
        "(699, 90)",
        "(189, 937)",
        "(541, 865)",
        "(962, 452)",
        "(124, 672)",
        "(988, 345)",
        "(248, 559)",
        "(807, 130)"
    ],
    "(23, 817)": [
        "(986, 639)",
        "(370, 935)",
        "(11, 998)",
        "(65, 727)",
        "(693, 473)",
        "(714, 298)",
        "(22, 395)",
        "(137, 970)",
        "(264, 825)",
        "(974, 493)",
        "(821, 451)",
        "(505, 830)",
        "(124, 672)",
        "(376, 865)",
        "(976, 351)",
        "(834, 402)"
    ],
    "(631, 145)": [
        "(542, 992)",
        "(714, 298)",
        "(459, 708)",
        "(103, 90)",
        "(699, 90)",
        "(447, 433)",
        "(945, 537)",
        "(538, 244)",
        "(413, 587)",
        "(65, 727)",
        "(961, 665)",
        "(834, 737)",
        "(430, 575)",
        "(124, 672)",
        "(137, 970)",
        "(341, 944)",
        "(448, 265)",
        "(50, 244)",
        "(505, 830)"
    ],
    "(879, 170)": [
        "(65, 727)",
        "(317, 273)",
        "(538, 244)",
        "(923, 989)",
        "(430, 575)",
        "(768, 680)",
        "(159, 400)",
        "(259, 804)",
        "(962, 452)",
        "(807, 130)",
        "(821, 451)",
        "(834, 402)",
        "(344, 300)",
        "(124, 672)",
        "(65, 69)",
        "(961, 665)",
        "(693, 473)",
        "(370, 935)"
    ]
}