{
    "(591, 250)": [
        "(367, 515)",
        "(112, 219)",
        "(830, 765)",
        "(621, 697)",
        "(826, 271)",
        "(99, 677)"
    ],
    "(92, 498)": [
        "(296, 551)",
        "(112, 219)",
        "(12, 735)",
        "(830, 765)"
    ],
    "(997, 304)": [
        "(12, 735)",
        "(730, 907)",
        "(296, 551)",
        "(826, 271)",
        "(830, 765)"
    ],
    "(830, 765)": [
        "(296, 551)",
        "(591, 250)",
        "(997, 304)",
        "(12, 735)",
        "(92, 498)",
        "(690, 86)",
        "(621, 697)"
    ],
    "(826, 271)": [
        "(112, 219)",
        "(296, 551)",
        "(577, 826)",
        "(997, 304)",
        "(99, 677)",
        "(591, 250)"
    ],
    "(99, 677)": [
        "(621, 697)",
        "(730, 907)",
        "(690, 86)",
        "(647, 877)",
        "(826, 271)",
        "(626, 156)",
        "(591, 250)"
    ],
    "(730, 907)": [
        "(997, 304)",
        "(99, 677)",
        "(647, 877)"
    ],
    "(296, 551)": [
        "(92, 498)",
        "(997, 304)",
        "(826, 271)",
        "(367, 515)",
        "(830, 765)"
    ],
    "(577, 826)": [
        "(367, 515)",
        "(826, 271)"
    ],
    "(367, 515)": [
        "(112, 219)",
        "(577, 826)",
        "(591, 250)",
        "(56, 17)",
        "(296, 551)",
        "(647, 877)",
        "(663, 912)"
    ],
    "(12, 735)": [
        "(997, 304)",
        "(112, 219)",
        "(92, 498)",
        "(830, 765)"
    ],
    "(626, 156)": [
        "(56, 17)",
        "(663, 912)",
        "(99, 677)"
    ],
    "(690, 86)": [
        "(99, 677)",
        "(830, 765)"
    ],
    "(663, 912)": [
        "(626, 156)",
        "(367, 515)"
    ],
    "(56, 17)": [
        "(626, 156)",
        "(367, 515)"
    ],
    "(621, 697)": [
        "(99, 677)",
        "(591, 250)",
        "(830, 765)"
    ],
    "(647, 877)": [
        "(730, 907)",
        "(99, 677)",
        "(367, 515)"
    ],
    "(112, 219)": [
        "(92, 498)",
        "(367, 515)",
        "(12, 735)",
        "(826, 271)",
        "(591, 250)"
    ]
}