{
    "(555, 605)": [
        "(2, 412)",
        "(635, 316)",
        "(253, 378)",
        "(208, 142)",
        "(310, 289)",
        "(259, 147)",
        "(715, 23)",
        "(309, 577)",
        "(710, 325)",
        "(364, 921)"
    ],
    "(309, 577)": [
        "(890, 108)",
        "(310, 289)",
        "(364, 921)",
        "(253, 378)",
        "(767, 50)",
        "(710, 325)",
        "(208, 142)",
        "(53, 870)",
        "(351, 120)",
        "(555, 605)",
        "(501, 43)"
    ],
    "(489, 99)": [
        "(259, 147)",
        "(890, 108)",
        "(767, 50)",
        "(710, 325)",
        "(364, 921)",
        "(541, 712)",
        "(2, 412)",
        "(753, 513)",
        "(351, 120)",
        "(715, 23)",
        "(204, 488)"
    ],
    "(541, 712)": [
        "(351, 120)",
        "(849, 386)",
        "(259, 147)",
        "(208, 142)",
        "(253, 378)",
        "(715, 23)",
        "(489, 99)",
        "(204, 488)",
        "(2, 412)"
    ],
    "(849, 386)": [
        "(208, 142)",
        "(541, 712)",
        "(501, 43)",
        "(351, 120)",
        "(890, 108)",
        "(253, 378)",
        "(204, 488)",
        "(53, 870)"
    ],
    "(635, 316)": [
        "(253, 378)",
        "(208, 142)",
        "(351, 120)",
        "(555, 605)",
        "(501, 43)",
        "(2, 412)",
        "(890, 108)",
        "(204, 488)"
    ],
    "(351, 120)": [
        "(767, 50)",
        "(541, 712)",
        "(310, 289)",
        "(364, 921)",
        "(501, 43)",
        "(208, 142)",
        "(635, 316)",
        "(849, 386)",
        "(753, 513)",
        "(489, 99)",
        "(259, 147)",
        "(309, 577)",
        "(253, 378)"
    ],
    "(890, 108)": [
        "(489, 99)",
        "(310, 289)",
        "(753, 513)",
        "(309, 577)",
        "(849, 386)",
        "(710, 325)",
        "(364, 921)",
        "(635, 316)"
    ],
    "(208, 142)": [
        "(715, 23)",
        "(849, 386)",
        "(541, 712)",
        "(635, 316)",
        "(351, 120)",
        "(767, 50)",
        "(309, 577)",
        "(555, 605)",
        "(310, 289)",
        "(364, 921)",
        "(710, 325)",
        "(753, 513)",
        "(2, 412)",
        "(501, 43)"
    ],
    "(253, 378)": [
        "(710, 325)",
        "(635, 316)",
        "(541, 712)",
        "(364, 921)",
        "(309, 577)",
        "(555, 605)",
        "(310, 289)",
        "(849, 386)",
        "(204, 488)",
        "(351, 120)"
    ],
    "(364, 921)": [
        "(753, 513)",
        "(53, 870)",
        "(351, 120)",
        "(489, 99)",
        "(309, 577)",
        "(253, 378)",
        "(715, 23)",
        "(890, 108)",
        "(208, 142)",
        "(501, 43)",
        "(2, 412)",
        "(204, 488)",
        "(310, 289)",
        "(555, 605)",
        "(259, 147)",
        "(710, 325)"
    ],
    "(715, 23)": [
        "(208, 142)",
        "(541, 712)",
        "(204, 488)",
        "(364, 921)",
        "(489, 99)",
        "(555, 605)",
        "(767, 50)",
        "(710, 325)"
    ],
    "(310, 289)": [
        "(890, 108)",
        "(351, 120)",
        "(753, 513)",
        "(309, 577)",
        "(2, 412)",
        "(253, 378)",
        "(555, 605)",
        "(208, 142)",
        "(364, 921)"
    ],
    "(501, 43)": [
        "(753, 513)",
        "(351, 120)",
        "(849, 386)",
        "(767, 50)",
        "(635, 316)",
        "(364, 921)",
        "(309, 577)",
        "(208, 142)"
    ],
    "(204, 488)": [
        "(710, 325)",
        "(53, 870)",
        "(715, 23)",
        "(849, 386)",
        "(364, 921)",
        "(489, 99)",
        "(541, 712)",
        "(635, 316)",
        "(253, 378)",
        "(767, 50)"
    ],
    "(259, 147)": [
        "(53, 870)",
        "(489, 99)",
        "(541, 712)",
        "(2, 412)",
        "(351, 120)",
        "(767, 50)",
        "(555, 605)",
        "(364, 921)"
    ],
    "(710, 325)": [
        "(204, 488)",
        "(253, 378)",
        "(489, 99)",
        "(309, 577)",
        "(890, 108)",
        "(208, 142)",
        "(555, 605)",
        "(53, 870)",
        "(364, 921)",
        "(715, 23)"
    ],
    "(53, 870)": [
        "(259, 147)",
        "(204, 488)",
        "(364, 921)",
        "(2, 412)",
        "(309, 577)",
        "(849, 386)",
        "(710, 325)",
        "(767, 50)",
        "(753, 513)"
    ],
    "(767, 50)": [
        "(351, 120)",
        "(489, 99)",
        "(501, 43)",
        "(309, 577)",
        "(208, 142)",
        "(259, 147)",
        "(753, 513)",
        "(53, 870)",
        "(715, 23)",
        "(204, 488)"
    ],
    "(2, 412)": [
        "(259, 147)",
        "(555, 605)",
        "(310, 289)",
        "(489, 99)",
        "(635, 316)",
        "(53, 870)",
        "(753, 513)",
        "(364, 921)",
        "(208, 142)",
        "(541, 712)"
    ],
    "(753, 513)": [
        "(501, 43)",
        "(364, 921)",
        "(890, 108)",
        "(310, 289)",
        "(489, 99)",
        "(351, 120)",
        "(767, 50)",
        "(2, 412)",
        "(208, 142)",
        "(53, 870)"
    ]
}