{
    "(768, 707)": [
        "(208, 988)",
        "(153, 905)",
        "(751, 280)",
        "(845, 57)",
        "(389, 347)",
        "(284, 200)",
        "(788, 123)",
        "(706, 546)",
        "(17, 636)",
        "(913, 286)",
        "(50, 307)",
        "(329, 306)",
        "(951, 404)",
        "(913, 425)",
        "(329, 959)",
        "(922, 571)",
        "(53, 946)",
        "(92, 183)",
        "(480, 435)",
        "(540, 907)",
        "(746, 597)",
        "(175, 632)",
        "(887, 809)",
        "(532, 715)",
        "(371, 853)",
        "(210, 332)",
        "(304, 519)",
        "(436, 313)",
        "(460, 573)",
        "(21, 162)",
        "(548, 910)",
        "(21, 380)",
        "(638, 169)",
        "(928, 945)",
        "(535, 892)",
        "(578, 712)",
        "(68, 99)",
        "(749, 197)",
        "(361, 823)",
        "(540, 431)",
        "(858, 283)",
        "(529, 771)",
        "(132, 266)",
        "(571, 441)",
        "(701, 220)"
    ],
    "(928, 945)": [
        "(389, 347)",
        "(959, 64)",
        "(92, 183)",
        "(319, 635)",
        "(638, 169)",
        "(153, 905)",
        "(175, 632)",
        "(17, 636)",
        "(571, 441)",
        "(951, 404)",
        "(788, 123)",
        "(749, 197)",
        "(706, 546)",
        "(329, 959)",
        "(282, 214)",
        "(208, 988)",
        "(535, 892)",
        "(927, 441)",
        "(950, 235)",
        "(887, 809)",
        "(53, 946)",
        "(858, 283)",
        "(480, 435)",
        "(304, 519)",
        "(529, 771)",
        "(867, 607)",
        "(132, 266)",
        "(383, 401)",
        "(832, 739)",
        "(701, 220)",
        "(922, 571)",
        "(768, 707)",
        "(210, 332)",
        "(21, 162)",
        "(481, 588)",
        "(540, 431)",
        "(329, 306)",
        "(548, 910)",
        "(284, 200)",
        "(871, 996)",
        "(532, 715)"
    ],
    "(175, 632)": [
        "(701, 220)",
        "(383, 401)",
        "(53, 946)",
        "(638, 169)",
        "(389, 347)",
        "(540, 907)",
        "(473, 852)",
        "(209, 128)",
        "(406, 291)",
        "(532, 715)",
        "(858, 283)",
        "(913, 286)",
        "(21, 162)",
        "(436, 313)",
        "(540, 431)",
        "(928, 945)",
        "(21, 380)",
        "(751, 280)",
        "(371, 853)",
        "(845, 57)",
        "(768, 707)",
        "(922, 571)",
        "(548, 910)",
        "(208, 988)",
        "(71, 249)",
        "(788, 123)",
        "(284, 200)",
        "(481, 588)",
        "(571, 441)",
        "(153, 905)",
        "(535, 892)",
        "(578, 712)",
        "(50, 307)",
        "(749, 197)",
        "(319, 635)",
        "(132, 266)",
        "(92, 183)",
        "(329, 959)",
        "(68, 99)",
        "(706, 546)",
        "(480, 435)",
        "(361, 823)",
        "(282, 214)",
        "(329, 306)",
        "(887, 809)",
        "(927, 441)",
        "(951, 404)",
        "(17, 636)"
    ],
    "(845, 57)": [
        "(950, 235)",
        "(871, 996)",
        "(284, 200)",
        "(532, 715)",
        "(535, 892)",
        "(768, 707)",
        "(480, 435)",
        "(481, 588)",
        "(92, 183)",
        "(927, 441)",
        "(913, 425)",
        "(788, 123)",
        "(858, 283)",
        "(383, 401)",
        "(578, 712)",
        "(210, 332)",
        "(329, 306)",
        "(389, 347)",
        "(153, 905)",
        "(175, 632)",
        "(319, 635)",
        "(406, 291)",
        "(867, 607)",
        "(951, 404)",
        "(571, 441)",
        "(21, 162)",
        "(50, 307)",
        "(959, 64)",
        "(529, 771)",
        "(749, 197)",
        "(209, 128)",
        "(832, 739)",
        "(473, 852)",
        "(53, 946)",
        "(371, 853)",
        "(922, 571)",
        "(361, 823)",
        "(540, 431)",
        "(548, 910)",
        "(21, 380)",
        "(638, 169)",
        "(282, 214)",
        "(887, 809)",
        "(436, 313)",
        "(706, 546)",
        "(329, 959)",
        "(701, 220)",
        "(132, 266)",
        "(751, 280)",
        "(312, 777)"
    ],
    "(913, 286)": [
        "(788, 123)",
        "(312, 777)",
        "(959, 64)",
        "(329, 959)",
        "(922, 571)",
        "(540, 907)",
        "(389, 347)",
        "(481, 588)",
        "(460, 573)",
        "(319, 635)",
        "(175, 632)",
        "(913, 425)",
        "(832, 739)",
        "(768, 707)",
        "(927, 441)",
        "(21, 380)",
        "(53, 946)",
        "(284, 200)",
        "(529, 771)",
        "(329, 306)",
        "(887, 809)",
        "(282, 214)",
        "(50, 307)",
        "(17, 636)",
        "(361, 823)",
        "(867, 607)",
        "(371, 853)",
        "(548, 910)",
        "(535, 892)",
        "(208, 988)",
        "(473, 852)",
        "(153, 905)",
        "(701, 220)",
        "(71, 249)",
        "(638, 169)",
        "(210, 332)",
        "(92, 183)",
        "(571, 441)",
        "(858, 283)",
        "(21, 162)",
        "(751, 280)"
    ],
    "(529, 771)": [
        "(284, 200)",
        "(532, 715)",
        "(706, 546)",
        "(751, 280)",
        "(329, 959)",
        "(71, 249)",
        "(887, 809)",
        "(92, 183)",
        "(535, 892)",
        "(788, 123)",
        "(871, 996)",
        "(540, 431)",
        "(867, 607)",
        "(304, 519)",
        "(208, 988)",
        "(282, 214)",
        "(68, 99)",
        "(638, 169)",
        "(927, 441)",
        "(913, 286)",
        "(951, 404)",
        "(383, 401)",
        "(749, 197)",
        "(210, 332)",
        "(50, 307)",
        "(845, 57)",
        "(571, 441)",
        "(928, 945)",
        "(481, 588)",
        "(21, 380)",
        "(548, 910)",
        "(701, 220)",
        "(319, 635)",
        "(858, 283)",
        "(746, 597)",
        "(312, 777)",
        "(389, 347)",
        "(480, 435)",
        "(406, 291)",
        "(371, 853)",
        "(768, 707)",
        "(436, 313)",
        "(950, 235)",
        "(959, 64)",
        "(832, 739)",
        "(540, 907)",
        "(922, 571)"
    ],
    "(913, 425)": [
        "(53, 946)",
        "(21, 380)",
        "(638, 169)",
        "(922, 571)",
        "(535, 892)",
        "(913, 286)",
        "(845, 57)",
        "(867, 607)",
        "(749, 197)",
        "(768, 707)",
        "(304, 519)",
        "(548, 910)",
        "(68, 99)",
        "(406, 291)",
        "(361, 823)",
        "(319, 635)",
        "(312, 777)",
        "(153, 905)",
        "(282, 214)",
        "(540, 907)",
        "(532, 715)",
        "(858, 283)",
        "(950, 235)",
        "(329, 959)",
        "(751, 280)",
        "(329, 306)",
        "(208, 988)",
        "(480, 435)",
        "(706, 546)",
        "(383, 401)",
        "(701, 220)",
        "(371, 853)",
        "(832, 739)",
        "(389, 347)",
        "(788, 123)",
        "(959, 64)",
        "(71, 249)",
        "(571, 441)",
        "(871, 996)",
        "(578, 712)",
        "(284, 200)",
        "(17, 636)",
        "(92, 183)"
    ],
    "(548, 910)": [
        "(867, 607)",
        "(959, 64)",
        "(922, 571)",
        "(153, 905)",
        "(329, 959)",
        "(480, 435)",
        "(540, 431)",
        "(406, 291)",
        "(50, 307)",
        "(132, 266)",
        "(871, 996)",
        "(858, 283)",
        "(532, 715)",
        "(282, 214)",
        "(68, 99)",
        "(21, 380)",
        "(71, 249)",
        "(540, 907)",
        "(210, 332)",
        "(175, 632)",
        "(473, 852)",
        "(913, 425)",
        "(383, 401)",
        "(706, 546)",
        "(208, 988)",
        "(751, 280)",
        "(913, 286)",
        "(529, 771)",
        "(284, 200)",
        "(768, 707)",
        "(460, 573)",
        "(21, 162)",
        "(845, 57)",
        "(436, 313)",
        "(371, 853)",
        "(319, 635)",
        "(927, 441)",
        "(53, 946)",
        "(304, 519)",
        "(329, 306)",
        "(389, 347)",
        "(928, 945)",
        "(578, 712)",
        "(571, 441)",
        "(92, 183)",
        "(17, 636)"
    ],
    "(282, 214)": [
        "(210, 332)",
        "(927, 441)",
        "(21, 162)",
        "(701, 220)",
        "(68, 99)",
        "(329, 959)",
        "(209, 128)",
        "(548, 910)",
        "(959, 64)",
        "(371, 853)",
        "(578, 712)",
        "(532, 715)",
        "(529, 771)",
        "(867, 607)",
        "(361, 823)",
        "(928, 945)",
        "(92, 183)",
        "(913, 286)",
        "(312, 777)",
        "(535, 892)",
        "(460, 573)",
        "(21, 380)",
        "(389, 347)",
        "(871, 996)",
        "(540, 431)",
        "(406, 291)",
        "(208, 988)",
        "(706, 546)",
        "(950, 235)",
        "(887, 809)",
        "(153, 905)",
        "(913, 425)",
        "(480, 435)",
        "(329, 306)",
        "(481, 588)",
        "(749, 197)",
        "(53, 946)",
        "(845, 57)",
        "(71, 249)",
        "(319, 635)",
        "(638, 169)",
        "(751, 280)",
        "(132, 266)",
        "(175, 632)",
        "(858, 283)",
        "(951, 404)",
        "(304, 519)"
    ],
    "(532, 715)": [
        "(749, 197)",
        "(329, 959)",
        "(845, 57)",
        "(383, 401)",
        "(751, 280)",
        "(529, 771)",
        "(436, 313)",
        "(832, 739)",
        "(460, 573)",
        "(638, 169)",
        "(871, 996)",
        "(175, 632)",
        "(746, 597)",
        "(284, 200)",
        "(304, 519)",
        "(867, 607)",
        "(922, 571)",
        "(959, 64)",
        "(548, 910)",
        "(481, 588)",
        "(371, 853)",
        "(389, 347)",
        "(153, 905)",
        "(53, 946)",
        "(927, 441)",
        "(282, 214)",
        "(540, 431)",
        "(887, 809)",
        "(92, 183)",
        "(208, 988)",
        "(768, 707)",
        "(319, 635)",
        "(71, 249)",
        "(21, 162)",
        "(913, 425)",
        "(21, 380)",
        "(951, 404)",
        "(312, 777)",
        "(701, 220)",
        "(132, 266)",
        "(540, 907)",
        "(473, 852)",
        "(406, 291)",
        "(361, 823)",
        "(210, 332)",
        "(578, 712)",
        "(68, 99)",
        "(928, 945)"
    ],
    "(383, 401)": [
        "(175, 632)",
        "(153, 905)",
        "(532, 715)",
        "(436, 313)",
        "(473, 852)",
        "(319, 635)",
        "(481, 588)",
        "(312, 777)",
        "(951, 404)",
        "(701, 220)",
        "(460, 573)",
        "(927, 441)",
        "(706, 546)",
        "(371, 853)",
        "(858, 283)",
        "(845, 57)",
        "(329, 959)",
        "(208, 988)",
        "(529, 771)",
        "(548, 910)",
        "(329, 306)",
        "(832, 739)",
        "(749, 197)",
        "(950, 235)",
        "(71, 249)",
        "(928, 945)",
        "(959, 64)",
        "(406, 291)",
        "(92, 183)",
        "(751, 280)",
        "(913, 425)",
        "(53, 946)",
        "(540, 431)",
        "(304, 519)",
        "(17, 636)",
        "(480, 435)",
        "(871, 996)",
        "(210, 332)",
        "(867, 607)",
        "(361, 823)",
        "(922, 571)"
    ],
    "(21, 380)": [
        "(329, 959)",
        "(751, 280)",
        "(406, 291)",
        "(887, 809)",
        "(913, 425)",
        "(788, 123)",
        "(535, 892)",
        "(460, 573)",
        "(68, 99)",
        "(927, 441)",
        "(132, 266)",
        "(959, 64)",
        "(312, 777)",
        "(175, 632)",
        "(913, 286)",
        "(53, 946)",
        "(436, 313)",
        "(548, 910)",
        "(208, 988)",
        "(371, 853)",
        "(389, 347)",
        "(540, 431)",
        "(746, 597)",
        "(638, 169)",
        "(21, 162)",
        "(701, 220)",
        "(282, 214)",
        "(17, 636)",
        "(329, 306)",
        "(361, 823)",
        "(858, 283)",
        "(749, 197)",
        "(529, 771)",
        "(532, 715)",
        "(845, 57)",
        "(951, 404)",
        "(768, 707)",
        "(284, 200)",
        "(153, 905)",
        "(578, 712)",
        "(50, 307)",
        "(304, 519)",
        "(319, 635)",
        "(92, 183)",
        "(209, 128)",
        "(832, 739)",
        "(480, 435)"
    ],
    "(950, 235)": [
        "(845, 57)",
        "(329, 959)",
        "(210, 332)",
        "(540, 907)",
        "(153, 905)",
        "(481, 588)",
        "(284, 200)",
        "(361, 823)",
        "(927, 441)",
        "(480, 435)",
        "(571, 441)",
        "(788, 123)",
        "(858, 283)",
        "(208, 988)",
        "(21, 162)",
        "(578, 712)",
        "(132, 266)",
        "(17, 636)",
        "(209, 128)",
        "(329, 306)",
        "(951, 404)",
        "(887, 809)",
        "(706, 546)",
        "(928, 945)",
        "(460, 573)",
        "(540, 431)",
        "(383, 401)",
        "(389, 347)",
        "(638, 169)",
        "(68, 99)",
        "(282, 214)",
        "(312, 777)",
        "(913, 425)",
        "(922, 571)",
        "(749, 197)",
        "(406, 291)",
        "(473, 852)",
        "(71, 249)",
        "(53, 946)",
        "(319, 635)",
        "(371, 853)",
        "(529, 771)",
        "(304, 519)",
        "(867, 607)",
        "(959, 64)"
    ],
    "(92, 183)": [
        "(928, 945)",
        "(284, 200)",
        "(571, 441)",
        "(481, 588)",
        "(529, 771)",
        "(319, 635)",
        "(706, 546)",
        "(845, 57)",
        "(788, 123)",
        "(887, 809)",
        "(768, 707)",
        "(329, 959)",
        "(540, 431)",
        "(389, 347)",
        "(282, 214)",
        "(578, 712)",
        "(17, 636)",
        "(53, 946)",
        "(927, 441)",
        "(532, 715)",
        "(312, 777)",
        "(922, 571)",
        "(749, 197)",
        "(304, 519)",
        "(132, 266)",
        "(473, 852)",
        "(383, 401)",
        "(746, 597)",
        "(175, 632)",
        "(361, 823)",
        "(371, 853)",
        "(50, 307)",
        "(71, 249)",
        "(913, 286)",
        "(21, 380)",
        "(638, 169)",
        "(867, 607)",
        "(548, 910)",
        "(913, 425)"
    ],
    "(209, 128)": [
        "(922, 571)",
        "(284, 200)",
        "(540, 431)",
        "(480, 435)",
        "(175, 632)",
        "(871, 996)",
        "(329, 959)",
        "(858, 283)",
        "(706, 546)",
        "(17, 636)",
        "(867, 607)",
        "(282, 214)",
        "(53, 946)",
        "(71, 249)",
        "(887, 809)",
        "(319, 635)",
        "(927, 441)",
        "(535, 892)",
        "(701, 220)",
        "(950, 235)",
        "(389, 347)",
        "(571, 441)",
        "(845, 57)",
        "(460, 573)",
        "(208, 988)",
        "(21, 162)",
        "(361, 823)",
        "(210, 332)",
        "(751, 280)",
        "(788, 123)",
        "(371, 853)",
        "(749, 197)",
        "(21, 380)",
        "(951, 404)",
        "(132, 266)",
        "(481, 588)"
    ],
    "(706, 546)": [
        "(21, 162)",
        "(529, 771)",
        "(858, 283)",
        "(153, 905)",
        "(540, 907)",
        "(751, 280)",
        "(746, 597)",
        "(92, 183)",
        "(383, 401)",
        "(53, 946)",
        "(768, 707)",
        "(50, 307)",
        "(371, 853)",
        "(922, 571)",
        "(540, 431)",
        "(788, 123)",
        "(361, 823)",
        "(209, 128)",
        "(208, 988)",
        "(959, 64)",
        "(304, 519)",
        "(460, 573)",
        "(71, 249)",
        "(132, 266)",
        "(928, 945)",
        "(867, 607)",
        "(436, 313)",
        "(548, 910)",
        "(950, 235)",
        "(282, 214)",
        "(571, 441)",
        "(284, 200)",
        "(887, 809)",
        "(329, 306)",
        "(17, 636)",
        "(638, 169)",
        "(913, 425)",
        "(175, 632)",
        "(329, 959)",
        "(701, 220)",
        "(845, 57)",
        "(749, 197)",
        "(871, 996)",
        "(832, 739)",
        "(319, 635)",
        "(535, 892)"
    ],
    "(312, 777)": [
        "(210, 332)",
        "(913, 286)",
        "(383, 401)",
        "(788, 123)",
        "(71, 249)",
        "(361, 823)",
        "(927, 441)",
        "(887, 809)",
        "(53, 946)",
        "(132, 266)",
        "(832, 739)",
        "(21, 380)",
        "(371, 853)",
        "(436, 313)",
        "(540, 907)",
        "(540, 431)",
        "(535, 892)",
        "(50, 307)",
        "(282, 214)",
        "(480, 435)",
        "(460, 573)",
        "(389, 347)",
        "(92, 183)",
        "(329, 959)",
        "(153, 905)",
        "(406, 291)",
        "(867, 607)",
        "(913, 425)",
        "(746, 597)",
        "(319, 635)",
        "(950, 235)",
        "(532, 715)",
        "(858, 283)",
        "(529, 771)",
        "(284, 200)",
        "(578, 712)",
        "(701, 220)",
        "(68, 99)",
        "(922, 571)",
        "(751, 280)",
        "(845, 57)"
    ],
    "(71, 249)": [
        "(871, 996)",
        "(540, 907)",
        "(751, 280)",
        "(788, 123)",
        "(473, 852)",
        "(17, 636)",
        "(406, 291)",
        "(529, 771)",
        "(53, 946)",
        "(832, 739)",
        "(312, 777)",
        "(867, 607)",
        "(21, 162)",
        "(951, 404)",
        "(706, 546)",
        "(209, 128)",
        "(548, 910)",
        "(153, 905)",
        "(701, 220)",
        "(887, 809)",
        "(481, 588)",
        "(175, 632)",
        "(571, 441)",
        "(208, 988)",
        "(922, 571)",
        "(927, 441)",
        "(436, 313)",
        "(132, 266)",
        "(50, 307)",
        "(746, 597)",
        "(532, 715)",
        "(383, 401)",
        "(913, 286)",
        "(319, 635)",
        "(304, 519)",
        "(329, 959)",
        "(282, 214)",
        "(959, 64)",
        "(578, 712)",
        "(92, 183)",
        "(950, 235)",
        "(68, 99)",
        "(361, 823)",
        "(858, 283)",
        "(389, 347)",
        "(913, 425)",
        "(329, 306)",
        "(749, 197)"
    ],
    "(406, 291)": [
        "(460, 573)",
        "(132, 266)",
        "(540, 431)",
        "(858, 283)",
        "(21, 380)",
        "(749, 197)",
        "(480, 435)",
        "(389, 347)",
        "(548, 910)",
        "(175, 632)",
        "(71, 249)",
        "(832, 739)",
        "(887, 809)",
        "(788, 123)",
        "(284, 200)",
        "(571, 441)",
        "(329, 959)",
        "(208, 988)",
        "(329, 306)",
        "(210, 332)",
        "(751, 280)",
        "(922, 571)",
        "(638, 169)",
        "(371, 853)",
        "(845, 57)",
        "(927, 441)",
        "(540, 907)",
        "(578, 712)",
        "(913, 425)",
        "(473, 852)",
        "(481, 588)",
        "(21, 162)",
        "(312, 777)",
        "(282, 214)",
        "(951, 404)",
        "(867, 607)",
        "(50, 307)",
        "(153, 905)",
        "(383, 401)",
        "(532, 715)",
        "(959, 64)",
        "(950, 235)",
        "(529, 771)",
        "(17, 636)",
        "(871, 996)",
        "(319, 635)",
        "(746, 597)",
        "(53, 946)",
        "(68, 99)"
    ],
    "(361, 823)": [
        "(208, 988)",
        "(53, 946)",
        "(749, 197)",
        "(751, 280)",
        "(312, 777)",
        "(950, 235)",
        "(473, 852)",
        "(68, 99)",
        "(706, 546)",
        "(788, 123)",
        "(460, 573)",
        "(540, 431)",
        "(871, 996)",
        "(922, 571)",
        "(282, 214)",
        "(21, 162)",
        "(284, 200)",
        "(17, 636)",
        "(913, 286)",
        "(887, 809)",
        "(913, 425)",
        "(927, 441)",
        "(481, 588)",
        "(571, 441)",
        "(578, 712)",
        "(638, 169)",
        "(959, 64)",
        "(21, 380)",
        "(867, 607)",
        "(209, 128)",
        "(50, 307)",
        "(845, 57)",
        "(92, 183)",
        "(210, 332)",
        "(175, 632)",
        "(768, 707)",
        "(532, 715)",
        "(436, 313)",
        "(71, 249)",
        "(329, 959)",
        "(832, 739)",
        "(153, 905)",
        "(329, 306)",
        "(304, 519)",
        "(389, 347)",
        "(480, 435)",
        "(132, 266)",
        "(383, 401)",
        "(535, 892)"
    ],
    "(571, 441)": [
        "(132, 266)",
        "(92, 183)",
        "(959, 64)",
        "(540, 907)",
        "(749, 197)",
        "(481, 588)",
        "(50, 307)",
        "(406, 291)",
        "(950, 235)",
        "(535, 892)",
        "(928, 945)",
        "(871, 996)",
        "(473, 852)",
        "(68, 99)",
        "(436, 313)",
        "(540, 431)",
        "(371, 853)",
        "(460, 573)",
        "(751, 280)",
        "(845, 57)",
        "(21, 162)",
        "(389, 347)",
        "(71, 249)",
        "(175, 632)",
        "(361, 823)",
        "(529, 771)",
        "(209, 128)",
        "(746, 597)",
        "(578, 712)",
        "(638, 169)",
        "(706, 546)",
        "(329, 306)",
        "(153, 905)",
        "(858, 283)",
        "(319, 635)",
        "(913, 286)",
        "(548, 910)",
        "(913, 425)",
        "(768, 707)"
    ],
    "(208, 988)": [
        "(389, 347)",
        "(768, 707)",
        "(361, 823)",
        "(68, 99)",
        "(858, 283)",
        "(473, 852)",
        "(959, 64)",
        "(481, 588)",
        "(210, 332)",
        "(329, 306)",
        "(21, 162)",
        "(304, 519)",
        "(746, 597)",
        "(927, 441)",
        "(706, 546)",
        "(540, 907)",
        "(950, 235)",
        "(406, 291)",
        "(529, 771)",
        "(383, 401)",
        "(535, 892)",
        "(21, 380)",
        "(928, 945)",
        "(175, 632)",
        "(436, 313)",
        "(532, 715)",
        "(548, 910)",
        "(867, 607)",
        "(50, 307)",
        "(788, 123)",
        "(71, 249)",
        "(480, 435)",
        "(578, 712)",
        "(282, 214)",
        "(153, 905)",
        "(913, 286)",
        "(284, 200)",
        "(209, 128)",
        "(951, 404)",
        "(540, 431)",
        "(913, 425)",
        "(460, 573)",
        "(371, 853)",
        "(638, 169)",
        "(751, 280)",
        "(132, 266)"
    ],
    "(887, 809)": [
        "(701, 220)",
        "(460, 573)",
        "(871, 996)",
        "(749, 197)",
        "(21, 380)",
        "(329, 959)",
        "(638, 169)",
        "(529, 771)",
        "(304, 519)",
        "(406, 291)",
        "(312, 777)",
        "(132, 266)",
        "(481, 588)",
        "(92, 183)",
        "(436, 313)",
        "(209, 128)",
        "(788, 123)",
        "(17, 636)",
        "(71, 249)",
        "(913, 286)",
        "(371, 853)",
        "(768, 707)",
        "(532, 715)",
        "(959, 64)",
        "(951, 404)",
        "(950, 235)",
        "(361, 823)",
        "(922, 571)",
        "(928, 945)",
        "(389, 347)",
        "(210, 332)",
        "(282, 214)",
        "(706, 546)",
        "(535, 892)",
        "(540, 431)",
        "(284, 200)",
        "(867, 607)",
        "(845, 57)",
        "(329, 306)",
        "(540, 907)",
        "(746, 597)",
        "(858, 283)",
        "(578, 712)",
        "(480, 435)",
        "(751, 280)",
        "(175, 632)",
        "(53, 946)",
        "(319, 635)"
    ],
    "(153, 905)": [
        "(751, 280)",
        "(548, 910)",
        "(383, 401)",
        "(922, 571)",
        "(210, 332)",
        "(768, 707)",
        "(17, 636)",
        "(578, 712)",
        "(706, 546)",
        "(867, 607)",
        "(950, 235)",
        "(371, 853)",
        "(928, 945)",
        "(532, 715)",
        "(871, 996)",
        "(71, 249)",
        "(845, 57)",
        "(746, 597)",
        "(951, 404)",
        "(389, 347)",
        "(21, 162)",
        "(959, 64)",
        "(284, 200)",
        "(50, 307)",
        "(175, 632)",
        "(68, 99)",
        "(436, 313)",
        "(304, 519)",
        "(312, 777)",
        "(208, 988)",
        "(913, 425)",
        "(913, 286)",
        "(638, 169)",
        "(282, 214)",
        "(406, 291)",
        "(53, 946)",
        "(571, 441)",
        "(319, 635)",
        "(858, 283)",
        "(21, 380)",
        "(473, 852)",
        "(329, 306)",
        "(788, 123)",
        "(361, 823)",
        "(460, 573)"
    ],
    "(284, 200)": [
        "(319, 635)",
        "(529, 771)",
        "(329, 959)",
        "(845, 57)",
        "(92, 183)",
        "(209, 128)",
        "(927, 441)",
        "(768, 707)",
        "(950, 235)",
        "(535, 892)",
        "(21, 162)",
        "(532, 715)",
        "(638, 169)",
        "(406, 291)",
        "(701, 220)",
        "(481, 588)",
        "(304, 519)",
        "(951, 404)",
        "(913, 286)",
        "(788, 123)",
        "(361, 823)",
        "(68, 99)",
        "(153, 905)",
        "(389, 347)",
        "(871, 996)",
        "(751, 280)",
        "(175, 632)",
        "(329, 306)",
        "(480, 435)",
        "(832, 739)",
        "(208, 988)",
        "(858, 283)",
        "(548, 910)",
        "(706, 546)",
        "(50, 307)",
        "(887, 809)",
        "(21, 380)",
        "(312, 777)",
        "(210, 332)",
        "(460, 573)",
        "(922, 571)",
        "(540, 907)",
        "(867, 607)",
        "(928, 945)",
        "(132, 266)",
        "(578, 712)",
        "(473, 852)",
        "(913, 425)"
    ],
    "(951, 404)": [
        "(788, 123)",
        "(473, 852)",
        "(578, 712)",
        "(436, 313)",
        "(50, 307)",
        "(383, 401)",
        "(540, 431)",
        "(540, 907)",
        "(304, 519)",
        "(638, 169)",
        "(71, 249)",
        "(768, 707)",
        "(928, 945)",
        "(284, 200)",
        "(329, 306)",
        "(21, 162)",
        "(153, 905)",
        "(529, 771)",
        "(845, 57)",
        "(950, 235)",
        "(887, 809)",
        "(749, 197)",
        "(389, 347)",
        "(481, 588)",
        "(701, 220)",
        "(406, 291)",
        "(832, 739)",
        "(210, 332)",
        "(208, 988)",
        "(371, 853)",
        "(532, 715)",
        "(927, 441)",
        "(21, 380)",
        "(329, 959)",
        "(68, 99)",
        "(17, 636)",
        "(282, 214)",
        "(867, 607)",
        "(209, 128)",
        "(175, 632)",
        "(535, 892)"
    ],
    "(749, 197)": [
        "(532, 715)",
        "(53, 946)",
        "(832, 739)",
        "(361, 823)",
        "(887, 809)",
        "(406, 291)",
        "(858, 283)",
        "(17, 636)",
        "(959, 64)",
        "(319, 635)",
        "(304, 519)",
        "(571, 441)",
        "(922, 571)",
        "(927, 441)",
        "(867, 607)",
        "(913, 425)",
        "(371, 853)",
        "(928, 945)",
        "(389, 347)",
        "(751, 280)",
        "(529, 771)",
        "(210, 332)",
        "(50, 307)",
        "(951, 404)",
        "(845, 57)",
        "(383, 401)",
        "(92, 183)",
        "(21, 380)",
        "(788, 123)",
        "(535, 892)",
        "(175, 632)",
        "(480, 435)",
        "(540, 907)",
        "(282, 214)",
        "(329, 959)",
        "(540, 431)",
        "(329, 306)",
        "(950, 235)",
        "(768, 707)",
        "(871, 996)",
        "(481, 588)",
        "(578, 712)",
        "(436, 313)",
        "(706, 546)",
        "(209, 128)",
        "(638, 169)",
        "(132, 266)",
        "(701, 220)",
        "(71, 249)"
    ],
    "(480, 435)": [
        "(53, 946)",
        "(540, 907)",
        "(548, 910)",
        "(406, 291)",
        "(845, 57)",
        "(209, 128)",
        "(832, 739)",
        "(460, 573)",
        "(304, 519)",
        "(21, 162)",
        "(950, 235)",
        "(959, 64)",
        "(858, 283)",
        "(638, 169)",
        "(132, 266)",
        "(768, 707)",
        "(210, 332)",
        "(312, 777)",
        "(578, 712)",
        "(436, 313)",
        "(788, 123)",
        "(329, 306)",
        "(284, 200)",
        "(371, 853)",
        "(208, 988)",
        "(928, 945)",
        "(751, 280)",
        "(922, 571)",
        "(746, 597)",
        "(473, 852)",
        "(282, 214)",
        "(927, 441)",
        "(749, 197)",
        "(701, 220)",
        "(913, 425)",
        "(529, 771)",
        "(175, 632)",
        "(329, 959)",
        "(481, 588)",
        "(383, 401)",
        "(871, 996)",
        "(887, 809)",
        "(361, 823)",
        "(21, 380)"
    ],
    "(858, 283)": [
        "(406, 291)",
        "(208, 988)",
        "(329, 306)",
        "(706, 546)",
        "(749, 197)",
        "(319, 635)",
        "(175, 632)",
        "(548, 910)",
        "(209, 128)",
        "(480, 435)",
        "(460, 573)",
        "(867, 607)",
        "(950, 235)",
        "(535, 892)",
        "(845, 57)",
        "(383, 401)",
        "(927, 441)",
        "(473, 852)",
        "(389, 347)",
        "(371, 853)",
        "(928, 945)",
        "(788, 123)",
        "(21, 380)",
        "(701, 220)",
        "(304, 519)",
        "(481, 588)",
        "(540, 431)",
        "(638, 169)",
        "(284, 200)",
        "(529, 771)",
        "(329, 959)",
        "(913, 425)",
        "(959, 64)",
        "(312, 777)",
        "(832, 739)",
        "(571, 441)",
        "(153, 905)",
        "(68, 99)",
        "(768, 707)",
        "(282, 214)",
        "(751, 280)",
        "(887, 809)",
        "(132, 266)",
        "(71, 249)",
        "(578, 712)",
        "(540, 907)",
        "(913, 286)",
        "(871, 996)",
        "(17, 636)",
        "(746, 597)",
        "(210, 332)"
    ],
    "(746, 597)": [
        "(540, 907)",
        "(922, 571)",
        "(329, 959)",
        "(371, 853)",
        "(304, 519)",
        "(871, 996)",
        "(319, 635)",
        "(706, 546)",
        "(832, 739)",
        "(532, 715)",
        "(208, 988)",
        "(210, 332)",
        "(389, 347)",
        "(768, 707)",
        "(153, 905)",
        "(638, 169)",
        "(21, 380)",
        "(329, 306)",
        "(571, 441)",
        "(473, 852)",
        "(480, 435)",
        "(481, 588)",
        "(71, 249)",
        "(867, 607)",
        "(751, 280)",
        "(132, 266)",
        "(540, 431)",
        "(460, 573)",
        "(529, 771)",
        "(312, 777)",
        "(927, 441)",
        "(21, 162)",
        "(92, 183)",
        "(578, 712)",
        "(406, 291)",
        "(887, 809)",
        "(436, 313)",
        "(50, 307)",
        "(701, 220)",
        "(535, 892)",
        "(858, 283)",
        "(959, 64)"
    ],
    "(922, 571)": [
        "(210, 332)",
        "(209, 128)",
        "(746, 597)",
        "(548, 910)",
        "(329, 959)",
        "(153, 905)",
        "(701, 220)",
        "(913, 286)",
        "(304, 519)",
        "(638, 169)",
        "(535, 892)",
        "(788, 123)",
        "(913, 425)",
        "(749, 197)",
        "(706, 546)",
        "(532, 715)",
        "(50, 307)",
        "(68, 99)",
        "(406, 291)",
        "(768, 707)",
        "(361, 823)",
        "(175, 632)",
        "(540, 907)",
        "(751, 280)",
        "(53, 946)",
        "(389, 347)",
        "(887, 809)",
        "(959, 64)",
        "(71, 249)",
        "(92, 183)",
        "(480, 435)",
        "(371, 853)",
        "(132, 266)",
        "(578, 712)",
        "(481, 588)",
        "(540, 431)",
        "(329, 306)",
        "(871, 996)",
        "(928, 945)",
        "(845, 57)",
        "(21, 162)",
        "(832, 739)",
        "(950, 235)",
        "(284, 200)",
        "(473, 852)",
        "(927, 441)",
        "(312, 777)",
        "(383, 401)",
        "(529, 771)"
    ],
    "(540, 431)": [
        "(17, 636)",
        "(406, 291)",
        "(548, 910)",
        "(751, 280)",
        "(209, 128)",
        "(319, 635)",
        "(578, 712)",
        "(951, 404)",
        "(959, 64)",
        "(371, 853)",
        "(706, 546)",
        "(832, 739)",
        "(175, 632)",
        "(304, 519)",
        "(529, 771)",
        "(210, 332)",
        "(361, 823)",
        "(312, 777)",
        "(460, 573)",
        "(92, 183)",
        "(701, 220)",
        "(21, 380)",
        "(571, 441)",
        "(532, 715)",
        "(867, 607)",
        "(540, 907)",
        "(21, 162)",
        "(282, 214)",
        "(950, 235)",
        "(132, 266)",
        "(858, 283)",
        "(922, 571)",
        "(746, 597)",
        "(927, 441)",
        "(208, 988)",
        "(845, 57)",
        "(749, 197)",
        "(887, 809)",
        "(50, 307)",
        "(788, 123)",
        "(768, 707)",
        "(383, 401)",
        "(928, 945)",
        "(329, 959)",
        "(68, 99)",
        "(329, 306)"
    ],
    "(436, 313)": [
        "(329, 959)",
        "(638, 169)",
        "(383, 401)",
        "(532, 715)",
        "(951, 404)",
        "(959, 64)",
        "(21, 162)",
        "(304, 519)",
        "(701, 220)",
        "(175, 632)",
        "(751, 280)",
        "(312, 777)",
        "(481, 588)",
        "(887, 809)",
        "(210, 332)",
        "(21, 380)",
        "(132, 266)",
        "(460, 573)",
        "(571, 441)",
        "(208, 988)",
        "(706, 546)",
        "(480, 435)",
        "(319, 635)",
        "(540, 907)",
        "(788, 123)",
        "(153, 905)",
        "(768, 707)",
        "(71, 249)",
        "(371, 853)",
        "(832, 739)",
        "(578, 712)",
        "(548, 910)",
        "(845, 57)",
        "(529, 771)",
        "(50, 307)",
        "(53, 946)",
        "(361, 823)",
        "(749, 197)",
        "(746, 597)"
    ],
    "(638, 169)": [
        "(436, 313)",
        "(175, 632)",
        "(913, 425)",
        "(788, 123)",
        "(21, 162)",
        "(532, 715)",
        "(922, 571)",
        "(928, 945)",
        "(887, 809)",
        "(460, 573)",
        "(284, 200)",
        "(951, 404)",
        "(535, 892)",
        "(304, 519)",
        "(480, 435)",
        "(68, 99)",
        "(389, 347)",
        "(210, 332)",
        "(50, 307)",
        "(927, 441)",
        "(406, 291)",
        "(529, 771)",
        "(746, 597)",
        "(53, 946)",
        "(21, 380)",
        "(481, 588)",
        "(132, 266)",
        "(361, 823)",
        "(871, 996)",
        "(17, 636)",
        "(319, 635)",
        "(950, 235)",
        "(473, 852)",
        "(571, 441)",
        "(858, 283)",
        "(153, 905)",
        "(540, 907)",
        "(913, 286)",
        "(768, 707)",
        "(845, 57)",
        "(282, 214)",
        "(706, 546)",
        "(832, 739)",
        "(208, 988)",
        "(92, 183)",
        "(578, 712)",
        "(749, 197)",
        "(329, 959)",
        "(701, 220)",
        "(959, 64)"
    ],
    "(927, 441)": [
        "(319, 635)",
        "(282, 214)",
        "(284, 200)",
        "(312, 777)",
        "(383, 401)",
        "(950, 235)",
        "(208, 988)",
        "(845, 57)",
        "(21, 380)",
        "(913, 286)",
        "(959, 64)",
        "(473, 852)",
        "(749, 197)",
        "(578, 712)",
        "(532, 715)",
        "(50, 307)",
        "(858, 283)",
        "(329, 306)",
        "(638, 169)",
        "(751, 280)",
        "(304, 519)",
        "(209, 128)",
        "(460, 573)",
        "(529, 771)",
        "(406, 291)",
        "(92, 183)",
        "(701, 220)",
        "(17, 636)",
        "(68, 99)",
        "(928, 945)",
        "(361, 823)",
        "(53, 946)",
        "(71, 249)",
        "(535, 892)",
        "(21, 162)",
        "(867, 607)",
        "(480, 435)",
        "(540, 431)",
        "(746, 597)",
        "(951, 404)",
        "(540, 907)",
        "(548, 910)",
        "(871, 996)",
        "(922, 571)",
        "(481, 588)",
        "(329, 959)",
        "(175, 632)",
        "(389, 347)"
    ],
    "(473, 852)": [
        "(951, 404)",
        "(329, 306)",
        "(50, 307)",
        "(329, 959)",
        "(383, 401)",
        "(68, 99)",
        "(208, 988)",
        "(71, 249)",
        "(175, 632)",
        "(210, 332)",
        "(361, 823)",
        "(867, 607)",
        "(927, 441)",
        "(571, 441)",
        "(858, 283)",
        "(832, 739)",
        "(548, 910)",
        "(53, 946)",
        "(406, 291)",
        "(751, 280)",
        "(132, 266)",
        "(746, 597)",
        "(319, 635)",
        "(480, 435)",
        "(578, 712)",
        "(638, 169)",
        "(913, 286)",
        "(845, 57)",
        "(92, 183)",
        "(532, 715)",
        "(460, 573)",
        "(153, 905)",
        "(535, 892)",
        "(950, 235)",
        "(922, 571)",
        "(389, 347)",
        "(21, 162)",
        "(284, 200)",
        "(871, 996)",
        "(788, 123)"
    ],
    "(389, 347)": [
        "(208, 988)",
        "(928, 945)",
        "(371, 853)",
        "(406, 291)",
        "(175, 632)",
        "(535, 892)",
        "(768, 707)",
        "(913, 286)",
        "(132, 266)",
        "(50, 307)",
        "(532, 715)",
        "(638, 169)",
        "(746, 597)",
        "(92, 183)",
        "(832, 739)",
        "(845, 57)",
        "(749, 197)",
        "(858, 283)",
        "(21, 380)",
        "(329, 959)",
        "(153, 905)",
        "(571, 441)",
        "(312, 777)",
        "(284, 200)",
        "(922, 571)",
        "(460, 573)",
        "(871, 996)",
        "(282, 214)",
        "(209, 128)",
        "(951, 404)",
        "(887, 809)",
        "(950, 235)",
        "(210, 332)",
        "(68, 99)",
        "(701, 220)",
        "(529, 771)",
        "(548, 910)",
        "(578, 712)",
        "(17, 636)",
        "(913, 425)",
        "(71, 249)",
        "(788, 123)",
        "(540, 907)",
        "(959, 64)",
        "(867, 607)",
        "(361, 823)",
        "(473, 852)",
        "(927, 441)"
    ],
    "(867, 607)": [
        "(548, 910)",
        "(460, 573)",
        "(959, 64)",
        "(153, 905)",
        "(304, 519)",
        "(871, 996)",
        "(788, 123)",
        "(473, 852)",
        "(71, 249)",
        "(532, 715)",
        "(913, 425)",
        "(209, 128)",
        "(858, 283)",
        "(749, 197)",
        "(529, 771)",
        "(540, 907)",
        "(282, 214)",
        "(706, 546)",
        "(845, 57)",
        "(540, 431)",
        "(208, 988)",
        "(329, 959)",
        "(913, 286)",
        "(312, 777)",
        "(132, 266)",
        "(928, 945)",
        "(746, 597)",
        "(406, 291)",
        "(361, 823)",
        "(927, 441)",
        "(751, 280)",
        "(887, 809)",
        "(832, 739)",
        "(284, 200)",
        "(951, 404)",
        "(92, 183)",
        "(389, 347)",
        "(383, 401)",
        "(950, 235)",
        "(701, 220)"
    ],
    "(21, 162)": [
        "(706, 546)",
        "(638, 169)",
        "(436, 313)",
        "(371, 853)",
        "(282, 214)",
        "(208, 988)",
        "(175, 632)",
        "(284, 200)",
        "(480, 435)",
        "(71, 249)",
        "(578, 712)",
        "(701, 220)",
        "(950, 235)",
        "(951, 404)",
        "(50, 307)",
        "(361, 823)",
        "(153, 905)",
        "(845, 57)",
        "(571, 441)",
        "(21, 380)",
        "(53, 946)",
        "(540, 431)",
        "(68, 99)",
        "(406, 291)",
        "(304, 519)",
        "(768, 707)",
        "(927, 441)",
        "(532, 715)",
        "(17, 636)",
        "(209, 128)",
        "(548, 910)",
        "(746, 597)",
        "(319, 635)",
        "(460, 573)",
        "(922, 571)",
        "(751, 280)",
        "(928, 945)",
        "(871, 996)",
        "(132, 266)",
        "(329, 959)",
        "(832, 739)",
        "(913, 286)",
        "(473, 852)",
        "(329, 306)",
        "(481, 588)",
        "(788, 123)"
    ],
    "(535, 892)": [
        "(319, 635)",
        "(210, 332)",
        "(460, 573)",
        "(845, 57)",
        "(389, 347)",
        "(922, 571)",
        "(529, 771)",
        "(21, 380)",
        "(578, 712)",
        "(284, 200)",
        "(913, 425)",
        "(68, 99)",
        "(638, 169)",
        "(871, 996)",
        "(858, 283)",
        "(571, 441)",
        "(832, 739)",
        "(701, 220)",
        "(312, 777)",
        "(208, 988)",
        "(209, 128)",
        "(928, 945)",
        "(17, 636)",
        "(50, 307)",
        "(282, 214)",
        "(53, 946)",
        "(751, 280)",
        "(175, 632)",
        "(927, 441)",
        "(913, 286)",
        "(749, 197)",
        "(887, 809)",
        "(768, 707)",
        "(473, 852)",
        "(959, 64)",
        "(132, 266)",
        "(371, 853)",
        "(706, 546)",
        "(746, 597)",
        "(951, 404)",
        "(361, 823)"
    ],
    "(481, 588)": [
        "(383, 401)",
        "(845, 57)",
        "(950, 235)",
        "(208, 988)",
        "(913, 286)",
        "(92, 183)",
        "(959, 64)",
        "(571, 441)",
        "(284, 200)",
        "(319, 635)",
        "(887, 809)",
        "(532, 715)",
        "(540, 907)",
        "(436, 313)",
        "(304, 519)",
        "(751, 280)",
        "(68, 99)",
        "(71, 249)",
        "(638, 169)",
        "(210, 332)",
        "(329, 959)",
        "(406, 291)",
        "(871, 996)",
        "(361, 823)",
        "(175, 632)",
        "(460, 573)",
        "(951, 404)",
        "(529, 771)",
        "(746, 597)",
        "(371, 853)",
        "(858, 283)",
        "(922, 571)",
        "(17, 636)",
        "(578, 712)",
        "(282, 214)",
        "(53, 946)",
        "(928, 945)",
        "(749, 197)",
        "(832, 739)",
        "(480, 435)",
        "(927, 441)",
        "(788, 123)",
        "(701, 220)",
        "(21, 162)",
        "(209, 128)"
    ],
    "(788, 123)": [
        "(951, 404)",
        "(913, 286)",
        "(540, 907)",
        "(71, 249)",
        "(21, 380)",
        "(638, 169)",
        "(329, 959)",
        "(867, 607)",
        "(312, 777)",
        "(768, 707)",
        "(871, 996)",
        "(922, 571)",
        "(529, 771)",
        "(304, 519)",
        "(53, 946)",
        "(17, 636)",
        "(406, 291)",
        "(706, 546)",
        "(959, 64)",
        "(361, 823)",
        "(950, 235)",
        "(132, 266)",
        "(845, 57)",
        "(92, 183)",
        "(68, 99)",
        "(887, 809)",
        "(928, 945)",
        "(832, 739)",
        "(751, 280)",
        "(50, 307)",
        "(284, 200)",
        "(175, 632)",
        "(436, 313)",
        "(208, 988)",
        "(480, 435)",
        "(329, 306)",
        "(858, 283)",
        "(578, 712)",
        "(749, 197)",
        "(540, 431)",
        "(209, 128)",
        "(153, 905)",
        "(371, 853)",
        "(913, 425)",
        "(389, 347)",
        "(481, 588)",
        "(21, 162)",
        "(473, 852)"
    ],
    "(210, 332)": [
        "(922, 571)",
        "(312, 777)",
        "(282, 214)",
        "(535, 892)",
        "(153, 905)",
        "(319, 635)",
        "(950, 235)",
        "(329, 959)",
        "(208, 988)",
        "(473, 852)",
        "(746, 597)",
        "(371, 853)",
        "(540, 431)",
        "(406, 291)",
        "(638, 169)",
        "(845, 57)",
        "(436, 313)",
        "(304, 519)",
        "(548, 910)",
        "(480, 435)",
        "(53, 946)",
        "(749, 197)",
        "(529, 771)",
        "(481, 588)",
        "(768, 707)",
        "(389, 347)",
        "(887, 809)",
        "(951, 404)",
        "(50, 307)",
        "(132, 266)",
        "(209, 128)",
        "(68, 99)",
        "(913, 286)",
        "(284, 200)",
        "(928, 945)",
        "(361, 823)",
        "(832, 739)",
        "(959, 64)",
        "(532, 715)",
        "(383, 401)",
        "(460, 573)",
        "(858, 283)"
    ],
    "(959, 64)": [
        "(548, 910)",
        "(928, 945)",
        "(913, 286)",
        "(867, 607)",
        "(436, 313)",
        "(208, 988)",
        "(571, 441)",
        "(749, 197)",
        "(481, 588)",
        "(319, 635)",
        "(540, 431)",
        "(329, 959)",
        "(788, 123)",
        "(480, 435)",
        "(21, 380)",
        "(532, 715)",
        "(927, 441)",
        "(871, 996)",
        "(706, 546)",
        "(701, 220)",
        "(578, 712)",
        "(282, 214)",
        "(832, 739)",
        "(50, 307)",
        "(53, 946)",
        "(153, 905)",
        "(460, 573)",
        "(887, 809)",
        "(845, 57)",
        "(371, 853)",
        "(922, 571)",
        "(361, 823)",
        "(383, 401)",
        "(17, 636)",
        "(858, 283)",
        "(71, 249)",
        "(406, 291)",
        "(210, 332)",
        "(535, 892)",
        "(913, 425)",
        "(529, 771)",
        "(389, 347)",
        "(638, 169)",
        "(950, 235)",
        "(540, 907)",
        "(746, 597)"
    ],
    "(304, 519)": [
        "(867, 607)",
        "(922, 571)",
        "(746, 597)",
        "(887, 809)",
        "(436, 313)",
        "(208, 988)",
        "(951, 404)",
        "(871, 996)",
        "(788, 123)",
        "(749, 197)",
        "(480, 435)",
        "(532, 715)",
        "(638, 169)",
        "(284, 200)",
        "(540, 431)",
        "(706, 546)",
        "(529, 771)",
        "(913, 425)",
        "(481, 588)",
        "(210, 332)",
        "(329, 306)",
        "(927, 441)",
        "(751, 280)",
        "(50, 307)",
        "(153, 905)",
        "(928, 945)",
        "(768, 707)",
        "(21, 162)",
        "(92, 183)",
        "(858, 283)",
        "(371, 853)",
        "(68, 99)",
        "(71, 249)",
        "(132, 266)",
        "(548, 910)",
        "(383, 401)",
        "(21, 380)",
        "(53, 946)",
        "(950, 235)",
        "(282, 214)",
        "(361, 823)",
        "(540, 907)",
        "(832, 739)"
    ],
    "(371, 853)": [
        "(389, 347)",
        "(832, 739)",
        "(319, 635)",
        "(460, 573)",
        "(746, 597)",
        "(21, 162)",
        "(383, 401)",
        "(153, 905)",
        "(540, 431)",
        "(706, 546)",
        "(540, 907)",
        "(312, 777)",
        "(210, 332)",
        "(532, 715)",
        "(749, 197)",
        "(282, 214)",
        "(175, 632)",
        "(53, 946)",
        "(21, 380)",
        "(406, 291)",
        "(571, 441)",
        "(887, 809)",
        "(959, 64)",
        "(768, 707)",
        "(871, 996)",
        "(858, 283)",
        "(480, 435)",
        "(913, 286)",
        "(436, 313)",
        "(922, 571)",
        "(481, 588)",
        "(751, 280)",
        "(304, 519)",
        "(845, 57)",
        "(951, 404)",
        "(578, 712)",
        "(548, 910)",
        "(92, 183)",
        "(701, 220)",
        "(68, 99)",
        "(913, 425)",
        "(529, 771)",
        "(208, 988)",
        "(788, 123)",
        "(329, 306)",
        "(209, 128)",
        "(950, 235)",
        "(535, 892)"
    ],
    "(132, 266)": [
        "(406, 291)",
        "(329, 306)",
        "(571, 441)",
        "(701, 220)",
        "(548, 910)",
        "(17, 636)",
        "(312, 777)",
        "(389, 347)",
        "(21, 380)",
        "(788, 123)",
        "(887, 809)",
        "(480, 435)",
        "(53, 946)",
        "(832, 739)",
        "(436, 313)",
        "(706, 546)",
        "(950, 235)",
        "(871, 996)",
        "(638, 169)",
        "(473, 852)",
        "(71, 249)",
        "(867, 607)",
        "(922, 571)",
        "(460, 573)",
        "(540, 431)",
        "(928, 945)",
        "(751, 280)",
        "(92, 183)",
        "(50, 307)",
        "(746, 597)",
        "(175, 632)",
        "(210, 332)",
        "(532, 715)",
        "(304, 519)",
        "(282, 214)",
        "(21, 162)",
        "(319, 635)",
        "(68, 99)",
        "(858, 283)",
        "(768, 707)",
        "(284, 200)",
        "(749, 197)",
        "(845, 57)",
        "(535, 892)",
        "(361, 823)",
        "(329, 959)",
        "(209, 128)",
        "(208, 988)"
    ],
    "(832, 739)": [
        "(749, 197)",
        "(17, 636)",
        "(371, 853)",
        "(532, 715)",
        "(746, 597)",
        "(50, 307)",
        "(71, 249)",
        "(480, 435)",
        "(406, 291)",
        "(913, 286)",
        "(312, 777)",
        "(540, 431)",
        "(329, 306)",
        "(540, 907)",
        "(535, 892)",
        "(959, 64)",
        "(132, 266)",
        "(701, 220)",
        "(389, 347)",
        "(788, 123)",
        "(473, 852)",
        "(319, 635)",
        "(383, 401)",
        "(436, 313)",
        "(845, 57)",
        "(951, 404)",
        "(284, 200)",
        "(928, 945)",
        "(460, 573)",
        "(53, 946)",
        "(858, 283)",
        "(922, 571)",
        "(210, 332)",
        "(638, 169)",
        "(867, 607)",
        "(481, 588)",
        "(913, 425)",
        "(21, 162)",
        "(751, 280)",
        "(361, 823)",
        "(706, 546)",
        "(529, 771)",
        "(329, 959)",
        "(21, 380)",
        "(304, 519)"
    ],
    "(751, 280)": [
        "(153, 905)",
        "(71, 249)",
        "(532, 715)",
        "(21, 380)",
        "(361, 823)",
        "(768, 707)",
        "(540, 431)",
        "(540, 907)",
        "(529, 771)",
        "(706, 546)",
        "(50, 307)",
        "(578, 712)",
        "(436, 313)",
        "(175, 632)",
        "(406, 291)",
        "(319, 635)",
        "(927, 441)",
        "(481, 588)",
        "(788, 123)",
        "(304, 519)",
        "(922, 571)",
        "(701, 220)",
        "(749, 197)",
        "(571, 441)",
        "(871, 996)",
        "(473, 852)",
        "(548, 910)",
        "(284, 200)",
        "(535, 892)",
        "(480, 435)",
        "(746, 597)",
        "(371, 853)",
        "(132, 266)",
        "(867, 607)",
        "(913, 425)",
        "(68, 99)",
        "(17, 636)",
        "(383, 401)",
        "(21, 162)",
        "(282, 214)",
        "(209, 128)",
        "(460, 573)",
        "(329, 959)",
        "(858, 283)",
        "(832, 739)",
        "(887, 809)",
        "(208, 988)",
        "(845, 57)",
        "(312, 777)",
        "(913, 286)"
    ],
    "(53, 946)": [
        "(480, 435)",
        "(749, 197)",
        "(175, 632)",
        "(329, 306)",
        "(361, 823)",
        "(913, 425)",
        "(578, 712)",
        "(460, 573)",
        "(71, 249)",
        "(540, 907)",
        "(706, 546)",
        "(788, 123)",
        "(312, 777)",
        "(319, 635)",
        "(871, 996)",
        "(132, 266)",
        "(913, 286)",
        "(532, 715)",
        "(209, 128)",
        "(21, 380)",
        "(17, 636)",
        "(768, 707)",
        "(371, 853)",
        "(638, 169)",
        "(959, 64)",
        "(210, 332)",
        "(92, 183)",
        "(473, 852)",
        "(922, 571)",
        "(701, 220)",
        "(50, 307)",
        "(21, 162)",
        "(535, 892)",
        "(928, 945)",
        "(927, 441)",
        "(329, 959)",
        "(845, 57)",
        "(153, 905)",
        "(832, 739)",
        "(481, 588)",
        "(282, 214)",
        "(548, 910)",
        "(383, 401)",
        "(436, 313)",
        "(950, 235)",
        "(406, 291)",
        "(304, 519)",
        "(887, 809)"
    ],
    "(460, 573)": [
        "(406, 291)",
        "(887, 809)",
        "(867, 607)",
        "(535, 892)",
        "(371, 853)",
        "(532, 715)",
        "(913, 286)",
        "(53, 946)",
        "(383, 401)",
        "(480, 435)",
        "(638, 169)",
        "(21, 380)",
        "(361, 823)",
        "(858, 283)",
        "(706, 546)",
        "(540, 431)",
        "(578, 712)",
        "(871, 996)",
        "(436, 313)",
        "(927, 441)",
        "(571, 441)",
        "(959, 64)",
        "(312, 777)",
        "(540, 907)",
        "(282, 214)",
        "(389, 347)",
        "(481, 588)",
        "(950, 235)",
        "(17, 636)",
        "(209, 128)",
        "(132, 266)",
        "(768, 707)",
        "(548, 910)",
        "(746, 597)",
        "(832, 739)",
        "(21, 162)",
        "(208, 988)",
        "(473, 852)",
        "(284, 200)",
        "(751, 280)",
        "(153, 905)",
        "(210, 332)"
    ],
    "(17, 636)": [
        "(578, 712)",
        "(540, 431)",
        "(832, 739)",
        "(153, 905)",
        "(71, 249)",
        "(749, 197)",
        "(871, 996)",
        "(132, 266)",
        "(788, 123)",
        "(768, 707)",
        "(209, 128)",
        "(928, 945)",
        "(50, 307)",
        "(53, 946)",
        "(887, 809)",
        "(950, 235)",
        "(92, 183)",
        "(535, 892)",
        "(361, 823)",
        "(927, 441)",
        "(701, 220)",
        "(913, 286)",
        "(319, 635)",
        "(21, 380)",
        "(460, 573)",
        "(638, 169)",
        "(21, 162)",
        "(481, 588)",
        "(959, 64)",
        "(329, 959)",
        "(751, 280)",
        "(706, 546)",
        "(406, 291)",
        "(389, 347)",
        "(951, 404)",
        "(68, 99)",
        "(383, 401)",
        "(548, 910)",
        "(858, 283)",
        "(175, 632)",
        "(913, 425)"
    ],
    "(68, 99)": [
        "(208, 988)",
        "(329, 959)",
        "(329, 306)",
        "(473, 852)",
        "(361, 823)",
        "(282, 214)",
        "(535, 892)",
        "(21, 380)",
        "(871, 996)",
        "(578, 712)",
        "(922, 571)",
        "(548, 910)",
        "(788, 123)",
        "(638, 169)",
        "(529, 771)",
        "(571, 441)",
        "(481, 588)",
        "(913, 425)",
        "(319, 635)",
        "(284, 200)",
        "(927, 441)",
        "(540, 907)",
        "(153, 905)",
        "(21, 162)",
        "(701, 220)",
        "(950, 235)",
        "(304, 519)",
        "(50, 307)",
        "(389, 347)",
        "(751, 280)",
        "(210, 332)",
        "(175, 632)",
        "(858, 283)",
        "(371, 853)",
        "(768, 707)",
        "(951, 404)",
        "(71, 249)",
        "(132, 266)",
        "(17, 636)",
        "(532, 715)",
        "(312, 777)",
        "(540, 431)",
        "(406, 291)"
    ],
    "(319, 635)": [
        "(284, 200)",
        "(927, 441)",
        "(535, 892)",
        "(329, 306)",
        "(383, 401)",
        "(210, 332)",
        "(371, 853)",
        "(540, 431)",
        "(928, 945)",
        "(858, 283)",
        "(746, 597)",
        "(749, 197)",
        "(913, 286)",
        "(92, 183)",
        "(959, 64)",
        "(53, 946)",
        "(481, 588)",
        "(751, 280)",
        "(209, 128)",
        "(845, 57)",
        "(68, 99)",
        "(436, 313)",
        "(17, 636)",
        "(913, 425)",
        "(832, 739)",
        "(578, 712)",
        "(532, 715)",
        "(473, 852)",
        "(638, 169)",
        "(71, 249)",
        "(529, 771)",
        "(175, 632)",
        "(312, 777)",
        "(21, 162)",
        "(548, 910)",
        "(153, 905)",
        "(282, 214)",
        "(571, 441)",
        "(540, 907)",
        "(406, 291)",
        "(132, 266)",
        "(21, 380)",
        "(950, 235)",
        "(706, 546)",
        "(887, 809)"
    ],
    "(329, 959)": [
        "(532, 715)",
        "(284, 200)",
        "(922, 571)",
        "(548, 910)",
        "(21, 380)",
        "(436, 313)",
        "(473, 852)",
        "(68, 99)",
        "(746, 597)",
        "(950, 235)",
        "(913, 286)",
        "(871, 996)",
        "(210, 332)",
        "(788, 123)",
        "(529, 771)",
        "(887, 809)",
        "(959, 64)",
        "(209, 128)",
        "(282, 214)",
        "(383, 401)",
        "(406, 291)",
        "(768, 707)",
        "(92, 183)",
        "(928, 945)",
        "(389, 347)",
        "(481, 588)",
        "(867, 607)",
        "(312, 777)",
        "(53, 946)",
        "(701, 220)",
        "(17, 636)",
        "(858, 283)",
        "(913, 425)",
        "(749, 197)",
        "(71, 249)",
        "(951, 404)",
        "(175, 632)",
        "(706, 546)",
        "(480, 435)",
        "(21, 162)",
        "(751, 280)",
        "(845, 57)",
        "(361, 823)",
        "(927, 441)",
        "(540, 431)",
        "(329, 306)",
        "(638, 169)",
        "(832, 739)",
        "(132, 266)"
    ],
    "(871, 996)": [
        "(71, 249)",
        "(845, 57)",
        "(887, 809)",
        "(329, 959)",
        "(746, 597)",
        "(17, 636)",
        "(867, 607)",
        "(532, 715)",
        "(788, 123)",
        "(529, 771)",
        "(304, 519)",
        "(209, 128)",
        "(548, 910)",
        "(701, 220)",
        "(68, 99)",
        "(578, 712)",
        "(535, 892)",
        "(959, 64)",
        "(53, 946)",
        "(571, 441)",
        "(460, 573)",
        "(153, 905)",
        "(361, 823)",
        "(132, 266)",
        "(50, 307)",
        "(751, 280)",
        "(284, 200)",
        "(389, 347)",
        "(481, 588)",
        "(371, 853)",
        "(282, 214)",
        "(638, 169)",
        "(540, 907)",
        "(922, 571)",
        "(329, 306)",
        "(927, 441)",
        "(749, 197)",
        "(21, 162)",
        "(406, 291)",
        "(928, 945)",
        "(706, 546)",
        "(383, 401)",
        "(480, 435)",
        "(858, 283)",
        "(913, 425)",
        "(473, 852)"
    ],
    "(578, 712)": [
        "(17, 636)",
        "(951, 404)",
        "(153, 905)",
        "(540, 431)",
        "(53, 946)",
        "(751, 280)",
        "(50, 307)",
        "(535, 892)",
        "(701, 220)",
        "(871, 996)",
        "(68, 99)",
        "(845, 57)",
        "(959, 64)",
        "(927, 441)",
        "(282, 214)",
        "(21, 162)",
        "(460, 573)",
        "(950, 235)",
        "(92, 183)",
        "(406, 291)",
        "(480, 435)",
        "(329, 306)",
        "(319, 635)",
        "(361, 823)",
        "(208, 988)",
        "(571, 441)",
        "(922, 571)",
        "(473, 852)",
        "(175, 632)",
        "(788, 123)",
        "(481, 588)",
        "(436, 313)",
        "(371, 853)",
        "(312, 777)",
        "(768, 707)",
        "(21, 380)",
        "(746, 597)",
        "(71, 249)",
        "(389, 347)",
        "(749, 197)",
        "(532, 715)",
        "(887, 809)",
        "(858, 283)",
        "(638, 169)",
        "(548, 910)",
        "(284, 200)",
        "(913, 425)"
    ],
    "(540, 907)": [
        "(746, 597)",
        "(71, 249)",
        "(788, 123)",
        "(480, 435)",
        "(751, 280)",
        "(950, 235)",
        "(706, 546)",
        "(175, 632)",
        "(913, 286)",
        "(53, 946)",
        "(951, 404)",
        "(571, 441)",
        "(371, 853)",
        "(481, 588)",
        "(312, 777)",
        "(208, 988)",
        "(832, 739)",
        "(867, 607)",
        "(50, 307)",
        "(548, 910)",
        "(768, 707)",
        "(922, 571)",
        "(406, 291)",
        "(540, 431)",
        "(460, 573)",
        "(68, 99)",
        "(436, 313)",
        "(871, 996)",
        "(913, 425)",
        "(749, 197)",
        "(638, 169)",
        "(927, 441)",
        "(532, 715)",
        "(887, 809)",
        "(284, 200)",
        "(319, 635)",
        "(858, 283)",
        "(389, 347)",
        "(304, 519)",
        "(959, 64)",
        "(529, 771)"
    ],
    "(701, 220)": [
        "(887, 809)",
        "(175, 632)",
        "(329, 306)",
        "(922, 571)",
        "(132, 266)",
        "(383, 401)",
        "(436, 313)",
        "(578, 712)",
        "(282, 214)",
        "(871, 996)",
        "(284, 200)",
        "(959, 64)",
        "(21, 162)",
        "(535, 892)",
        "(832, 739)",
        "(540, 431)",
        "(71, 249)",
        "(209, 128)",
        "(927, 441)",
        "(751, 280)",
        "(53, 946)",
        "(17, 636)",
        "(21, 380)",
        "(68, 99)",
        "(858, 283)",
        "(951, 404)",
        "(928, 945)",
        "(329, 959)",
        "(913, 286)",
        "(529, 771)",
        "(389, 347)",
        "(532, 715)",
        "(480, 435)",
        "(371, 853)",
        "(913, 425)",
        "(706, 546)",
        "(845, 57)",
        "(312, 777)",
        "(638, 169)",
        "(768, 707)",
        "(746, 597)",
        "(867, 607)",
        "(749, 197)",
        "(50, 307)",
        "(481, 588)"
    ],
    "(329, 306)": [
        "(319, 635)",
        "(53, 946)",
        "(473, 852)",
        "(701, 220)",
        "(132, 266)",
        "(68, 99)",
        "(858, 283)",
        "(208, 988)",
        "(768, 707)",
        "(832, 739)",
        "(406, 291)",
        "(927, 441)",
        "(304, 519)",
        "(845, 57)",
        "(951, 404)",
        "(913, 286)",
        "(746, 597)",
        "(383, 401)",
        "(950, 235)",
        "(578, 712)",
        "(284, 200)",
        "(788, 123)",
        "(480, 435)",
        "(21, 380)",
        "(922, 571)",
        "(282, 214)",
        "(571, 441)",
        "(913, 425)",
        "(871, 996)",
        "(749, 197)",
        "(706, 546)",
        "(887, 809)",
        "(548, 910)",
        "(153, 905)",
        "(928, 945)",
        "(371, 853)",
        "(175, 632)",
        "(329, 959)",
        "(71, 249)",
        "(361, 823)",
        "(21, 162)",
        "(540, 431)"
    ],
    "(50, 307)": [
        "(473, 852)",
        "(548, 910)",
        "(951, 404)",
        "(751, 280)",
        "(578, 712)",
        "(832, 739)",
        "(706, 546)",
        "(571, 441)",
        "(768, 707)",
        "(922, 571)",
        "(389, 347)",
        "(17, 636)",
        "(638, 169)",
        "(540, 907)",
        "(927, 441)",
        "(959, 64)",
        "(21, 162)",
        "(788, 123)",
        "(312, 777)",
        "(535, 892)",
        "(529, 771)",
        "(871, 996)",
        "(749, 197)",
        "(913, 286)",
        "(845, 57)",
        "(208, 988)",
        "(153, 905)",
        "(53, 946)",
        "(304, 519)",
        "(71, 249)",
        "(68, 99)",
        "(175, 632)",
        "(132, 266)",
        "(406, 291)",
        "(361, 823)",
        "(210, 332)",
        "(284, 200)",
        "(540, 431)",
        "(92, 183)",
        "(436, 313)",
        "(21, 380)",
        "(746, 597)",
        "(701, 220)"
    ]
}