{
    "(289, 501)": [
        "(362, 708)",
        "(124, 212)",
        "(870, 767)",
        "(237, 205)",
        "(274, 494)",
        "(114, 158)"
    ],
    "(43, 204)": [
        "(237, 205)",
        "(867, 725)",
        "(412, 753)",
        "(325, 53)",
        "(447, 302)",
        "(124, 212)",
        "(251, 75)",
        "(602, 309)",
        "(763, 465)",
        "(496, 765)",
        "(436, 101)",
        "(446, 759)",
        "(917, 831)"
    ],
    "(488, 259)": [
        "(221, 739)",
        "(362, 708)",
        "(219, 246)",
        "(513, 537)",
        "(824, 899)",
        "(441, 796)",
        "(426, 740)",
        "(369, 329)",
        "(237, 205)",
        "(274, 494)",
        "(446, 759)",
        "(528, 798)",
        "(325, 53)"
    ],
    "(147, 710)": [
        "(124, 212)",
        "(114, 158)",
        "(447, 302)",
        "(824, 899)",
        "(513, 537)",
        "(991, 738)",
        "(645, 374)",
        "(446, 759)",
        "(50, 2)"
    ],
    "(325, 53)": [
        "(870, 767)",
        "(917, 831)",
        "(43, 204)",
        "(436, 101)",
        "(362, 708)",
        "(763, 465)",
        "(602, 309)",
        "(114, 158)",
        "(488, 259)"
    ],
    "(870, 767)": [
        "(325, 53)",
        "(645, 374)",
        "(369, 329)",
        "(289, 501)",
        "(795, 445)",
        "(824, 899)",
        "(232, 959)",
        "(867, 725)"
    ],
    "(50, 2)": [
        "(824, 899)",
        "(274, 494)",
        "(780, 185)",
        "(528, 798)",
        "(441, 796)",
        "(867, 725)",
        "(412, 753)",
        "(147, 710)"
    ],
    "(412, 753)": [
        "(221, 739)",
        "(43, 204)",
        "(602, 309)",
        "(795, 445)",
        "(824, 899)",
        "(50, 2)",
        "(991, 738)",
        "(259, 18)",
        "(867, 725)",
        "(446, 759)"
    ],
    "(513, 537)": [
        "(221, 739)",
        "(488, 259)",
        "(147, 710)",
        "(436, 101)",
        "(763, 465)",
        "(259, 18)",
        "(824, 899)",
        "(274, 494)",
        "(867, 725)",
        "(237, 205)"
    ],
    "(786, 954)": [
        "(441, 796)",
        "(763, 465)",
        "(114, 158)",
        "(362, 708)",
        "(232, 959)",
        "(259, 18)",
        "(991, 738)",
        "(251, 75)",
        "(496, 765)",
        "(446, 759)",
        "(447, 302)"
    ],
    "(763, 465)": [
        "(786, 954)",
        "(274, 494)",
        "(496, 765)",
        "(954, 657)",
        "(602, 309)",
        "(528, 798)",
        "(447, 302)",
        "(513, 537)",
        "(795, 445)",
        "(124, 212)",
        "(43, 204)",
        "(114, 158)",
        "(237, 205)",
        "(780, 185)",
        "(259, 18)",
        "(325, 53)"
    ],
    "(237, 205)": [
        "(43, 204)",
        "(496, 765)",
        "(991, 738)",
        "(289, 501)",
        "(602, 309)",
        "(488, 259)",
        "(763, 465)",
        "(528, 798)",
        "(447, 302)",
        "(441, 796)",
        "(824, 899)",
        "(251, 75)",
        "(867, 725)",
        "(513, 537)"
    ],
    "(602, 309)": [
        "(173, 753)",
        "(114, 158)",
        "(412, 753)",
        "(251, 75)",
        "(763, 465)",
        "(43, 204)",
        "(237, 205)",
        "(274, 494)",
        "(325, 53)",
        "(232, 959)"
    ],
    "(173, 753)": [
        "(602, 309)",
        "(251, 75)",
        "(436, 101)",
        "(362, 708)",
        "(824, 899)",
        "(114, 158)",
        "(369, 329)",
        "(645, 374)",
        "(446, 759)"
    ],
    "(954, 657)": [
        "(369, 329)",
        "(763, 465)",
        "(114, 158)",
        "(232, 959)",
        "(824, 899)",
        "(426, 740)"
    ],
    "(496, 765)": [
        "(369, 329)",
        "(221, 739)",
        "(237, 205)",
        "(763, 465)",
        "(645, 374)",
        "(991, 738)",
        "(43, 204)",
        "(786, 954)",
        "(124, 212)"
    ],
    "(824, 899)": [
        "(50, 2)",
        "(447, 302)",
        "(147, 710)",
        "(488, 259)",
        "(412, 753)",
        "(870, 767)",
        "(513, 537)",
        "(173, 753)",
        "(237, 205)",
        "(954, 657)",
        "(991, 738)"
    ],
    "(645, 374)": [
        "(870, 767)",
        "(426, 740)",
        "(991, 738)",
        "(362, 708)",
        "(274, 494)",
        "(446, 759)",
        "(496, 765)",
        "(232, 959)",
        "(147, 710)",
        "(441, 796)",
        "(173, 753)"
    ],
    "(232, 959)": [
        "(795, 445)",
        "(867, 725)",
        "(124, 212)",
        "(917, 831)",
        "(786, 954)",
        "(780, 185)",
        "(954, 657)",
        "(870, 767)",
        "(645, 374)",
        "(259, 18)",
        "(446, 759)",
        "(602, 309)"
    ],
    "(441, 796)": [
        "(114, 158)",
        "(786, 954)",
        "(50, 2)",
        "(259, 18)",
        "(488, 259)",
        "(219, 246)",
        "(237, 205)",
        "(645, 374)",
        "(369, 329)"
    ],
    "(528, 798)": [
        "(991, 738)",
        "(221, 739)",
        "(50, 2)",
        "(780, 185)",
        "(763, 465)",
        "(237, 205)",
        "(274, 494)",
        "(488, 259)",
        "(114, 158)"
    ],
    "(274, 494)": [
        "(50, 2)",
        "(426, 740)",
        "(763, 465)",
        "(645, 374)",
        "(289, 501)",
        "(513, 537)",
        "(795, 445)",
        "(488, 259)",
        "(602, 309)",
        "(528, 798)",
        "(251, 75)"
    ],
    "(436, 101)": [
        "(513, 537)",
        "(325, 53)",
        "(219, 246)",
        "(173, 753)",
        "(43, 204)"
    ],
    "(867, 725)": [
        "(232, 959)",
        "(43, 204)",
        "(50, 2)",
        "(870, 767)",
        "(513, 537)",
        "(412, 753)",
        "(237, 205)"
    ],
    "(446, 759)": [
        "(780, 185)",
        "(645, 374)",
        "(219, 246)",
        "(488, 259)",
        "(147, 710)",
        "(173, 753)",
        "(412, 753)",
        "(232, 959)",
        "(786, 954)",
        "(43, 204)"
    ],
    "(219, 246)": [
        "(259, 18)",
        "(795, 445)",
        "(488, 259)",
        "(362, 708)",
        "(436, 101)",
        "(780, 185)",
        "(446, 759)",
        "(441, 796)"
    ],
    "(369, 329)": [
        "(780, 185)",
        "(496, 765)",
        "(954, 657)",
        "(870, 767)",
        "(488, 259)",
        "(426, 740)",
        "(173, 753)",
        "(795, 445)",
        "(441, 796)"
    ],
    "(426, 740)": [
        "(274, 494)",
        "(645, 374)",
        "(259, 18)",
        "(251, 75)",
        "(488, 259)",
        "(369, 329)",
        "(991, 738)",
        "(954, 657)"
    ],
    "(795, 445)": [
        "(219, 246)",
        "(232, 959)",
        "(870, 767)",
        "(221, 739)",
        "(251, 75)",
        "(412, 753)",
        "(763, 465)",
        "(991, 738)",
        "(124, 212)",
        "(274, 494)",
        "(447, 302)",
        "(369, 329)"
    ],
    "(917, 831)": [
        "(259, 18)",
        "(325, 53)",
        "(232, 959)",
        "(43, 204)"
    ],
    "(991, 738)": [
        "(528, 798)",
        "(114, 158)",
        "(645, 374)",
        "(237, 205)",
        "(147, 710)",
        "(496, 765)",
        "(780, 185)",
        "(795, 445)",
        "(786, 954)",
        "(412, 753)",
        "(426, 740)",
        "(824, 899)",
        "(259, 18)"
    ],
    "(251, 75)": [
        "(426, 740)",
        "(602, 309)",
        "(173, 753)",
        "(43, 204)",
        "(795, 445)",
        "(124, 212)",
        "(114, 158)",
        "(786, 954)",
        "(274, 494)",
        "(237, 205)"
    ],
    "(124, 212)": [
        "(147, 710)",
        "(289, 501)",
        "(232, 959)",
        "(43, 204)",
        "(251, 75)",
        "(763, 465)",
        "(795, 445)",
        "(496, 765)"
    ],
    "(780, 185)": [
        "(369, 329)",
        "(259, 18)",
        "(50, 2)",
        "(528, 798)",
        "(446, 759)",
        "(232, 959)",
        "(991, 738)",
        "(219, 246)",
        "(763, 465)"
    ],
    "(362, 708)": [
        "(289, 501)",
        "(488, 259)",
        "(645, 374)",
        "(786, 954)",
        "(219, 246)",
        "(173, 753)",
        "(325, 53)"
    ],
    "(259, 18)": [
        "(219, 246)",
        "(917, 831)",
        "(780, 185)",
        "(426, 740)",
        "(441, 796)",
        "(786, 954)",
        "(513, 537)",
        "(763, 465)",
        "(412, 753)",
        "(232, 959)",
        "(991, 738)"
    ],
    "(114, 158)": [
        "(441, 796)",
        "(602, 309)",
        "(991, 738)",
        "(147, 710)",
        "(786, 954)",
        "(954, 657)",
        "(251, 75)",
        "(763, 465)",
        "(173, 753)",
        "(325, 53)",
        "(528, 798)",
        "(289, 501)"
    ],
    "(447, 302)": [
        "(824, 899)",
        "(147, 710)",
        "(43, 204)",
        "(763, 465)",
        "(237, 205)",
        "(795, 445)",
        "(786, 954)"
    ],
    "(221, 739)": [
        "(488, 259)",
        "(513, 537)",
        "(528, 798)",
        "(496, 765)",
        "(412, 753)",
        "(795, 445)"
    ]
}