{
    "(103, 832)": [
        "(15, 290)",
        "(615, 503)",
        "(163, 504)",
        "(771, 769)",
        "(220, 472)",
        "(385, 492)",
        "(914, 311)",
        "(203, 518)",
        "(87, 837)",
        "(182, 282)",
        "(12, 248)",
        "(343, 922)",
        "(152, 541)",
        "(219, 430)",
        "(4, 92)",
        "(141, 171)",
        "(492, 451)",
        "(525, 135)",
        "(815, 384)",
        "(186, 994)",
        "(193, 486)",
        "(925, 239)",
        "(955, 307)",
        "(172, 199)",
        "(308, 709)",
        "(296, 206)",
        "(754, 675)",
        "(257, 446)",
        "(14, 899)",
        "(555, 440)",
        "(799, 763)"
    ],
    "(182, 282)": [
        "(130, 756)",
        "(308, 709)",
        "(163, 504)",
        "(925, 239)",
        "(296, 206)",
        "(186, 994)",
        "(103, 832)",
        "(754, 675)",
        "(15, 290)",
        "(931, 124)",
        "(438, 815)",
        "(799, 763)",
        "(771, 769)",
        "(815, 384)",
        "(385, 492)",
        "(172, 199)",
        "(492, 451)",
        "(876, 411)",
        "(481, 799)",
        "(87, 837)",
        "(203, 518)",
        "(4, 92)",
        "(525, 135)",
        "(219, 430)",
        "(220, 472)",
        "(343, 922)",
        "(914, 311)",
        "(627, 583)",
        "(297, 83)",
        "(257, 446)"
    ],
    "(754, 675)": [
        "(799, 763)",
        "(925, 239)",
        "(296, 206)",
        "(14, 899)",
        "(297, 83)",
        "(385, 492)",
        "(182, 282)",
        "(89, 172)",
        "(141, 171)",
        "(914, 311)",
        "(876, 411)",
        "(152, 541)",
        "(771, 769)",
        "(615, 503)",
        "(15, 290)",
        "(130, 756)",
        "(701, 146)",
        "(815, 384)",
        "(220, 472)",
        "(627, 583)",
        "(931, 124)",
        "(555, 440)",
        "(87, 837)",
        "(163, 504)",
        "(193, 486)",
        "(343, 922)",
        "(103, 832)",
        "(12, 248)",
        "(525, 135)",
        "(483, 918)",
        "(481, 799)",
        "(186, 994)"
    ],
    "(876, 411)": [
        "(555, 440)",
        "(525, 135)",
        "(799, 763)",
        "(296, 206)",
        "(4, 92)",
        "(925, 239)",
        "(163, 504)",
        "(152, 541)",
        "(754, 675)",
        "(219, 430)",
        "(481, 799)",
        "(87, 837)",
        "(771, 769)",
        "(308, 709)",
        "(15, 290)",
        "(12, 248)",
        "(955, 307)",
        "(182, 282)",
        "(615, 503)",
        "(627, 583)",
        "(203, 518)",
        "(186, 994)",
        "(343, 922)",
        "(141, 171)",
        "(297, 83)",
        "(701, 146)",
        "(483, 918)",
        "(815, 384)",
        "(130, 756)",
        "(914, 311)",
        "(89, 172)",
        "(931, 124)",
        "(220, 472)"
    ],
    "(14, 899)": [
        "(219, 430)",
        "(701, 146)",
        "(481, 799)",
        "(308, 709)",
        "(754, 675)",
        "(931, 124)",
        "(525, 135)",
        "(4, 92)",
        "(955, 307)",
        "(296, 206)",
        "(925, 239)",
        "(815, 384)",
        "(15, 290)",
        "(799, 763)",
        "(771, 769)",
        "(492, 451)",
        "(257, 446)",
        "(220, 472)",
        "(12, 248)",
        "(385, 492)",
        "(438, 815)",
        "(87, 837)",
        "(186, 994)",
        "(193, 486)",
        "(103, 832)",
        "(163, 504)",
        "(483, 918)"
    ],
    "(492, 451)": [
        "(4, 92)",
        "(955, 307)",
        "(193, 486)",
        "(141, 171)",
        "(771, 769)",
        "(925, 239)",
        "(186, 994)",
        "(343, 922)",
        "(627, 583)",
        "(914, 311)",
        "(182, 282)",
        "(297, 83)",
        "(815, 384)",
        "(103, 832)",
        "(385, 492)",
        "(87, 837)",
        "(296, 206)",
        "(14, 899)",
        "(615, 503)",
        "(163, 504)",
        "(525, 135)",
        "(15, 290)",
        "(438, 815)",
        "(308, 709)",
        "(130, 756)",
        "(12, 248)",
        "(481, 799)",
        "(483, 918)",
        "(172, 199)",
        "(257, 446)",
        "(931, 124)"
    ],
    "(481, 799)": [
        "(89, 172)",
        "(701, 146)",
        "(14, 899)",
        "(815, 384)",
        "(141, 171)",
        "(525, 135)",
        "(193, 486)",
        "(955, 307)",
        "(297, 83)",
        "(876, 411)",
        "(343, 922)",
        "(615, 503)",
        "(799, 763)",
        "(296, 206)",
        "(555, 440)",
        "(182, 282)",
        "(627, 583)",
        "(152, 541)",
        "(925, 239)",
        "(308, 709)",
        "(492, 451)",
        "(483, 918)",
        "(15, 290)",
        "(172, 199)",
        "(438, 815)",
        "(130, 756)",
        "(754, 675)",
        "(4, 92)",
        "(219, 430)"
    ],
    "(296, 206)": [
        "(627, 583)",
        "(931, 124)",
        "(754, 675)",
        "(12, 248)",
        "(876, 411)",
        "(182, 282)",
        "(955, 307)",
        "(87, 837)",
        "(925, 239)",
        "(89, 172)",
        "(297, 83)",
        "(14, 899)",
        "(186, 994)",
        "(799, 763)",
        "(219, 430)",
        "(163, 504)",
        "(193, 486)",
        "(481, 799)",
        "(771, 769)",
        "(492, 451)",
        "(343, 922)",
        "(308, 709)",
        "(130, 756)",
        "(815, 384)",
        "(483, 918)",
        "(701, 146)",
        "(203, 518)",
        "(103, 832)",
        "(438, 815)",
        "(914, 311)",
        "(141, 171)",
        "(152, 541)",
        "(220, 472)",
        "(172, 199)",
        "(555, 440)",
        "(525, 135)"
    ],
    "(615, 503)": [
        "(103, 832)",
        "(385, 492)",
        "(219, 430)",
        "(203, 518)",
        "(438, 815)",
        "(172, 199)",
        "(193, 486)",
        "(12, 248)",
        "(343, 922)",
        "(481, 799)",
        "(754, 675)",
        "(914, 311)",
        "(555, 440)",
        "(799, 763)",
        "(627, 583)",
        "(220, 472)",
        "(308, 709)",
        "(876, 411)",
        "(771, 769)",
        "(297, 83)",
        "(701, 146)",
        "(492, 451)",
        "(186, 994)",
        "(525, 135)",
        "(483, 918)",
        "(931, 124)",
        "(141, 171)",
        "(955, 307)",
        "(815, 384)"
    ],
    "(914, 311)": [
        "(955, 307)",
        "(771, 769)",
        "(103, 832)",
        "(815, 384)",
        "(12, 248)",
        "(483, 918)",
        "(754, 675)",
        "(163, 504)",
        "(257, 446)",
        "(152, 541)",
        "(343, 922)",
        "(4, 92)",
        "(615, 503)",
        "(220, 472)",
        "(492, 451)",
        "(193, 486)",
        "(172, 199)",
        "(385, 492)",
        "(701, 146)",
        "(203, 518)",
        "(141, 171)",
        "(627, 583)",
        "(297, 83)",
        "(130, 756)",
        "(182, 282)",
        "(876, 411)",
        "(799, 763)",
        "(186, 994)",
        "(296, 206)",
        "(15, 290)"
    ],
    "(87, 837)": [
        "(152, 541)",
        "(555, 440)",
        "(627, 583)",
        "(308, 709)",
        "(385, 492)",
        "(219, 430)",
        "(103, 832)",
        "(955, 307)",
        "(296, 206)",
        "(799, 763)",
        "(925, 239)",
        "(876, 411)",
        "(257, 446)",
        "(815, 384)",
        "(438, 815)",
        "(343, 922)",
        "(172, 199)",
        "(492, 451)",
        "(15, 290)",
        "(203, 518)",
        "(182, 282)",
        "(754, 675)",
        "(525, 135)",
        "(12, 248)",
        "(14, 899)",
        "(186, 994)",
        "(701, 146)"
    ],
    "(925, 239)": [
        "(955, 307)",
        "(219, 430)",
        "(4, 92)",
        "(754, 675)",
        "(385, 492)",
        "(182, 282)",
        "(555, 440)",
        "(876, 411)",
        "(492, 451)",
        "(701, 146)",
        "(296, 206)",
        "(627, 583)",
        "(163, 504)",
        "(483, 918)",
        "(14, 899)",
        "(87, 837)",
        "(15, 290)",
        "(12, 248)",
        "(343, 922)",
        "(220, 472)",
        "(203, 518)",
        "(297, 83)",
        "(481, 799)",
        "(815, 384)",
        "(771, 769)",
        "(130, 756)",
        "(89, 172)",
        "(525, 135)",
        "(103, 832)",
        "(186, 994)",
        "(141, 171)",
        "(172, 199)",
        "(308, 709)"
    ],
    "(12, 248)": [
        "(220, 472)",
        "(257, 446)",
        "(771, 769)",
        "(296, 206)",
        "(343, 922)",
        "(130, 756)",
        "(163, 504)",
        "(103, 832)",
        "(615, 503)",
        "(914, 311)",
        "(203, 518)",
        "(876, 411)",
        "(925, 239)",
        "(627, 583)",
        "(193, 486)",
        "(172, 199)",
        "(555, 440)",
        "(15, 290)",
        "(297, 83)",
        "(14, 899)",
        "(4, 92)",
        "(931, 124)",
        "(438, 815)",
        "(87, 837)",
        "(186, 994)",
        "(492, 451)",
        "(308, 709)",
        "(701, 146)",
        "(754, 675)",
        "(815, 384)",
        "(89, 172)",
        "(799, 763)"
    ],
    "(385, 492)": [
        "(615, 503)",
        "(931, 124)",
        "(103, 832)",
        "(925, 239)",
        "(955, 307)",
        "(87, 837)",
        "(815, 384)",
        "(186, 994)",
        "(754, 675)",
        "(555, 440)",
        "(219, 430)",
        "(163, 504)",
        "(438, 815)",
        "(89, 172)",
        "(193, 486)",
        "(182, 282)",
        "(172, 199)",
        "(627, 583)",
        "(492, 451)",
        "(483, 918)",
        "(701, 146)",
        "(130, 756)",
        "(771, 769)",
        "(343, 922)",
        "(914, 311)",
        "(308, 709)",
        "(14, 899)",
        "(152, 541)",
        "(203, 518)",
        "(297, 83)",
        "(220, 472)"
    ],
    "(193, 486)": [
        "(525, 135)",
        "(815, 384)",
        "(492, 451)",
        "(163, 504)",
        "(438, 815)",
        "(701, 146)",
        "(615, 503)",
        "(931, 124)",
        "(152, 541)",
        "(481, 799)",
        "(172, 199)",
        "(483, 918)",
        "(297, 83)",
        "(385, 492)",
        "(296, 206)",
        "(186, 994)",
        "(914, 311)",
        "(12, 248)",
        "(343, 922)",
        "(130, 756)",
        "(89, 172)",
        "(627, 583)",
        "(103, 832)",
        "(771, 769)",
        "(220, 472)",
        "(219, 430)",
        "(754, 675)",
        "(203, 518)",
        "(955, 307)",
        "(14, 899)",
        "(555, 440)",
        "(799, 763)"
    ],
    "(931, 124)": [
        "(385, 492)",
        "(296, 206)",
        "(14, 899)",
        "(141, 171)",
        "(182, 282)",
        "(193, 486)",
        "(172, 199)",
        "(297, 83)",
        "(220, 472)",
        "(15, 290)",
        "(815, 384)",
        "(701, 146)",
        "(186, 994)",
        "(163, 504)",
        "(771, 769)",
        "(754, 675)",
        "(615, 503)",
        "(12, 248)",
        "(219, 430)",
        "(203, 518)",
        "(483, 918)",
        "(876, 411)",
        "(492, 451)",
        "(555, 440)"
    ],
    "(172, 199)": [
        "(130, 756)",
        "(525, 135)",
        "(615, 503)",
        "(152, 541)",
        "(186, 994)",
        "(931, 124)",
        "(89, 172)",
        "(193, 486)",
        "(555, 440)",
        "(385, 492)",
        "(182, 282)",
        "(87, 837)",
        "(219, 430)",
        "(220, 472)",
        "(914, 311)",
        "(12, 248)",
        "(297, 83)",
        "(799, 763)",
        "(627, 583)",
        "(955, 307)",
        "(701, 146)",
        "(103, 832)",
        "(141, 171)",
        "(771, 769)",
        "(481, 799)",
        "(438, 815)",
        "(492, 451)",
        "(815, 384)",
        "(163, 504)",
        "(925, 239)",
        "(4, 92)",
        "(296, 206)"
    ],
    "(297, 83)": [
        "(220, 472)",
        "(130, 756)",
        "(627, 583)",
        "(4, 92)",
        "(754, 675)",
        "(955, 307)",
        "(931, 124)",
        "(141, 171)",
        "(296, 206)",
        "(481, 799)",
        "(525, 135)",
        "(186, 994)",
        "(193, 486)",
        "(492, 451)",
        "(308, 709)",
        "(555, 440)",
        "(799, 763)",
        "(615, 503)",
        "(172, 199)",
        "(925, 239)",
        "(12, 248)",
        "(815, 384)",
        "(876, 411)",
        "(385, 492)",
        "(89, 172)",
        "(152, 541)",
        "(701, 146)",
        "(914, 311)",
        "(771, 769)",
        "(203, 518)",
        "(438, 815)",
        "(182, 282)"
    ],
    "(771, 769)": [
        "(103, 832)",
        "(914, 311)",
        "(12, 248)",
        "(257, 446)",
        "(525, 135)",
        "(815, 384)",
        "(492, 451)",
        "(141, 171)",
        "(152, 541)",
        "(182, 282)",
        "(754, 675)",
        "(186, 994)",
        "(876, 411)",
        "(14, 899)",
        "(163, 504)",
        "(296, 206)",
        "(799, 763)",
        "(483, 918)",
        "(615, 503)",
        "(931, 124)",
        "(385, 492)",
        "(438, 815)",
        "(343, 922)",
        "(15, 290)",
        "(925, 239)",
        "(308, 709)",
        "(193, 486)",
        "(297, 83)",
        "(172, 199)",
        "(701, 146)",
        "(130, 756)"
    ],
    "(141, 171)": [
        "(186, 994)",
        "(163, 504)",
        "(203, 518)",
        "(492, 451)",
        "(701, 146)",
        "(343, 922)",
        "(481, 799)",
        "(771, 769)",
        "(931, 124)",
        "(555, 440)",
        "(297, 83)",
        "(754, 675)",
        "(525, 135)",
        "(4, 92)",
        "(308, 709)",
        "(483, 918)",
        "(257, 446)",
        "(103, 832)",
        "(815, 384)",
        "(219, 430)",
        "(876, 411)",
        "(914, 311)",
        "(615, 503)",
        "(799, 763)",
        "(955, 307)",
        "(172, 199)",
        "(220, 472)",
        "(89, 172)",
        "(925, 239)",
        "(627, 583)",
        "(296, 206)",
        "(152, 541)"
    ],
    "(163, 504)": [
        "(141, 171)",
        "(103, 832)",
        "(182, 282)",
        "(193, 486)",
        "(627, 583)",
        "(12, 248)",
        "(876, 411)",
        "(925, 239)",
        "(914, 311)",
        "(385, 492)",
        "(203, 518)",
        "(438, 815)",
        "(257, 446)",
        "(343, 922)",
        "(186, 994)",
        "(152, 541)",
        "(296, 206)",
        "(771, 769)",
        "(931, 124)",
        "(555, 440)",
        "(219, 430)",
        "(492, 451)",
        "(483, 918)",
        "(701, 146)",
        "(308, 709)",
        "(754, 675)",
        "(525, 135)",
        "(220, 472)",
        "(15, 290)",
        "(172, 199)",
        "(89, 172)",
        "(14, 899)"
    ],
    "(152, 541)": [
        "(87, 837)",
        "(627, 583)",
        "(799, 763)",
        "(203, 518)",
        "(172, 199)",
        "(876, 411)",
        "(193, 486)",
        "(771, 769)",
        "(103, 832)",
        "(754, 675)",
        "(525, 135)",
        "(186, 994)",
        "(914, 311)",
        "(163, 504)",
        "(555, 440)",
        "(483, 918)",
        "(257, 446)",
        "(481, 799)",
        "(4, 92)",
        "(385, 492)",
        "(89, 172)",
        "(130, 756)",
        "(220, 472)",
        "(297, 83)",
        "(955, 307)",
        "(438, 815)",
        "(296, 206)",
        "(141, 171)"
    ],
    "(308, 709)": [
        "(438, 815)",
        "(182, 282)",
        "(14, 899)",
        "(87, 837)",
        "(219, 430)",
        "(89, 172)",
        "(799, 763)",
        "(4, 92)",
        "(186, 994)",
        "(876, 411)",
        "(141, 171)",
        "(615, 503)",
        "(15, 290)",
        "(297, 83)",
        "(203, 518)",
        "(701, 146)",
        "(627, 583)",
        "(385, 492)",
        "(481, 799)",
        "(163, 504)",
        "(296, 206)",
        "(771, 769)",
        "(492, 451)",
        "(343, 922)",
        "(103, 832)",
        "(555, 440)",
        "(12, 248)",
        "(955, 307)",
        "(525, 135)",
        "(483, 918)",
        "(925, 239)"
    ],
    "(701, 146)": [
        "(14, 899)",
        "(481, 799)",
        "(141, 171)",
        "(193, 486)",
        "(925, 239)",
        "(186, 994)",
        "(525, 135)",
        "(627, 583)",
        "(343, 922)",
        "(815, 384)",
        "(203, 518)",
        "(931, 124)",
        "(4, 92)",
        "(754, 675)",
        "(219, 430)",
        "(385, 492)",
        "(15, 290)",
        "(615, 503)",
        "(308, 709)",
        "(257, 446)",
        "(130, 756)",
        "(163, 504)",
        "(172, 199)",
        "(914, 311)",
        "(876, 411)",
        "(799, 763)",
        "(220, 472)",
        "(296, 206)",
        "(438, 815)",
        "(297, 83)",
        "(89, 172)",
        "(955, 307)",
        "(771, 769)",
        "(483, 918)",
        "(12, 248)",
        "(87, 837)"
    ],
    "(186, 994)": [
        "(141, 171)",
        "(483, 918)",
        "(89, 172)",
        "(555, 440)",
        "(627, 583)",
        "(182, 282)",
        "(385, 492)",
        "(955, 307)",
        "(172, 199)",
        "(701, 146)",
        "(492, 451)",
        "(15, 290)",
        "(152, 541)",
        "(771, 769)",
        "(308, 709)",
        "(438, 815)",
        "(525, 135)",
        "(296, 206)",
        "(163, 504)",
        "(799, 763)",
        "(297, 83)",
        "(343, 922)",
        "(931, 124)",
        "(193, 486)",
        "(203, 518)",
        "(219, 430)",
        "(615, 503)",
        "(876, 411)",
        "(103, 832)",
        "(12, 248)",
        "(130, 756)",
        "(925, 239)",
        "(14, 899)",
        "(815, 384)",
        "(914, 311)",
        "(257, 446)",
        "(87, 837)",
        "(754, 675)"
    ],
    "(525, 135)": [
        "(193, 486)",
        "(89, 172)",
        "(483, 918)",
        "(876, 411)",
        "(771, 769)",
        "(172, 199)",
        "(14, 899)",
        "(481, 799)",
        "(220, 472)",
        "(257, 446)",
        "(555, 440)",
        "(152, 541)",
        "(343, 922)",
        "(701, 146)",
        "(297, 83)",
        "(141, 171)",
        "(186, 994)",
        "(4, 92)",
        "(438, 815)",
        "(15, 290)",
        "(103, 832)",
        "(627, 583)",
        "(492, 451)",
        "(615, 503)",
        "(87, 837)",
        "(182, 282)",
        "(925, 239)",
        "(799, 763)",
        "(163, 504)",
        "(955, 307)",
        "(203, 518)",
        "(754, 675)",
        "(308, 709)",
        "(296, 206)",
        "(219, 430)"
    ],
    "(257, 446)": [
        "(12, 248)",
        "(799, 763)",
        "(771, 769)",
        "(525, 135)",
        "(914, 311)",
        "(87, 837)",
        "(163, 504)",
        "(141, 171)",
        "(343, 922)",
        "(152, 541)",
        "(955, 307)",
        "(701, 146)",
        "(15, 290)",
        "(555, 440)",
        "(14, 899)",
        "(219, 430)",
        "(815, 384)",
        "(483, 918)",
        "(4, 92)",
        "(186, 994)",
        "(103, 832)",
        "(492, 451)",
        "(182, 282)",
        "(438, 815)"
    ],
    "(220, 472)": [
        "(12, 248)",
        "(297, 83)",
        "(103, 832)",
        "(15, 290)",
        "(343, 922)",
        "(525, 135)",
        "(130, 756)",
        "(203, 518)",
        "(931, 124)",
        "(555, 440)",
        "(914, 311)",
        "(4, 92)",
        "(925, 239)",
        "(615, 503)",
        "(815, 384)",
        "(754, 675)",
        "(172, 199)",
        "(14, 899)",
        "(152, 541)",
        "(193, 486)",
        "(701, 146)",
        "(799, 763)",
        "(182, 282)",
        "(141, 171)",
        "(163, 504)",
        "(385, 492)",
        "(296, 206)",
        "(876, 411)",
        "(627, 583)"
    ],
    "(815, 384)": [
        "(193, 486)",
        "(771, 769)",
        "(481, 799)",
        "(385, 492)",
        "(914, 311)",
        "(203, 518)",
        "(219, 430)",
        "(14, 899)",
        "(799, 763)",
        "(87, 837)",
        "(89, 172)",
        "(182, 282)",
        "(627, 583)",
        "(931, 124)",
        "(701, 146)",
        "(754, 675)",
        "(492, 451)",
        "(220, 472)",
        "(15, 290)",
        "(925, 239)",
        "(141, 171)",
        "(103, 832)",
        "(297, 83)",
        "(296, 206)",
        "(876, 411)",
        "(343, 922)",
        "(257, 446)",
        "(172, 199)",
        "(615, 503)",
        "(130, 756)",
        "(186, 994)",
        "(12, 248)",
        "(438, 815)",
        "(555, 440)"
    ],
    "(955, 307)": [
        "(914, 311)",
        "(925, 239)",
        "(492, 451)",
        "(203, 518)",
        "(385, 492)",
        "(297, 83)",
        "(296, 206)",
        "(87, 837)",
        "(89, 172)",
        "(186, 994)",
        "(14, 899)",
        "(438, 815)",
        "(483, 918)",
        "(481, 799)",
        "(627, 583)",
        "(343, 922)",
        "(876, 411)",
        "(799, 763)",
        "(257, 446)",
        "(172, 199)",
        "(103, 832)",
        "(141, 171)",
        "(615, 503)",
        "(701, 146)",
        "(152, 541)",
        "(193, 486)",
        "(525, 135)",
        "(308, 709)",
        "(219, 430)"
    ],
    "(203, 518)": [
        "(483, 918)",
        "(141, 171)",
        "(615, 503)",
        "(438, 815)",
        "(955, 307)",
        "(103, 832)",
        "(152, 541)",
        "(12, 248)",
        "(220, 472)",
        "(4, 92)",
        "(815, 384)",
        "(163, 504)",
        "(701, 146)",
        "(186, 994)",
        "(627, 583)",
        "(555, 440)",
        "(925, 239)",
        "(87, 837)",
        "(308, 709)",
        "(799, 763)",
        "(876, 411)",
        "(182, 282)",
        "(219, 430)",
        "(385, 492)",
        "(343, 922)",
        "(914, 311)",
        "(931, 124)",
        "(296, 206)",
        "(15, 290)",
        "(193, 486)",
        "(297, 83)",
        "(525, 135)"
    ],
    "(555, 440)": [
        "(876, 411)",
        "(87, 837)",
        "(186, 994)",
        "(925, 239)",
        "(438, 815)",
        "(385, 492)",
        "(141, 171)",
        "(525, 135)",
        "(219, 430)",
        "(220, 472)",
        "(172, 199)",
        "(615, 503)",
        "(130, 756)",
        "(152, 541)",
        "(203, 518)",
        "(297, 83)",
        "(163, 504)",
        "(12, 248)",
        "(481, 799)",
        "(89, 172)",
        "(754, 675)",
        "(257, 446)",
        "(343, 922)",
        "(308, 709)",
        "(15, 290)",
        "(193, 486)",
        "(296, 206)",
        "(103, 832)",
        "(815, 384)",
        "(799, 763)",
        "(931, 124)"
    ],
    "(438, 815)": [
        "(308, 709)",
        "(203, 518)",
        "(615, 503)",
        "(193, 486)",
        "(343, 922)",
        "(555, 440)",
        "(955, 307)",
        "(182, 282)",
        "(89, 172)",
        "(385, 492)",
        "(186, 994)",
        "(163, 504)",
        "(87, 837)",
        "(627, 583)",
        "(525, 135)",
        "(771, 769)",
        "(15, 290)",
        "(492, 451)",
        "(12, 248)",
        "(14, 899)",
        "(701, 146)",
        "(172, 199)",
        "(296, 206)",
        "(152, 541)",
        "(481, 799)",
        "(815, 384)",
        "(483, 918)",
        "(297, 83)",
        "(257, 446)"
    ],
    "(343, 922)": [
        "(141, 171)",
        "(12, 248)",
        "(438, 815)",
        "(220, 472)",
        "(615, 503)",
        "(103, 832)",
        "(525, 135)",
        "(481, 799)",
        "(955, 307)",
        "(492, 451)",
        "(914, 311)",
        "(163, 504)",
        "(701, 146)",
        "(87, 837)",
        "(186, 994)",
        "(925, 239)",
        "(257, 446)",
        "(193, 486)",
        "(15, 290)",
        "(385, 492)",
        "(296, 206)",
        "(555, 440)",
        "(799, 763)",
        "(771, 769)",
        "(876, 411)",
        "(203, 518)",
        "(89, 172)",
        "(308, 709)",
        "(754, 675)",
        "(182, 282)",
        "(815, 384)",
        "(130, 756)",
        "(4, 92)"
    ],
    "(130, 756)": [
        "(172, 199)",
        "(627, 583)",
        "(297, 83)",
        "(182, 282)",
        "(12, 248)",
        "(220, 472)",
        "(799, 763)",
        "(483, 918)",
        "(219, 430)",
        "(555, 440)",
        "(754, 675)",
        "(385, 492)",
        "(193, 486)",
        "(701, 146)",
        "(925, 239)",
        "(152, 541)",
        "(296, 206)",
        "(15, 290)",
        "(492, 451)",
        "(186, 994)",
        "(876, 411)",
        "(914, 311)",
        "(815, 384)",
        "(481, 799)",
        "(343, 922)",
        "(4, 92)",
        "(771, 769)"
    ],
    "(219, 430)": [
        "(925, 239)",
        "(14, 899)",
        "(615, 503)",
        "(87, 837)",
        "(308, 709)",
        "(385, 492)",
        "(876, 411)",
        "(627, 583)",
        "(815, 384)",
        "(103, 832)",
        "(555, 440)",
        "(296, 206)",
        "(130, 756)",
        "(701, 146)",
        "(172, 199)",
        "(186, 994)",
        "(4, 92)",
        "(163, 504)",
        "(141, 171)",
        "(203, 518)",
        "(931, 124)",
        "(182, 282)",
        "(193, 486)",
        "(257, 446)",
        "(15, 290)",
        "(955, 307)",
        "(481, 799)",
        "(525, 135)"
    ],
    "(4, 92)": [
        "(492, 451)",
        "(925, 239)",
        "(799, 763)",
        "(297, 83)",
        "(876, 411)",
        "(15, 290)",
        "(14, 899)",
        "(203, 518)",
        "(308, 709)",
        "(103, 832)",
        "(914, 311)",
        "(141, 171)",
        "(220, 472)",
        "(701, 146)",
        "(525, 135)",
        "(219, 430)",
        "(12, 248)",
        "(152, 541)",
        "(182, 282)",
        "(627, 583)",
        "(89, 172)",
        "(257, 446)",
        "(172, 199)",
        "(130, 756)",
        "(481, 799)",
        "(343, 922)"
    ],
    "(15, 290)": [
        "(103, 832)",
        "(220, 472)",
        "(4, 92)",
        "(182, 282)",
        "(186, 994)",
        "(483, 918)",
        "(931, 124)",
        "(14, 899)",
        "(876, 411)",
        "(925, 239)",
        "(754, 675)",
        "(308, 709)",
        "(87, 837)",
        "(525, 135)",
        "(89, 172)",
        "(815, 384)",
        "(343, 922)",
        "(701, 146)",
        "(257, 446)",
        "(12, 248)",
        "(799, 763)",
        "(438, 815)",
        "(771, 769)",
        "(492, 451)",
        "(130, 756)",
        "(203, 518)",
        "(219, 430)",
        "(481, 799)",
        "(627, 583)",
        "(163, 504)",
        "(555, 440)",
        "(914, 311)"
    ],
    "(799, 763)": [
        "(257, 446)",
        "(754, 675)",
        "(627, 583)",
        "(4, 92)",
        "(876, 411)",
        "(152, 541)",
        "(87, 837)",
        "(182, 282)",
        "(308, 709)",
        "(130, 756)",
        "(14, 899)",
        "(815, 384)",
        "(296, 206)",
        "(186, 994)",
        "(481, 799)",
        "(615, 503)",
        "(771, 769)",
        "(297, 83)",
        "(955, 307)",
        "(203, 518)",
        "(172, 199)",
        "(15, 290)",
        "(343, 922)",
        "(89, 172)",
        "(701, 146)",
        "(525, 135)",
        "(141, 171)",
        "(220, 472)",
        "(914, 311)",
        "(193, 486)",
        "(12, 248)",
        "(555, 440)",
        "(103, 832)"
    ],
    "(89, 172)": [
        "(525, 135)",
        "(481, 799)",
        "(186, 994)",
        "(955, 307)",
        "(754, 675)",
        "(308, 709)",
        "(296, 206)",
        "(438, 815)",
        "(172, 199)",
        "(385, 492)",
        "(815, 384)",
        "(627, 583)",
        "(15, 290)",
        "(555, 440)",
        "(193, 486)",
        "(152, 541)",
        "(799, 763)",
        "(925, 239)",
        "(343, 922)",
        "(297, 83)",
        "(483, 918)",
        "(701, 146)",
        "(141, 171)",
        "(4, 92)",
        "(876, 411)",
        "(12, 248)",
        "(163, 504)"
    ],
    "(483, 918)": [
        "(203, 518)",
        "(186, 994)",
        "(525, 135)",
        "(925, 239)",
        "(914, 311)",
        "(955, 307)",
        "(15, 290)",
        "(193, 486)",
        "(130, 756)",
        "(627, 583)",
        "(141, 171)",
        "(385, 492)",
        "(771, 769)",
        "(152, 541)",
        "(163, 504)",
        "(615, 503)",
        "(296, 206)",
        "(876, 411)",
        "(89, 172)",
        "(481, 799)",
        "(492, 451)",
        "(931, 124)",
        "(701, 146)",
        "(257, 446)",
        "(754, 675)",
        "(438, 815)",
        "(14, 899)",
        "(308, 709)"
    ],
    "(627, 583)": [
        "(130, 756)",
        "(296, 206)",
        "(152, 541)",
        "(799, 763)",
        "(297, 83)",
        "(163, 504)",
        "(87, 837)",
        "(186, 994)",
        "(925, 239)",
        "(955, 307)",
        "(219, 430)",
        "(492, 451)",
        "(701, 146)",
        "(89, 172)",
        "(815, 384)",
        "(615, 503)",
        "(12, 248)",
        "(438, 815)",
        "(483, 918)",
        "(385, 492)",
        "(203, 518)",
        "(876, 411)",
        "(481, 799)",
        "(754, 675)",
        "(308, 709)",
        "(525, 135)",
        "(172, 199)",
        "(193, 486)",
        "(4, 92)",
        "(914, 311)",
        "(15, 290)",
        "(182, 282)",
        "(141, 171)",
        "(220, 472)"
    ]
}