{
    "(622, 12)": [
        "(349, 166)",
        "(617, 425)",
        "(813, 925)",
        "(680, 313)",
        "(854, 697)",
        "(793, 638)",
        "(714, 509)"
    ],
    "(617, 425)": [
        "(92, 498)",
        "(622, 12)",
        "(854, 697)",
        "(591, 250)"
    ],
    "(854, 697)": [
        "(680, 313)",
        "(591, 250)",
        "(617, 425)",
        "(622, 12)",
        "(92, 498)"
    ],
    "(793, 638)": [
        "(622, 12)",
        "(813, 925)"
    ],
    "(680, 313)": [
        "(854, 697)",
        "(92, 498)",
        "(349, 166)",
        "(622, 12)",
        "(813, 925)"
    ],
    "(714, 509)": [
        "(349, 166)",
        "(622, 12)",
        "(92, 498)"
    ],
    "(813, 925)": [
        "(622, 12)",
        "(680, 313)",
        "(591, 250)",
        "(793, 638)"
    ],
    "(349, 166)": [
        "(622, 12)",
        "(714, 509)",
        "(680, 313)",
        "(591, 250)"
    ],
    "(591, 250)": [
        "(92, 498)",
        "(854, 697)",
        "(349, 166)",
        "(813, 925)",
        "(617, 425)"
    ],
    "(92, 498)": [
        "(617, 425)",
        "(591, 250)",
        "(680, 313)",
        "(854, 697)",
        "(714, 509)"
    ]
}