{
    "(851, 740)": [
        "(339, 857)",
        "(144, 896)",
        "(145, 227)",
        "(956, 69)",
        "(74, 290)",
        "(545, 250)",
        "(340, 792)",
        "(679, 367)",
        "(523, 950)",
        "(5, 81)",
        "(536, 307)",
        "(74, 777)",
        "(98, 201)",
        "(741, 60)",
        "(966, 851)"
    ],
    "(594, 171)": [
        "(741, 60)",
        "(542, 583)",
        "(340, 792)",
        "(956, 69)",
        "(5, 81)",
        "(74, 777)",
        "(409, 226)",
        "(536, 240)",
        "(333, 44)",
        "(520, 683)",
        "(536, 307)",
        "(966, 851)",
        "(203, 116)",
        "(339, 857)",
        "(679, 367)",
        "(145, 227)",
        "(98, 201)"
    ],
    "(541, 453)": [
        "(545, 250)",
        "(145, 227)",
        "(98, 201)",
        "(679, 367)",
        "(339, 857)",
        "(144, 896)",
        "(74, 290)",
        "(124, 382)",
        "(41, 346)",
        "(5, 81)",
        "(741, 60)",
        "(409, 226)",
        "(956, 69)"
    ],
    "(192, 276)": [
        "(966, 851)",
        "(74, 777)",
        "(203, 116)",
        "(956, 69)",
        "(520, 683)",
        "(523, 950)",
        "(74, 290)",
        "(98, 201)",
        "(145, 227)",
        "(741, 60)",
        "(542, 583)",
        "(5, 81)",
        "(536, 307)"
    ],
    "(536, 240)": [
        "(333, 44)",
        "(594, 171)",
        "(203, 116)",
        "(523, 950)",
        "(741, 60)",
        "(536, 307)",
        "(98, 201)",
        "(520, 683)"
    ],
    "(536, 307)": [
        "(542, 583)",
        "(520, 683)",
        "(966, 851)",
        "(203, 116)",
        "(339, 857)",
        "(523, 950)",
        "(124, 382)",
        "(74, 290)",
        "(145, 227)",
        "(594, 171)",
        "(340, 792)",
        "(536, 240)",
        "(41, 346)",
        "(851, 740)",
        "(74, 777)",
        "(144, 896)",
        "(679, 367)",
        "(192, 276)"
    ],
    "(144, 896)": [
        "(851, 740)",
        "(339, 857)",
        "(124, 382)",
        "(145, 227)",
        "(520, 683)",
        "(230, 434)",
        "(409, 226)",
        "(541, 453)",
        "(679, 367)",
        "(340, 792)",
        "(74, 290)",
        "(41, 346)",
        "(536, 307)",
        "(333, 44)"
    ],
    "(966, 851)": [
        "(741, 60)",
        "(98, 201)",
        "(340, 792)",
        "(192, 276)",
        "(74, 777)",
        "(5, 81)",
        "(545, 250)",
        "(536, 307)",
        "(339, 857)",
        "(409, 226)",
        "(542, 583)",
        "(230, 434)",
        "(594, 171)",
        "(679, 367)",
        "(956, 69)",
        "(74, 290)",
        "(851, 740)",
        "(203, 116)"
    ],
    "(741, 60)": [
        "(594, 171)",
        "(145, 227)",
        "(966, 851)",
        "(679, 367)",
        "(340, 792)",
        "(98, 201)",
        "(545, 250)",
        "(536, 240)",
        "(41, 346)",
        "(192, 276)",
        "(541, 453)",
        "(851, 740)",
        "(409, 226)"
    ],
    "(333, 44)": [
        "(339, 857)",
        "(679, 367)",
        "(74, 777)",
        "(98, 201)",
        "(536, 240)",
        "(203, 116)",
        "(956, 69)",
        "(124, 382)",
        "(5, 81)",
        "(594, 171)",
        "(340, 792)",
        "(144, 896)"
    ],
    "(41, 346)": [
        "(98, 201)",
        "(542, 583)",
        "(124, 382)",
        "(339, 857)",
        "(74, 290)",
        "(536, 307)",
        "(541, 453)",
        "(741, 60)",
        "(144, 896)",
        "(956, 69)"
    ],
    "(145, 227)": [
        "(741, 60)",
        "(74, 290)",
        "(144, 896)",
        "(851, 740)",
        "(520, 683)",
        "(541, 453)",
        "(339, 857)",
        "(536, 307)",
        "(340, 792)",
        "(523, 950)",
        "(542, 583)",
        "(192, 276)",
        "(594, 171)",
        "(5, 81)"
    ],
    "(98, 201)": [
        "(966, 851)",
        "(41, 346)",
        "(545, 250)",
        "(230, 434)",
        "(520, 683)",
        "(333, 44)",
        "(541, 453)",
        "(5, 81)",
        "(409, 226)",
        "(741, 60)",
        "(192, 276)",
        "(956, 69)",
        "(536, 240)",
        "(851, 740)",
        "(594, 171)",
        "(340, 792)",
        "(203, 116)"
    ],
    "(520, 683)": [
        "(956, 69)",
        "(98, 201)",
        "(536, 307)",
        "(145, 227)",
        "(144, 896)",
        "(542, 583)",
        "(74, 290)",
        "(192, 276)",
        "(523, 950)",
        "(340, 792)",
        "(594, 171)",
        "(536, 240)",
        "(230, 434)"
    ],
    "(523, 950)": [
        "(339, 857)",
        "(536, 307)",
        "(409, 226)",
        "(520, 683)",
        "(192, 276)",
        "(145, 227)",
        "(5, 81)",
        "(536, 240)",
        "(74, 777)",
        "(851, 740)"
    ],
    "(679, 367)": [
        "(542, 583)",
        "(333, 44)",
        "(741, 60)",
        "(74, 777)",
        "(541, 453)",
        "(144, 896)",
        "(409, 226)",
        "(851, 740)",
        "(966, 851)",
        "(124, 382)",
        "(594, 171)",
        "(339, 857)",
        "(340, 792)",
        "(536, 307)"
    ],
    "(5, 81)": [
        "(230, 434)",
        "(966, 851)",
        "(956, 69)",
        "(594, 171)",
        "(339, 857)",
        "(124, 382)",
        "(98, 201)",
        "(333, 44)",
        "(523, 950)",
        "(851, 740)",
        "(542, 583)",
        "(74, 290)",
        "(541, 453)",
        "(192, 276)",
        "(145, 227)"
    ],
    "(124, 382)": [
        "(144, 896)",
        "(41, 346)",
        "(340, 792)",
        "(545, 250)",
        "(5, 81)",
        "(333, 44)",
        "(542, 583)",
        "(536, 307)",
        "(541, 453)",
        "(679, 367)"
    ],
    "(545, 250)": [
        "(340, 792)",
        "(98, 201)",
        "(966, 851)",
        "(339, 857)",
        "(203, 116)",
        "(541, 453)",
        "(409, 226)",
        "(124, 382)",
        "(74, 777)",
        "(741, 60)",
        "(851, 740)",
        "(956, 69)",
        "(542, 583)"
    ],
    "(542, 583)": [
        "(230, 434)",
        "(536, 307)",
        "(594, 171)",
        "(41, 346)",
        "(203, 116)",
        "(679, 367)",
        "(520, 683)",
        "(339, 857)",
        "(966, 851)",
        "(124, 382)",
        "(145, 227)",
        "(545, 250)",
        "(74, 777)",
        "(5, 81)",
        "(192, 276)",
        "(340, 792)"
    ],
    "(340, 792)": [
        "(545, 250)",
        "(966, 851)",
        "(594, 171)",
        "(124, 382)",
        "(741, 60)",
        "(520, 683)",
        "(144, 896)",
        "(145, 227)",
        "(536, 307)",
        "(851, 740)",
        "(333, 44)",
        "(98, 201)",
        "(679, 367)",
        "(542, 583)"
    ],
    "(74, 777)": [
        "(203, 116)",
        "(74, 290)",
        "(966, 851)",
        "(230, 434)",
        "(192, 276)",
        "(339, 857)",
        "(333, 44)",
        "(545, 250)",
        "(594, 171)",
        "(679, 367)",
        "(523, 950)",
        "(542, 583)",
        "(851, 740)",
        "(536, 307)"
    ],
    "(203, 116)": [
        "(74, 777)",
        "(536, 307)",
        "(542, 583)",
        "(545, 250)",
        "(339, 857)",
        "(192, 276)",
        "(74, 290)",
        "(333, 44)",
        "(230, 434)",
        "(409, 226)",
        "(536, 240)",
        "(594, 171)",
        "(98, 201)",
        "(966, 851)"
    ],
    "(409, 226)": [
        "(545, 250)",
        "(144, 896)",
        "(594, 171)",
        "(966, 851)",
        "(523, 950)",
        "(98, 201)",
        "(679, 367)",
        "(203, 116)",
        "(339, 857)",
        "(956, 69)",
        "(541, 453)",
        "(741, 60)"
    ],
    "(956, 69)": [
        "(520, 683)",
        "(594, 171)",
        "(851, 740)",
        "(5, 81)",
        "(192, 276)",
        "(333, 44)",
        "(545, 250)",
        "(98, 201)",
        "(966, 851)",
        "(409, 226)",
        "(41, 346)",
        "(541, 453)"
    ],
    "(339, 857)": [
        "(851, 740)",
        "(144, 896)",
        "(545, 250)",
        "(41, 346)",
        "(333, 44)",
        "(203, 116)",
        "(536, 307)",
        "(74, 777)",
        "(145, 227)",
        "(523, 950)",
        "(966, 851)",
        "(542, 583)",
        "(5, 81)",
        "(541, 453)",
        "(409, 226)",
        "(230, 434)",
        "(594, 171)",
        "(679, 367)"
    ],
    "(74, 290)": [
        "(145, 227)",
        "(74, 777)",
        "(203, 116)",
        "(851, 740)",
        "(520, 683)",
        "(536, 307)",
        "(541, 453)",
        "(144, 896)",
        "(41, 346)",
        "(192, 276)",
        "(5, 81)",
        "(966, 851)"
    ],
    "(230, 434)": [
        "(542, 583)",
        "(5, 81)",
        "(98, 201)",
        "(74, 777)",
        "(144, 896)",
        "(203, 116)",
        "(966, 851)",
        "(339, 857)",
        "(520, 683)"
    ]
}