{
    "(298, 270)": [
        "(125, 371)",
        "(90, 851)",
        "(594, 558)",
        "(856, 43)",
        "(933, 1)",
        "(982, 239)",
        "(37, 654)",
        "(319, 618)",
        "(952, 617)",
        "(428, 203)",
        "(393, 620)",
        "(392, 106)",
        "(502, 528)",
        "(804, 275)",
        "(631, 50)",
        "(984, 395)",
        "(200, 352)",
        "(539, 155)",
        "(315, 537)",
        "(283, 310)",
        "(518, 465)",
        "(679, 681)",
        "(111, 860)",
        "(5, 338)",
        "(187, 36)",
        "(949, 978)",
        "(532, 100)",
        "(798, 242)",
        "(351, 204)",
        "(648, 398)",
        "(919, 92)",
        "(387, 877)",
        "(876, 269)",
        "(321, 902)"
    ],
    "(5, 338)": [
        "(518, 465)",
        "(876, 269)",
        "(37, 654)",
        "(933, 1)",
        "(415, 482)",
        "(393, 620)",
        "(502, 528)",
        "(648, 398)",
        "(804, 275)",
        "(507, 180)",
        "(306, 9)",
        "(402, 66)",
        "(679, 681)",
        "(949, 978)",
        "(351, 204)",
        "(952, 617)",
        "(90, 851)",
        "(428, 203)",
        "(200, 352)",
        "(630, 512)",
        "(477, 680)",
        "(298, 270)",
        "(187, 36)",
        "(798, 242)",
        "(317, 890)",
        "(631, 50)",
        "(919, 92)",
        "(769, 101)",
        "(952, 245)",
        "(982, 239)",
        "(856, 43)",
        "(392, 106)",
        "(984, 395)",
        "(283, 310)",
        "(315, 537)"
    ],
    "(856, 43)": [
        "(952, 617)",
        "(631, 50)",
        "(125, 371)",
        "(315, 537)",
        "(952, 245)",
        "(319, 618)",
        "(518, 465)",
        "(949, 978)",
        "(298, 270)",
        "(933, 1)",
        "(798, 242)",
        "(919, 92)",
        "(428, 203)",
        "(283, 310)",
        "(674, 119)",
        "(606, 675)",
        "(984, 395)",
        "(502, 528)",
        "(507, 180)",
        "(306, 9)",
        "(415, 482)",
        "(679, 681)",
        "(539, 155)",
        "(387, 877)",
        "(187, 36)",
        "(532, 100)",
        "(90, 851)",
        "(37, 654)",
        "(851, 197)",
        "(392, 106)",
        "(477, 680)",
        "(111, 860)",
        "(876, 269)",
        "(648, 398)",
        "(5, 338)",
        "(594, 558)",
        "(804, 275)",
        "(200, 352)",
        "(351, 204)",
        "(982, 239)"
    ],
    "(428, 203)": [
        "(502, 528)",
        "(200, 352)",
        "(392, 106)",
        "(856, 43)",
        "(630, 512)",
        "(298, 270)",
        "(187, 36)",
        "(319, 618)",
        "(283, 310)",
        "(387, 877)",
        "(125, 371)",
        "(111, 860)",
        "(532, 100)",
        "(321, 902)",
        "(90, 851)",
        "(315, 537)",
        "(804, 275)",
        "(5, 338)",
        "(952, 617)",
        "(306, 9)",
        "(851, 197)",
        "(606, 675)",
        "(769, 101)",
        "(539, 155)",
        "(518, 465)",
        "(402, 66)",
        "(317, 890)",
        "(933, 1)",
        "(507, 180)",
        "(876, 269)",
        "(982, 239)",
        "(952, 245)",
        "(393, 620)"
    ],
    "(125, 371)": [
        "(298, 270)",
        "(111, 860)",
        "(856, 43)",
        "(315, 537)",
        "(283, 310)",
        "(392, 106)",
        "(679, 681)",
        "(952, 245)",
        "(630, 512)",
        "(769, 101)",
        "(306, 9)",
        "(415, 482)",
        "(200, 352)",
        "(984, 395)",
        "(798, 242)",
        "(606, 675)",
        "(428, 203)",
        "(319, 618)",
        "(351, 204)",
        "(393, 620)",
        "(402, 66)",
        "(477, 680)",
        "(187, 36)",
        "(952, 617)",
        "(37, 654)",
        "(631, 50)",
        "(539, 155)",
        "(532, 100)",
        "(982, 239)",
        "(674, 119)",
        "(933, 1)",
        "(804, 275)",
        "(949, 978)",
        "(876, 269)",
        "(851, 197)",
        "(507, 180)",
        "(90, 851)",
        "(321, 902)",
        "(648, 398)"
    ],
    "(306, 9)": [
        "(321, 902)",
        "(392, 106)",
        "(606, 675)",
        "(674, 119)",
        "(876, 269)",
        "(502, 528)",
        "(630, 512)",
        "(982, 239)",
        "(125, 371)",
        "(315, 537)",
        "(952, 617)",
        "(351, 204)",
        "(477, 680)",
        "(798, 242)",
        "(5, 338)",
        "(856, 43)",
        "(518, 465)",
        "(37, 654)",
        "(804, 275)",
        "(111, 860)",
        "(532, 100)",
        "(393, 620)",
        "(949, 978)",
        "(428, 203)",
        "(387, 877)",
        "(933, 1)",
        "(415, 482)",
        "(851, 197)",
        "(648, 398)",
        "(402, 66)",
        "(187, 36)",
        "(90, 851)",
        "(984, 395)",
        "(679, 681)",
        "(539, 155)"
    ],
    "(200, 352)": [
        "(952, 245)",
        "(283, 310)",
        "(321, 902)",
        "(428, 203)",
        "(532, 100)",
        "(804, 275)",
        "(351, 204)",
        "(477, 680)",
        "(539, 155)",
        "(392, 106)",
        "(851, 197)",
        "(37, 654)",
        "(125, 371)",
        "(415, 482)",
        "(630, 512)",
        "(919, 92)",
        "(876, 269)",
        "(298, 270)",
        "(317, 890)",
        "(982, 239)",
        "(507, 180)",
        "(393, 620)",
        "(518, 465)",
        "(5, 338)",
        "(798, 242)",
        "(933, 1)",
        "(949, 978)",
        "(319, 618)",
        "(187, 36)",
        "(952, 617)",
        "(679, 681)",
        "(606, 675)",
        "(984, 395)",
        "(631, 50)",
        "(502, 528)",
        "(856, 43)"
    ],
    "(415, 482)": [
        "(798, 242)",
        "(606, 675)",
        "(984, 395)",
        "(402, 66)",
        "(518, 465)",
        "(982, 239)",
        "(125, 371)",
        "(594, 558)",
        "(851, 197)",
        "(674, 119)",
        "(502, 528)",
        "(5, 338)",
        "(769, 101)",
        "(351, 204)",
        "(200, 352)",
        "(539, 155)",
        "(393, 620)",
        "(856, 43)",
        "(90, 851)",
        "(630, 512)",
        "(949, 978)",
        "(952, 245)",
        "(679, 681)",
        "(319, 618)",
        "(317, 890)",
        "(392, 106)",
        "(111, 860)",
        "(631, 50)",
        "(933, 1)",
        "(387, 877)",
        "(876, 269)",
        "(315, 537)",
        "(306, 9)",
        "(507, 180)",
        "(477, 680)",
        "(37, 654)",
        "(648, 398)"
    ],
    "(502, 528)": [
        "(428, 203)",
        "(769, 101)",
        "(952, 245)",
        "(648, 398)",
        "(507, 180)",
        "(111, 860)",
        "(306, 9)",
        "(317, 890)",
        "(984, 395)",
        "(351, 204)",
        "(630, 512)",
        "(919, 92)",
        "(415, 482)",
        "(5, 338)",
        "(298, 270)",
        "(856, 43)",
        "(283, 310)",
        "(477, 680)",
        "(90, 851)",
        "(631, 50)",
        "(387, 877)",
        "(187, 36)",
        "(876, 269)",
        "(606, 675)",
        "(952, 617)",
        "(319, 618)",
        "(37, 654)",
        "(679, 681)",
        "(982, 239)",
        "(518, 465)",
        "(200, 352)",
        "(315, 537)",
        "(933, 1)"
    ],
    "(798, 242)": [
        "(630, 512)",
        "(415, 482)",
        "(111, 860)",
        "(317, 890)",
        "(949, 978)",
        "(319, 618)",
        "(532, 100)",
        "(679, 681)",
        "(952, 617)",
        "(606, 675)",
        "(856, 43)",
        "(90, 851)",
        "(933, 1)",
        "(876, 269)",
        "(125, 371)",
        "(392, 106)",
        "(674, 119)",
        "(306, 9)",
        "(477, 680)",
        "(982, 239)",
        "(648, 398)",
        "(518, 465)",
        "(804, 275)",
        "(539, 155)",
        "(631, 50)",
        "(200, 352)",
        "(984, 395)",
        "(769, 101)",
        "(5, 338)",
        "(321, 902)",
        "(315, 537)",
        "(387, 877)",
        "(298, 270)",
        "(187, 36)",
        "(283, 310)"
    ],
    "(606, 675)": [
        "(984, 395)",
        "(415, 482)",
        "(306, 9)",
        "(798, 242)",
        "(351, 204)",
        "(856, 43)",
        "(317, 890)",
        "(518, 465)",
        "(125, 371)",
        "(37, 654)",
        "(392, 106)",
        "(477, 680)",
        "(648, 398)",
        "(933, 1)",
        "(90, 851)",
        "(982, 239)",
        "(630, 512)",
        "(919, 92)",
        "(393, 620)",
        "(502, 528)",
        "(428, 203)",
        "(187, 36)",
        "(315, 537)",
        "(679, 681)",
        "(539, 155)",
        "(532, 100)",
        "(851, 197)",
        "(321, 902)",
        "(200, 352)",
        "(631, 50)",
        "(952, 617)",
        "(804, 275)",
        "(594, 558)"
    ],
    "(518, 465)": [
        "(317, 890)",
        "(5, 338)",
        "(856, 43)",
        "(111, 860)",
        "(402, 66)",
        "(674, 119)",
        "(804, 275)",
        "(415, 482)",
        "(952, 245)",
        "(606, 675)",
        "(982, 239)",
        "(769, 101)",
        "(306, 9)",
        "(594, 558)",
        "(851, 197)",
        "(798, 242)",
        "(631, 50)",
        "(984, 395)",
        "(200, 352)",
        "(477, 680)",
        "(315, 537)",
        "(298, 270)",
        "(351, 204)",
        "(949, 978)",
        "(630, 512)",
        "(507, 180)",
        "(392, 106)",
        "(393, 620)",
        "(283, 310)",
        "(319, 618)",
        "(321, 902)",
        "(539, 155)",
        "(428, 203)",
        "(952, 617)",
        "(648, 398)",
        "(919, 92)",
        "(679, 681)",
        "(876, 269)",
        "(502, 528)",
        "(90, 851)"
    ],
    "(679, 681)": [
        "(798, 242)",
        "(125, 371)",
        "(187, 36)",
        "(933, 1)",
        "(851, 197)",
        "(856, 43)",
        "(5, 338)",
        "(539, 155)",
        "(674, 119)",
        "(392, 106)",
        "(321, 902)",
        "(415, 482)",
        "(37, 654)",
        "(298, 270)",
        "(952, 245)",
        "(594, 558)",
        "(90, 851)",
        "(876, 269)",
        "(606, 675)",
        "(949, 978)",
        "(111, 860)",
        "(502, 528)",
        "(200, 352)",
        "(477, 680)",
        "(952, 617)",
        "(518, 465)",
        "(532, 100)",
        "(306, 9)",
        "(351, 204)"
    ],
    "(319, 618)": [
        "(539, 155)",
        "(317, 890)",
        "(856, 43)",
        "(798, 242)",
        "(351, 204)",
        "(769, 101)",
        "(283, 310)",
        "(298, 270)",
        "(393, 620)",
        "(851, 197)",
        "(630, 512)",
        "(428, 203)",
        "(125, 371)",
        "(477, 680)",
        "(876, 269)",
        "(90, 851)",
        "(919, 92)",
        "(402, 66)",
        "(674, 119)",
        "(952, 245)",
        "(187, 36)",
        "(984, 395)",
        "(415, 482)",
        "(37, 654)",
        "(532, 100)",
        "(392, 106)",
        "(502, 528)",
        "(518, 465)",
        "(111, 860)",
        "(200, 352)",
        "(387, 877)",
        "(982, 239)",
        "(648, 398)",
        "(804, 275)",
        "(933, 1)"
    ],
    "(392, 106)": [
        "(111, 860)",
        "(306, 9)",
        "(477, 680)",
        "(952, 245)",
        "(125, 371)",
        "(187, 36)",
        "(949, 978)",
        "(428, 203)",
        "(982, 239)",
        "(90, 851)",
        "(200, 352)",
        "(876, 269)",
        "(387, 877)",
        "(674, 119)",
        "(298, 270)",
        "(532, 100)",
        "(351, 204)",
        "(798, 242)",
        "(393, 620)",
        "(630, 512)",
        "(283, 310)",
        "(606, 675)",
        "(315, 537)",
        "(679, 681)",
        "(539, 155)",
        "(648, 398)",
        "(804, 275)",
        "(518, 465)",
        "(415, 482)",
        "(319, 618)",
        "(856, 43)",
        "(37, 654)",
        "(507, 180)",
        "(594, 558)",
        "(769, 101)",
        "(5, 338)"
    ],
    "(387, 877)": [
        "(876, 269)",
        "(393, 620)",
        "(317, 890)",
        "(648, 398)",
        "(37, 654)",
        "(477, 680)",
        "(933, 1)",
        "(392, 106)",
        "(674, 119)",
        "(428, 203)",
        "(631, 50)",
        "(804, 275)",
        "(949, 978)",
        "(856, 43)",
        "(502, 528)",
        "(851, 197)",
        "(630, 512)",
        "(351, 204)",
        "(952, 245)",
        "(402, 66)",
        "(315, 537)",
        "(306, 9)",
        "(415, 482)",
        "(319, 618)",
        "(321, 902)",
        "(594, 558)",
        "(798, 242)",
        "(984, 395)",
        "(539, 155)",
        "(769, 101)",
        "(283, 310)",
        "(187, 36)",
        "(507, 180)",
        "(298, 270)"
    ],
    "(876, 269)": [
        "(387, 877)",
        "(90, 851)",
        "(402, 66)",
        "(5, 338)",
        "(315, 537)",
        "(393, 620)",
        "(674, 119)",
        "(306, 9)",
        "(919, 92)",
        "(321, 902)",
        "(283, 310)",
        "(769, 101)",
        "(37, 654)",
        "(507, 180)",
        "(392, 106)",
        "(798, 242)",
        "(984, 395)",
        "(952, 245)",
        "(200, 352)",
        "(319, 618)",
        "(532, 100)",
        "(648, 398)",
        "(933, 1)",
        "(804, 275)",
        "(502, 528)",
        "(187, 36)",
        "(125, 371)",
        "(679, 681)",
        "(415, 482)",
        "(630, 512)",
        "(856, 43)",
        "(428, 203)",
        "(518, 465)",
        "(631, 50)",
        "(298, 270)",
        "(594, 558)"
    ],
    "(283, 310)": [
        "(648, 398)",
        "(949, 978)",
        "(200, 352)",
        "(984, 395)",
        "(125, 371)",
        "(539, 155)",
        "(319, 618)",
        "(982, 239)",
        "(876, 269)",
        "(477, 680)",
        "(856, 43)",
        "(919, 92)",
        "(532, 100)",
        "(428, 203)",
        "(90, 851)",
        "(507, 180)",
        "(502, 528)",
        "(392, 106)",
        "(952, 245)",
        "(952, 617)",
        "(630, 512)",
        "(298, 270)",
        "(674, 119)",
        "(317, 890)",
        "(594, 558)",
        "(518, 465)",
        "(393, 620)",
        "(37, 654)",
        "(402, 66)",
        "(315, 537)",
        "(351, 204)",
        "(387, 877)",
        "(798, 242)",
        "(5, 338)",
        "(187, 36)"
    ],
    "(851, 197)": [
        "(393, 620)",
        "(804, 275)",
        "(351, 204)",
        "(982, 239)",
        "(674, 119)",
        "(631, 50)",
        "(415, 482)",
        "(200, 352)",
        "(319, 618)",
        "(679, 681)",
        "(594, 558)",
        "(321, 902)",
        "(952, 245)",
        "(518, 465)",
        "(648, 398)",
        "(933, 1)",
        "(507, 180)",
        "(387, 877)",
        "(111, 860)",
        "(856, 43)",
        "(428, 203)",
        "(125, 371)",
        "(317, 890)",
        "(606, 675)",
        "(539, 155)",
        "(306, 9)",
        "(402, 66)",
        "(532, 100)",
        "(90, 851)",
        "(769, 101)",
        "(949, 978)"
    ],
    "(402, 66)": [
        "(539, 155)",
        "(631, 50)",
        "(876, 269)",
        "(415, 482)",
        "(317, 890)",
        "(674, 119)",
        "(518, 465)",
        "(111, 860)",
        "(315, 537)",
        "(952, 617)",
        "(393, 620)",
        "(5, 338)",
        "(804, 275)",
        "(125, 371)",
        "(319, 618)",
        "(594, 558)",
        "(351, 204)",
        "(982, 239)",
        "(984, 395)",
        "(387, 877)",
        "(769, 101)",
        "(477, 680)",
        "(949, 978)",
        "(428, 203)",
        "(630, 512)",
        "(283, 310)",
        "(306, 9)",
        "(851, 197)",
        "(952, 245)"
    ],
    "(477, 680)": [
        "(392, 106)",
        "(648, 398)",
        "(200, 352)",
        "(982, 239)",
        "(90, 851)",
        "(283, 310)",
        "(317, 890)",
        "(321, 902)",
        "(507, 180)",
        "(387, 877)",
        "(919, 92)",
        "(306, 9)",
        "(798, 242)",
        "(502, 528)",
        "(984, 395)",
        "(952, 617)",
        "(319, 618)",
        "(125, 371)",
        "(606, 675)",
        "(315, 537)",
        "(949, 978)",
        "(393, 620)",
        "(594, 558)",
        "(518, 465)",
        "(952, 245)",
        "(933, 1)",
        "(5, 338)",
        "(532, 100)",
        "(856, 43)",
        "(402, 66)",
        "(679, 681)",
        "(415, 482)",
        "(111, 860)",
        "(804, 275)"
    ],
    "(315, 537)": [
        "(856, 43)",
        "(876, 269)",
        "(125, 371)",
        "(90, 851)",
        "(321, 902)",
        "(804, 275)",
        "(306, 9)",
        "(402, 66)",
        "(631, 50)",
        "(37, 654)",
        "(674, 119)",
        "(648, 398)",
        "(392, 106)",
        "(477, 680)",
        "(298, 270)",
        "(428, 203)",
        "(532, 100)",
        "(769, 101)",
        "(187, 36)",
        "(518, 465)",
        "(539, 155)",
        "(507, 180)",
        "(919, 92)",
        "(387, 877)",
        "(606, 675)",
        "(982, 239)",
        "(111, 860)",
        "(415, 482)",
        "(798, 242)",
        "(283, 310)",
        "(984, 395)",
        "(502, 528)",
        "(5, 338)"
    ],
    "(769, 101)": [
        "(502, 528)",
        "(321, 902)",
        "(631, 50)",
        "(507, 180)",
        "(319, 618)",
        "(111, 860)",
        "(125, 371)",
        "(876, 269)",
        "(952, 617)",
        "(532, 100)",
        "(415, 482)",
        "(518, 465)",
        "(317, 890)",
        "(187, 36)",
        "(90, 851)",
        "(630, 512)",
        "(393, 620)",
        "(315, 537)",
        "(949, 978)",
        "(351, 204)",
        "(798, 242)",
        "(402, 66)",
        "(428, 203)",
        "(674, 119)",
        "(982, 239)",
        "(5, 338)",
        "(387, 877)",
        "(37, 654)",
        "(539, 155)",
        "(594, 558)",
        "(392, 106)",
        "(804, 275)",
        "(851, 197)"
    ],
    "(952, 617)": [
        "(856, 43)",
        "(393, 620)",
        "(798, 242)",
        "(298, 270)",
        "(594, 558)",
        "(769, 101)",
        "(321, 902)",
        "(984, 395)",
        "(306, 9)",
        "(919, 92)",
        "(539, 155)",
        "(507, 180)",
        "(402, 66)",
        "(37, 654)",
        "(477, 680)",
        "(125, 371)",
        "(187, 36)",
        "(283, 310)",
        "(933, 1)",
        "(804, 275)",
        "(5, 338)",
        "(630, 512)",
        "(949, 978)",
        "(428, 203)",
        "(502, 528)",
        "(518, 465)",
        "(648, 398)",
        "(952, 245)",
        "(200, 352)",
        "(317, 890)",
        "(90, 851)",
        "(679, 681)",
        "(606, 675)"
    ],
    "(111, 860)": [
        "(532, 100)",
        "(125, 371)",
        "(392, 106)",
        "(798, 242)",
        "(539, 155)",
        "(90, 851)",
        "(674, 119)",
        "(351, 204)",
        "(502, 528)",
        "(769, 101)",
        "(518, 465)",
        "(630, 512)",
        "(402, 66)",
        "(507, 180)",
        "(321, 902)",
        "(984, 395)",
        "(187, 36)",
        "(428, 203)",
        "(648, 398)",
        "(306, 9)",
        "(804, 275)",
        "(393, 620)",
        "(952, 245)",
        "(851, 197)",
        "(298, 270)",
        "(415, 482)",
        "(856, 43)",
        "(319, 618)",
        "(315, 537)",
        "(679, 681)",
        "(982, 239)",
        "(631, 50)",
        "(477, 680)",
        "(37, 654)"
    ],
    "(952, 245)": [
        "(648, 398)",
        "(200, 352)",
        "(856, 43)",
        "(321, 902)",
        "(502, 528)",
        "(392, 106)",
        "(630, 512)",
        "(933, 1)",
        "(949, 978)",
        "(125, 371)",
        "(984, 395)",
        "(518, 465)",
        "(674, 119)",
        "(90, 851)",
        "(876, 269)",
        "(851, 197)",
        "(283, 310)",
        "(982, 239)",
        "(319, 618)",
        "(111, 860)",
        "(415, 482)",
        "(477, 680)",
        "(539, 155)",
        "(317, 890)",
        "(387, 877)",
        "(679, 681)",
        "(631, 50)",
        "(532, 100)",
        "(507, 180)",
        "(594, 558)",
        "(351, 204)",
        "(5, 338)",
        "(952, 617)",
        "(804, 275)",
        "(37, 654)",
        "(402, 66)",
        "(919, 92)",
        "(428, 203)"
    ],
    "(37, 654)": [
        "(674, 119)",
        "(919, 92)",
        "(393, 620)",
        "(298, 270)",
        "(949, 978)",
        "(5, 338)",
        "(387, 877)",
        "(876, 269)",
        "(200, 352)",
        "(315, 537)",
        "(606, 675)",
        "(952, 617)",
        "(306, 9)",
        "(125, 371)",
        "(90, 851)",
        "(507, 180)",
        "(984, 395)",
        "(539, 155)",
        "(319, 618)",
        "(856, 43)",
        "(679, 681)",
        "(317, 890)",
        "(392, 106)",
        "(321, 902)",
        "(502, 528)",
        "(283, 310)",
        "(769, 101)",
        "(648, 398)",
        "(631, 50)",
        "(952, 245)",
        "(415, 482)",
        "(111, 860)",
        "(804, 275)"
    ],
    "(317, 890)": [
        "(518, 465)",
        "(90, 851)",
        "(798, 242)",
        "(319, 618)",
        "(919, 92)",
        "(402, 66)",
        "(387, 877)",
        "(502, 528)",
        "(477, 680)",
        "(532, 100)",
        "(606, 675)",
        "(539, 155)",
        "(321, 902)",
        "(769, 101)",
        "(594, 558)",
        "(393, 620)",
        "(200, 352)",
        "(283, 310)",
        "(952, 245)",
        "(415, 482)",
        "(37, 654)",
        "(851, 197)",
        "(187, 36)",
        "(5, 338)",
        "(631, 50)",
        "(984, 395)",
        "(952, 617)",
        "(933, 1)",
        "(428, 203)",
        "(804, 275)",
        "(949, 978)"
    ],
    "(393, 620)": [
        "(387, 877)",
        "(952, 617)",
        "(851, 197)",
        "(631, 50)",
        "(37, 654)",
        "(876, 269)",
        "(319, 618)",
        "(298, 270)",
        "(5, 338)",
        "(392, 106)",
        "(415, 482)",
        "(539, 155)",
        "(402, 66)",
        "(630, 512)",
        "(125, 371)",
        "(984, 395)",
        "(317, 890)",
        "(321, 902)",
        "(477, 680)",
        "(769, 101)",
        "(351, 204)",
        "(200, 352)",
        "(111, 860)",
        "(606, 675)",
        "(90, 851)",
        "(306, 9)",
        "(518, 465)",
        "(804, 275)",
        "(594, 558)",
        "(532, 100)",
        "(283, 310)",
        "(919, 92)",
        "(648, 398)",
        "(949, 978)",
        "(428, 203)"
    ],
    "(507, 180)": [
        "(90, 851)",
        "(321, 902)",
        "(982, 239)",
        "(502, 528)",
        "(769, 101)",
        "(804, 275)",
        "(111, 860)",
        "(477, 680)",
        "(919, 92)",
        "(876, 269)",
        "(952, 617)",
        "(5, 338)",
        "(594, 558)",
        "(283, 310)",
        "(856, 43)",
        "(539, 155)",
        "(933, 1)",
        "(200, 352)",
        "(674, 119)",
        "(851, 197)",
        "(984, 395)",
        "(37, 654)",
        "(518, 465)",
        "(315, 537)",
        "(630, 512)",
        "(952, 245)",
        "(125, 371)",
        "(415, 482)",
        "(392, 106)",
        "(428, 203)",
        "(187, 36)",
        "(387, 877)",
        "(532, 100)"
    ],
    "(630, 512)": [
        "(187, 36)",
        "(798, 242)",
        "(933, 1)",
        "(952, 245)",
        "(306, 9)",
        "(111, 860)",
        "(532, 100)",
        "(804, 275)",
        "(125, 371)",
        "(428, 203)",
        "(502, 528)",
        "(984, 395)",
        "(319, 618)",
        "(674, 119)",
        "(392, 106)",
        "(631, 50)",
        "(393, 620)",
        "(200, 352)",
        "(415, 482)",
        "(769, 101)",
        "(606, 675)",
        "(283, 310)",
        "(387, 877)",
        "(952, 617)",
        "(518, 465)",
        "(5, 338)",
        "(507, 180)",
        "(90, 851)",
        "(919, 92)",
        "(876, 269)",
        "(402, 66)",
        "(648, 398)",
        "(594, 558)",
        "(982, 239)"
    ],
    "(919, 92)": [
        "(804, 275)",
        "(37, 654)",
        "(317, 890)",
        "(876, 269)",
        "(321, 902)",
        "(856, 43)",
        "(502, 528)",
        "(507, 180)",
        "(532, 100)",
        "(952, 617)",
        "(949, 978)",
        "(283, 310)",
        "(477, 680)",
        "(200, 352)",
        "(319, 618)",
        "(933, 1)",
        "(631, 50)",
        "(606, 675)",
        "(594, 558)",
        "(315, 537)",
        "(630, 512)",
        "(187, 36)",
        "(5, 338)",
        "(674, 119)",
        "(298, 270)",
        "(393, 620)",
        "(518, 465)",
        "(90, 851)",
        "(952, 245)",
        "(648, 398)"
    ],
    "(648, 398)": [
        "(949, 978)",
        "(283, 310)",
        "(952, 245)",
        "(321, 902)",
        "(674, 119)",
        "(477, 680)",
        "(532, 100)",
        "(502, 528)",
        "(631, 50)",
        "(387, 877)",
        "(5, 338)",
        "(315, 537)",
        "(984, 395)",
        "(111, 860)",
        "(804, 275)",
        "(606, 675)",
        "(851, 197)",
        "(876, 269)",
        "(798, 242)",
        "(392, 106)",
        "(982, 239)",
        "(187, 36)",
        "(351, 204)",
        "(952, 617)",
        "(298, 270)",
        "(630, 512)",
        "(594, 558)",
        "(319, 618)",
        "(856, 43)",
        "(37, 654)",
        "(306, 9)",
        "(90, 851)",
        "(933, 1)",
        "(518, 465)",
        "(393, 620)",
        "(415, 482)",
        "(919, 92)",
        "(539, 155)",
        "(125, 371)"
    ],
    "(984, 395)": [
        "(606, 675)",
        "(283, 310)",
        "(415, 482)",
        "(351, 204)",
        "(502, 528)",
        "(952, 245)",
        "(952, 617)",
        "(630, 512)",
        "(125, 371)",
        "(532, 100)",
        "(856, 43)",
        "(298, 270)",
        "(111, 860)",
        "(876, 269)",
        "(648, 398)",
        "(804, 275)",
        "(933, 1)",
        "(477, 680)",
        "(393, 620)",
        "(90, 851)",
        "(949, 978)",
        "(319, 618)",
        "(321, 902)",
        "(518, 465)",
        "(507, 180)",
        "(37, 654)",
        "(402, 66)",
        "(798, 242)",
        "(631, 50)",
        "(387, 877)",
        "(317, 890)",
        "(315, 537)",
        "(200, 352)",
        "(5, 338)",
        "(306, 9)",
        "(187, 36)"
    ],
    "(532, 100)": [
        "(111, 860)",
        "(648, 398)",
        "(798, 242)",
        "(200, 352)",
        "(982, 239)",
        "(187, 36)",
        "(630, 512)",
        "(769, 101)",
        "(804, 275)",
        "(919, 92)",
        "(317, 890)",
        "(984, 395)",
        "(594, 558)",
        "(674, 119)",
        "(392, 106)",
        "(283, 310)",
        "(539, 155)",
        "(428, 203)",
        "(876, 269)",
        "(306, 9)",
        "(125, 371)",
        "(315, 537)",
        "(856, 43)",
        "(319, 618)",
        "(933, 1)",
        "(477, 680)",
        "(393, 620)",
        "(952, 245)",
        "(606, 675)",
        "(298, 270)",
        "(351, 204)",
        "(679, 681)",
        "(851, 197)",
        "(507, 180)",
        "(949, 978)"
    ],
    "(539, 155)": [
        "(402, 66)",
        "(319, 618)",
        "(111, 860)",
        "(283, 310)",
        "(200, 352)",
        "(674, 119)",
        "(952, 617)",
        "(415, 482)",
        "(317, 890)",
        "(321, 902)",
        "(393, 620)",
        "(532, 100)",
        "(933, 1)",
        "(507, 180)",
        "(856, 43)",
        "(679, 681)",
        "(187, 36)",
        "(298, 270)",
        "(392, 106)",
        "(125, 371)",
        "(798, 242)",
        "(37, 654)",
        "(315, 537)",
        "(952, 245)",
        "(428, 203)",
        "(606, 675)",
        "(518, 465)",
        "(982, 239)",
        "(387, 877)",
        "(851, 197)",
        "(769, 101)",
        "(804, 275)",
        "(351, 204)",
        "(648, 398)",
        "(306, 9)"
    ],
    "(982, 239)": [
        "(507, 180)",
        "(851, 197)",
        "(532, 100)",
        "(298, 270)",
        "(477, 680)",
        "(283, 310)",
        "(392, 106)",
        "(306, 9)",
        "(415, 482)",
        "(518, 465)",
        "(594, 558)",
        "(798, 242)",
        "(631, 50)",
        "(952, 245)",
        "(321, 902)",
        "(200, 352)",
        "(606, 675)",
        "(648, 398)",
        "(125, 371)",
        "(402, 66)",
        "(351, 204)",
        "(315, 537)",
        "(769, 101)",
        "(539, 155)",
        "(674, 119)",
        "(187, 36)",
        "(111, 860)",
        "(319, 618)",
        "(5, 338)",
        "(502, 528)",
        "(428, 203)",
        "(90, 851)",
        "(630, 512)",
        "(856, 43)"
    ],
    "(804, 275)": [
        "(919, 92)",
        "(851, 197)",
        "(200, 352)",
        "(507, 180)",
        "(630, 512)",
        "(518, 465)",
        "(315, 537)",
        "(532, 100)",
        "(631, 50)",
        "(298, 270)",
        "(387, 877)",
        "(5, 338)",
        "(402, 66)",
        "(984, 395)",
        "(306, 9)",
        "(648, 398)",
        "(111, 860)",
        "(798, 242)",
        "(952, 617)",
        "(428, 203)",
        "(949, 978)",
        "(933, 1)",
        "(392, 106)",
        "(876, 269)",
        "(125, 371)",
        "(187, 36)",
        "(393, 620)",
        "(90, 851)",
        "(594, 558)",
        "(674, 119)",
        "(952, 245)",
        "(319, 618)",
        "(856, 43)",
        "(769, 101)",
        "(317, 890)",
        "(539, 155)",
        "(606, 675)",
        "(477, 680)",
        "(37, 654)"
    ],
    "(949, 978)": [
        "(648, 398)",
        "(283, 310)",
        "(798, 242)",
        "(856, 43)",
        "(392, 106)",
        "(952, 245)",
        "(37, 654)",
        "(594, 558)",
        "(321, 902)",
        "(919, 92)",
        "(90, 851)",
        "(387, 877)",
        "(5, 338)",
        "(477, 680)",
        "(984, 395)",
        "(804, 275)",
        "(415, 482)",
        "(351, 204)",
        "(952, 617)",
        "(769, 101)",
        "(518, 465)",
        "(306, 9)",
        "(125, 371)",
        "(200, 352)",
        "(679, 681)",
        "(298, 270)",
        "(402, 66)",
        "(631, 50)",
        "(933, 1)",
        "(393, 620)",
        "(317, 890)",
        "(532, 100)",
        "(851, 197)"
    ],
    "(187, 36)": [
        "(630, 512)",
        "(933, 1)",
        "(392, 106)",
        "(532, 100)",
        "(594, 558)",
        "(428, 203)",
        "(679, 681)",
        "(90, 851)",
        "(111, 860)",
        "(125, 371)",
        "(539, 155)",
        "(769, 101)",
        "(952, 617)",
        "(856, 43)",
        "(319, 618)",
        "(502, 528)",
        "(351, 204)",
        "(648, 398)",
        "(315, 537)",
        "(804, 275)",
        "(631, 50)",
        "(876, 269)",
        "(606, 675)",
        "(5, 338)",
        "(298, 270)",
        "(919, 92)",
        "(317, 890)",
        "(200, 352)",
        "(982, 239)",
        "(798, 242)",
        "(507, 180)",
        "(306, 9)",
        "(387, 877)",
        "(283, 310)",
        "(984, 395)"
    ],
    "(631, 50)": [
        "(402, 66)",
        "(856, 43)",
        "(393, 620)",
        "(769, 101)",
        "(648, 398)",
        "(851, 197)",
        "(804, 275)",
        "(315, 537)",
        "(298, 270)",
        "(387, 877)",
        "(630, 512)",
        "(982, 239)",
        "(933, 1)",
        "(594, 558)",
        "(502, 528)",
        "(125, 371)",
        "(518, 465)",
        "(919, 92)",
        "(351, 204)",
        "(798, 242)",
        "(187, 36)",
        "(952, 245)",
        "(415, 482)",
        "(984, 395)",
        "(5, 338)",
        "(317, 890)",
        "(111, 860)",
        "(949, 978)",
        "(606, 675)",
        "(37, 654)",
        "(200, 352)",
        "(674, 119)",
        "(876, 269)"
    ],
    "(674, 119)": [
        "(648, 398)",
        "(37, 654)",
        "(111, 860)",
        "(402, 66)",
        "(876, 269)",
        "(306, 9)",
        "(518, 465)",
        "(856, 43)",
        "(851, 197)",
        "(415, 482)",
        "(539, 155)",
        "(90, 851)",
        "(392, 106)",
        "(952, 245)",
        "(532, 100)",
        "(387, 877)",
        "(630, 512)",
        "(798, 242)",
        "(933, 1)",
        "(315, 537)",
        "(679, 681)",
        "(319, 618)",
        "(507, 180)",
        "(283, 310)",
        "(125, 371)",
        "(351, 204)",
        "(769, 101)",
        "(982, 239)",
        "(804, 275)",
        "(919, 92)",
        "(594, 558)",
        "(631, 50)"
    ],
    "(594, 558)": [
        "(351, 204)",
        "(298, 270)",
        "(187, 36)",
        "(949, 978)",
        "(952, 617)",
        "(415, 482)",
        "(532, 100)",
        "(507, 180)",
        "(851, 197)",
        "(982, 239)",
        "(518, 465)",
        "(321, 902)",
        "(317, 890)",
        "(631, 50)",
        "(402, 66)",
        "(90, 851)",
        "(477, 680)",
        "(919, 92)",
        "(933, 1)",
        "(283, 310)",
        "(679, 681)",
        "(393, 620)",
        "(952, 245)",
        "(804, 275)",
        "(387, 877)",
        "(648, 398)",
        "(392, 106)",
        "(769, 101)",
        "(856, 43)",
        "(630, 512)",
        "(674, 119)",
        "(876, 269)",
        "(606, 675)"
    ],
    "(90, 851)": [
        "(507, 180)",
        "(876, 269)",
        "(317, 890)",
        "(298, 270)",
        "(111, 860)",
        "(315, 537)",
        "(477, 680)",
        "(798, 242)",
        "(392, 106)",
        "(674, 119)",
        "(952, 245)",
        "(949, 978)",
        "(283, 310)",
        "(187, 36)",
        "(415, 482)",
        "(321, 902)",
        "(984, 395)",
        "(319, 618)",
        "(502, 528)",
        "(606, 675)",
        "(428, 203)",
        "(769, 101)",
        "(594, 558)",
        "(37, 654)",
        "(856, 43)",
        "(5, 338)",
        "(393, 620)",
        "(630, 512)",
        "(679, 681)",
        "(804, 275)",
        "(125, 371)",
        "(351, 204)",
        "(648, 398)",
        "(952, 617)",
        "(919, 92)",
        "(306, 9)",
        "(851, 197)",
        "(982, 239)",
        "(518, 465)"
    ],
    "(933, 1)": [
        "(187, 36)",
        "(630, 512)",
        "(952, 245)",
        "(856, 43)",
        "(298, 270)",
        "(5, 338)",
        "(387, 877)",
        "(679, 681)",
        "(798, 242)",
        "(674, 119)",
        "(539, 155)",
        "(984, 395)",
        "(606, 675)",
        "(631, 50)",
        "(919, 92)",
        "(952, 617)",
        "(507, 180)",
        "(851, 197)",
        "(876, 269)",
        "(804, 275)",
        "(125, 371)",
        "(477, 680)",
        "(532, 100)",
        "(321, 902)",
        "(594, 558)",
        "(200, 352)",
        "(415, 482)",
        "(306, 9)",
        "(317, 890)",
        "(428, 203)",
        "(648, 398)",
        "(949, 978)",
        "(351, 204)",
        "(319, 618)",
        "(502, 528)"
    ],
    "(321, 902)": [
        "(648, 398)",
        "(306, 9)",
        "(200, 352)",
        "(769, 101)",
        "(507, 180)",
        "(952, 245)",
        "(315, 537)",
        "(876, 269)",
        "(919, 92)",
        "(477, 680)",
        "(952, 617)",
        "(949, 978)",
        "(111, 860)",
        "(539, 155)",
        "(317, 890)",
        "(851, 197)",
        "(428, 203)",
        "(594, 558)",
        "(90, 851)",
        "(393, 620)",
        "(982, 239)",
        "(984, 395)",
        "(679, 681)",
        "(933, 1)",
        "(518, 465)",
        "(387, 877)",
        "(37, 654)",
        "(798, 242)",
        "(606, 675)",
        "(351, 204)",
        "(125, 371)",
        "(298, 270)"
    ],
    "(351, 204)": [
        "(594, 558)",
        "(111, 860)",
        "(851, 197)",
        "(200, 352)",
        "(319, 618)",
        "(984, 395)",
        "(606, 675)",
        "(502, 528)",
        "(415, 482)",
        "(392, 106)",
        "(306, 9)",
        "(125, 371)",
        "(5, 338)",
        "(402, 66)",
        "(393, 620)",
        "(187, 36)",
        "(949, 978)",
        "(518, 465)",
        "(631, 50)",
        "(387, 877)",
        "(674, 119)",
        "(648, 398)",
        "(769, 101)",
        "(982, 239)",
        "(952, 245)",
        "(90, 851)",
        "(298, 270)",
        "(532, 100)",
        "(321, 902)",
        "(933, 1)",
        "(283, 310)",
        "(539, 155)",
        "(856, 43)",
        "(679, 681)"
    ]
}