{
    "(310, 289)": [
        "(185, 362)",
        "(75, 124)",
        "(53, 870)",
        "(465, 237)",
        "(798, 274)"
    ],
    "(501, 43)": [
        "(309, 173)",
        "(759, 219)",
        "(537, 786)",
        "(767, 50)",
        "(185, 362)",
        "(212, 780)",
        "(753, 954)",
        "(205, 602)",
        "(899, 645)",
        "(725, 446)"
    ],
    "(204, 488)": [
        "(445, 917)",
        "(205, 602)",
        "(53, 870)",
        "(796, 528)",
        "(101, 867)",
        "(738, 251)",
        "(831, 991)",
        "(657, 496)",
        "(759, 219)",
        "(740, 795)"
    ],
    "(259, 147)": [
        "(537, 786)",
        "(53, 870)",
        "(494, 436)",
        "(753, 954)",
        "(18, 114)",
        "(101, 867)",
        "(831, 991)",
        "(205, 602)"
    ],
    "(710, 325)": [
        "(725, 446)",
        "(309, 173)",
        "(767, 50)",
        "(954, 763)",
        "(465, 237)",
        "(831, 991)",
        "(374, 232)",
        "(796, 528)",
        "(329, 426)"
    ],
    "(53, 870)": [
        "(259, 147)",
        "(767, 50)",
        "(329, 426)",
        "(18, 114)",
        "(310, 289)",
        "(204, 488)",
        "(246, 369)",
        "(740, 795)",
        "(212, 780)",
        "(465, 237)"
    ],
    "(767, 50)": [
        "(246, 369)",
        "(740, 795)",
        "(710, 325)",
        "(212, 780)",
        "(53, 870)",
        "(501, 43)",
        "(75, 124)",
        "(753, 513)",
        "(738, 251)",
        "(708, 259)",
        "(959, 441)"
    ],
    "(2, 412)": [
        "(765, 824)",
        "(246, 369)",
        "(831, 991)"
    ],
    "(753, 513)": [
        "(725, 446)",
        "(767, 50)",
        "(246, 369)",
        "(753, 954)",
        "(75, 124)",
        "(765, 824)",
        "(798, 274)",
        "(537, 786)",
        "(954, 763)",
        "(899, 645)",
        "(205, 602)"
    ],
    "(537, 786)": [
        "(101, 867)",
        "(259, 147)",
        "(329, 426)",
        "(740, 795)",
        "(501, 43)",
        "(465, 237)",
        "(18, 114)",
        "(725, 446)",
        "(954, 763)",
        "(205, 602)",
        "(212, 780)",
        "(753, 513)"
    ],
    "(954, 763)": [
        "(465, 237)",
        "(710, 325)",
        "(740, 795)",
        "(708, 259)",
        "(185, 362)",
        "(75, 124)",
        "(246, 369)",
        "(329, 426)",
        "(537, 786)",
        "(738, 251)",
        "(494, 436)",
        "(101, 867)",
        "(753, 513)",
        "(759, 219)"
    ],
    "(465, 237)": [
        "(954, 763)",
        "(765, 824)",
        "(710, 325)",
        "(537, 786)",
        "(657, 496)",
        "(310, 289)",
        "(75, 124)",
        "(185, 362)",
        "(101, 867)",
        "(329, 426)",
        "(738, 251)",
        "(740, 795)",
        "(831, 991)",
        "(53, 870)"
    ],
    "(205, 602)": [
        "(309, 173)",
        "(204, 488)",
        "(740, 795)",
        "(501, 43)",
        "(374, 232)",
        "(708, 259)",
        "(899, 645)",
        "(753, 954)",
        "(259, 147)",
        "(537, 786)",
        "(753, 513)"
    ],
    "(309, 173)": [
        "(710, 325)",
        "(753, 954)",
        "(501, 43)",
        "(205, 602)",
        "(75, 124)",
        "(494, 436)",
        "(18, 114)"
    ],
    "(753, 954)": [
        "(309, 173)",
        "(657, 496)",
        "(259, 147)",
        "(708, 259)",
        "(501, 43)",
        "(753, 513)",
        "(246, 369)",
        "(796, 528)",
        "(205, 602)",
        "(831, 991)",
        "(798, 274)",
        "(740, 795)"
    ],
    "(657, 496)": [
        "(329, 426)",
        "(753, 954)",
        "(212, 780)",
        "(465, 237)",
        "(759, 219)",
        "(899, 645)",
        "(204, 488)",
        "(959, 441)",
        "(101, 867)"
    ],
    "(765, 824)": [
        "(18, 114)",
        "(2, 412)",
        "(465, 237)",
        "(329, 426)",
        "(101, 867)",
        "(753, 513)",
        "(494, 436)"
    ],
    "(899, 645)": [
        "(445, 917)",
        "(798, 274)",
        "(657, 496)",
        "(501, 43)",
        "(205, 602)",
        "(753, 513)",
        "(374, 232)",
        "(725, 446)"
    ],
    "(374, 232)": [
        "(75, 124)",
        "(185, 362)",
        "(205, 602)",
        "(708, 259)",
        "(710, 325)",
        "(899, 645)"
    ],
    "(959, 441)": [
        "(246, 369)",
        "(445, 917)",
        "(212, 780)",
        "(796, 528)",
        "(101, 867)",
        "(767, 50)",
        "(657, 496)",
        "(708, 259)"
    ],
    "(796, 528)": [
        "(738, 251)",
        "(246, 369)",
        "(708, 259)",
        "(75, 124)",
        "(959, 441)",
        "(18, 114)",
        "(204, 488)",
        "(753, 954)",
        "(710, 325)"
    ],
    "(798, 274)": [
        "(310, 289)",
        "(899, 645)",
        "(753, 954)",
        "(753, 513)"
    ],
    "(494, 436)": [
        "(445, 917)",
        "(259, 147)",
        "(740, 795)",
        "(329, 426)",
        "(954, 763)",
        "(309, 173)",
        "(765, 824)",
        "(246, 369)"
    ],
    "(101, 867)": [
        "(537, 786)",
        "(740, 795)",
        "(18, 114)",
        "(738, 251)",
        "(708, 259)",
        "(959, 441)",
        "(204, 488)",
        "(465, 237)",
        "(765, 824)",
        "(185, 362)",
        "(259, 147)",
        "(954, 763)",
        "(657, 496)"
    ],
    "(725, 446)": [
        "(710, 325)",
        "(831, 991)",
        "(753, 513)",
        "(537, 786)",
        "(740, 795)",
        "(501, 43)",
        "(899, 645)"
    ],
    "(759, 219)": [
        "(501, 43)",
        "(708, 259)",
        "(657, 496)",
        "(204, 488)",
        "(954, 763)"
    ],
    "(246, 369)": [
        "(767, 50)",
        "(796, 528)",
        "(959, 441)",
        "(2, 412)",
        "(738, 251)",
        "(954, 763)",
        "(753, 513)",
        "(53, 870)",
        "(753, 954)",
        "(831, 991)",
        "(75, 124)",
        "(494, 436)",
        "(329, 426)"
    ],
    "(329, 426)": [
        "(657, 496)",
        "(537, 786)",
        "(53, 870)",
        "(765, 824)",
        "(954, 763)",
        "(465, 237)",
        "(494, 436)",
        "(246, 369)",
        "(710, 325)"
    ],
    "(740, 795)": [
        "(101, 867)",
        "(767, 50)",
        "(185, 362)",
        "(537, 786)",
        "(954, 763)",
        "(205, 602)",
        "(494, 436)",
        "(738, 251)",
        "(53, 870)",
        "(725, 446)",
        "(204, 488)",
        "(465, 237)",
        "(753, 954)"
    ],
    "(445, 917)": [
        "(494, 436)",
        "(899, 645)",
        "(204, 488)",
        "(959, 441)",
        "(831, 991)",
        "(185, 362)"
    ],
    "(831, 991)": [
        "(18, 114)",
        "(725, 446)",
        "(445, 917)",
        "(710, 325)",
        "(2, 412)",
        "(204, 488)",
        "(246, 369)",
        "(465, 237)",
        "(753, 954)",
        "(259, 147)"
    ],
    "(738, 251)": [
        "(796, 528)",
        "(101, 867)",
        "(767, 50)",
        "(246, 369)",
        "(204, 488)",
        "(740, 795)",
        "(465, 237)",
        "(954, 763)",
        "(708, 259)"
    ],
    "(75, 124)": [
        "(310, 289)",
        "(374, 232)",
        "(767, 50)",
        "(796, 528)",
        "(309, 173)",
        "(954, 763)",
        "(465, 237)",
        "(753, 513)",
        "(246, 369)"
    ],
    "(212, 780)": [
        "(767, 50)",
        "(657, 496)",
        "(501, 43)",
        "(959, 441)",
        "(53, 870)",
        "(537, 786)"
    ],
    "(185, 362)": [
        "(310, 289)",
        "(740, 795)",
        "(501, 43)",
        "(954, 763)",
        "(465, 237)",
        "(445, 917)",
        "(374, 232)",
        "(101, 867)"
    ],
    "(708, 259)": [
        "(796, 528)",
        "(954, 763)",
        "(759, 219)",
        "(767, 50)",
        "(753, 954)",
        "(101, 867)",
        "(205, 602)",
        "(374, 232)",
        "(959, 441)",
        "(738, 251)"
    ],
    "(18, 114)": [
        "(101, 867)",
        "(831, 991)",
        "(765, 824)",
        "(53, 870)",
        "(537, 786)",
        "(796, 528)",
        "(259, 147)",
        "(309, 173)"
    ]
}