{
    "(236, 626)": [
        "(399, 118)",
        "(518, 238)",
        "(322, 845)",
        "(33, 82)",
        "(761, 416)",
        "(340, 225)",
        "(611, 573)",
        "(61, 776)",
        "(834, 28)",
        "(147, 569)",
        "(8, 262)",
        "(385, 14)",
        "(281, 996)",
        "(383, 40)",
        "(432, 788)",
        "(136, 959)",
        "(663, 585)",
        "(660, 525)",
        "(183, 145)",
        "(672, 658)",
        "(857, 643)",
        "(74, 838)",
        "(534, 413)",
        "(761, 707)",
        "(788, 464)",
        "(149, 37)",
        "(513, 120)",
        "(633, 986)",
        "(881, 465)",
        "(945, 180)",
        "(631, 492)",
        "(302, 580)",
        "(50, 106)",
        "(187, 608)",
        "(410, 661)",
        "(629, 817)",
        "(699, 789)",
        "(77, 184)"
    ],
    "(513, 120)": [
        "(660, 525)",
        "(340, 225)",
        "(100, 705)",
        "(410, 661)",
        "(767, 224)",
        "(631, 492)",
        "(33, 82)",
        "(633, 986)",
        "(629, 817)",
        "(607, 354)",
        "(788, 464)",
        "(857, 643)",
        "(302, 580)",
        "(61, 776)",
        "(881, 465)",
        "(602, 629)",
        "(50, 106)",
        "(383, 40)",
        "(399, 118)",
        "(888, 261)",
        "(281, 996)",
        "(611, 573)",
        "(431, 235)",
        "(236, 626)",
        "(74, 838)",
        "(207, 52)",
        "(8, 262)",
        "(699, 789)",
        "(813, 693)",
        "(187, 608)",
        "(534, 413)",
        "(37, 122)",
        "(432, 788)",
        "(761, 707)",
        "(77, 184)",
        "(183, 145)",
        "(322, 845)",
        "(672, 658)",
        "(149, 37)",
        "(555, 554)",
        "(147, 569)"
    ],
    "(602, 629)": [
        "(53, 537)",
        "(207, 52)",
        "(302, 580)",
        "(761, 707)",
        "(329, 567)",
        "(97, 383)",
        "(61, 776)",
        "(857, 643)",
        "(631, 492)",
        "(37, 122)",
        "(383, 40)",
        "(340, 225)",
        "(136, 959)",
        "(813, 693)",
        "(672, 658)",
        "(187, 608)",
        "(74, 838)",
        "(699, 789)",
        "(513, 120)",
        "(316, 28)",
        "(607, 354)",
        "(77, 184)",
        "(660, 525)",
        "(834, 28)",
        "(518, 238)",
        "(33, 82)",
        "(50, 106)",
        "(432, 788)",
        "(534, 413)",
        "(399, 118)",
        "(410, 661)",
        "(663, 585)",
        "(281, 996)",
        "(147, 569)",
        "(775, 73)",
        "(761, 416)",
        "(555, 554)",
        "(888, 261)",
        "(322, 845)",
        "(629, 817)",
        "(945, 180)"
    ],
    "(834, 28)": [
        "(329, 567)",
        "(77, 184)",
        "(431, 235)",
        "(207, 52)",
        "(399, 118)",
        "(410, 661)",
        "(183, 145)",
        "(888, 261)",
        "(33, 82)",
        "(383, 40)",
        "(629, 817)",
        "(316, 28)",
        "(663, 585)",
        "(236, 626)",
        "(97, 383)",
        "(660, 525)",
        "(767, 224)",
        "(8, 262)",
        "(534, 413)",
        "(187, 608)",
        "(50, 106)",
        "(945, 180)",
        "(602, 629)",
        "(147, 569)",
        "(555, 554)",
        "(633, 986)",
        "(432, 788)",
        "(281, 996)",
        "(100, 705)",
        "(136, 959)",
        "(302, 580)",
        "(61, 776)",
        "(611, 573)",
        "(857, 643)",
        "(53, 537)",
        "(788, 464)",
        "(813, 693)"
    ],
    "(281, 996)": [
        "(322, 845)",
        "(631, 492)",
        "(633, 986)",
        "(607, 354)",
        "(611, 573)",
        "(136, 959)",
        "(857, 643)",
        "(50, 106)",
        "(302, 580)",
        "(383, 40)",
        "(236, 626)",
        "(207, 52)",
        "(813, 693)",
        "(741, 610)",
        "(699, 789)",
        "(187, 608)",
        "(340, 225)",
        "(761, 416)",
        "(97, 383)",
        "(629, 817)",
        "(33, 82)",
        "(513, 120)",
        "(881, 465)",
        "(77, 184)",
        "(37, 122)",
        "(834, 28)",
        "(8, 262)",
        "(61, 776)",
        "(767, 224)",
        "(100, 705)",
        "(602, 629)",
        "(518, 238)",
        "(147, 569)",
        "(534, 413)",
        "(53, 537)",
        "(149, 37)",
        "(183, 145)",
        "(663, 585)",
        "(672, 658)",
        "(888, 261)",
        "(385, 14)"
    ],
    "(945, 180)": [
        "(672, 658)",
        "(207, 52)",
        "(813, 693)",
        "(50, 106)",
        "(660, 525)",
        "(607, 354)",
        "(97, 383)",
        "(788, 464)",
        "(410, 661)",
        "(631, 492)",
        "(881, 465)",
        "(385, 14)",
        "(183, 145)",
        "(767, 224)",
        "(888, 261)",
        "(74, 838)",
        "(53, 537)",
        "(432, 788)",
        "(834, 28)",
        "(100, 705)",
        "(316, 28)",
        "(699, 789)",
        "(302, 580)",
        "(555, 554)",
        "(236, 626)",
        "(775, 73)",
        "(322, 845)",
        "(518, 238)",
        "(329, 567)",
        "(629, 817)",
        "(8, 262)",
        "(77, 184)",
        "(37, 122)",
        "(857, 643)",
        "(602, 629)"
    ],
    "(555, 554)": [
        "(207, 52)",
        "(888, 261)",
        "(399, 118)",
        "(775, 73)",
        "(431, 235)",
        "(77, 184)",
        "(631, 492)",
        "(383, 40)",
        "(147, 569)",
        "(340, 225)",
        "(611, 573)",
        "(761, 707)",
        "(410, 661)",
        "(699, 789)",
        "(97, 383)",
        "(788, 464)",
        "(607, 354)",
        "(834, 28)",
        "(629, 817)",
        "(316, 28)",
        "(322, 845)",
        "(187, 608)",
        "(100, 705)",
        "(518, 238)",
        "(881, 465)",
        "(183, 145)",
        "(61, 776)",
        "(329, 567)",
        "(945, 180)",
        "(432, 788)",
        "(672, 658)",
        "(37, 122)",
        "(74, 838)",
        "(741, 610)",
        "(8, 262)",
        "(302, 580)",
        "(813, 693)",
        "(602, 629)",
        "(857, 643)",
        "(513, 120)"
    ],
    "(857, 643)": [
        "(699, 789)",
        "(147, 569)",
        "(741, 610)",
        "(74, 838)",
        "(633, 986)",
        "(61, 776)",
        "(50, 106)",
        "(813, 693)",
        "(672, 658)",
        "(281, 996)",
        "(53, 537)",
        "(602, 629)",
        "(629, 817)",
        "(888, 261)",
        "(513, 120)",
        "(37, 122)",
        "(399, 118)",
        "(385, 14)",
        "(33, 82)",
        "(788, 464)",
        "(236, 626)",
        "(316, 28)",
        "(432, 788)",
        "(187, 608)",
        "(77, 184)",
        "(611, 573)",
        "(775, 73)",
        "(761, 707)",
        "(631, 492)",
        "(383, 40)",
        "(518, 238)",
        "(183, 145)",
        "(410, 661)",
        "(834, 28)",
        "(302, 580)",
        "(100, 705)",
        "(555, 554)",
        "(761, 416)",
        "(660, 525)",
        "(945, 180)",
        "(97, 383)",
        "(431, 235)"
    ],
    "(302, 580)": [
        "(881, 465)",
        "(187, 608)",
        "(788, 464)",
        "(100, 705)",
        "(602, 629)",
        "(329, 567)",
        "(53, 537)",
        "(629, 817)",
        "(611, 573)",
        "(761, 416)",
        "(607, 354)",
        "(37, 122)",
        "(672, 658)",
        "(663, 585)",
        "(534, 413)",
        "(33, 82)",
        "(281, 996)",
        "(399, 118)",
        "(8, 262)",
        "(513, 120)",
        "(410, 661)",
        "(813, 693)",
        "(97, 383)",
        "(147, 569)",
        "(633, 986)",
        "(207, 52)",
        "(660, 525)",
        "(432, 788)",
        "(431, 235)",
        "(945, 180)",
        "(316, 28)",
        "(383, 40)",
        "(834, 28)",
        "(322, 845)",
        "(136, 959)",
        "(149, 37)",
        "(61, 776)",
        "(236, 626)",
        "(74, 838)",
        "(699, 789)",
        "(183, 145)",
        "(50, 106)",
        "(77, 184)",
        "(555, 554)",
        "(857, 643)",
        "(767, 224)"
    ],
    "(207, 52)": [
        "(555, 554)",
        "(881, 465)",
        "(602, 629)",
        "(136, 959)",
        "(834, 28)",
        "(147, 569)",
        "(788, 464)",
        "(945, 180)",
        "(97, 383)",
        "(761, 707)",
        "(322, 845)",
        "(281, 996)",
        "(316, 28)",
        "(672, 658)",
        "(8, 262)",
        "(74, 838)",
        "(813, 693)",
        "(77, 184)",
        "(741, 610)",
        "(383, 40)",
        "(633, 986)",
        "(53, 537)",
        "(302, 580)",
        "(699, 789)",
        "(513, 120)",
        "(329, 567)",
        "(33, 82)",
        "(431, 235)",
        "(432, 788)",
        "(100, 705)",
        "(149, 37)",
        "(663, 585)",
        "(399, 118)",
        "(50, 106)",
        "(187, 608)",
        "(631, 492)",
        "(761, 416)",
        "(611, 573)",
        "(660, 525)",
        "(385, 14)",
        "(775, 73)"
    ],
    "(316, 28)": [
        "(629, 817)",
        "(518, 238)",
        "(431, 235)",
        "(147, 569)",
        "(834, 28)",
        "(775, 73)",
        "(33, 82)",
        "(74, 838)",
        "(607, 354)",
        "(100, 705)",
        "(881, 465)",
        "(149, 37)",
        "(50, 106)",
        "(631, 492)",
        "(432, 788)",
        "(136, 959)",
        "(699, 789)",
        "(385, 14)",
        "(383, 40)",
        "(207, 52)",
        "(602, 629)",
        "(945, 180)",
        "(741, 610)",
        "(888, 261)",
        "(555, 554)",
        "(187, 608)",
        "(633, 986)",
        "(857, 643)",
        "(660, 525)",
        "(37, 122)",
        "(761, 416)",
        "(77, 184)",
        "(302, 580)",
        "(813, 693)",
        "(788, 464)",
        "(61, 776)",
        "(410, 661)",
        "(672, 658)",
        "(183, 145)",
        "(663, 585)",
        "(53, 537)",
        "(97, 383)"
    ],
    "(881, 465)": [
        "(302, 580)",
        "(322, 845)",
        "(207, 52)",
        "(660, 525)",
        "(74, 838)",
        "(534, 413)",
        "(187, 608)",
        "(77, 184)",
        "(50, 106)",
        "(607, 354)",
        "(741, 610)",
        "(410, 661)",
        "(340, 225)",
        "(136, 959)",
        "(385, 14)",
        "(633, 986)",
        "(767, 224)",
        "(761, 416)",
        "(100, 705)",
        "(33, 82)",
        "(53, 537)",
        "(945, 180)",
        "(399, 118)",
        "(316, 28)",
        "(788, 464)",
        "(37, 122)",
        "(513, 120)",
        "(329, 567)",
        "(97, 383)",
        "(281, 996)",
        "(761, 707)",
        "(555, 554)",
        "(888, 261)",
        "(236, 626)",
        "(431, 235)",
        "(432, 788)",
        "(672, 658)",
        "(663, 585)",
        "(147, 569)",
        "(699, 789)",
        "(631, 492)",
        "(813, 693)",
        "(8, 262)",
        "(775, 73)",
        "(149, 37)",
        "(629, 817)",
        "(383, 40)"
    ],
    "(518, 238)": [
        "(236, 626)",
        "(50, 106)",
        "(316, 28)",
        "(741, 610)",
        "(33, 82)",
        "(74, 838)",
        "(888, 261)",
        "(385, 14)",
        "(431, 235)",
        "(761, 416)",
        "(183, 145)",
        "(775, 73)",
        "(136, 959)",
        "(767, 224)",
        "(699, 789)",
        "(53, 537)",
        "(788, 464)",
        "(149, 37)",
        "(432, 788)",
        "(602, 629)",
        "(631, 492)",
        "(761, 707)",
        "(555, 554)",
        "(857, 643)",
        "(340, 225)",
        "(97, 383)",
        "(281, 996)",
        "(329, 567)",
        "(8, 262)",
        "(399, 118)",
        "(322, 845)",
        "(100, 705)",
        "(629, 817)",
        "(37, 122)",
        "(607, 354)",
        "(945, 180)",
        "(660, 525)",
        "(633, 986)",
        "(663, 585)"
    ],
    "(432, 788)": [
        "(74, 838)",
        "(61, 776)",
        "(761, 707)",
        "(385, 14)",
        "(767, 224)",
        "(37, 122)",
        "(431, 235)",
        "(329, 567)",
        "(8, 262)",
        "(50, 106)",
        "(672, 658)",
        "(53, 537)",
        "(761, 416)",
        "(77, 184)",
        "(399, 118)",
        "(100, 705)",
        "(788, 464)",
        "(316, 28)",
        "(663, 585)",
        "(945, 180)",
        "(97, 383)",
        "(236, 626)",
        "(813, 693)",
        "(518, 238)",
        "(631, 492)",
        "(857, 643)",
        "(834, 28)",
        "(410, 661)",
        "(775, 73)",
        "(611, 573)",
        "(602, 629)",
        "(302, 580)",
        "(881, 465)",
        "(207, 52)",
        "(513, 120)",
        "(555, 554)",
        "(534, 413)"
    ],
    "(534, 413)": [
        "(631, 492)",
        "(53, 537)",
        "(699, 789)",
        "(881, 465)",
        "(74, 838)",
        "(97, 383)",
        "(761, 416)",
        "(302, 580)",
        "(61, 776)",
        "(329, 567)",
        "(385, 14)",
        "(183, 145)",
        "(660, 525)",
        "(410, 661)",
        "(834, 28)",
        "(611, 573)",
        "(767, 224)",
        "(788, 464)",
        "(147, 569)",
        "(50, 106)",
        "(741, 610)",
        "(236, 626)",
        "(602, 629)",
        "(100, 705)",
        "(513, 120)",
        "(629, 817)",
        "(322, 845)",
        "(149, 37)",
        "(281, 996)",
        "(8, 262)",
        "(775, 73)",
        "(633, 986)",
        "(888, 261)",
        "(33, 82)",
        "(432, 788)",
        "(431, 235)",
        "(37, 122)",
        "(136, 959)"
    ],
    "(385, 14)": [
        "(741, 610)",
        "(100, 705)",
        "(50, 106)",
        "(410, 661)",
        "(432, 788)",
        "(399, 118)",
        "(881, 465)",
        "(611, 573)",
        "(518, 238)",
        "(629, 817)",
        "(945, 180)",
        "(607, 354)",
        "(534, 413)",
        "(767, 224)",
        "(236, 626)",
        "(316, 28)",
        "(77, 184)",
        "(888, 261)",
        "(857, 643)",
        "(813, 693)",
        "(136, 959)",
        "(660, 525)",
        "(631, 492)",
        "(8, 262)",
        "(149, 37)",
        "(340, 225)",
        "(183, 145)",
        "(53, 537)",
        "(37, 122)",
        "(383, 40)",
        "(322, 845)",
        "(61, 776)",
        "(147, 569)",
        "(207, 52)",
        "(187, 608)",
        "(281, 996)"
    ],
    "(813, 693)": [
        "(672, 658)",
        "(383, 40)",
        "(53, 537)",
        "(761, 707)",
        "(329, 567)",
        "(857, 643)",
        "(633, 986)",
        "(945, 180)",
        "(741, 610)",
        "(149, 37)",
        "(602, 629)",
        "(77, 184)",
        "(788, 464)",
        "(281, 996)",
        "(385, 14)",
        "(302, 580)",
        "(432, 788)",
        "(207, 52)",
        "(74, 838)",
        "(699, 789)",
        "(660, 525)",
        "(187, 608)",
        "(611, 573)",
        "(431, 235)",
        "(322, 845)",
        "(607, 354)",
        "(147, 569)",
        "(513, 120)",
        "(50, 106)",
        "(399, 118)",
        "(316, 28)",
        "(767, 224)",
        "(775, 73)",
        "(881, 465)",
        "(97, 383)",
        "(888, 261)",
        "(629, 817)",
        "(410, 661)",
        "(555, 554)",
        "(8, 262)",
        "(183, 145)",
        "(834, 28)"
    ],
    "(100, 705)": [
        "(187, 608)",
        "(302, 580)",
        "(513, 120)",
        "(385, 14)",
        "(761, 707)",
        "(631, 492)",
        "(74, 838)",
        "(699, 789)",
        "(741, 610)",
        "(881, 465)",
        "(183, 145)",
        "(316, 28)",
        "(8, 262)",
        "(97, 383)",
        "(431, 235)",
        "(149, 37)",
        "(432, 788)",
        "(775, 73)",
        "(329, 567)",
        "(399, 118)",
        "(50, 106)",
        "(945, 180)",
        "(672, 658)",
        "(629, 817)",
        "(788, 464)",
        "(37, 122)",
        "(410, 661)",
        "(555, 554)",
        "(383, 40)",
        "(834, 28)",
        "(147, 569)",
        "(534, 413)",
        "(281, 996)",
        "(207, 52)",
        "(607, 354)",
        "(518, 238)",
        "(53, 537)",
        "(767, 224)",
        "(857, 643)",
        "(33, 82)",
        "(633, 986)",
        "(136, 959)"
    ],
    "(660, 525)": [
        "(513, 120)",
        "(761, 707)",
        "(881, 465)",
        "(61, 776)",
        "(945, 180)",
        "(147, 569)",
        "(834, 28)",
        "(663, 585)",
        "(136, 959)",
        "(33, 82)",
        "(97, 383)",
        "(888, 261)",
        "(607, 354)",
        "(8, 262)",
        "(534, 413)",
        "(775, 73)",
        "(672, 658)",
        "(611, 573)",
        "(431, 235)",
        "(385, 14)",
        "(602, 629)",
        "(236, 626)",
        "(316, 28)",
        "(813, 693)",
        "(741, 610)",
        "(74, 838)",
        "(302, 580)",
        "(37, 122)",
        "(322, 845)",
        "(788, 464)",
        "(633, 986)",
        "(183, 145)",
        "(518, 238)",
        "(329, 567)",
        "(207, 52)",
        "(187, 608)",
        "(761, 416)",
        "(857, 643)"
    ],
    "(629, 817)": [
        "(316, 28)",
        "(136, 959)",
        "(741, 610)",
        "(607, 354)",
        "(431, 235)",
        "(302, 580)",
        "(149, 37)",
        "(37, 122)",
        "(77, 184)",
        "(834, 28)",
        "(383, 40)",
        "(513, 120)",
        "(385, 14)",
        "(633, 986)",
        "(788, 464)",
        "(53, 537)",
        "(857, 643)",
        "(761, 707)",
        "(699, 789)",
        "(399, 118)",
        "(761, 416)",
        "(555, 554)",
        "(100, 705)",
        "(8, 262)",
        "(74, 838)",
        "(281, 996)",
        "(611, 573)",
        "(187, 608)",
        "(329, 567)",
        "(50, 106)",
        "(534, 413)",
        "(410, 661)",
        "(663, 585)",
        "(340, 225)",
        "(518, 238)",
        "(813, 693)",
        "(888, 261)",
        "(945, 180)",
        "(147, 569)",
        "(672, 658)",
        "(236, 626)",
        "(881, 465)",
        "(602, 629)",
        "(631, 492)"
    ],
    "(775, 73)": [
        "(699, 789)",
        "(97, 383)",
        "(663, 585)",
        "(555, 554)",
        "(37, 122)",
        "(672, 658)",
        "(767, 224)",
        "(50, 106)",
        "(316, 28)",
        "(741, 610)",
        "(410, 661)",
        "(61, 776)",
        "(431, 235)",
        "(187, 608)",
        "(518, 238)",
        "(149, 37)",
        "(660, 525)",
        "(77, 184)",
        "(100, 705)",
        "(399, 118)",
        "(432, 788)",
        "(857, 643)",
        "(383, 40)",
        "(611, 573)",
        "(136, 959)",
        "(813, 693)",
        "(602, 629)",
        "(534, 413)",
        "(329, 567)",
        "(607, 354)",
        "(183, 145)",
        "(945, 180)",
        "(888, 261)",
        "(881, 465)",
        "(761, 707)",
        "(33, 82)",
        "(207, 52)",
        "(8, 262)"
    ],
    "(340, 225)": [
        "(633, 986)",
        "(513, 120)",
        "(399, 118)",
        "(329, 567)",
        "(33, 82)",
        "(236, 626)",
        "(881, 465)",
        "(767, 224)",
        "(761, 707)",
        "(149, 37)",
        "(410, 661)",
        "(761, 416)",
        "(602, 629)",
        "(555, 554)",
        "(699, 789)",
        "(888, 261)",
        "(631, 492)",
        "(383, 40)",
        "(37, 122)",
        "(61, 776)",
        "(281, 996)",
        "(53, 537)",
        "(147, 569)",
        "(741, 610)",
        "(322, 845)",
        "(518, 238)",
        "(672, 658)",
        "(385, 14)",
        "(629, 817)",
        "(77, 184)",
        "(136, 959)",
        "(183, 145)",
        "(611, 573)",
        "(663, 585)",
        "(74, 838)"
    ],
    "(53, 537)": [
        "(534, 413)",
        "(602, 629)",
        "(888, 261)",
        "(788, 464)",
        "(322, 845)",
        "(813, 693)",
        "(302, 580)",
        "(183, 145)",
        "(663, 585)",
        "(8, 262)",
        "(147, 569)",
        "(857, 643)",
        "(881, 465)",
        "(629, 817)",
        "(672, 658)",
        "(432, 788)",
        "(945, 180)",
        "(74, 838)",
        "(518, 238)",
        "(761, 707)",
        "(340, 225)",
        "(37, 122)",
        "(383, 40)",
        "(631, 492)",
        "(207, 52)",
        "(410, 661)",
        "(136, 959)",
        "(431, 235)",
        "(699, 789)",
        "(187, 608)",
        "(329, 567)",
        "(281, 996)",
        "(767, 224)",
        "(385, 14)",
        "(100, 705)",
        "(316, 28)",
        "(97, 383)",
        "(834, 28)",
        "(761, 416)",
        "(77, 184)",
        "(149, 37)"
    ],
    "(611, 573)": [
        "(767, 224)",
        "(302, 580)",
        "(281, 996)",
        "(761, 416)",
        "(385, 14)",
        "(236, 626)",
        "(410, 661)",
        "(555, 554)",
        "(147, 569)",
        "(672, 658)",
        "(183, 145)",
        "(149, 37)",
        "(534, 413)",
        "(383, 40)",
        "(660, 525)",
        "(607, 354)",
        "(513, 120)",
        "(629, 817)",
        "(813, 693)",
        "(857, 643)",
        "(432, 788)",
        "(322, 845)",
        "(761, 707)",
        "(74, 838)",
        "(741, 610)",
        "(788, 464)",
        "(775, 73)",
        "(834, 28)",
        "(33, 82)",
        "(631, 492)",
        "(633, 986)",
        "(431, 235)",
        "(207, 52)",
        "(136, 959)",
        "(50, 106)",
        "(699, 789)",
        "(340, 225)"
    ],
    "(8, 262)": [
        "(761, 416)",
        "(672, 658)",
        "(33, 82)",
        "(53, 537)",
        "(136, 959)",
        "(432, 788)",
        "(761, 707)",
        "(236, 626)",
        "(399, 118)",
        "(660, 525)",
        "(149, 37)",
        "(50, 106)",
        "(100, 705)",
        "(302, 580)",
        "(834, 28)",
        "(207, 52)",
        "(322, 845)",
        "(147, 569)",
        "(383, 40)",
        "(629, 817)",
        "(37, 122)",
        "(61, 776)",
        "(385, 14)",
        "(767, 224)",
        "(513, 120)",
        "(187, 608)",
        "(281, 996)",
        "(183, 145)",
        "(663, 585)",
        "(534, 413)",
        "(518, 238)",
        "(97, 383)",
        "(881, 465)",
        "(555, 554)",
        "(945, 180)",
        "(699, 789)",
        "(631, 492)",
        "(813, 693)",
        "(741, 610)",
        "(775, 73)",
        "(888, 261)"
    ],
    "(183, 145)": [
        "(888, 261)",
        "(672, 658)",
        "(834, 28)",
        "(37, 122)",
        "(410, 661)",
        "(607, 354)",
        "(53, 537)",
        "(50, 106)",
        "(187, 608)",
        "(136, 959)",
        "(631, 492)",
        "(431, 235)",
        "(945, 180)",
        "(33, 82)",
        "(61, 776)",
        "(518, 238)",
        "(534, 413)",
        "(761, 416)",
        "(100, 705)",
        "(741, 610)",
        "(611, 573)",
        "(236, 626)",
        "(633, 986)",
        "(663, 585)",
        "(8, 262)",
        "(555, 554)",
        "(857, 643)",
        "(147, 569)",
        "(385, 14)",
        "(775, 73)",
        "(788, 464)",
        "(660, 525)",
        "(316, 28)",
        "(399, 118)",
        "(74, 838)",
        "(513, 120)",
        "(302, 580)",
        "(281, 996)",
        "(340, 225)",
        "(97, 383)",
        "(813, 693)",
        "(77, 184)",
        "(329, 567)",
        "(383, 40)"
    ],
    "(37, 122)": [
        "(431, 235)",
        "(183, 145)",
        "(775, 73)",
        "(33, 82)",
        "(741, 610)",
        "(629, 817)",
        "(432, 788)",
        "(888, 261)",
        "(302, 580)",
        "(136, 959)",
        "(602, 629)",
        "(631, 492)",
        "(77, 184)",
        "(340, 225)",
        "(857, 643)",
        "(881, 465)",
        "(97, 383)",
        "(788, 464)",
        "(187, 608)",
        "(100, 705)",
        "(322, 845)",
        "(53, 537)",
        "(8, 262)",
        "(61, 776)",
        "(281, 996)",
        "(316, 28)",
        "(410, 661)",
        "(761, 707)",
        "(399, 118)",
        "(147, 569)",
        "(660, 525)",
        "(607, 354)",
        "(513, 120)",
        "(555, 554)",
        "(699, 789)",
        "(518, 238)",
        "(74, 838)",
        "(767, 224)",
        "(633, 986)",
        "(385, 14)",
        "(945, 180)",
        "(534, 413)"
    ],
    "(663, 585)": [
        "(329, 567)",
        "(607, 354)",
        "(775, 73)",
        "(97, 383)",
        "(53, 537)",
        "(761, 707)",
        "(834, 28)",
        "(302, 580)",
        "(50, 106)",
        "(33, 82)",
        "(660, 525)",
        "(322, 845)",
        "(77, 184)",
        "(432, 788)",
        "(888, 261)",
        "(788, 464)",
        "(672, 658)",
        "(631, 492)",
        "(236, 626)",
        "(147, 569)",
        "(767, 224)",
        "(399, 118)",
        "(183, 145)",
        "(410, 661)",
        "(741, 610)",
        "(881, 465)",
        "(602, 629)",
        "(633, 986)",
        "(8, 262)",
        "(136, 959)",
        "(629, 817)",
        "(207, 52)",
        "(187, 608)",
        "(61, 776)",
        "(74, 838)",
        "(316, 28)",
        "(281, 996)",
        "(518, 238)",
        "(340, 225)",
        "(431, 235)",
        "(383, 40)"
    ],
    "(888, 261)": [
        "(410, 661)",
        "(53, 537)",
        "(555, 554)",
        "(183, 145)",
        "(33, 82)",
        "(74, 838)",
        "(834, 28)",
        "(77, 184)",
        "(147, 569)",
        "(136, 959)",
        "(672, 658)",
        "(431, 235)",
        "(37, 122)",
        "(518, 238)",
        "(633, 986)",
        "(50, 106)",
        "(945, 180)",
        "(340, 225)",
        "(631, 492)",
        "(660, 525)",
        "(857, 643)",
        "(607, 354)",
        "(663, 585)",
        "(97, 383)",
        "(385, 14)",
        "(322, 845)",
        "(741, 610)",
        "(767, 224)",
        "(316, 28)",
        "(399, 118)",
        "(513, 120)",
        "(761, 416)",
        "(881, 465)",
        "(187, 608)",
        "(383, 40)",
        "(813, 693)",
        "(775, 73)",
        "(149, 37)",
        "(629, 817)",
        "(788, 464)",
        "(61, 776)",
        "(534, 413)",
        "(602, 629)",
        "(281, 996)",
        "(8, 262)"
    ],
    "(788, 464)": [
        "(53, 537)",
        "(302, 580)",
        "(741, 610)",
        "(207, 52)",
        "(187, 608)",
        "(945, 180)",
        "(629, 817)",
        "(33, 82)",
        "(149, 37)",
        "(136, 959)",
        "(513, 120)",
        "(761, 416)",
        "(432, 788)",
        "(147, 569)",
        "(881, 465)",
        "(410, 661)",
        "(663, 585)",
        "(77, 184)",
        "(813, 693)",
        "(37, 122)",
        "(672, 658)",
        "(534, 413)",
        "(555, 554)",
        "(518, 238)",
        "(100, 705)",
        "(857, 643)",
        "(631, 492)",
        "(236, 626)",
        "(699, 789)",
        "(383, 40)",
        "(399, 118)",
        "(611, 573)",
        "(316, 28)",
        "(767, 224)",
        "(183, 145)",
        "(660, 525)",
        "(888, 261)",
        "(834, 28)",
        "(74, 838)",
        "(431, 235)",
        "(97, 383)"
    ],
    "(383, 40)": [
        "(813, 693)",
        "(741, 610)",
        "(834, 28)",
        "(629, 817)",
        "(607, 354)",
        "(767, 224)",
        "(555, 554)",
        "(602, 629)",
        "(672, 658)",
        "(761, 707)",
        "(281, 996)",
        "(340, 225)",
        "(147, 569)",
        "(316, 28)",
        "(631, 492)",
        "(329, 567)",
        "(236, 626)",
        "(611, 573)",
        "(633, 986)",
        "(431, 235)",
        "(513, 120)",
        "(8, 262)",
        "(97, 383)",
        "(33, 82)",
        "(399, 118)",
        "(53, 537)",
        "(207, 52)",
        "(100, 705)",
        "(775, 73)",
        "(788, 464)",
        "(77, 184)",
        "(857, 643)",
        "(699, 789)",
        "(302, 580)",
        "(761, 416)",
        "(61, 776)",
        "(888, 261)",
        "(149, 37)",
        "(385, 14)",
        "(881, 465)",
        "(183, 145)",
        "(663, 585)"
    ],
    "(329, 567)": [
        "(834, 28)",
        "(663, 585)",
        "(340, 225)",
        "(302, 580)",
        "(813, 693)",
        "(77, 184)",
        "(602, 629)",
        "(741, 610)",
        "(410, 661)",
        "(699, 789)",
        "(432, 788)",
        "(761, 416)",
        "(534, 413)",
        "(607, 354)",
        "(100, 705)",
        "(383, 40)",
        "(149, 37)",
        "(431, 235)",
        "(631, 492)",
        "(881, 465)",
        "(629, 817)",
        "(207, 52)",
        "(761, 707)",
        "(555, 554)",
        "(672, 658)",
        "(53, 537)",
        "(518, 238)",
        "(775, 73)",
        "(399, 118)",
        "(660, 525)",
        "(945, 180)",
        "(187, 608)",
        "(767, 224)",
        "(50, 106)",
        "(633, 986)",
        "(183, 145)"
    ],
    "(410, 661)": [
        "(633, 986)",
        "(888, 261)",
        "(322, 845)",
        "(834, 28)",
        "(513, 120)",
        "(183, 145)",
        "(385, 14)",
        "(881, 465)",
        "(329, 567)",
        "(611, 573)",
        "(340, 225)",
        "(775, 73)",
        "(945, 180)",
        "(399, 118)",
        "(61, 776)",
        "(767, 224)",
        "(761, 416)",
        "(534, 413)",
        "(788, 464)",
        "(555, 554)",
        "(302, 580)",
        "(97, 383)",
        "(699, 789)",
        "(761, 707)",
        "(100, 705)",
        "(50, 106)",
        "(432, 788)",
        "(77, 184)",
        "(53, 537)",
        "(672, 658)",
        "(37, 122)",
        "(187, 608)",
        "(663, 585)",
        "(602, 629)",
        "(629, 817)",
        "(857, 643)",
        "(316, 28)",
        "(431, 235)",
        "(147, 569)",
        "(236, 626)",
        "(136, 959)",
        "(33, 82)",
        "(74, 838)",
        "(813, 693)",
        "(607, 354)"
    ],
    "(761, 416)": [
        "(322, 845)",
        "(8, 262)",
        "(431, 235)",
        "(33, 82)",
        "(50, 106)",
        "(236, 626)",
        "(399, 118)",
        "(633, 986)",
        "(302, 580)",
        "(761, 707)",
        "(77, 184)",
        "(611, 573)",
        "(534, 413)",
        "(881, 465)",
        "(340, 225)",
        "(329, 567)",
        "(518, 238)",
        "(410, 661)",
        "(432, 788)",
        "(183, 145)",
        "(767, 224)",
        "(788, 464)",
        "(699, 789)",
        "(147, 569)",
        "(607, 354)",
        "(629, 817)",
        "(281, 996)",
        "(316, 28)",
        "(888, 261)",
        "(741, 610)",
        "(383, 40)",
        "(136, 959)",
        "(207, 52)",
        "(602, 629)",
        "(672, 658)",
        "(53, 537)",
        "(857, 643)",
        "(660, 525)",
        "(631, 492)"
    ],
    "(149, 37)": [
        "(629, 817)",
        "(672, 658)",
        "(340, 225)",
        "(147, 569)",
        "(74, 838)",
        "(813, 693)",
        "(187, 608)",
        "(788, 464)",
        "(699, 789)",
        "(316, 28)",
        "(8, 262)",
        "(775, 73)",
        "(61, 776)",
        "(100, 705)",
        "(611, 573)",
        "(329, 567)",
        "(399, 118)",
        "(761, 707)",
        "(518, 238)",
        "(236, 626)",
        "(50, 106)",
        "(741, 610)",
        "(385, 14)",
        "(302, 580)",
        "(534, 413)",
        "(207, 52)",
        "(281, 996)",
        "(136, 959)",
        "(383, 40)",
        "(888, 261)",
        "(881, 465)",
        "(97, 383)",
        "(53, 537)",
        "(77, 184)",
        "(513, 120)",
        "(322, 845)",
        "(767, 224)"
    ],
    "(77, 184)": [
        "(834, 28)",
        "(61, 776)",
        "(74, 838)",
        "(881, 465)",
        "(888, 261)",
        "(629, 817)",
        "(555, 554)",
        "(329, 567)",
        "(761, 416)",
        "(607, 354)",
        "(399, 118)",
        "(699, 789)",
        "(37, 122)",
        "(432, 788)",
        "(813, 693)",
        "(775, 73)",
        "(672, 658)",
        "(663, 585)",
        "(187, 608)",
        "(385, 14)",
        "(788, 464)",
        "(602, 629)",
        "(207, 52)",
        "(410, 661)",
        "(281, 996)",
        "(857, 643)",
        "(741, 610)",
        "(383, 40)",
        "(316, 28)",
        "(33, 82)",
        "(431, 235)",
        "(322, 845)",
        "(513, 120)",
        "(302, 580)",
        "(340, 225)",
        "(945, 180)",
        "(53, 537)",
        "(236, 626)",
        "(149, 37)",
        "(183, 145)",
        "(147, 569)"
    ],
    "(147, 569)": [
        "(399, 118)",
        "(857, 643)",
        "(207, 52)",
        "(888, 261)",
        "(316, 28)",
        "(431, 235)",
        "(53, 537)",
        "(61, 776)",
        "(761, 707)",
        "(149, 37)",
        "(660, 525)",
        "(767, 224)",
        "(555, 554)",
        "(236, 626)",
        "(136, 959)",
        "(611, 573)",
        "(33, 82)",
        "(788, 464)",
        "(383, 40)",
        "(761, 416)",
        "(534, 413)",
        "(633, 986)",
        "(8, 262)",
        "(834, 28)",
        "(50, 106)",
        "(302, 580)",
        "(663, 585)",
        "(607, 354)",
        "(340, 225)",
        "(813, 693)",
        "(672, 658)",
        "(322, 845)",
        "(97, 383)",
        "(37, 122)",
        "(100, 705)",
        "(881, 465)",
        "(74, 838)",
        "(183, 145)",
        "(602, 629)",
        "(281, 996)",
        "(741, 610)",
        "(631, 492)",
        "(410, 661)",
        "(699, 789)",
        "(629, 817)",
        "(385, 14)",
        "(513, 120)",
        "(77, 184)"
    ],
    "(761, 707)": [
        "(660, 525)",
        "(432, 788)",
        "(813, 693)",
        "(100, 705)",
        "(602, 629)",
        "(61, 776)",
        "(761, 416)",
        "(672, 658)",
        "(340, 225)",
        "(663, 585)",
        "(207, 52)",
        "(147, 569)",
        "(322, 845)",
        "(741, 610)",
        "(8, 262)",
        "(555, 554)",
        "(383, 40)",
        "(629, 817)",
        "(767, 224)",
        "(431, 235)",
        "(50, 106)",
        "(187, 608)",
        "(607, 354)",
        "(149, 37)",
        "(33, 82)",
        "(633, 986)",
        "(53, 537)",
        "(410, 661)",
        "(236, 626)",
        "(518, 238)",
        "(881, 465)",
        "(857, 643)",
        "(97, 383)",
        "(37, 122)",
        "(611, 573)",
        "(329, 567)",
        "(513, 120)",
        "(699, 789)",
        "(74, 838)",
        "(775, 73)",
        "(399, 118)"
    ],
    "(741, 610)": [
        "(385, 14)",
        "(767, 224)",
        "(857, 643)",
        "(629, 817)",
        "(788, 464)",
        "(633, 986)",
        "(37, 122)",
        "(881, 465)",
        "(383, 40)",
        "(187, 608)",
        "(518, 238)",
        "(329, 567)",
        "(74, 838)",
        "(775, 73)",
        "(607, 354)",
        "(100, 705)",
        "(97, 383)",
        "(813, 693)",
        "(761, 707)",
        "(183, 145)",
        "(888, 261)",
        "(281, 996)",
        "(207, 52)",
        "(672, 658)",
        "(316, 28)",
        "(534, 413)",
        "(322, 845)",
        "(77, 184)",
        "(340, 225)",
        "(660, 525)",
        "(61, 776)",
        "(399, 118)",
        "(761, 416)",
        "(149, 37)",
        "(611, 573)",
        "(663, 585)",
        "(147, 569)",
        "(631, 492)",
        "(555, 554)",
        "(8, 262)",
        "(50, 106)"
    ],
    "(607, 354)": [
        "(663, 585)",
        "(629, 817)",
        "(183, 145)",
        "(881, 465)",
        "(281, 996)",
        "(431, 235)",
        "(302, 580)",
        "(383, 40)",
        "(77, 184)",
        "(945, 180)",
        "(767, 224)",
        "(631, 492)",
        "(741, 610)",
        "(74, 838)",
        "(513, 120)",
        "(385, 14)",
        "(187, 608)",
        "(316, 28)",
        "(660, 525)",
        "(888, 261)",
        "(329, 567)",
        "(761, 707)",
        "(602, 629)",
        "(761, 416)",
        "(399, 118)",
        "(555, 554)",
        "(33, 82)",
        "(611, 573)",
        "(97, 383)",
        "(147, 569)",
        "(813, 693)",
        "(37, 122)",
        "(100, 705)",
        "(775, 73)",
        "(518, 238)",
        "(672, 658)",
        "(410, 661)"
    ],
    "(136, 959)": [
        "(97, 383)",
        "(207, 52)",
        "(629, 817)",
        "(888, 261)",
        "(699, 789)",
        "(183, 145)",
        "(281, 996)",
        "(881, 465)",
        "(8, 262)",
        "(37, 122)",
        "(672, 658)",
        "(660, 525)",
        "(602, 629)",
        "(147, 569)",
        "(788, 464)",
        "(316, 28)",
        "(518, 238)",
        "(236, 626)",
        "(385, 14)",
        "(33, 82)",
        "(53, 537)",
        "(834, 28)",
        "(302, 580)",
        "(775, 73)",
        "(663, 585)",
        "(431, 235)",
        "(761, 416)",
        "(322, 845)",
        "(149, 37)",
        "(633, 986)",
        "(410, 661)",
        "(187, 608)",
        "(611, 573)",
        "(340, 225)",
        "(50, 106)",
        "(534, 413)",
        "(100, 705)"
    ],
    "(322, 845)": [
        "(881, 465)",
        "(672, 658)",
        "(281, 996)",
        "(97, 383)",
        "(761, 416)",
        "(410, 661)",
        "(53, 537)",
        "(187, 608)",
        "(236, 626)",
        "(767, 224)",
        "(761, 707)",
        "(663, 585)",
        "(207, 52)",
        "(431, 235)",
        "(699, 789)",
        "(888, 261)",
        "(74, 838)",
        "(8, 262)",
        "(37, 122)",
        "(555, 554)",
        "(741, 610)",
        "(611, 573)",
        "(340, 225)",
        "(813, 693)",
        "(147, 569)",
        "(302, 580)",
        "(534, 413)",
        "(77, 184)",
        "(660, 525)",
        "(136, 959)",
        "(518, 238)",
        "(945, 180)",
        "(513, 120)",
        "(385, 14)",
        "(633, 986)",
        "(399, 118)",
        "(602, 629)",
        "(149, 37)"
    ],
    "(33, 82)": [
        "(399, 118)",
        "(699, 789)",
        "(888, 261)",
        "(761, 416)",
        "(37, 122)",
        "(340, 225)",
        "(236, 626)",
        "(8, 262)",
        "(834, 28)",
        "(518, 238)",
        "(513, 120)",
        "(663, 585)",
        "(631, 492)",
        "(316, 28)",
        "(302, 580)",
        "(881, 465)",
        "(660, 525)",
        "(183, 145)",
        "(788, 464)",
        "(147, 569)",
        "(633, 986)",
        "(761, 707)",
        "(857, 643)",
        "(607, 354)",
        "(767, 224)",
        "(136, 959)",
        "(281, 996)",
        "(602, 629)",
        "(383, 40)",
        "(61, 776)",
        "(207, 52)",
        "(97, 383)",
        "(77, 184)",
        "(672, 658)",
        "(611, 573)",
        "(187, 608)",
        "(410, 661)",
        "(534, 413)",
        "(100, 705)",
        "(775, 73)"
    ],
    "(74, 838)": [
        "(432, 788)",
        "(61, 776)",
        "(881, 465)",
        "(857, 643)",
        "(77, 184)",
        "(888, 261)",
        "(187, 608)",
        "(100, 705)",
        "(534, 413)",
        "(518, 238)",
        "(741, 610)",
        "(699, 789)",
        "(50, 106)",
        "(607, 354)",
        "(149, 37)",
        "(316, 28)",
        "(945, 180)",
        "(602, 629)",
        "(53, 537)",
        "(672, 658)",
        "(97, 383)",
        "(322, 845)",
        "(207, 52)",
        "(813, 693)",
        "(629, 817)",
        "(236, 626)",
        "(633, 986)",
        "(513, 120)",
        "(660, 525)",
        "(611, 573)",
        "(147, 569)",
        "(631, 492)",
        "(302, 580)",
        "(431, 235)",
        "(555, 554)",
        "(663, 585)",
        "(183, 145)",
        "(37, 122)",
        "(410, 661)",
        "(761, 707)",
        "(788, 464)",
        "(340, 225)"
    ],
    "(187, 608)": [
        "(302, 580)",
        "(100, 705)",
        "(322, 845)",
        "(699, 789)",
        "(881, 465)",
        "(74, 838)",
        "(741, 610)",
        "(431, 235)",
        "(183, 145)",
        "(788, 464)",
        "(631, 492)",
        "(50, 106)",
        "(149, 37)",
        "(775, 73)",
        "(607, 354)",
        "(672, 658)",
        "(602, 629)",
        "(61, 776)",
        "(77, 184)",
        "(97, 383)",
        "(761, 707)",
        "(834, 28)",
        "(37, 122)",
        "(281, 996)",
        "(316, 28)",
        "(767, 224)",
        "(857, 643)",
        "(555, 554)",
        "(813, 693)",
        "(629, 817)",
        "(410, 661)",
        "(8, 262)",
        "(513, 120)",
        "(53, 537)",
        "(663, 585)",
        "(633, 986)",
        "(888, 261)",
        "(33, 82)",
        "(207, 52)",
        "(236, 626)",
        "(136, 959)",
        "(329, 567)",
        "(660, 525)",
        "(385, 14)"
    ],
    "(97, 383)": [
        "(136, 959)",
        "(631, 492)",
        "(775, 73)",
        "(322, 845)",
        "(663, 585)",
        "(431, 235)",
        "(207, 52)",
        "(602, 629)",
        "(534, 413)",
        "(945, 180)",
        "(741, 610)",
        "(834, 28)",
        "(660, 525)",
        "(100, 705)",
        "(767, 224)",
        "(432, 788)",
        "(888, 261)",
        "(187, 608)",
        "(37, 122)",
        "(74, 838)",
        "(555, 554)",
        "(302, 580)",
        "(410, 661)",
        "(699, 789)",
        "(281, 996)",
        "(383, 40)",
        "(607, 354)",
        "(881, 465)",
        "(761, 707)",
        "(61, 776)",
        "(147, 569)",
        "(33, 82)",
        "(518, 238)",
        "(50, 106)",
        "(672, 658)",
        "(813, 693)",
        "(8, 262)",
        "(53, 537)",
        "(149, 37)",
        "(183, 145)",
        "(316, 28)",
        "(788, 464)",
        "(857, 643)"
    ],
    "(431, 235)": [
        "(631, 492)",
        "(834, 28)",
        "(699, 789)",
        "(37, 122)",
        "(761, 416)",
        "(555, 554)",
        "(629, 817)",
        "(187, 608)",
        "(316, 28)",
        "(432, 788)",
        "(97, 383)",
        "(888, 261)",
        "(607, 354)",
        "(147, 569)",
        "(518, 238)",
        "(50, 106)",
        "(183, 145)",
        "(775, 73)",
        "(322, 845)",
        "(761, 707)",
        "(100, 705)",
        "(633, 986)",
        "(383, 40)",
        "(660, 525)",
        "(329, 567)",
        "(513, 120)",
        "(53, 537)",
        "(61, 776)",
        "(813, 693)",
        "(302, 580)",
        "(207, 52)",
        "(77, 184)",
        "(881, 465)",
        "(136, 959)",
        "(767, 224)",
        "(410, 661)",
        "(74, 838)",
        "(611, 573)",
        "(534, 413)",
        "(788, 464)",
        "(663, 585)",
        "(857, 643)"
    ],
    "(631, 492)": [
        "(431, 235)",
        "(534, 413)",
        "(97, 383)",
        "(281, 996)",
        "(399, 118)",
        "(100, 705)",
        "(513, 120)",
        "(187, 608)",
        "(33, 82)",
        "(607, 354)",
        "(555, 554)",
        "(183, 145)",
        "(602, 629)",
        "(672, 658)",
        "(945, 180)",
        "(37, 122)",
        "(888, 261)",
        "(61, 776)",
        "(340, 225)",
        "(316, 28)",
        "(383, 40)",
        "(663, 585)",
        "(329, 567)",
        "(50, 106)",
        "(385, 14)",
        "(788, 464)",
        "(432, 788)",
        "(518, 238)",
        "(53, 537)",
        "(633, 986)",
        "(767, 224)",
        "(857, 643)",
        "(74, 838)",
        "(236, 626)",
        "(741, 610)",
        "(881, 465)",
        "(611, 573)",
        "(147, 569)",
        "(207, 52)",
        "(8, 262)",
        "(629, 817)",
        "(761, 416)"
    ],
    "(61, 776)": [
        "(74, 838)",
        "(432, 788)",
        "(77, 184)",
        "(660, 525)",
        "(857, 643)",
        "(633, 986)",
        "(761, 707)",
        "(50, 106)",
        "(147, 569)",
        "(236, 626)",
        "(534, 413)",
        "(775, 73)",
        "(602, 629)",
        "(410, 661)",
        "(183, 145)",
        "(631, 492)",
        "(149, 37)",
        "(187, 608)",
        "(513, 120)",
        "(340, 225)",
        "(399, 118)",
        "(37, 122)",
        "(8, 262)",
        "(33, 82)",
        "(431, 235)",
        "(741, 610)",
        "(97, 383)",
        "(834, 28)",
        "(281, 996)",
        "(555, 554)",
        "(316, 28)",
        "(383, 40)",
        "(302, 580)",
        "(663, 585)",
        "(888, 261)",
        "(385, 14)"
    ],
    "(633, 986)": [
        "(340, 225)",
        "(410, 661)",
        "(857, 643)",
        "(741, 610)",
        "(281, 996)",
        "(813, 693)",
        "(61, 776)",
        "(761, 416)",
        "(513, 120)",
        "(881, 465)",
        "(888, 261)",
        "(629, 817)",
        "(399, 118)",
        "(50, 106)",
        "(383, 40)",
        "(33, 82)",
        "(431, 235)",
        "(147, 569)",
        "(761, 707)",
        "(834, 28)",
        "(316, 28)",
        "(302, 580)",
        "(207, 52)",
        "(183, 145)",
        "(74, 838)",
        "(631, 492)",
        "(236, 626)",
        "(663, 585)",
        "(187, 608)",
        "(660, 525)",
        "(136, 959)",
        "(534, 413)",
        "(518, 238)",
        "(611, 573)",
        "(37, 122)",
        "(322, 845)",
        "(100, 705)",
        "(329, 567)"
    ],
    "(672, 658)": [
        "(813, 693)",
        "(322, 845)",
        "(8, 262)",
        "(183, 145)",
        "(945, 180)",
        "(857, 643)",
        "(767, 224)",
        "(775, 73)",
        "(888, 261)",
        "(149, 37)",
        "(761, 707)",
        "(302, 580)",
        "(631, 492)",
        "(136, 959)",
        "(432, 788)",
        "(53, 537)",
        "(383, 40)",
        "(602, 629)",
        "(187, 608)",
        "(611, 573)",
        "(77, 184)",
        "(74, 838)",
        "(660, 525)",
        "(663, 585)",
        "(788, 464)",
        "(207, 52)",
        "(100, 705)",
        "(741, 610)",
        "(699, 789)",
        "(236, 626)",
        "(410, 661)",
        "(50, 106)",
        "(147, 569)",
        "(340, 225)",
        "(33, 82)",
        "(881, 465)",
        "(329, 567)",
        "(97, 383)",
        "(555, 554)",
        "(316, 28)",
        "(513, 120)",
        "(629, 817)",
        "(281, 996)",
        "(761, 416)",
        "(607, 354)"
    ],
    "(399, 118)": [
        "(147, 569)",
        "(340, 225)",
        "(555, 554)",
        "(236, 626)",
        "(33, 82)",
        "(834, 28)",
        "(631, 492)",
        "(385, 14)",
        "(761, 416)",
        "(77, 184)",
        "(410, 661)",
        "(633, 986)",
        "(881, 465)",
        "(8, 262)",
        "(302, 580)",
        "(432, 788)",
        "(100, 705)",
        "(857, 643)",
        "(149, 37)",
        "(775, 73)",
        "(629, 817)",
        "(607, 354)",
        "(61, 776)",
        "(513, 120)",
        "(888, 261)",
        "(383, 40)",
        "(663, 585)",
        "(741, 610)",
        "(788, 464)",
        "(37, 122)",
        "(813, 693)",
        "(602, 629)",
        "(207, 52)",
        "(518, 238)",
        "(329, 567)",
        "(183, 145)",
        "(322, 845)",
        "(699, 789)",
        "(761, 707)"
    ],
    "(767, 224)": [
        "(741, 610)",
        "(611, 573)",
        "(672, 658)",
        "(432, 788)",
        "(513, 120)",
        "(775, 73)",
        "(340, 225)",
        "(383, 40)",
        "(881, 465)",
        "(322, 845)",
        "(607, 354)",
        "(147, 569)",
        "(410, 661)",
        "(945, 180)",
        "(385, 14)",
        "(761, 707)",
        "(834, 28)",
        "(761, 416)",
        "(97, 383)",
        "(518, 238)",
        "(534, 413)",
        "(888, 261)",
        "(187, 608)",
        "(33, 82)",
        "(663, 585)",
        "(8, 262)",
        "(631, 492)",
        "(813, 693)",
        "(281, 996)",
        "(699, 789)",
        "(431, 235)",
        "(788, 464)",
        "(53, 537)",
        "(100, 705)",
        "(37, 122)",
        "(302, 580)",
        "(329, 567)",
        "(149, 37)"
    ],
    "(699, 789)": [
        "(775, 73)",
        "(534, 413)",
        "(857, 643)",
        "(431, 235)",
        "(33, 82)",
        "(187, 608)",
        "(136, 959)",
        "(74, 838)",
        "(329, 567)",
        "(100, 705)",
        "(77, 184)",
        "(340, 225)",
        "(50, 106)",
        "(149, 37)",
        "(322, 845)",
        "(761, 416)",
        "(316, 28)",
        "(602, 629)",
        "(518, 238)",
        "(555, 554)",
        "(629, 817)",
        "(281, 996)",
        "(97, 383)",
        "(410, 661)",
        "(672, 658)",
        "(813, 693)",
        "(945, 180)",
        "(207, 52)",
        "(788, 464)",
        "(383, 40)",
        "(513, 120)",
        "(53, 537)",
        "(881, 465)",
        "(767, 224)",
        "(147, 569)",
        "(37, 122)",
        "(761, 707)",
        "(302, 580)",
        "(8, 262)",
        "(611, 573)",
        "(236, 626)",
        "(399, 118)"
    ],
    "(50, 106)": [
        "(385, 14)",
        "(857, 643)",
        "(518, 238)",
        "(881, 465)",
        "(183, 145)",
        "(761, 416)",
        "(61, 776)",
        "(775, 73)",
        "(945, 180)",
        "(663, 585)",
        "(888, 261)",
        "(74, 838)",
        "(281, 996)",
        "(187, 608)",
        "(432, 788)",
        "(431, 235)",
        "(699, 789)",
        "(8, 262)",
        "(316, 28)",
        "(633, 986)",
        "(761, 707)",
        "(100, 705)",
        "(834, 28)",
        "(513, 120)",
        "(534, 413)",
        "(147, 569)",
        "(631, 492)",
        "(410, 661)",
        "(602, 629)",
        "(149, 37)",
        "(672, 658)",
        "(629, 817)",
        "(813, 693)",
        "(97, 383)",
        "(207, 52)",
        "(236, 626)",
        "(302, 580)",
        "(611, 573)",
        "(136, 959)",
        "(329, 567)",
        "(741, 610)"
    ]
}