{
    "(647, 877)": [
        "(385, 103)",
        "(208, 922)",
        "(832, 696)",
        "(339, 708)",
        "(538, 874)",
        "(112, 219)"
    ],
    "(112, 219)": [
        "(151, 525)",
        "(968, 731)",
        "(538, 874)",
        "(850, 35)",
        "(647, 877)",
        "(940, 862)"
    ],
    "(90, 129)": [
        "(850, 35)",
        "(326, 343)",
        "(683, 145)",
        "(785, 298)",
        "(10, 899)",
        "(151, 525)",
        "(940, 862)",
        "(65, 669)"
    ],
    "(161, 763)": [
        "(339, 708)",
        "(850, 35)",
        "(436, 258)",
        "(886, 849)"
    ],
    "(761, 499)": [
        "(151, 525)",
        "(385, 103)",
        "(785, 298)",
        "(10, 899)",
        "(261, 301)"
    ],
    "(968, 731)": [
        "(339, 708)",
        "(112, 219)",
        "(940, 862)",
        "(65, 669)"
    ],
    "(832, 696)": [
        "(886, 849)",
        "(647, 877)",
        "(785, 298)",
        "(261, 301)",
        "(208, 922)",
        "(683, 145)"
    ],
    "(683, 145)": [
        "(940, 862)",
        "(90, 129)",
        "(208, 922)",
        "(832, 696)"
    ],
    "(151, 525)": [
        "(761, 499)",
        "(436, 258)",
        "(112, 219)",
        "(90, 129)",
        "(65, 669)",
        "(538, 874)"
    ],
    "(785, 298)": [
        "(538, 874)",
        "(90, 129)",
        "(761, 499)",
        "(65, 669)",
        "(832, 696)",
        "(485, 397)"
    ],
    "(436, 258)": [
        "(208, 922)",
        "(151, 525)",
        "(161, 763)",
        "(65, 669)",
        "(538, 874)",
        "(940, 862)",
        "(485, 397)"
    ],
    "(339, 708)": [
        "(161, 763)",
        "(968, 731)",
        "(647, 877)",
        "(886, 849)",
        "(261, 301)"
    ],
    "(261, 301)": [
        "(940, 862)",
        "(139, 66)",
        "(832, 696)",
        "(761, 499)",
        "(339, 708)"
    ],
    "(385, 103)": [
        "(139, 66)",
        "(647, 877)",
        "(850, 35)",
        "(761, 499)",
        "(326, 343)"
    ],
    "(538, 874)": [
        "(10, 899)",
        "(785, 298)",
        "(112, 219)",
        "(647, 877)",
        "(436, 258)",
        "(850, 35)",
        "(151, 525)"
    ],
    "(850, 35)": [
        "(90, 129)",
        "(139, 66)",
        "(385, 103)",
        "(161, 763)",
        "(112, 219)",
        "(886, 849)",
        "(538, 874)"
    ],
    "(485, 397)": [
        "(65, 669)",
        "(886, 849)",
        "(785, 298)",
        "(436, 258)",
        "(139, 66)"
    ],
    "(65, 669)": [
        "(485, 397)",
        "(208, 922)",
        "(785, 298)",
        "(436, 258)",
        "(968, 731)",
        "(90, 129)",
        "(151, 525)"
    ],
    "(208, 922)": [
        "(647, 877)",
        "(65, 669)",
        "(436, 258)",
        "(832, 696)",
        "(683, 145)",
        "(326, 343)"
    ],
    "(886, 849)": [
        "(832, 696)",
        "(485, 397)",
        "(161, 763)",
        "(940, 862)",
        "(850, 35)",
        "(339, 708)"
    ],
    "(139, 66)": [
        "(385, 103)",
        "(326, 343)",
        "(850, 35)",
        "(261, 301)",
        "(485, 397)",
        "(940, 862)"
    ],
    "(10, 899)": [
        "(538, 874)",
        "(90, 129)",
        "(761, 499)",
        "(940, 862)"
    ],
    "(940, 862)": [
        "(261, 301)",
        "(683, 145)",
        "(968, 731)",
        "(90, 129)",
        "(886, 849)",
        "(436, 258)",
        "(112, 219)",
        "(139, 66)",
        "(10, 899)"
    ],
    "(326, 343)": [
        "(90, 129)",
        "(139, 66)",
        "(385, 103)",
        "(208, 922)"
    ]
}