{
    "(400, 92)": [
        "(69, 54)",
        "(817, 631)",
        "(815, 282)",
        "(830, 768)",
        "(639, 65)",
        "(998, 413)",
        "(669, 818)",
        "(500, 542)",
        "(178, 952)",
        "(718, 333)",
        "(583, 541)",
        "(970, 11)",
        "(400, 877)",
        "(435, 402)",
        "(848, 463)",
        "(145, 879)",
        "(804, 986)",
        "(69, 537)",
        "(592, 875)",
        "(100, 235)",
        "(241, 582)",
        "(992, 448)",
        "(130, 821)",
        "(406, 259)",
        "(825, 505)"
    ],
    "(406, 259)": [
        "(241, 582)",
        "(145, 879)",
        "(152, 976)",
        "(718, 333)",
        "(117, 384)",
        "(500, 542)",
        "(998, 413)",
        "(125, 459)",
        "(713, 180)",
        "(569, 455)",
        "(848, 463)",
        "(265, 551)",
        "(872, 959)",
        "(669, 818)",
        "(12, 374)",
        "(620, 973)",
        "(715, 695)",
        "(100, 235)",
        "(653, 662)",
        "(815, 282)",
        "(400, 92)",
        "(957, 457)"
    ],
    "(804, 986)": [
        "(435, 402)",
        "(957, 457)",
        "(500, 542)",
        "(872, 959)",
        "(768, 954)",
        "(653, 662)",
        "(843, 398)",
        "(319, 918)",
        "(242, 161)",
        "(90, 137)",
        "(473, 459)",
        "(387, 593)",
        "(400, 92)",
        "(69, 537)",
        "(815, 282)",
        "(44, 947)",
        "(170, 946)",
        "(848, 463)",
        "(825, 505)",
        "(178, 952)"
    ],
    "(639, 65)": [
        "(351, 915)",
        "(172, 243)",
        "(400, 92)",
        "(768, 954)",
        "(658, 678)",
        "(100, 235)",
        "(473, 459)",
        "(319, 918)",
        "(145, 879)",
        "(653, 662)",
        "(113, 797)",
        "(125, 459)",
        "(90, 137)",
        "(158, 891)",
        "(879, 332)",
        "(117, 384)",
        "(708, 301)",
        "(825, 505)",
        "(433, 472)"
    ],
    "(69, 54)": [
        "(303, 656)",
        "(400, 92)",
        "(970, 11)",
        "(658, 329)",
        "(624, 782)",
        "(603, 32)",
        "(265, 551)",
        "(653, 662)",
        "(12, 374)",
        "(351, 915)",
        "(879, 332)",
        "(672, 264)",
        "(232, 112)",
        "(708, 301)",
        "(718, 333)",
        "(100, 235)",
        "(301, 552)",
        "(815, 282)",
        "(544, 20)",
        "(825, 505)",
        "(435, 402)",
        "(246, 22)",
        "(768, 954)",
        "(843, 398)",
        "(569, 455)",
        "(172, 243)"
    ],
    "(246, 22)": [
        "(351, 915)",
        "(865, 182)",
        "(903, 890)",
        "(44, 947)",
        "(90, 137)",
        "(435, 402)",
        "(848, 463)",
        "(658, 678)",
        "(241, 582)",
        "(69, 537)",
        "(387, 593)",
        "(677, 829)",
        "(666, 421)",
        "(825, 505)",
        "(69, 54)",
        "(603, 32)",
        "(178, 457)",
        "(158, 891)",
        "(451, 23)"
    ],
    "(395, 124)": [
        "(830, 768)",
        "(715, 695)",
        "(152, 976)",
        "(937, 510)",
        "(801, 447)",
        "(624, 782)",
        "(680, 930)",
        "(178, 457)",
        "(265, 551)",
        "(815, 282)",
        "(145, 879)",
        "(708, 301)",
        "(955, 186)",
        "(825, 505)",
        "(544, 20)",
        "(44, 947)",
        "(12, 374)",
        "(473, 459)",
        "(658, 329)",
        "(713, 180)",
        "(992, 448)"
    ],
    "(672, 264)": [
        "(830, 768)",
        "(970, 11)",
        "(937, 807)",
        "(658, 329)",
        "(92, 135)",
        "(132, 266)",
        "(90, 137)",
        "(69, 54)",
        "(435, 402)",
        "(433, 472)",
        "(658, 678)",
        "(713, 180)",
        "(145, 879)",
        "(172, 243)",
        "(606, 446)",
        "(603, 32)",
        "(715, 695)",
        "(825, 505)"
    ],
    "(825, 505)": [
        "(658, 329)",
        "(307, 475)",
        "(241, 582)",
        "(992, 448)",
        "(132, 266)",
        "(955, 186)",
        "(957, 457)",
        "(351, 915)",
        "(872, 959)",
        "(69, 537)",
        "(666, 421)",
        "(583, 541)",
        "(395, 124)",
        "(970, 110)",
        "(843, 398)",
        "(69, 54)",
        "(606, 446)",
        "(672, 264)",
        "(804, 986)",
        "(246, 22)",
        "(639, 65)",
        "(713, 180)",
        "(653, 662)",
        "(400, 92)",
        "(544, 20)"
    ],
    "(830, 768)": [
        "(735, 35)",
        "(672, 264)",
        "(395, 124)",
        "(307, 475)",
        "(680, 930)",
        "(400, 92)",
        "(479, 581)",
        "(658, 678)",
        "(100, 235)",
        "(178, 952)",
        "(519, 120)",
        "(232, 112)",
        "(69, 537)",
        "(768, 954)",
        "(998, 413)",
        "(620, 973)",
        "(319, 918)",
        "(708, 301)",
        "(400, 877)",
        "(955, 186)",
        "(351, 915)",
        "(500, 542)",
        "(957, 457)",
        "(244, 103)",
        "(158, 891)",
        "(178, 457)",
        "(879, 332)",
        "(713, 180)",
        "(848, 463)",
        "(12, 374)"
    ],
    "(680, 930)": [
        "(830, 768)",
        "(351, 915)",
        "(100, 235)",
        "(624, 782)",
        "(569, 455)",
        "(865, 182)",
        "(178, 952)",
        "(12, 374)",
        "(395, 124)",
        "(713, 180)",
        "(473, 459)",
        "(178, 457)",
        "(937, 510)",
        "(44, 947)",
        "(92, 135)",
        "(172, 243)",
        "(265, 551)",
        "(170, 946)",
        "(117, 384)",
        "(583, 541)",
        "(158, 891)",
        "(715, 695)"
    ],
    "(658, 678)": [
        "(145, 879)",
        "(708, 301)",
        "(172, 243)",
        "(13, 858)",
        "(544, 20)",
        "(865, 182)",
        "(718, 333)",
        "(830, 768)",
        "(639, 65)",
        "(519, 120)",
        "(246, 22)",
        "(843, 398)",
        "(301, 552)",
        "(672, 264)",
        "(624, 782)",
        "(92, 135)",
        "(603, 32)",
        "(817, 631)",
        "(90, 137)",
        "(998, 413)",
        "(319, 918)",
        "(451, 23)",
        "(113, 797)",
        "(653, 662)",
        "(569, 455)",
        "(937, 510)"
    ],
    "(301, 552)": [
        "(768, 954)",
        "(241, 582)",
        "(232, 112)",
        "(519, 120)",
        "(903, 890)",
        "(433, 472)",
        "(178, 952)",
        "(992, 448)",
        "(158, 891)",
        "(113, 797)",
        "(178, 457)",
        "(569, 455)",
        "(658, 678)",
        "(677, 829)",
        "(13, 858)",
        "(998, 413)",
        "(69, 54)",
        "(44, 947)",
        "(92, 135)"
    ],
    "(583, 541)": [
        "(970, 11)",
        "(451, 23)",
        "(387, 593)",
        "(848, 463)",
        "(473, 459)",
        "(117, 384)",
        "(400, 92)",
        "(970, 110)",
        "(666, 421)",
        "(825, 505)",
        "(937, 807)",
        "(817, 631)",
        "(569, 455)",
        "(13, 858)",
        "(113, 797)",
        "(100, 235)",
        "(680, 930)",
        "(242, 161)",
        "(998, 413)",
        "(713, 180)",
        "(232, 112)",
        "(603, 32)"
    ],
    "(865, 182)": [
        "(351, 915)",
        "(479, 581)",
        "(246, 22)",
        "(970, 110)",
        "(680, 930)",
        "(658, 678)",
        "(435, 402)",
        "(319, 918)",
        "(669, 818)",
        "(387, 593)",
        "(451, 23)",
        "(603, 32)",
        "(903, 890)",
        "(132, 266)",
        "(500, 542)",
        "(241, 582)",
        "(92, 135)",
        "(992, 448)",
        "(172, 243)",
        "(872, 959)"
    ],
    "(473, 459)": [
        "(817, 631)",
        "(653, 662)",
        "(768, 954)",
        "(113, 797)",
        "(130, 821)",
        "(970, 110)",
        "(583, 541)",
        "(178, 457)",
        "(680, 930)",
        "(801, 447)",
        "(639, 65)",
        "(620, 973)",
        "(718, 333)",
        "(303, 656)",
        "(970, 11)",
        "(804, 986)",
        "(669, 818)",
        "(585, 50)",
        "(90, 137)",
        "(708, 301)",
        "(395, 124)",
        "(879, 332)",
        "(12, 374)",
        "(624, 782)",
        "(178, 952)"
    ],
    "(708, 301)": [
        "(125, 459)",
        "(130, 821)",
        "(658, 678)",
        "(117, 384)",
        "(387, 593)",
        "(653, 662)",
        "(620, 973)",
        "(669, 818)",
        "(100, 235)",
        "(395, 124)",
        "(69, 54)",
        "(830, 768)",
        "(244, 103)",
        "(451, 23)",
        "(817, 631)",
        "(937, 510)",
        "(473, 459)",
        "(639, 65)",
        "(92, 135)",
        "(241, 582)",
        "(132, 266)",
        "(500, 542)",
        "(957, 457)",
        "(843, 398)",
        "(603, 32)",
        "(242, 161)"
    ],
    "(132, 266)": [
        "(44, 947)",
        "(585, 50)",
        "(172, 243)",
        "(666, 421)",
        "(937, 510)",
        "(178, 457)",
        "(672, 264)",
        "(825, 505)",
        "(433, 472)",
        "(768, 954)",
        "(653, 662)",
        "(658, 329)",
        "(848, 463)",
        "(307, 475)",
        "(100, 235)",
        "(303, 656)",
        "(865, 182)",
        "(400, 877)",
        "(624, 782)",
        "(708, 301)",
        "(957, 457)",
        "(903, 890)",
        "(117, 384)"
    ],
    "(500, 542)": [
        "(801, 447)",
        "(804, 986)",
        "(406, 259)",
        "(400, 92)",
        "(903, 890)",
        "(117, 384)",
        "(172, 243)",
        "(603, 32)",
        "(955, 186)",
        "(244, 103)",
        "(830, 768)",
        "(865, 182)",
        "(937, 510)",
        "(666, 421)",
        "(708, 301)",
        "(125, 459)"
    ],
    "(992, 448)": [
        "(351, 915)",
        "(232, 112)",
        "(178, 952)",
        "(113, 797)",
        "(801, 447)",
        "(592, 875)",
        "(653, 662)",
        "(825, 505)",
        "(301, 552)",
        "(242, 161)",
        "(307, 475)",
        "(303, 656)",
        "(658, 329)",
        "(937, 510)",
        "(241, 582)",
        "(172, 243)",
        "(955, 186)",
        "(872, 959)",
        "(400, 92)",
        "(152, 976)",
        "(768, 954)",
        "(865, 182)",
        "(395, 124)"
    ],
    "(265, 551)": [
        "(718, 333)",
        "(666, 421)",
        "(970, 11)",
        "(435, 402)",
        "(69, 54)",
        "(395, 124)",
        "(955, 186)",
        "(519, 120)",
        "(680, 930)",
        "(406, 259)",
        "(815, 282)",
        "(12, 374)",
        "(244, 103)",
        "(303, 656)",
        "(970, 110)",
        "(130, 821)",
        "(113, 797)",
        "(170, 946)",
        "(713, 180)",
        "(44, 947)"
    ],
    "(152, 976)": [
        "(13, 858)",
        "(395, 124)",
        "(178, 952)",
        "(406, 259)",
        "(145, 879)",
        "(307, 475)",
        "(666, 421)",
        "(669, 818)",
        "(172, 243)",
        "(768, 954)",
        "(677, 829)",
        "(242, 161)",
        "(998, 413)",
        "(178, 457)",
        "(587, 189)",
        "(319, 918)",
        "(44, 947)",
        "(992, 448)",
        "(715, 695)",
        "(658, 329)",
        "(801, 447)"
    ],
    "(351, 915)": [
        "(606, 446)",
        "(100, 235)",
        "(246, 22)",
        "(865, 182)",
        "(992, 448)",
        "(639, 65)",
        "(680, 930)",
        "(13, 858)",
        "(998, 413)",
        "(903, 890)",
        "(69, 54)",
        "(825, 505)",
        "(620, 973)",
        "(519, 120)",
        "(241, 582)",
        "(937, 510)",
        "(830, 768)",
        "(451, 23)",
        "(957, 457)",
        "(44, 947)",
        "(125, 459)"
    ],
    "(178, 457)": [
        "(400, 877)",
        "(13, 858)",
        "(125, 459)",
        "(307, 475)",
        "(937, 510)",
        "(132, 266)",
        "(395, 124)",
        "(801, 447)",
        "(473, 459)",
        "(680, 930)",
        "(903, 890)",
        "(301, 552)",
        "(620, 973)",
        "(970, 11)",
        "(433, 472)",
        "(130, 821)",
        "(587, 189)",
        "(815, 282)",
        "(955, 186)",
        "(152, 976)",
        "(44, 947)",
        "(830, 768)",
        "(519, 120)",
        "(848, 463)",
        "(246, 22)"
    ],
    "(801, 447)": [
        "(768, 954)",
        "(592, 875)",
        "(170, 946)",
        "(500, 542)",
        "(992, 448)",
        "(395, 124)",
        "(172, 243)",
        "(307, 475)",
        "(970, 11)",
        "(178, 457)",
        "(473, 459)",
        "(817, 631)",
        "(117, 384)",
        "(620, 973)",
        "(130, 821)",
        "(585, 50)",
        "(937, 510)",
        "(435, 402)",
        "(152, 976)",
        "(957, 457)"
    ],
    "(433, 472)": [
        "(435, 402)",
        "(843, 398)",
        "(957, 457)",
        "(544, 20)",
        "(12, 374)",
        "(387, 593)",
        "(301, 552)",
        "(903, 890)",
        "(44, 947)",
        "(132, 266)",
        "(307, 475)",
        "(672, 264)",
        "(937, 807)",
        "(178, 457)",
        "(872, 959)",
        "(90, 137)",
        "(585, 50)",
        "(170, 946)",
        "(624, 782)",
        "(970, 110)",
        "(13, 858)",
        "(303, 656)",
        "(319, 918)",
        "(117, 384)",
        "(639, 65)",
        "(998, 413)",
        "(768, 954)",
        "(172, 243)"
    ],
    "(957, 457)": [
        "(804, 986)",
        "(433, 472)",
        "(713, 180)",
        "(90, 137)",
        "(178, 952)",
        "(12, 374)",
        "(158, 891)",
        "(244, 103)",
        "(825, 505)",
        "(843, 398)",
        "(117, 384)",
        "(718, 333)",
        "(620, 973)",
        "(44, 947)",
        "(232, 112)",
        "(830, 768)",
        "(351, 915)",
        "(715, 695)",
        "(132, 266)",
        "(708, 301)",
        "(955, 186)",
        "(801, 447)",
        "(406, 259)"
    ],
    "(606, 446)": [
        "(351, 915)",
        "(435, 402)",
        "(903, 890)",
        "(100, 235)",
        "(937, 807)",
        "(970, 110)",
        "(479, 581)",
        "(113, 797)",
        "(12, 374)",
        "(170, 946)",
        "(718, 333)",
        "(90, 137)",
        "(768, 954)",
        "(624, 782)",
        "(603, 32)",
        "(672, 264)",
        "(92, 135)",
        "(825, 505)",
        "(451, 23)",
        "(117, 384)"
    ],
    "(232, 112)": [
        "(715, 695)",
        "(872, 959)",
        "(677, 829)",
        "(145, 879)",
        "(992, 448)",
        "(817, 631)",
        "(241, 582)",
        "(653, 662)",
        "(815, 282)",
        "(301, 552)",
        "(319, 918)",
        "(830, 768)",
        "(307, 475)",
        "(242, 161)",
        "(170, 946)",
        "(69, 54)",
        "(172, 243)",
        "(957, 457)",
        "(569, 455)",
        "(937, 510)",
        "(669, 818)",
        "(658, 329)",
        "(583, 541)"
    ],
    "(585, 50)": [
        "(132, 266)",
        "(400, 877)",
        "(451, 23)",
        "(603, 32)",
        "(715, 695)",
        "(587, 189)",
        "(319, 918)",
        "(113, 797)",
        "(433, 472)",
        "(473, 459)",
        "(387, 593)",
        "(170, 946)",
        "(801, 447)",
        "(145, 879)",
        "(620, 973)",
        "(817, 631)",
        "(519, 120)"
    ],
    "(244, 103)": [
        "(92, 135)",
        "(592, 875)",
        "(319, 918)",
        "(100, 235)",
        "(937, 807)",
        "(451, 23)",
        "(603, 32)",
        "(957, 457)",
        "(241, 582)",
        "(879, 332)",
        "(708, 301)",
        "(587, 189)",
        "(265, 551)",
        "(500, 542)",
        "(830, 768)",
        "(158, 891)",
        "(768, 954)",
        "(519, 120)"
    ],
    "(90, 137)": [
        "(620, 973)",
        "(937, 510)",
        "(246, 22)",
        "(713, 180)",
        "(117, 384)",
        "(592, 875)",
        "(957, 457)",
        "(903, 890)",
        "(677, 829)",
        "(672, 264)",
        "(843, 398)",
        "(624, 782)",
        "(606, 446)",
        "(804, 986)",
        "(433, 472)",
        "(473, 459)",
        "(100, 235)",
        "(639, 65)",
        "(307, 475)",
        "(970, 11)",
        "(241, 582)",
        "(658, 678)",
        "(113, 797)",
        "(435, 402)",
        "(718, 333)"
    ],
    "(970, 11)": [
        "(669, 818)",
        "(583, 541)",
        "(69, 54)",
        "(672, 264)",
        "(265, 551)",
        "(801, 447)",
        "(848, 463)",
        "(178, 457)",
        "(117, 384)",
        "(400, 92)",
        "(473, 459)",
        "(178, 952)",
        "(592, 875)",
        "(735, 35)",
        "(587, 189)",
        "(130, 821)",
        "(872, 959)",
        "(158, 891)",
        "(90, 137)",
        "(718, 333)",
        "(113, 797)"
    ],
    "(998, 413)": [
        "(658, 329)",
        "(603, 32)",
        "(435, 402)",
        "(400, 92)",
        "(351, 915)",
        "(406, 259)",
        "(735, 35)",
        "(830, 768)",
        "(715, 695)",
        "(172, 243)",
        "(242, 161)",
        "(587, 189)",
        "(301, 552)",
        "(152, 976)",
        "(170, 946)",
        "(125, 459)",
        "(815, 282)",
        "(145, 879)",
        "(519, 120)",
        "(658, 678)",
        "(307, 475)",
        "(583, 541)",
        "(955, 186)",
        "(433, 472)"
    ],
    "(587, 189)": [
        "(970, 110)",
        "(435, 402)",
        "(13, 858)",
        "(130, 821)",
        "(178, 952)",
        "(817, 631)",
        "(400, 877)",
        "(585, 50)",
        "(178, 457)",
        "(879, 332)",
        "(768, 954)",
        "(307, 475)",
        "(244, 103)",
        "(970, 11)",
        "(998, 413)",
        "(152, 976)",
        "(158, 891)",
        "(172, 243)"
    ],
    "(937, 807)": [
        "(672, 264)",
        "(606, 446)",
        "(244, 103)",
        "(592, 875)",
        "(319, 918)",
        "(718, 333)",
        "(433, 472)",
        "(451, 23)",
        "(713, 180)",
        "(307, 475)",
        "(583, 541)",
        "(92, 135)",
        "(879, 332)",
        "(479, 581)",
        "(303, 656)",
        "(970, 110)",
        "(100, 235)",
        "(735, 35)"
    ],
    "(130, 821)": [
        "(473, 459)",
        "(708, 301)",
        "(587, 189)",
        "(815, 282)",
        "(603, 32)",
        "(69, 537)",
        "(937, 510)",
        "(178, 457)",
        "(970, 11)",
        "(713, 180)",
        "(172, 243)",
        "(801, 447)",
        "(718, 333)",
        "(13, 858)",
        "(400, 92)",
        "(265, 551)",
        "(178, 952)",
        "(955, 186)",
        "(569, 455)"
    ],
    "(451, 23)": [
        "(583, 541)",
        "(585, 50)",
        "(544, 20)",
        "(244, 103)",
        "(658, 329)",
        "(937, 807)",
        "(708, 301)",
        "(865, 182)",
        "(351, 915)",
        "(13, 858)",
        "(620, 973)",
        "(658, 678)",
        "(435, 402)",
        "(606, 446)",
        "(113, 797)",
        "(479, 581)",
        "(246, 22)"
    ],
    "(817, 631)": [
        "(473, 459)",
        "(400, 92)",
        "(718, 333)",
        "(843, 398)",
        "(435, 402)",
        "(44, 947)",
        "(232, 112)",
        "(677, 829)",
        "(158, 891)",
        "(479, 581)",
        "(241, 582)",
        "(587, 189)",
        "(801, 447)",
        "(145, 879)",
        "(307, 475)",
        "(708, 301)",
        "(583, 541)",
        "(319, 918)",
        "(970, 110)",
        "(713, 180)",
        "(658, 678)",
        "(242, 161)",
        "(848, 463)",
        "(585, 50)",
        "(387, 593)"
    ],
    "(145, 879)": [
        "(658, 678)",
        "(232, 112)",
        "(406, 259)",
        "(152, 976)",
        "(387, 593)",
        "(395, 124)",
        "(639, 65)",
        "(242, 161)",
        "(672, 264)",
        "(620, 973)",
        "(817, 631)",
        "(400, 92)",
        "(937, 510)",
        "(998, 413)",
        "(158, 891)",
        "(735, 35)",
        "(585, 50)",
        "(677, 829)",
        "(658, 329)"
    ],
    "(170, 946)": [
        "(801, 447)",
        "(178, 952)",
        "(44, 947)",
        "(843, 398)",
        "(158, 891)",
        "(735, 35)",
        "(606, 446)",
        "(232, 112)",
        "(92, 135)",
        "(433, 472)",
        "(113, 797)",
        "(998, 413)",
        "(680, 930)",
        "(768, 954)",
        "(585, 50)",
        "(12, 374)",
        "(319, 918)",
        "(804, 986)",
        "(970, 110)",
        "(569, 455)",
        "(172, 243)",
        "(265, 551)"
    ],
    "(303, 656)": [
        "(69, 54)",
        "(713, 180)",
        "(669, 818)",
        "(653, 662)",
        "(307, 475)",
        "(473, 459)",
        "(992, 448)",
        "(265, 551)",
        "(666, 421)",
        "(620, 973)",
        "(241, 582)",
        "(433, 472)",
        "(937, 807)",
        "(903, 890)",
        "(132, 266)",
        "(100, 235)",
        "(242, 161)"
    ],
    "(937, 510)": [
        "(90, 137)",
        "(395, 124)",
        "(12, 374)",
        "(178, 457)",
        "(132, 266)",
        "(680, 930)",
        "(872, 959)",
        "(125, 459)",
        "(130, 821)",
        "(992, 448)",
        "(708, 301)",
        "(351, 915)",
        "(117, 384)",
        "(145, 879)",
        "(500, 542)",
        "(158, 891)",
        "(232, 112)",
        "(801, 447)",
        "(658, 678)"
    ],
    "(666, 421)": [
        "(13, 858)",
        "(265, 551)",
        "(519, 120)",
        "(718, 333)",
        "(132, 266)",
        "(152, 976)",
        "(735, 35)",
        "(825, 505)",
        "(583, 541)",
        "(158, 891)",
        "(303, 656)",
        "(879, 332)",
        "(172, 243)",
        "(500, 542)",
        "(178, 952)",
        "(246, 22)",
        "(713, 180)"
    ],
    "(13, 858)": [
        "(387, 593)",
        "(178, 457)",
        "(152, 976)",
        "(872, 959)",
        "(715, 695)",
        "(879, 332)",
        "(666, 421)",
        "(351, 915)",
        "(587, 189)",
        "(658, 678)",
        "(12, 374)",
        "(653, 662)",
        "(669, 818)",
        "(735, 35)",
        "(479, 581)",
        "(158, 891)",
        "(178, 952)",
        "(301, 552)",
        "(433, 472)",
        "(451, 23)",
        "(583, 541)",
        "(130, 821)",
        "(592, 875)"
    ],
    "(718, 333)": [
        "(817, 631)",
        "(265, 551)",
        "(406, 259)",
        "(666, 421)",
        "(125, 459)",
        "(658, 678)",
        "(937, 807)",
        "(400, 92)",
        "(606, 446)",
        "(473, 459)",
        "(117, 384)",
        "(400, 877)",
        "(957, 457)",
        "(69, 54)",
        "(387, 593)",
        "(955, 186)",
        "(130, 821)",
        "(658, 329)",
        "(970, 11)",
        "(90, 137)"
    ],
    "(669, 818)": [
        "(970, 11)",
        "(242, 161)",
        "(303, 656)",
        "(603, 32)",
        "(569, 455)",
        "(13, 858)",
        "(400, 92)",
        "(708, 301)",
        "(152, 976)",
        "(865, 182)",
        "(473, 459)",
        "(44, 947)",
        "(544, 20)",
        "(69, 537)",
        "(406, 259)",
        "(620, 973)",
        "(232, 112)",
        "(848, 463)",
        "(113, 797)"
    ],
    "(544, 20)": [
        "(44, 947)",
        "(658, 329)",
        "(433, 472)",
        "(624, 782)",
        "(658, 678)",
        "(735, 35)",
        "(451, 23)",
        "(113, 797)",
        "(970, 110)",
        "(715, 695)",
        "(158, 891)",
        "(395, 124)",
        "(669, 818)",
        "(69, 537)",
        "(872, 959)",
        "(69, 54)",
        "(825, 505)"
    ],
    "(69, 537)": [
        "(677, 829)",
        "(653, 662)",
        "(879, 332)",
        "(903, 890)",
        "(307, 475)",
        "(130, 821)",
        "(519, 120)",
        "(178, 952)",
        "(830, 768)",
        "(592, 875)",
        "(113, 797)",
        "(848, 463)",
        "(825, 505)",
        "(246, 22)",
        "(735, 35)",
        "(400, 92)",
        "(669, 818)",
        "(804, 986)",
        "(544, 20)",
        "(117, 384)",
        "(658, 329)"
    ],
    "(44, 947)": [
        "(592, 875)",
        "(132, 266)",
        "(242, 161)",
        "(246, 22)",
        "(544, 20)",
        "(817, 631)",
        "(170, 946)",
        "(569, 455)",
        "(433, 472)",
        "(955, 186)",
        "(680, 930)",
        "(879, 332)",
        "(669, 818)",
        "(395, 124)",
        "(957, 457)",
        "(100, 235)",
        "(178, 457)",
        "(620, 973)",
        "(301, 552)",
        "(804, 986)",
        "(152, 976)",
        "(351, 915)",
        "(265, 551)",
        "(848, 463)",
        "(519, 120)"
    ],
    "(848, 463)": [
        "(903, 890)",
        "(100, 235)",
        "(583, 541)",
        "(713, 180)",
        "(246, 22)",
        "(970, 11)",
        "(406, 259)",
        "(69, 537)",
        "(400, 92)",
        "(132, 266)",
        "(955, 186)",
        "(242, 161)",
        "(117, 384)",
        "(178, 457)",
        "(804, 986)",
        "(830, 768)",
        "(817, 631)",
        "(815, 282)",
        "(44, 947)",
        "(669, 818)",
        "(879, 332)",
        "(158, 891)",
        "(715, 695)"
    ],
    "(100, 235)": [
        "(658, 329)",
        "(351, 915)",
        "(400, 877)",
        "(158, 891)",
        "(680, 930)",
        "(848, 463)",
        "(606, 446)",
        "(319, 918)",
        "(519, 120)",
        "(624, 782)",
        "(244, 103)",
        "(603, 32)",
        "(830, 768)",
        "(639, 65)",
        "(708, 301)",
        "(387, 593)",
        "(44, 947)",
        "(90, 137)",
        "(69, 54)",
        "(113, 797)",
        "(92, 135)",
        "(677, 829)",
        "(132, 266)",
        "(303, 656)",
        "(406, 259)",
        "(583, 541)",
        "(400, 92)",
        "(937, 807)",
        "(307, 475)"
    ],
    "(125, 459)": [
        "(708, 301)",
        "(715, 695)",
        "(178, 457)",
        "(658, 329)",
        "(172, 243)",
        "(718, 333)",
        "(872, 959)",
        "(406, 259)",
        "(937, 510)",
        "(307, 475)",
        "(903, 890)",
        "(639, 65)",
        "(677, 829)",
        "(998, 413)",
        "(569, 455)",
        "(955, 186)",
        "(500, 542)",
        "(351, 915)"
    ],
    "(178, 952)": [
        "(152, 976)",
        "(170, 946)",
        "(92, 135)",
        "(307, 475)",
        "(992, 448)",
        "(587, 189)",
        "(957, 457)",
        "(680, 930)",
        "(12, 374)",
        "(830, 768)",
        "(301, 552)",
        "(69, 537)",
        "(400, 92)",
        "(658, 329)",
        "(13, 858)",
        "(970, 11)",
        "(879, 332)",
        "(603, 32)",
        "(666, 421)",
        "(713, 180)",
        "(624, 782)",
        "(130, 821)",
        "(804, 986)",
        "(473, 459)"
    ],
    "(12, 374)": [
        "(937, 510)",
        "(433, 472)",
        "(903, 890)",
        "(13, 858)",
        "(400, 877)",
        "(680, 930)",
        "(178, 952)",
        "(606, 446)",
        "(713, 180)",
        "(69, 54)",
        "(957, 457)",
        "(265, 551)",
        "(519, 120)",
        "(406, 259)",
        "(735, 35)",
        "(170, 946)",
        "(395, 124)",
        "(843, 398)",
        "(715, 695)",
        "(473, 459)",
        "(815, 282)",
        "(319, 918)",
        "(830, 768)"
    ],
    "(970, 110)": [
        "(587, 189)",
        "(903, 890)",
        "(473, 459)",
        "(715, 695)",
        "(865, 182)",
        "(606, 446)",
        "(658, 329)",
        "(544, 20)",
        "(241, 582)",
        "(624, 782)",
        "(583, 541)",
        "(825, 505)",
        "(815, 282)",
        "(433, 472)",
        "(817, 631)",
        "(265, 551)",
        "(92, 135)",
        "(479, 581)",
        "(170, 946)",
        "(937, 807)",
        "(435, 402)"
    ],
    "(158, 891)": [
        "(100, 235)",
        "(817, 631)",
        "(170, 946)",
        "(92, 135)",
        "(319, 918)",
        "(301, 552)",
        "(879, 332)",
        "(957, 457)",
        "(13, 858)",
        "(872, 959)",
        "(544, 20)",
        "(715, 695)",
        "(666, 421)",
        "(639, 65)",
        "(970, 11)",
        "(244, 103)",
        "(145, 879)",
        "(937, 510)",
        "(830, 768)",
        "(587, 189)",
        "(680, 930)",
        "(241, 582)",
        "(246, 22)",
        "(307, 475)",
        "(479, 581)",
        "(848, 463)"
    ],
    "(620, 973)": [
        "(90, 137)",
        "(713, 180)",
        "(708, 301)",
        "(473, 459)",
        "(830, 768)",
        "(178, 457)",
        "(351, 915)",
        "(957, 457)",
        "(145, 879)",
        "(735, 35)",
        "(303, 656)",
        "(44, 947)",
        "(879, 332)",
        "(801, 447)",
        "(406, 259)",
        "(669, 818)",
        "(451, 23)",
        "(585, 50)",
        "(903, 890)"
    ],
    "(172, 243)": [
        "(592, 875)",
        "(132, 266)",
        "(639, 65)",
        "(658, 678)",
        "(125, 459)",
        "(801, 447)",
        "(768, 954)",
        "(307, 475)",
        "(955, 186)",
        "(117, 384)",
        "(319, 918)",
        "(680, 930)",
        "(152, 976)",
        "(998, 413)",
        "(672, 264)",
        "(713, 180)",
        "(500, 542)",
        "(666, 421)",
        "(992, 448)",
        "(232, 112)",
        "(903, 890)",
        "(130, 821)",
        "(587, 189)",
        "(170, 946)",
        "(865, 182)",
        "(69, 54)",
        "(433, 472)",
        "(677, 829)"
    ],
    "(713, 180)": [
        "(620, 973)",
        "(303, 656)",
        "(957, 457)",
        "(90, 137)",
        "(848, 463)",
        "(879, 332)",
        "(92, 135)",
        "(479, 581)",
        "(406, 259)",
        "(680, 930)",
        "(12, 374)",
        "(768, 954)",
        "(387, 593)",
        "(435, 402)",
        "(937, 807)",
        "(672, 264)",
        "(172, 243)",
        "(735, 35)",
        "(817, 631)",
        "(130, 821)",
        "(178, 952)",
        "(519, 120)",
        "(830, 768)",
        "(825, 505)",
        "(265, 551)",
        "(583, 541)",
        "(395, 124)",
        "(666, 421)"
    ],
    "(815, 282)": [
        "(903, 890)",
        "(92, 135)",
        "(400, 92)",
        "(232, 112)",
        "(130, 821)",
        "(395, 124)",
        "(265, 551)",
        "(178, 457)",
        "(970, 110)",
        "(69, 54)",
        "(804, 986)",
        "(998, 413)",
        "(406, 259)",
        "(12, 374)",
        "(848, 463)",
        "(479, 581)",
        "(955, 186)"
    ],
    "(715, 695)": [
        "(232, 112)",
        "(125, 459)",
        "(13, 858)",
        "(395, 124)",
        "(879, 332)",
        "(519, 120)",
        "(970, 110)",
        "(307, 475)",
        "(585, 50)",
        "(241, 582)",
        "(544, 20)",
        "(92, 135)",
        "(998, 413)",
        "(117, 384)",
        "(158, 891)",
        "(672, 264)",
        "(406, 259)",
        "(735, 35)",
        "(957, 457)",
        "(12, 374)",
        "(152, 976)",
        "(592, 875)",
        "(680, 930)",
        "(435, 402)",
        "(479, 581)",
        "(848, 463)"
    ],
    "(569, 455)": [
        "(680, 930)",
        "(669, 818)",
        "(44, 947)",
        "(406, 259)",
        "(301, 552)",
        "(955, 186)",
        "(479, 581)",
        "(677, 829)",
        "(583, 541)",
        "(125, 459)",
        "(232, 112)",
        "(879, 332)",
        "(170, 946)",
        "(69, 54)",
        "(658, 678)",
        "(130, 821)"
    ],
    "(92, 135)": [
        "(658, 329)",
        "(244, 103)",
        "(815, 282)",
        "(178, 952)",
        "(735, 35)",
        "(843, 398)",
        "(672, 264)",
        "(713, 180)",
        "(158, 891)",
        "(680, 930)",
        "(170, 946)",
        "(715, 695)",
        "(242, 161)",
        "(653, 662)",
        "(937, 807)",
        "(658, 678)",
        "(100, 235)",
        "(301, 552)",
        "(606, 446)",
        "(865, 182)",
        "(708, 301)",
        "(970, 110)"
    ],
    "(735, 35)": [
        "(830, 768)",
        "(92, 135)",
        "(998, 413)",
        "(544, 20)",
        "(13, 858)",
        "(170, 946)",
        "(666, 421)",
        "(843, 398)",
        "(69, 537)",
        "(970, 11)",
        "(241, 582)",
        "(713, 180)",
        "(620, 973)",
        "(242, 161)",
        "(653, 662)",
        "(12, 374)",
        "(624, 782)",
        "(715, 695)",
        "(145, 879)",
        "(937, 807)",
        "(117, 384)"
    ],
    "(843, 398)": [
        "(433, 472)",
        "(817, 631)",
        "(170, 946)",
        "(92, 135)",
        "(113, 797)",
        "(804, 986)",
        "(90, 137)",
        "(658, 678)",
        "(957, 457)",
        "(735, 35)",
        "(624, 782)",
        "(872, 959)",
        "(903, 890)",
        "(117, 384)",
        "(825, 505)",
        "(12, 374)",
        "(69, 54)",
        "(708, 301)",
        "(307, 475)"
    ],
    "(955, 186)": [
        "(658, 329)",
        "(265, 551)",
        "(172, 243)",
        "(44, 947)",
        "(825, 505)",
        "(569, 455)",
        "(395, 124)",
        "(178, 457)",
        "(830, 768)",
        "(718, 333)",
        "(500, 542)",
        "(848, 463)",
        "(992, 448)",
        "(125, 459)",
        "(998, 413)",
        "(957, 457)",
        "(130, 821)",
        "(815, 282)"
    ],
    "(519, 120)": [
        "(879, 332)",
        "(658, 329)",
        "(666, 421)",
        "(301, 552)",
        "(715, 695)",
        "(100, 235)",
        "(830, 768)",
        "(658, 678)",
        "(69, 537)",
        "(265, 551)",
        "(592, 875)",
        "(351, 915)",
        "(768, 954)",
        "(12, 374)",
        "(319, 918)",
        "(435, 402)",
        "(603, 32)",
        "(998, 413)",
        "(903, 890)",
        "(178, 457)",
        "(713, 180)",
        "(585, 50)",
        "(113, 797)",
        "(44, 947)",
        "(244, 103)"
    ],
    "(242, 161)": [
        "(387, 593)",
        "(44, 947)",
        "(669, 818)",
        "(117, 384)",
        "(992, 448)",
        "(232, 112)",
        "(145, 879)",
        "(804, 986)",
        "(998, 413)",
        "(92, 135)",
        "(152, 976)",
        "(735, 35)",
        "(848, 463)",
        "(817, 631)",
        "(583, 541)",
        "(603, 32)",
        "(708, 301)",
        "(303, 656)"
    ],
    "(435, 402)": [
        "(433, 472)",
        "(804, 986)",
        "(587, 189)",
        "(606, 446)",
        "(817, 631)",
        "(307, 475)",
        "(998, 413)",
        "(246, 22)",
        "(265, 551)",
        "(879, 332)",
        "(865, 182)",
        "(672, 264)",
        "(387, 593)",
        "(713, 180)",
        "(400, 92)",
        "(519, 120)",
        "(90, 137)",
        "(400, 877)",
        "(69, 54)",
        "(624, 782)",
        "(451, 23)",
        "(117, 384)",
        "(801, 447)",
        "(715, 695)",
        "(970, 110)"
    ],
    "(479, 581)": [
        "(865, 182)",
        "(817, 631)",
        "(830, 768)",
        "(387, 593)",
        "(713, 180)",
        "(606, 446)",
        "(13, 858)",
        "(117, 384)",
        "(624, 782)",
        "(400, 877)",
        "(569, 455)",
        "(937, 807)",
        "(970, 110)",
        "(815, 282)",
        "(158, 891)",
        "(715, 695)",
        "(451, 23)"
    ],
    "(879, 332)": [
        "(117, 384)",
        "(519, 120)",
        "(387, 593)",
        "(13, 858)",
        "(715, 695)",
        "(69, 537)",
        "(653, 662)",
        "(713, 180)",
        "(435, 402)",
        "(319, 918)",
        "(69, 54)",
        "(158, 891)",
        "(244, 103)",
        "(587, 189)",
        "(178, 952)",
        "(44, 947)",
        "(666, 421)",
        "(937, 807)",
        "(639, 65)",
        "(620, 973)",
        "(603, 32)",
        "(569, 455)",
        "(473, 459)",
        "(830, 768)",
        "(848, 463)",
        "(872, 959)"
    ],
    "(307, 475)": [
        "(830, 768)",
        "(178, 457)",
        "(435, 402)",
        "(178, 952)",
        "(152, 976)",
        "(69, 537)",
        "(825, 505)",
        "(715, 695)",
        "(801, 447)",
        "(172, 243)",
        "(303, 656)",
        "(232, 112)",
        "(433, 472)",
        "(992, 448)",
        "(125, 459)",
        "(400, 877)",
        "(937, 807)",
        "(587, 189)",
        "(817, 631)",
        "(132, 266)",
        "(90, 137)",
        "(592, 875)",
        "(998, 413)",
        "(158, 891)",
        "(903, 890)",
        "(843, 398)",
        "(100, 235)"
    ],
    "(241, 582)": [
        "(406, 259)",
        "(387, 593)",
        "(624, 782)",
        "(232, 112)",
        "(301, 552)",
        "(817, 631)",
        "(825, 505)",
        "(715, 695)",
        "(246, 22)",
        "(244, 103)",
        "(658, 329)",
        "(970, 110)",
        "(351, 915)",
        "(735, 35)",
        "(992, 448)",
        "(303, 656)",
        "(90, 137)",
        "(865, 182)",
        "(117, 384)",
        "(319, 918)",
        "(708, 301)",
        "(400, 92)",
        "(158, 891)"
    ],
    "(319, 918)": [
        "(100, 235)",
        "(653, 662)",
        "(244, 103)",
        "(232, 112)",
        "(937, 807)",
        "(603, 32)",
        "(158, 891)",
        "(879, 332)",
        "(865, 182)",
        "(639, 65)",
        "(585, 50)",
        "(830, 768)",
        "(172, 243)",
        "(804, 986)",
        "(519, 120)",
        "(817, 631)",
        "(433, 472)",
        "(170, 946)",
        "(241, 582)",
        "(152, 976)",
        "(658, 678)",
        "(872, 959)",
        "(903, 890)",
        "(12, 374)"
    ],
    "(113, 797)": [
        "(473, 459)",
        "(992, 448)",
        "(843, 398)",
        "(544, 20)",
        "(606, 446)",
        "(301, 552)",
        "(592, 875)",
        "(69, 537)",
        "(639, 65)",
        "(585, 50)",
        "(170, 946)",
        "(100, 235)",
        "(90, 137)",
        "(583, 541)",
        "(653, 662)",
        "(658, 678)",
        "(265, 551)",
        "(451, 23)",
        "(519, 120)",
        "(970, 11)",
        "(669, 818)"
    ],
    "(117, 384)": [
        "(879, 332)",
        "(624, 782)",
        "(708, 301)",
        "(90, 137)",
        "(406, 259)",
        "(242, 161)",
        "(653, 662)",
        "(172, 243)",
        "(583, 541)",
        "(479, 581)",
        "(970, 11)",
        "(718, 333)",
        "(957, 457)",
        "(715, 695)",
        "(500, 542)",
        "(768, 954)",
        "(801, 447)",
        "(843, 398)",
        "(680, 930)",
        "(937, 510)",
        "(639, 65)",
        "(241, 582)",
        "(848, 463)",
        "(435, 402)",
        "(69, 537)",
        "(433, 472)",
        "(872, 959)",
        "(606, 446)",
        "(400, 877)",
        "(132, 266)",
        "(735, 35)"
    ],
    "(603, 32)": [
        "(998, 413)",
        "(669, 818)",
        "(585, 50)",
        "(903, 890)",
        "(100, 235)",
        "(130, 821)",
        "(69, 54)",
        "(244, 103)",
        "(319, 918)",
        "(653, 662)",
        "(178, 952)",
        "(606, 446)",
        "(865, 182)",
        "(658, 678)",
        "(500, 542)",
        "(672, 264)",
        "(519, 120)",
        "(879, 332)",
        "(658, 329)",
        "(246, 22)",
        "(242, 161)",
        "(708, 301)",
        "(583, 541)"
    ],
    "(400, 877)": [
        "(178, 457)",
        "(100, 235)",
        "(592, 875)",
        "(585, 50)",
        "(12, 374)",
        "(587, 189)",
        "(400, 92)",
        "(307, 475)",
        "(479, 581)",
        "(718, 333)",
        "(830, 768)",
        "(132, 266)",
        "(435, 402)",
        "(117, 384)"
    ],
    "(903, 890)": [
        "(848, 463)",
        "(815, 282)",
        "(970, 110)",
        "(246, 22)",
        "(606, 446)",
        "(12, 374)",
        "(90, 137)",
        "(69, 537)",
        "(301, 552)",
        "(603, 32)",
        "(433, 472)",
        "(500, 542)",
        "(351, 915)",
        "(178, 457)",
        "(872, 959)",
        "(125, 459)",
        "(865, 182)",
        "(843, 398)",
        "(303, 656)",
        "(172, 243)",
        "(519, 120)",
        "(677, 829)",
        "(132, 266)",
        "(620, 973)",
        "(307, 475)",
        "(319, 918)"
    ],
    "(658, 329)": [
        "(955, 186)",
        "(92, 135)",
        "(100, 235)",
        "(519, 120)",
        "(998, 413)",
        "(592, 875)",
        "(544, 20)",
        "(825, 505)",
        "(125, 459)",
        "(672, 264)",
        "(69, 54)",
        "(677, 829)",
        "(451, 23)",
        "(970, 110)",
        "(178, 952)",
        "(241, 582)",
        "(992, 448)",
        "(768, 954)",
        "(132, 266)",
        "(718, 333)",
        "(603, 32)",
        "(395, 124)",
        "(232, 112)",
        "(69, 537)",
        "(145, 879)",
        "(152, 976)"
    ],
    "(592, 875)": [
        "(44, 947)",
        "(244, 103)",
        "(172, 243)",
        "(801, 447)",
        "(658, 329)",
        "(400, 877)",
        "(90, 137)",
        "(992, 448)",
        "(937, 807)",
        "(519, 120)",
        "(113, 797)",
        "(69, 537)",
        "(970, 11)",
        "(400, 92)",
        "(307, 475)",
        "(13, 858)",
        "(624, 782)",
        "(715, 695)"
    ],
    "(872, 959)": [
        "(232, 112)",
        "(13, 858)",
        "(804, 986)",
        "(125, 459)",
        "(768, 954)",
        "(937, 510)",
        "(825, 505)",
        "(433, 472)",
        "(158, 891)",
        "(903, 890)",
        "(843, 398)",
        "(387, 593)",
        "(406, 259)",
        "(544, 20)",
        "(624, 782)",
        "(970, 11)",
        "(992, 448)",
        "(319, 918)",
        "(117, 384)",
        "(865, 182)",
        "(879, 332)"
    ],
    "(624, 782)": [
        "(117, 384)",
        "(680, 930)",
        "(241, 582)",
        "(544, 20)",
        "(395, 124)",
        "(100, 235)",
        "(69, 54)",
        "(479, 581)",
        "(90, 137)",
        "(970, 110)",
        "(843, 398)",
        "(658, 678)",
        "(606, 446)",
        "(433, 472)",
        "(872, 959)",
        "(735, 35)",
        "(132, 266)",
        "(435, 402)",
        "(178, 952)",
        "(592, 875)",
        "(473, 459)"
    ],
    "(768, 954)": [
        "(301, 552)",
        "(801, 447)",
        "(473, 459)",
        "(804, 986)",
        "(639, 65)",
        "(172, 243)",
        "(872, 959)",
        "(387, 593)",
        "(713, 180)",
        "(830, 768)",
        "(132, 266)",
        "(152, 976)",
        "(587, 189)",
        "(519, 120)",
        "(117, 384)",
        "(658, 329)",
        "(606, 446)",
        "(170, 946)",
        "(69, 54)",
        "(992, 448)",
        "(244, 103)",
        "(433, 472)",
        "(653, 662)"
    ],
    "(387, 593)": [
        "(13, 858)",
        "(879, 332)",
        "(241, 582)",
        "(242, 161)",
        "(583, 541)",
        "(708, 301)",
        "(433, 472)",
        "(479, 581)",
        "(768, 954)",
        "(145, 879)",
        "(100, 235)",
        "(435, 402)",
        "(713, 180)",
        "(865, 182)",
        "(872, 959)",
        "(804, 986)",
        "(585, 50)",
        "(718, 333)",
        "(246, 22)",
        "(817, 631)"
    ],
    "(653, 662)": [
        "(473, 459)",
        "(69, 537)",
        "(232, 112)",
        "(319, 918)",
        "(879, 332)",
        "(992, 448)",
        "(804, 986)",
        "(13, 858)",
        "(303, 656)",
        "(708, 301)",
        "(117, 384)",
        "(69, 54)",
        "(603, 32)",
        "(132, 266)",
        "(639, 65)",
        "(92, 135)",
        "(735, 35)",
        "(677, 829)",
        "(113, 797)",
        "(406, 259)",
        "(658, 678)",
        "(825, 505)",
        "(768, 954)"
    ],
    "(677, 829)": [
        "(69, 537)",
        "(232, 112)",
        "(817, 631)",
        "(90, 137)",
        "(658, 329)",
        "(301, 552)",
        "(152, 976)",
        "(569, 455)",
        "(125, 459)",
        "(100, 235)",
        "(246, 22)",
        "(653, 662)",
        "(903, 890)",
        "(145, 879)",
        "(172, 243)"
    ]
}