{
    "(759, 141)": [
        "(536, 771)",
        "(912, 56)",
        "(515, 12)",
        "(454, 408)",
        "(166, 591)",
        "(997, 331)"
    ],
    "(435, 448)": [
        "(997, 331)",
        "(617, 400)",
        "(771, 327)",
        "(826, 367)",
        "(304, 830)",
        "(764, 491)",
        "(454, 408)",
        "(509, 813)",
        "(696, 683)",
        "(912, 24)",
        "(230, 715)",
        "(166, 591)"
    ],
    "(781, 58)": [
        "(698, 745)",
        "(551, 665)",
        "(25, 622)",
        "(765, 826)",
        "(9, 88)",
        "(588, 598)",
        "(580, 247)"
    ],
    "(454, 408)": [
        "(912, 24)",
        "(697, 647)",
        "(503, 969)",
        "(696, 683)",
        "(166, 591)",
        "(759, 141)",
        "(265, 108)",
        "(156, 690)",
        "(271, 99)",
        "(313, 714)",
        "(435, 448)",
        "(509, 813)",
        "(685, 355)"
    ],
    "(385, 307)": [
        "(304, 830)",
        "(731, 832)",
        "(912, 24)",
        "(826, 367)",
        "(763, 761)",
        "(997, 331)",
        "(271, 99)",
        "(912, 56)",
        "(17, 621)"
    ],
    "(118, 709)": [
        "(298, 436)",
        "(17, 621)",
        "(585, 885)",
        "(735, 626)"
    ],
    "(209, 236)": [
        "(499, 968)",
        "(731, 832)",
        "(607, 705)",
        "(313, 714)",
        "(17, 621)",
        "(219, 90)"
    ],
    "(764, 491)": [
        "(617, 400)",
        "(925, 349)",
        "(499, 968)",
        "(638, 680)",
        "(503, 969)",
        "(166, 591)",
        "(304, 830)",
        "(435, 448)",
        "(86, 663)",
        "(156, 690)",
        "(515, 12)",
        "(877, 112)"
    ],
    "(698, 745)": [
        "(129, 161)",
        "(525, 785)",
        "(781, 58)",
        "(515, 12)",
        "(499, 968)",
        "(580, 247)",
        "(638, 680)",
        "(271, 99)",
        "(585, 885)",
        "(304, 830)"
    ],
    "(997, 331)": [
        "(435, 448)",
        "(425, 854)",
        "(509, 813)",
        "(385, 307)",
        "(304, 830)",
        "(759, 141)"
    ],
    "(617, 400)": [
        "(250, 92)",
        "(764, 491)",
        "(435, 448)",
        "(877, 112)",
        "(129, 161)",
        "(355, 614)",
        "(498, 997)",
        "(735, 626)",
        "(86, 663)",
        "(685, 355)"
    ],
    "(551, 665)": [
        "(525, 785)",
        "(781, 58)",
        "(925, 349)",
        "(685, 355)",
        "(313, 714)",
        "(677, 730)",
        "(912, 56)",
        "(298, 436)",
        "(731, 832)"
    ],
    "(355, 614)": [
        "(585, 885)",
        "(925, 349)",
        "(298, 436)",
        "(617, 400)",
        "(731, 832)",
        "(771, 327)",
        "(580, 247)",
        "(460, 128)"
    ],
    "(502, 432)": [
        "(219, 90)",
        "(763, 761)",
        "(271, 99)",
        "(638, 680)",
        "(265, 108)",
        "(536, 771)",
        "(156, 690)",
        "(86, 663)"
    ],
    "(580, 247)": [
        "(697, 793)",
        "(145, 151)",
        "(698, 745)",
        "(607, 705)",
        "(355, 614)",
        "(129, 161)",
        "(781, 58)"
    ],
    "(685, 355)": [
        "(551, 665)",
        "(298, 436)",
        "(271, 99)",
        "(607, 705)",
        "(454, 408)",
        "(617, 400)",
        "(731, 832)"
    ],
    "(588, 598)": [
        "(265, 108)",
        "(219, 90)",
        "(771, 327)",
        "(925, 349)",
        "(313, 714)",
        "(498, 997)",
        "(912, 56)",
        "(781, 58)",
        "(86, 663)"
    ],
    "(503, 969)": [
        "(912, 56)",
        "(454, 408)",
        "(12, 617)",
        "(764, 491)"
    ],
    "(607, 705)": [
        "(771, 327)",
        "(86, 663)",
        "(696, 683)",
        "(313, 714)",
        "(763, 761)",
        "(425, 854)",
        "(515, 12)",
        "(677, 730)",
        "(209, 236)",
        "(580, 247)",
        "(685, 355)",
        "(697, 793)"
    ],
    "(536, 771)": [
        "(759, 141)",
        "(925, 349)",
        "(498, 997)",
        "(12, 617)",
        "(17, 621)",
        "(499, 968)",
        "(502, 432)"
    ],
    "(585, 885)": [
        "(826, 367)",
        "(355, 614)",
        "(17, 621)",
        "(907, 296)",
        "(771, 327)",
        "(118, 709)",
        "(677, 730)",
        "(698, 745)",
        "(271, 99)",
        "(145, 151)",
        "(877, 112)",
        "(460, 128)"
    ],
    "(230, 715)": [
        "(86, 663)",
        "(525, 785)",
        "(304, 830)",
        "(435, 448)"
    ],
    "(265, 108)": [
        "(588, 598)",
        "(156, 690)",
        "(907, 296)",
        "(454, 408)",
        "(502, 432)",
        "(86, 663)",
        "(460, 128)",
        "(129, 161)"
    ],
    "(670, 694)": [
        "(145, 151)",
        "(877, 112)",
        "(771, 327)",
        "(250, 92)"
    ],
    "(460, 128)": [
        "(265, 108)",
        "(355, 614)",
        "(585, 885)"
    ],
    "(771, 327)": [
        "(607, 705)",
        "(145, 151)",
        "(499, 968)",
        "(826, 367)",
        "(435, 448)",
        "(588, 598)",
        "(585, 885)",
        "(670, 694)",
        "(355, 614)"
    ],
    "(912, 24)": [
        "(454, 408)",
        "(385, 307)",
        "(877, 112)",
        "(12, 617)",
        "(696, 683)",
        "(826, 367)",
        "(435, 448)",
        "(25, 622)"
    ],
    "(9, 88)": [
        "(271, 99)",
        "(551, 577)",
        "(298, 436)",
        "(781, 58)"
    ],
    "(25, 622)": [
        "(17, 621)",
        "(781, 58)",
        "(166, 591)",
        "(912, 24)"
    ],
    "(12, 617)": [
        "(877, 112)",
        "(145, 151)",
        "(499, 968)",
        "(503, 969)",
        "(912, 24)",
        "(697, 647)",
        "(765, 826)",
        "(536, 771)",
        "(509, 813)"
    ],
    "(425, 854)": [
        "(997, 331)",
        "(925, 349)",
        "(607, 705)",
        "(219, 90)"
    ],
    "(697, 793)": [
        "(580, 247)",
        "(219, 90)",
        "(86, 663)",
        "(17, 621)",
        "(731, 832)",
        "(607, 705)",
        "(763, 761)"
    ],
    "(638, 680)": [
        "(86, 663)",
        "(912, 56)",
        "(502, 432)",
        "(298, 436)",
        "(764, 491)",
        "(698, 745)"
    ],
    "(313, 714)": [
        "(607, 705)",
        "(551, 665)",
        "(156, 690)",
        "(765, 826)",
        "(551, 577)",
        "(588, 598)",
        "(925, 349)",
        "(735, 626)",
        "(454, 408)",
        "(209, 236)"
    ],
    "(509, 813)": [
        "(731, 832)",
        "(997, 331)",
        "(515, 12)",
        "(435, 448)",
        "(454, 408)",
        "(765, 826)",
        "(12, 617)"
    ],
    "(925, 349)": [
        "(551, 665)",
        "(877, 112)",
        "(764, 491)",
        "(536, 771)",
        "(129, 161)",
        "(355, 614)",
        "(425, 854)",
        "(697, 647)",
        "(588, 598)",
        "(86, 663)",
        "(313, 714)",
        "(551, 577)"
    ],
    "(166, 591)": [
        "(454, 408)",
        "(759, 141)",
        "(764, 491)",
        "(877, 112)",
        "(826, 367)",
        "(907, 296)",
        "(25, 622)",
        "(435, 448)"
    ],
    "(250, 92)": [
        "(617, 400)",
        "(499, 968)",
        "(765, 826)",
        "(670, 694)"
    ],
    "(498, 997)": [
        "(536, 771)",
        "(735, 626)",
        "(588, 598)",
        "(617, 400)",
        "(129, 161)"
    ],
    "(304, 830)": [
        "(298, 436)",
        "(145, 151)",
        "(385, 307)",
        "(697, 647)",
        "(230, 715)",
        "(435, 448)",
        "(764, 491)",
        "(997, 331)",
        "(698, 745)",
        "(735, 626)"
    ],
    "(765, 826)": [
        "(313, 714)",
        "(250, 92)",
        "(12, 617)",
        "(677, 730)",
        "(781, 58)",
        "(509, 813)",
        "(219, 90)"
    ],
    "(271, 99)": [
        "(9, 88)",
        "(907, 296)",
        "(502, 432)",
        "(731, 832)",
        "(877, 112)",
        "(685, 355)",
        "(698, 745)",
        "(454, 408)",
        "(385, 307)",
        "(585, 885)"
    ],
    "(677, 730)": [
        "(735, 626)",
        "(607, 705)",
        "(551, 665)",
        "(156, 690)",
        "(765, 826)",
        "(585, 885)",
        "(219, 90)"
    ],
    "(907, 296)": [
        "(17, 621)",
        "(271, 99)",
        "(265, 108)",
        "(696, 683)",
        "(585, 885)",
        "(166, 591)"
    ],
    "(551, 577)": [
        "(696, 683)",
        "(313, 714)",
        "(145, 151)",
        "(9, 88)",
        "(877, 112)",
        "(925, 349)"
    ],
    "(826, 367)": [
        "(585, 885)",
        "(219, 90)",
        "(771, 327)",
        "(385, 307)",
        "(435, 448)",
        "(17, 621)",
        "(912, 56)",
        "(166, 591)",
        "(912, 24)"
    ],
    "(515, 12)": [
        "(698, 745)",
        "(759, 141)",
        "(607, 705)",
        "(509, 813)",
        "(764, 491)"
    ],
    "(735, 626)": [
        "(677, 730)",
        "(731, 832)",
        "(129, 161)",
        "(156, 690)",
        "(498, 997)",
        "(313, 714)",
        "(617, 400)",
        "(118, 709)",
        "(304, 830)"
    ],
    "(156, 690)": [
        "(265, 108)",
        "(313, 714)",
        "(735, 626)",
        "(454, 408)",
        "(696, 683)",
        "(677, 730)",
        "(764, 491)",
        "(502, 432)"
    ],
    "(86, 663)": [
        "(607, 705)",
        "(230, 715)",
        "(638, 680)",
        "(925, 349)",
        "(697, 793)",
        "(265, 108)",
        "(763, 761)",
        "(764, 491)",
        "(617, 400)",
        "(502, 432)",
        "(588, 598)"
    ],
    "(912, 56)": [
        "(129, 161)",
        "(503, 969)",
        "(759, 141)",
        "(638, 680)",
        "(826, 367)",
        "(697, 647)",
        "(499, 968)",
        "(588, 598)",
        "(385, 307)",
        "(551, 665)"
    ],
    "(17, 621)": [
        "(907, 296)",
        "(25, 622)",
        "(585, 885)",
        "(118, 709)",
        "(697, 793)",
        "(826, 367)",
        "(385, 307)",
        "(209, 236)",
        "(536, 771)"
    ],
    "(697, 647)": [
        "(454, 408)",
        "(304, 830)",
        "(298, 436)",
        "(925, 349)",
        "(12, 617)",
        "(912, 56)",
        "(877, 112)"
    ],
    "(877, 112)": [
        "(12, 617)",
        "(925, 349)",
        "(617, 400)",
        "(670, 694)",
        "(912, 24)",
        "(298, 436)",
        "(271, 99)",
        "(166, 591)",
        "(551, 577)",
        "(697, 647)",
        "(585, 885)",
        "(763, 761)",
        "(764, 491)"
    ],
    "(219, 90)": [
        "(502, 432)",
        "(588, 598)",
        "(826, 367)",
        "(425, 854)",
        "(697, 793)",
        "(209, 236)",
        "(765, 826)",
        "(677, 730)"
    ],
    "(129, 161)": [
        "(698, 745)",
        "(912, 56)",
        "(925, 349)",
        "(735, 626)",
        "(617, 400)",
        "(498, 997)",
        "(298, 436)",
        "(265, 108)",
        "(580, 247)"
    ],
    "(763, 761)": [
        "(502, 432)",
        "(607, 705)",
        "(385, 307)",
        "(86, 663)",
        "(697, 793)",
        "(877, 112)"
    ],
    "(499, 968)": [
        "(771, 327)",
        "(209, 236)",
        "(698, 745)",
        "(12, 617)",
        "(250, 92)",
        "(764, 491)",
        "(912, 56)",
        "(536, 771)"
    ],
    "(731, 832)": [
        "(735, 626)",
        "(385, 307)",
        "(271, 99)",
        "(509, 813)",
        "(209, 236)",
        "(355, 614)",
        "(697, 793)",
        "(685, 355)",
        "(551, 665)"
    ],
    "(696, 683)": [
        "(551, 577)",
        "(607, 705)",
        "(454, 408)",
        "(907, 296)",
        "(156, 690)",
        "(912, 24)",
        "(435, 448)"
    ],
    "(145, 151)": [
        "(304, 830)",
        "(771, 327)",
        "(670, 694)",
        "(12, 617)",
        "(580, 247)",
        "(551, 577)",
        "(585, 885)"
    ],
    "(525, 785)": [
        "(551, 665)",
        "(698, 745)",
        "(230, 715)"
    ],
    "(298, 436)": [
        "(304, 830)",
        "(118, 709)",
        "(355, 614)",
        "(697, 647)",
        "(877, 112)",
        "(685, 355)",
        "(638, 680)",
        "(129, 161)",
        "(9, 88)",
        "(551, 665)"
    ]
}