{
    "(525, 785)": [
        "(66, 10)",
        "(691, 641)",
        "(298, 436)",
        "(669, 208)",
        "(116, 148)"
    ],
    "(298, 436)": [
        "(301, 385)",
        "(258, 339)",
        "(525, 785)",
        "(343, 272)"
    ],
    "(258, 339)": [
        "(36, 797)",
        "(103, 538)",
        "(343, 272)",
        "(669, 208)",
        "(298, 436)",
        "(874, 850)",
        "(116, 148)",
        "(66, 10)",
        "(849, 139)"
    ],
    "(708, 261)": [
        "(397, 65)",
        "(103, 538)",
        "(36, 797)",
        "(899, 940)",
        "(301, 385)"
    ],
    "(301, 385)": [
        "(455, 497)",
        "(439, 987)",
        "(298, 436)",
        "(116, 148)",
        "(179, 560)",
        "(502, 643)",
        "(35, 485)",
        "(708, 261)"
    ],
    "(103, 538)": [
        "(258, 339)",
        "(708, 261)",
        "(691, 641)",
        "(862, 326)",
        "(849, 139)",
        "(455, 497)",
        "(36, 797)",
        "(874, 850)",
        "(35, 485)",
        "(669, 208)"
    ],
    "(874, 850)": [
        "(691, 641)",
        "(35, 485)",
        "(862, 326)",
        "(258, 339)",
        "(103, 538)"
    ],
    "(35, 485)": [
        "(343, 272)",
        "(455, 497)",
        "(874, 850)",
        "(845, 221)",
        "(301, 385)",
        "(849, 139)",
        "(103, 538)",
        "(899, 940)"
    ],
    "(397, 65)": [
        "(708, 261)",
        "(502, 643)",
        "(669, 208)"
    ],
    "(669, 208)": [
        "(691, 641)",
        "(258, 339)",
        "(455, 497)",
        "(849, 139)",
        "(439, 987)",
        "(862, 326)",
        "(397, 65)",
        "(922, 886)",
        "(525, 785)",
        "(103, 538)"
    ],
    "(922, 886)": [
        "(36, 797)",
        "(669, 208)",
        "(849, 139)"
    ],
    "(849, 139)": [
        "(669, 208)",
        "(103, 538)",
        "(845, 221)",
        "(502, 643)",
        "(343, 272)",
        "(35, 485)",
        "(258, 339)",
        "(922, 886)"
    ],
    "(66, 10)": [
        "(525, 785)",
        "(845, 221)",
        "(899, 940)",
        "(258, 339)",
        "(862, 326)"
    ],
    "(899, 940)": [
        "(179, 560)",
        "(845, 221)",
        "(66, 10)",
        "(708, 261)",
        "(35, 485)"
    ],
    "(862, 326)": [
        "(502, 643)",
        "(103, 538)",
        "(116, 148)",
        "(874, 850)",
        "(439, 987)",
        "(669, 208)",
        "(66, 10)"
    ],
    "(343, 272)": [
        "(439, 987)",
        "(35, 485)",
        "(258, 339)",
        "(116, 148)",
        "(179, 560)",
        "(849, 139)",
        "(298, 436)"
    ],
    "(439, 987)": [
        "(343, 272)",
        "(845, 221)",
        "(301, 385)",
        "(36, 797)",
        "(669, 208)",
        "(862, 326)"
    ],
    "(116, 148)": [
        "(845, 221)",
        "(343, 272)",
        "(301, 385)",
        "(862, 326)",
        "(258, 339)",
        "(525, 785)"
    ],
    "(455, 497)": [
        "(691, 641)",
        "(35, 485)",
        "(301, 385)",
        "(669, 208)",
        "(103, 538)",
        "(845, 221)"
    ],
    "(476, 25)": [
        "(179, 560)",
        "(845, 221)"
    ],
    "(502, 643)": [
        "(397, 65)",
        "(862, 326)",
        "(849, 139)",
        "(301, 385)",
        "(179, 560)"
    ],
    "(36, 797)": [
        "(258, 339)",
        "(922, 886)",
        "(439, 987)",
        "(708, 261)",
        "(103, 538)"
    ],
    "(691, 641)": [
        "(455, 497)",
        "(669, 208)",
        "(103, 538)",
        "(874, 850)",
        "(525, 785)"
    ],
    "(845, 221)": [
        "(116, 148)",
        "(476, 25)",
        "(439, 987)",
        "(899, 940)",
        "(35, 485)",
        "(66, 10)",
        "(849, 139)",
        "(455, 497)"
    ],
    "(179, 560)": [
        "(476, 25)",
        "(899, 940)",
        "(343, 272)",
        "(301, 385)",
        "(502, 643)"
    ]
}