{
    "(514, 304)": [
        "(811, 969)",
        "(72, 742)",
        "(276, 966)",
        "(325, 393)",
        "(484, 138)",
        "(959, 214)",
        "(10, 856)",
        "(907, 242)",
        "(923, 55)",
        "(938, 127)",
        "(127, 381)",
        "(695, 88)",
        "(405, 86)",
        "(789, 993)",
        "(620, 183)",
        "(774, 578)",
        "(985, 933)",
        "(254, 918)",
        "(33, 98)",
        "(737, 214)",
        "(473, 258)",
        "(426, 336)",
        "(761, 816)",
        "(512, 913)",
        "(713, 190)",
        "(233, 271)",
        "(161, 223)",
        "(805, 591)",
        "(364, 426)",
        "(656, 939)",
        "(573, 774)",
        "(935, 914)"
    ],
    "(325, 393)": [
        "(786, 686)",
        "(978, 688)",
        "(514, 304)",
        "(907, 242)",
        "(444, 425)",
        "(938, 127)",
        "(78, 880)",
        "(743, 514)",
        "(585, 242)",
        "(920, 350)",
        "(484, 138)",
        "(511, 979)",
        "(254, 918)",
        "(161, 223)",
        "(473, 258)",
        "(713, 190)",
        "(72, 742)",
        "(848, 474)",
        "(123, 462)",
        "(414, 938)",
        "(622, 82)",
        "(276, 966)",
        "(923, 55)",
        "(10, 856)",
        "(233, 271)",
        "(127, 381)",
        "(405, 86)",
        "(345, 569)",
        "(368, 58)",
        "(753, 691)",
        "(477, 660)"
    ],
    "(77, 270)": [
        "(620, 183)",
        "(405, 86)",
        "(923, 55)",
        "(473, 258)",
        "(774, 578)",
        "(512, 913)",
        "(789, 993)",
        "(127, 381)",
        "(344, 161)",
        "(773, 588)",
        "(947, 559)",
        "(990, 714)",
        "(907, 242)",
        "(35, 593)",
        "(737, 214)",
        "(152, 798)",
        "(345, 569)",
        "(938, 127)",
        "(233, 271)",
        "(414, 938)",
        "(858, 640)",
        "(366, 545)",
        "(743, 514)",
        "(368, 58)",
        "(408, 622)",
        "(959, 214)",
        "(72, 742)",
        "(78, 880)",
        "(928, 100)",
        "(33, 98)",
        "(713, 190)",
        "(511, 979)",
        "(761, 816)",
        "(477, 660)",
        "(563, 717)",
        "(935, 914)"
    ],
    "(426, 336)": [
        "(364, 426)",
        "(405, 86)",
        "(10, 856)",
        "(161, 223)",
        "(622, 82)",
        "(345, 569)",
        "(254, 918)",
        "(655, 165)",
        "(563, 717)",
        "(786, 686)",
        "(368, 58)",
        "(743, 514)",
        "(935, 914)",
        "(774, 578)",
        "(978, 688)",
        "(959, 214)",
        "(620, 183)",
        "(522, 97)",
        "(233, 271)",
        "(366, 545)",
        "(414, 938)",
        "(811, 969)",
        "(477, 660)",
        "(514, 304)",
        "(923, 55)",
        "(72, 742)",
        "(753, 691)",
        "(444, 425)",
        "(907, 242)",
        "(408, 622)",
        "(33, 98)"
    ],
    "(713, 190)": [
        "(753, 691)",
        "(473, 258)",
        "(743, 514)",
        "(78, 880)",
        "(477, 660)",
        "(484, 138)",
        "(254, 918)",
        "(978, 688)",
        "(789, 993)",
        "(21, 239)",
        "(920, 350)",
        "(408, 622)",
        "(511, 979)",
        "(656, 939)",
        "(325, 393)",
        "(786, 686)",
        "(848, 474)",
        "(923, 55)",
        "(811, 969)",
        "(512, 913)",
        "(276, 966)",
        "(985, 933)",
        "(10, 856)",
        "(622, 82)",
        "(77, 270)",
        "(368, 58)",
        "(620, 183)",
        "(935, 914)",
        "(364, 426)",
        "(72, 742)",
        "(514, 304)",
        "(522, 97)",
        "(33, 98)",
        "(947, 559)"
    ],
    "(743, 514)": [
        "(10, 856)",
        "(773, 588)",
        "(737, 214)",
        "(713, 190)",
        "(907, 242)",
        "(920, 350)",
        "(811, 969)",
        "(325, 393)",
        "(344, 161)",
        "(78, 880)",
        "(774, 578)",
        "(123, 462)",
        "(426, 336)",
        "(848, 474)",
        "(656, 939)",
        "(414, 938)",
        "(789, 993)",
        "(622, 82)",
        "(477, 660)",
        "(77, 270)",
        "(573, 774)",
        "(959, 214)",
        "(753, 691)",
        "(72, 742)",
        "(923, 55)",
        "(444, 425)",
        "(935, 914)",
        "(522, 97)",
        "(938, 127)",
        "(655, 165)",
        "(848, 490)",
        "(746, 820)"
    ],
    "(923, 55)": [
        "(77, 270)",
        "(10, 856)",
        "(848, 474)",
        "(774, 578)",
        "(78, 880)",
        "(345, 569)",
        "(72, 742)",
        "(512, 913)",
        "(761, 816)",
        "(563, 717)",
        "(405, 86)",
        "(947, 559)",
        "(544, 304)",
        "(514, 304)",
        "(152, 798)",
        "(35, 593)",
        "(805, 591)",
        "(978, 688)",
        "(368, 58)",
        "(620, 183)",
        "(477, 660)",
        "(737, 214)",
        "(907, 242)",
        "(344, 161)",
        "(414, 938)",
        "(585, 242)",
        "(713, 190)",
        "(473, 258)",
        "(656, 939)",
        "(325, 393)",
        "(786, 686)",
        "(985, 933)",
        "(622, 82)",
        "(426, 336)",
        "(858, 640)",
        "(743, 514)",
        "(789, 993)",
        "(123, 462)",
        "(444, 425)",
        "(746, 820)"
    ],
    "(978, 688)": [
        "(78, 880)",
        "(544, 304)",
        "(325, 393)",
        "(938, 127)",
        "(408, 622)",
        "(405, 86)",
        "(789, 993)",
        "(444, 425)",
        "(473, 258)",
        "(713, 190)",
        "(161, 223)",
        "(573, 774)",
        "(484, 138)",
        "(298, 298)",
        "(426, 336)",
        "(773, 588)",
        "(920, 350)",
        "(746, 820)",
        "(923, 55)",
        "(276, 966)",
        "(622, 82)",
        "(655, 165)",
        "(344, 161)",
        "(947, 559)",
        "(774, 578)",
        "(127, 381)",
        "(858, 640)",
        "(563, 717)",
        "(907, 242)",
        "(805, 591)",
        "(620, 183)"
    ],
    "(484, 138)": [
        "(920, 350)",
        "(127, 381)",
        "(405, 86)",
        "(514, 304)",
        "(233, 271)",
        "(928, 100)",
        "(444, 425)",
        "(713, 190)",
        "(935, 914)",
        "(620, 183)",
        "(344, 161)",
        "(655, 165)",
        "(161, 223)",
        "(978, 688)",
        "(761, 816)",
        "(325, 393)",
        "(33, 98)",
        "(907, 242)",
        "(985, 933)",
        "(746, 820)",
        "(35, 593)",
        "(789, 993)",
        "(21, 239)",
        "(695, 88)",
        "(298, 298)",
        "(366, 545)",
        "(72, 742)",
        "(123, 462)",
        "(152, 798)",
        "(364, 426)",
        "(585, 242)",
        "(408, 622)",
        "(477, 660)",
        "(368, 58)",
        "(622, 82)"
    ],
    "(848, 490)": [
        "(21, 239)",
        "(522, 97)",
        "(737, 214)",
        "(345, 569)",
        "(473, 258)",
        "(366, 545)",
        "(985, 933)",
        "(444, 425)",
        "(364, 426)",
        "(928, 100)",
        "(78, 880)",
        "(848, 474)",
        "(959, 214)",
        "(789, 993)",
        "(655, 165)",
        "(773, 588)",
        "(753, 691)",
        "(511, 979)",
        "(761, 816)",
        "(656, 939)",
        "(127, 381)",
        "(544, 304)",
        "(72, 742)",
        "(920, 350)",
        "(695, 88)",
        "(620, 183)",
        "(344, 161)",
        "(33, 98)",
        "(152, 798)",
        "(512, 913)",
        "(774, 578)",
        "(743, 514)"
    ],
    "(544, 304)": [
        "(978, 688)",
        "(923, 55)",
        "(368, 58)",
        "(938, 127)",
        "(127, 381)",
        "(405, 86)",
        "(786, 686)",
        "(928, 100)",
        "(622, 82)",
        "(123, 462)",
        "(522, 97)",
        "(254, 918)",
        "(773, 588)",
        "(473, 258)",
        "(78, 880)",
        "(985, 933)",
        "(848, 490)",
        "(695, 88)",
        "(444, 425)",
        "(366, 545)",
        "(35, 593)",
        "(811, 969)",
        "(907, 242)",
        "(477, 660)",
        "(161, 223)",
        "(21, 239)",
        "(656, 939)",
        "(848, 474)",
        "(753, 691)",
        "(364, 426)",
        "(298, 298)"
    ],
    "(773, 588)": [
        "(656, 939)",
        "(743, 514)",
        "(405, 86)",
        "(473, 258)",
        "(344, 161)",
        "(276, 966)",
        "(774, 578)",
        "(985, 933)",
        "(77, 270)",
        "(907, 242)",
        "(522, 97)",
        "(990, 714)",
        "(695, 88)",
        "(848, 490)",
        "(254, 918)",
        "(978, 688)",
        "(858, 640)",
        "(811, 969)",
        "(544, 304)",
        "(737, 214)",
        "(364, 426)",
        "(753, 691)",
        "(585, 242)",
        "(298, 298)",
        "(620, 183)",
        "(805, 591)",
        "(920, 350)"
    ],
    "(620, 183)": [
        "(77, 270)",
        "(573, 774)",
        "(585, 242)",
        "(985, 933)",
        "(408, 622)",
        "(345, 569)",
        "(444, 425)",
        "(233, 271)",
        "(789, 993)",
        "(959, 214)",
        "(10, 856)",
        "(484, 138)",
        "(805, 591)",
        "(622, 82)",
        "(368, 58)",
        "(920, 350)",
        "(152, 798)",
        "(514, 304)",
        "(923, 55)",
        "(426, 336)",
        "(761, 816)",
        "(477, 660)",
        "(123, 462)",
        "(254, 918)",
        "(811, 969)",
        "(512, 913)",
        "(276, 966)",
        "(848, 490)",
        "(713, 190)",
        "(405, 86)",
        "(947, 559)",
        "(746, 820)",
        "(344, 161)",
        "(773, 588)",
        "(907, 242)",
        "(522, 97)",
        "(978, 688)",
        "(21, 239)"
    ],
    "(753, 691)": [
        "(713, 190)",
        "(511, 979)",
        "(473, 258)",
        "(622, 82)",
        "(563, 717)",
        "(276, 966)",
        "(254, 918)",
        "(928, 100)",
        "(907, 242)",
        "(123, 462)",
        "(811, 969)",
        "(477, 660)",
        "(522, 97)",
        "(848, 490)",
        "(78, 880)",
        "(152, 798)",
        "(298, 298)",
        "(585, 242)",
        "(773, 588)",
        "(737, 214)",
        "(743, 514)",
        "(858, 640)",
        "(161, 223)",
        "(746, 820)",
        "(789, 993)",
        "(935, 914)",
        "(233, 271)",
        "(655, 165)",
        "(426, 336)",
        "(573, 774)",
        "(21, 239)",
        "(774, 578)",
        "(72, 742)",
        "(544, 304)",
        "(33, 98)",
        "(368, 58)",
        "(366, 545)",
        "(325, 393)"
    ],
    "(511, 979)": [
        "(753, 691)",
        "(585, 242)",
        "(928, 100)",
        "(35, 593)",
        "(573, 774)",
        "(325, 393)",
        "(713, 190)",
        "(622, 82)",
        "(405, 86)",
        "(774, 578)",
        "(947, 559)",
        "(985, 933)",
        "(746, 820)",
        "(848, 490)",
        "(935, 914)",
        "(344, 161)",
        "(254, 918)",
        "(959, 214)",
        "(152, 798)",
        "(77, 270)",
        "(364, 426)",
        "(920, 350)",
        "(276, 966)",
        "(737, 214)",
        "(805, 591)",
        "(473, 258)",
        "(78, 880)"
    ],
    "(512, 913)": [
        "(344, 161)",
        "(123, 462)",
        "(928, 100)",
        "(77, 270)",
        "(473, 258)",
        "(923, 55)",
        "(985, 933)",
        "(152, 798)",
        "(563, 717)",
        "(368, 58)",
        "(655, 165)",
        "(35, 593)",
        "(585, 242)",
        "(573, 774)",
        "(935, 914)",
        "(233, 271)",
        "(620, 183)",
        "(408, 622)",
        "(127, 381)",
        "(959, 214)",
        "(713, 190)",
        "(737, 214)",
        "(366, 545)",
        "(811, 969)",
        "(254, 918)",
        "(21, 239)",
        "(622, 82)",
        "(907, 242)",
        "(514, 304)",
        "(786, 686)",
        "(72, 742)",
        "(444, 425)",
        "(848, 490)",
        "(789, 993)",
        "(656, 939)"
    ],
    "(405, 86)": [
        "(77, 270)",
        "(773, 588)",
        "(484, 138)",
        "(426, 336)",
        "(622, 82)",
        "(573, 774)",
        "(774, 578)",
        "(563, 717)",
        "(978, 688)",
        "(923, 55)",
        "(10, 856)",
        "(477, 660)",
        "(544, 304)",
        "(514, 304)",
        "(848, 474)",
        "(695, 88)",
        "(298, 298)",
        "(511, 979)",
        "(920, 350)",
        "(761, 816)",
        "(737, 214)",
        "(408, 622)",
        "(72, 742)",
        "(746, 820)",
        "(345, 569)",
        "(444, 425)",
        "(935, 914)",
        "(620, 183)",
        "(789, 993)",
        "(325, 393)",
        "(127, 381)",
        "(947, 559)",
        "(655, 165)",
        "(152, 798)",
        "(33, 98)"
    ],
    "(563, 717)": [
        "(947, 559)",
        "(753, 691)",
        "(405, 86)",
        "(923, 55)",
        "(512, 913)",
        "(345, 569)",
        "(426, 336)",
        "(920, 350)",
        "(935, 914)",
        "(152, 798)",
        "(35, 593)",
        "(928, 100)",
        "(233, 271)",
        "(786, 686)",
        "(959, 214)",
        "(366, 545)",
        "(848, 474)",
        "(161, 223)",
        "(573, 774)",
        "(368, 58)",
        "(77, 270)",
        "(978, 688)",
        "(805, 591)",
        "(123, 462)"
    ],
    "(477, 660)": [
        "(928, 100)",
        "(938, 127)",
        "(985, 933)",
        "(585, 242)",
        "(947, 559)",
        "(935, 914)",
        "(254, 918)",
        "(713, 190)",
        "(737, 214)",
        "(405, 86)",
        "(414, 938)",
        "(123, 462)",
        "(753, 691)",
        "(923, 55)",
        "(920, 350)",
        "(620, 183)",
        "(78, 880)",
        "(233, 271)",
        "(622, 82)",
        "(368, 58)",
        "(743, 514)",
        "(573, 774)",
        "(907, 242)",
        "(522, 97)",
        "(426, 336)",
        "(344, 161)",
        "(276, 966)",
        "(786, 686)",
        "(990, 714)",
        "(152, 798)",
        "(544, 304)",
        "(77, 270)",
        "(298, 298)",
        "(811, 969)",
        "(484, 138)",
        "(325, 393)"
    ],
    "(72, 742)": [
        "(848, 474)",
        "(473, 258)",
        "(152, 798)",
        "(364, 426)",
        "(514, 304)",
        "(935, 914)",
        "(923, 55)",
        "(985, 933)",
        "(414, 938)",
        "(78, 880)",
        "(35, 593)",
        "(695, 88)",
        "(761, 816)",
        "(746, 820)",
        "(366, 545)",
        "(656, 939)",
        "(127, 381)",
        "(298, 298)",
        "(276, 966)",
        "(786, 686)",
        "(789, 993)",
        "(325, 393)",
        "(522, 97)",
        "(805, 591)",
        "(405, 86)",
        "(811, 969)",
        "(123, 462)",
        "(848, 490)",
        "(77, 270)",
        "(426, 336)",
        "(743, 514)",
        "(585, 242)",
        "(484, 138)",
        "(713, 190)",
        "(512, 913)",
        "(753, 691)",
        "(573, 774)"
    ],
    "(444, 425)": [
        "(938, 127)",
        "(907, 242)",
        "(858, 640)",
        "(233, 271)",
        "(620, 183)",
        "(774, 578)",
        "(786, 686)",
        "(484, 138)",
        "(325, 393)",
        "(848, 490)",
        "(10, 856)",
        "(737, 214)",
        "(746, 820)",
        "(978, 688)",
        "(161, 223)",
        "(254, 918)",
        "(935, 914)",
        "(573, 774)",
        "(123, 462)",
        "(655, 165)",
        "(78, 880)",
        "(947, 559)",
        "(364, 426)",
        "(544, 304)",
        "(368, 58)",
        "(405, 86)",
        "(743, 514)",
        "(473, 258)",
        "(928, 100)",
        "(512, 913)",
        "(366, 545)",
        "(656, 939)",
        "(426, 336)",
        "(923, 55)"
    ],
    "(33, 98)": [
        "(364, 426)",
        "(848, 474)",
        "(746, 820)",
        "(345, 569)",
        "(298, 298)",
        "(858, 640)",
        "(959, 214)",
        "(655, 165)",
        "(484, 138)",
        "(368, 58)",
        "(585, 242)",
        "(123, 462)",
        "(786, 686)",
        "(344, 161)",
        "(920, 350)",
        "(514, 304)",
        "(414, 938)",
        "(127, 381)",
        "(21, 239)",
        "(805, 591)",
        "(161, 223)",
        "(77, 270)",
        "(573, 774)",
        "(938, 127)",
        "(928, 100)",
        "(848, 490)",
        "(152, 798)",
        "(78, 880)",
        "(753, 691)",
        "(713, 190)",
        "(405, 86)",
        "(426, 336)",
        "(907, 242)",
        "(473, 258)"
    ],
    "(78, 880)": [
        "(978, 688)",
        "(959, 214)",
        "(408, 622)",
        "(990, 714)",
        "(123, 462)",
        "(923, 55)",
        "(848, 474)",
        "(161, 223)",
        "(713, 190)",
        "(786, 686)",
        "(298, 298)",
        "(72, 742)",
        "(325, 393)",
        "(848, 490)",
        "(920, 350)",
        "(737, 214)",
        "(743, 514)",
        "(21, 239)",
        "(276, 966)",
        "(774, 578)",
        "(655, 165)",
        "(907, 242)",
        "(985, 933)",
        "(477, 660)",
        "(753, 691)",
        "(656, 939)",
        "(811, 969)",
        "(544, 304)",
        "(935, 914)",
        "(444, 425)",
        "(344, 161)",
        "(77, 270)",
        "(152, 798)",
        "(805, 591)",
        "(33, 98)",
        "(858, 640)",
        "(368, 58)",
        "(573, 774)",
        "(511, 979)",
        "(366, 545)"
    ],
    "(737, 214)": [
        "(695, 88)",
        "(656, 939)",
        "(947, 559)",
        "(743, 514)",
        "(848, 490)",
        "(938, 127)",
        "(805, 591)",
        "(985, 933)",
        "(477, 660)",
        "(345, 569)",
        "(444, 425)",
        "(761, 816)",
        "(786, 686)",
        "(152, 798)",
        "(78, 880)",
        "(127, 381)",
        "(161, 223)",
        "(858, 640)",
        "(77, 270)",
        "(811, 969)",
        "(928, 100)",
        "(585, 242)",
        "(923, 55)",
        "(773, 588)",
        "(10, 856)",
        "(405, 86)",
        "(414, 938)",
        "(512, 913)",
        "(514, 304)",
        "(753, 691)",
        "(511, 979)",
        "(622, 82)",
        "(990, 714)"
    ],
    "(761, 816)": [
        "(805, 591)",
        "(368, 58)",
        "(364, 426)",
        "(923, 55)",
        "(737, 214)",
        "(72, 742)",
        "(484, 138)",
        "(408, 622)",
        "(127, 381)",
        "(620, 183)",
        "(959, 214)",
        "(848, 490)",
        "(405, 86)",
        "(656, 939)",
        "(695, 88)",
        "(811, 969)",
        "(985, 933)",
        "(233, 271)",
        "(774, 578)",
        "(366, 545)",
        "(514, 304)",
        "(789, 993)",
        "(77, 270)",
        "(473, 258)",
        "(21, 239)",
        "(585, 242)",
        "(35, 593)"
    ],
    "(364, 426)": [
        "(426, 336)",
        "(695, 88)",
        "(33, 98)",
        "(656, 939)",
        "(805, 591)",
        "(72, 742)",
        "(127, 381)",
        "(959, 214)",
        "(761, 816)",
        "(848, 490)",
        "(938, 127)",
        "(276, 966)",
        "(789, 993)",
        "(907, 242)",
        "(928, 100)",
        "(408, 622)",
        "(746, 820)",
        "(473, 258)",
        "(990, 714)",
        "(848, 474)",
        "(947, 559)",
        "(161, 223)",
        "(786, 686)",
        "(123, 462)",
        "(444, 425)",
        "(773, 588)",
        "(345, 569)",
        "(622, 82)",
        "(35, 593)",
        "(511, 979)",
        "(713, 190)",
        "(985, 933)",
        "(544, 304)",
        "(484, 138)",
        "(655, 165)",
        "(514, 304)",
        "(344, 161)",
        "(152, 798)"
    ],
    "(10, 856)": [
        "(414, 938)",
        "(743, 514)",
        "(907, 242)",
        "(848, 474)",
        "(923, 55)",
        "(426, 336)",
        "(938, 127)",
        "(947, 559)",
        "(620, 183)",
        "(959, 214)",
        "(444, 425)",
        "(21, 239)",
        "(805, 591)",
        "(514, 304)",
        "(405, 86)",
        "(254, 918)",
        "(811, 969)",
        "(786, 686)",
        "(585, 242)",
        "(152, 798)",
        "(737, 214)",
        "(127, 381)",
        "(713, 190)",
        "(368, 58)",
        "(622, 82)",
        "(990, 714)",
        "(325, 393)",
        "(276, 966)",
        "(298, 298)",
        "(695, 88)",
        "(573, 774)",
        "(408, 622)",
        "(928, 100)"
    ],
    "(695, 88)": [
        "(364, 426)",
        "(737, 214)",
        "(990, 714)",
        "(959, 214)",
        "(233, 271)",
        "(985, 933)",
        "(848, 474)",
        "(72, 742)",
        "(514, 304)",
        "(366, 545)",
        "(773, 588)",
        "(405, 86)",
        "(35, 593)",
        "(907, 242)",
        "(254, 918)",
        "(761, 816)",
        "(484, 138)",
        "(544, 304)",
        "(848, 490)",
        "(858, 640)",
        "(622, 82)",
        "(127, 381)",
        "(655, 165)",
        "(298, 298)",
        "(920, 350)",
        "(10, 856)",
        "(573, 774)",
        "(789, 993)",
        "(21, 239)",
        "(414, 938)",
        "(947, 559)"
    ],
    "(298, 298)": [
        "(805, 591)",
        "(522, 97)",
        "(78, 880)",
        "(656, 939)",
        "(368, 58)",
        "(33, 98)",
        "(408, 622)",
        "(123, 462)",
        "(811, 969)",
        "(978, 688)",
        "(746, 820)",
        "(72, 742)",
        "(405, 86)",
        "(127, 381)",
        "(573, 774)",
        "(789, 993)",
        "(753, 691)",
        "(21, 239)",
        "(773, 588)",
        "(276, 966)",
        "(484, 138)",
        "(858, 640)",
        "(990, 714)",
        "(622, 82)",
        "(344, 161)",
        "(10, 856)",
        "(695, 88)",
        "(477, 660)",
        "(161, 223)",
        "(345, 569)",
        "(907, 242)",
        "(366, 545)",
        "(544, 304)"
    ],
    "(622, 82)": [
        "(344, 161)",
        "(774, 578)",
        "(405, 86)",
        "(753, 691)",
        "(522, 97)",
        "(123, 462)",
        "(345, 569)",
        "(426, 336)",
        "(805, 591)",
        "(473, 258)",
        "(858, 640)",
        "(959, 214)",
        "(620, 183)",
        "(127, 381)",
        "(408, 622)",
        "(35, 593)",
        "(985, 933)",
        "(544, 304)",
        "(511, 979)",
        "(368, 58)",
        "(811, 969)",
        "(947, 559)",
        "(161, 223)",
        "(743, 514)",
        "(414, 938)",
        "(477, 660)",
        "(978, 688)",
        "(907, 242)",
        "(325, 393)",
        "(923, 55)",
        "(364, 426)",
        "(695, 88)",
        "(10, 856)",
        "(713, 190)",
        "(920, 350)",
        "(298, 298)",
        "(512, 913)",
        "(848, 474)",
        "(786, 686)",
        "(484, 138)",
        "(254, 918)",
        "(737, 214)"
    ],
    "(573, 774)": [
        "(620, 183)",
        "(920, 350)",
        "(405, 86)",
        "(233, 271)",
        "(368, 58)",
        "(414, 938)",
        "(345, 569)",
        "(35, 593)",
        "(21, 239)",
        "(990, 714)",
        "(978, 688)",
        "(444, 425)",
        "(511, 979)",
        "(152, 798)",
        "(512, 913)",
        "(161, 223)",
        "(298, 298)",
        "(408, 622)",
        "(805, 591)",
        "(789, 993)",
        "(811, 969)",
        "(477, 660)",
        "(123, 462)",
        "(656, 939)",
        "(522, 97)",
        "(743, 514)",
        "(33, 98)",
        "(276, 966)",
        "(848, 474)",
        "(935, 914)",
        "(563, 717)",
        "(753, 691)",
        "(786, 686)",
        "(10, 856)",
        "(72, 742)",
        "(938, 127)",
        "(695, 88)",
        "(947, 559)",
        "(78, 880)",
        "(514, 304)",
        "(366, 545)"
    ],
    "(21, 239)": [
        "(848, 490)",
        "(947, 559)",
        "(585, 242)",
        "(123, 462)",
        "(573, 774)",
        "(10, 856)",
        "(35, 593)",
        "(473, 258)",
        "(78, 880)",
        "(655, 165)",
        "(990, 714)",
        "(713, 190)",
        "(858, 640)",
        "(408, 622)",
        "(959, 214)",
        "(276, 966)",
        "(484, 138)",
        "(298, 298)",
        "(254, 918)",
        "(127, 381)",
        "(161, 223)",
        "(33, 98)",
        "(345, 569)",
        "(907, 242)",
        "(920, 350)",
        "(512, 913)",
        "(522, 97)",
        "(544, 304)",
        "(811, 969)",
        "(753, 691)",
        "(938, 127)",
        "(746, 820)",
        "(761, 816)",
        "(695, 88)",
        "(414, 938)",
        "(620, 183)",
        "(366, 545)"
    ],
    "(152, 798)": [
        "(473, 258)",
        "(72, 742)",
        "(656, 939)",
        "(774, 578)",
        "(233, 271)",
        "(345, 569)",
        "(959, 214)",
        "(512, 913)",
        "(737, 214)",
        "(366, 545)",
        "(585, 242)",
        "(923, 55)",
        "(77, 270)",
        "(805, 591)",
        "(573, 774)",
        "(254, 918)",
        "(848, 474)",
        "(123, 462)",
        "(620, 183)",
        "(786, 686)",
        "(563, 717)",
        "(935, 914)",
        "(753, 691)",
        "(10, 856)",
        "(990, 714)",
        "(161, 223)",
        "(127, 381)",
        "(414, 938)",
        "(511, 979)",
        "(811, 969)",
        "(477, 660)",
        "(848, 490)",
        "(78, 880)",
        "(33, 98)",
        "(484, 138)",
        "(405, 86)",
        "(364, 426)"
    ],
    "(254, 918)": [
        "(344, 161)",
        "(233, 271)",
        "(746, 820)",
        "(477, 660)",
        "(368, 58)",
        "(753, 691)",
        "(426, 336)",
        "(713, 190)",
        "(444, 425)",
        "(789, 993)",
        "(123, 462)",
        "(947, 559)",
        "(920, 350)",
        "(325, 393)",
        "(152, 798)",
        "(10, 856)",
        "(773, 588)",
        "(695, 88)",
        "(544, 304)",
        "(620, 183)",
        "(959, 214)",
        "(514, 304)",
        "(907, 242)",
        "(21, 239)",
        "(511, 979)",
        "(512, 913)",
        "(366, 545)",
        "(805, 591)",
        "(786, 686)",
        "(622, 82)"
    ],
    "(414, 938)": [
        "(10, 856)",
        "(573, 774)",
        "(72, 742)",
        "(656, 939)",
        "(746, 820)",
        "(928, 100)",
        "(477, 660)",
        "(77, 270)",
        "(743, 514)",
        "(233, 271)",
        "(848, 474)",
        "(935, 914)",
        "(622, 82)",
        "(366, 545)",
        "(923, 55)",
        "(127, 381)",
        "(325, 393)",
        "(426, 336)",
        "(33, 98)",
        "(737, 214)",
        "(655, 165)",
        "(123, 462)",
        "(152, 798)",
        "(858, 640)",
        "(789, 993)",
        "(473, 258)",
        "(21, 239)",
        "(695, 88)",
        "(35, 593)"
    ],
    "(408, 622)": [
        "(620, 183)",
        "(233, 271)",
        "(78, 880)",
        "(978, 688)",
        "(858, 640)",
        "(276, 966)",
        "(811, 969)",
        "(298, 298)",
        "(622, 82)",
        "(848, 474)",
        "(364, 426)",
        "(161, 223)",
        "(713, 190)",
        "(761, 816)",
        "(789, 993)",
        "(21, 239)",
        "(959, 214)",
        "(573, 774)",
        "(655, 165)",
        "(512, 913)",
        "(77, 270)",
        "(405, 86)",
        "(585, 242)",
        "(907, 242)",
        "(35, 593)",
        "(920, 350)",
        "(484, 138)",
        "(426, 336)",
        "(10, 856)",
        "(123, 462)",
        "(938, 127)"
    ],
    "(276, 966)": [
        "(907, 242)",
        "(514, 304)",
        "(753, 691)",
        "(773, 588)",
        "(408, 622)",
        "(368, 58)",
        "(364, 426)",
        "(935, 914)",
        "(78, 880)",
        "(978, 688)",
        "(72, 742)",
        "(774, 578)",
        "(21, 239)",
        "(233, 271)",
        "(811, 969)",
        "(325, 393)",
        "(713, 190)",
        "(344, 161)",
        "(620, 183)",
        "(298, 298)",
        "(920, 350)",
        "(477, 660)",
        "(573, 774)",
        "(990, 714)",
        "(10, 856)",
        "(585, 242)",
        "(511, 979)"
    ],
    "(344, 161)": [
        "(512, 913)",
        "(622, 82)",
        "(254, 918)",
        "(473, 258)",
        "(774, 578)",
        "(656, 939)",
        "(773, 588)",
        "(585, 242)",
        "(77, 270)",
        "(127, 381)",
        "(743, 514)",
        "(484, 138)",
        "(985, 933)",
        "(990, 714)",
        "(923, 55)",
        "(511, 979)",
        "(33, 98)",
        "(78, 880)",
        "(978, 688)",
        "(276, 966)",
        "(938, 127)",
        "(477, 660)",
        "(947, 559)",
        "(368, 58)",
        "(298, 298)",
        "(848, 490)",
        "(786, 686)",
        "(655, 165)",
        "(620, 183)",
        "(364, 426)"
    ],
    "(585, 242)": [
        "(620, 183)",
        "(21, 239)",
        "(511, 979)",
        "(959, 214)",
        "(477, 660)",
        "(344, 161)",
        "(35, 593)",
        "(947, 559)",
        "(789, 993)",
        "(935, 914)",
        "(152, 798)",
        "(325, 393)",
        "(786, 686)",
        "(811, 969)",
        "(33, 98)",
        "(858, 640)",
        "(512, 913)",
        "(473, 258)",
        "(345, 569)",
        "(737, 214)",
        "(10, 856)",
        "(923, 55)",
        "(233, 271)",
        "(408, 622)",
        "(753, 691)",
        "(773, 588)",
        "(72, 742)",
        "(276, 966)",
        "(805, 591)",
        "(746, 820)",
        "(484, 138)",
        "(985, 933)",
        "(761, 816)"
    ],
    "(123, 462)": [
        "(512, 913)",
        "(622, 82)",
        "(78, 880)",
        "(366, 545)",
        "(21, 239)",
        "(656, 939)",
        "(298, 298)",
        "(774, 578)",
        "(254, 918)",
        "(858, 640)",
        "(743, 514)",
        "(477, 660)",
        "(444, 425)",
        "(345, 569)",
        "(753, 691)",
        "(33, 98)",
        "(544, 304)",
        "(938, 127)",
        "(152, 798)",
        "(620, 183)",
        "(325, 393)",
        "(985, 933)",
        "(364, 426)",
        "(573, 774)",
        "(72, 742)",
        "(414, 938)",
        "(920, 350)",
        "(959, 214)",
        "(923, 55)",
        "(484, 138)",
        "(408, 622)",
        "(789, 993)",
        "(811, 969)",
        "(563, 717)",
        "(746, 820)"
    ],
    "(920, 350)": [
        "(947, 559)",
        "(484, 138)",
        "(655, 165)",
        "(573, 774)",
        "(789, 993)",
        "(743, 514)",
        "(473, 258)",
        "(522, 97)",
        "(78, 880)",
        "(563, 717)",
        "(938, 127)",
        "(325, 393)",
        "(620, 183)",
        "(713, 190)",
        "(254, 918)",
        "(978, 688)",
        "(368, 58)",
        "(405, 86)",
        "(477, 660)",
        "(345, 569)",
        "(33, 98)",
        "(848, 490)",
        "(990, 714)",
        "(21, 239)",
        "(276, 966)",
        "(622, 82)",
        "(907, 242)",
        "(233, 271)",
        "(123, 462)",
        "(695, 88)",
        "(408, 622)",
        "(511, 979)",
        "(848, 474)",
        "(935, 914)",
        "(773, 588)"
    ],
    "(774, 578)": [
        "(990, 714)",
        "(622, 82)",
        "(938, 127)",
        "(344, 161)",
        "(928, 100)",
        "(848, 474)",
        "(77, 270)",
        "(152, 798)",
        "(923, 55)",
        "(405, 86)",
        "(444, 425)",
        "(473, 258)",
        "(773, 588)",
        "(743, 514)",
        "(123, 462)",
        "(78, 880)",
        "(426, 336)",
        "(233, 271)",
        "(511, 979)",
        "(276, 966)",
        "(514, 304)",
        "(786, 686)",
        "(947, 559)",
        "(656, 939)",
        "(761, 816)",
        "(978, 688)",
        "(655, 165)",
        "(746, 820)",
        "(753, 691)",
        "(811, 969)",
        "(368, 58)",
        "(848, 490)",
        "(161, 223)",
        "(522, 97)"
    ],
    "(985, 933)": [
        "(620, 183)",
        "(161, 223)",
        "(477, 660)",
        "(990, 714)",
        "(789, 993)",
        "(805, 591)",
        "(72, 742)",
        "(848, 490)",
        "(737, 214)",
        "(938, 127)",
        "(928, 100)",
        "(512, 913)",
        "(773, 588)",
        "(695, 88)",
        "(622, 82)",
        "(366, 545)",
        "(484, 138)",
        "(344, 161)",
        "(511, 979)",
        "(78, 880)",
        "(473, 258)",
        "(514, 304)",
        "(123, 462)",
        "(544, 304)",
        "(923, 55)",
        "(713, 190)",
        "(655, 165)",
        "(127, 381)",
        "(761, 816)",
        "(35, 593)",
        "(907, 242)",
        "(848, 474)",
        "(656, 939)",
        "(364, 426)",
        "(935, 914)",
        "(585, 242)",
        "(345, 569)"
    ],
    "(928, 100)": [
        "(477, 660)",
        "(512, 913)",
        "(774, 578)",
        "(511, 979)",
        "(484, 138)",
        "(848, 490)",
        "(414, 938)",
        "(985, 933)",
        "(753, 691)",
        "(364, 426)",
        "(544, 304)",
        "(737, 214)",
        "(938, 127)",
        "(563, 717)",
        "(848, 474)",
        "(345, 569)",
        "(35, 593)",
        "(959, 214)",
        "(473, 258)",
        "(947, 559)",
        "(77, 270)",
        "(233, 271)",
        "(33, 98)",
        "(444, 425)",
        "(10, 856)",
        "(746, 820)"
    ],
    "(368, 58)": [
        "(761, 816)",
        "(366, 545)",
        "(35, 593)",
        "(573, 774)",
        "(254, 918)",
        "(276, 966)",
        "(298, 298)",
        "(907, 242)",
        "(512, 913)",
        "(544, 304)",
        "(426, 336)",
        "(345, 569)",
        "(655, 165)",
        "(620, 183)",
        "(33, 98)",
        "(622, 82)",
        "(959, 214)",
        "(923, 55)",
        "(920, 350)",
        "(477, 660)",
        "(77, 270)",
        "(522, 97)",
        "(938, 127)",
        "(947, 559)",
        "(10, 856)",
        "(344, 161)",
        "(444, 425)",
        "(713, 190)",
        "(563, 717)",
        "(746, 820)",
        "(774, 578)",
        "(325, 393)",
        "(753, 691)",
        "(78, 880)",
        "(484, 138)"
    ],
    "(655, 165)": [
        "(656, 939)",
        "(920, 350)",
        "(35, 593)",
        "(426, 336)",
        "(484, 138)",
        "(368, 58)",
        "(848, 490)",
        "(512, 913)",
        "(21, 239)",
        "(33, 98)",
        "(78, 880)",
        "(990, 714)",
        "(345, 569)",
        "(408, 622)",
        "(858, 640)",
        "(907, 242)",
        "(444, 425)",
        "(805, 591)",
        "(947, 559)",
        "(473, 258)",
        "(978, 688)",
        "(414, 938)",
        "(985, 933)",
        "(935, 914)",
        "(811, 969)",
        "(695, 88)",
        "(366, 545)",
        "(774, 578)",
        "(753, 691)",
        "(344, 161)",
        "(364, 426)",
        "(743, 514)",
        "(405, 86)"
    ],
    "(907, 242)": [
        "(10, 856)",
        "(444, 425)",
        "(276, 966)",
        "(656, 939)",
        "(743, 514)",
        "(325, 393)",
        "(368, 58)",
        "(773, 588)",
        "(77, 270)",
        "(364, 426)",
        "(514, 304)",
        "(753, 691)",
        "(35, 593)",
        "(345, 569)",
        "(938, 127)",
        "(484, 138)",
        "(695, 88)",
        "(935, 914)",
        "(161, 223)",
        "(78, 880)",
        "(923, 55)",
        "(622, 82)",
        "(655, 165)",
        "(254, 918)",
        "(477, 660)",
        "(522, 97)",
        "(990, 714)",
        "(21, 239)",
        "(408, 622)",
        "(959, 214)",
        "(920, 350)",
        "(746, 820)",
        "(985, 933)",
        "(512, 913)",
        "(544, 304)",
        "(620, 183)",
        "(789, 993)",
        "(426, 336)",
        "(978, 688)",
        "(298, 298)",
        "(366, 545)",
        "(33, 98)"
    ],
    "(848, 474)": [
        "(72, 742)",
        "(10, 856)",
        "(811, 969)",
        "(127, 381)",
        "(923, 55)",
        "(774, 578)",
        "(33, 98)",
        "(473, 258)",
        "(78, 880)",
        "(848, 490)",
        "(695, 88)",
        "(408, 622)",
        "(161, 223)",
        "(743, 514)",
        "(405, 86)",
        "(152, 798)",
        "(414, 938)",
        "(364, 426)",
        "(325, 393)",
        "(928, 100)",
        "(713, 190)",
        "(786, 686)",
        "(959, 214)",
        "(233, 271)",
        "(35, 593)",
        "(563, 717)",
        "(573, 774)",
        "(985, 933)",
        "(920, 350)",
        "(544, 304)",
        "(622, 82)"
    ],
    "(473, 258)": [
        "(152, 798)",
        "(72, 742)",
        "(344, 161)",
        "(959, 214)",
        "(713, 190)",
        "(77, 270)",
        "(753, 691)",
        "(848, 474)",
        "(773, 588)",
        "(512, 913)",
        "(774, 578)",
        "(920, 350)",
        "(848, 490)",
        "(622, 82)",
        "(978, 688)",
        "(21, 239)",
        "(127, 381)",
        "(364, 426)",
        "(585, 242)",
        "(325, 393)",
        "(990, 714)",
        "(786, 686)",
        "(985, 933)",
        "(544, 304)",
        "(746, 820)",
        "(789, 993)",
        "(923, 55)",
        "(938, 127)",
        "(655, 165)",
        "(858, 640)",
        "(928, 100)",
        "(514, 304)",
        "(366, 545)",
        "(444, 425)",
        "(761, 816)",
        "(414, 938)",
        "(511, 979)",
        "(233, 271)",
        "(33, 98)"
    ],
    "(935, 914)": [
        "(959, 214)",
        "(72, 742)",
        "(477, 660)",
        "(786, 686)",
        "(484, 138)",
        "(585, 242)",
        "(858, 640)",
        "(938, 127)",
        "(444, 425)",
        "(276, 966)",
        "(563, 717)",
        "(426, 336)",
        "(233, 271)",
        "(947, 559)",
        "(512, 913)",
        "(907, 242)",
        "(345, 569)",
        "(152, 798)",
        "(414, 938)",
        "(511, 979)",
        "(78, 880)",
        "(366, 545)",
        "(655, 165)",
        "(789, 993)",
        "(713, 190)",
        "(405, 86)",
        "(753, 691)",
        "(573, 774)",
        "(743, 514)",
        "(805, 591)",
        "(985, 933)",
        "(77, 270)",
        "(920, 350)",
        "(522, 97)",
        "(746, 820)",
        "(514, 304)"
    ],
    "(366, 545)": [
        "(990, 714)",
        "(959, 214)",
        "(368, 58)",
        "(811, 969)",
        "(123, 462)",
        "(848, 490)",
        "(152, 798)",
        "(127, 381)",
        "(789, 993)",
        "(72, 742)",
        "(695, 88)",
        "(786, 686)",
        "(985, 933)",
        "(805, 591)",
        "(77, 270)",
        "(414, 938)",
        "(345, 569)",
        "(35, 593)",
        "(426, 336)",
        "(746, 820)",
        "(563, 717)",
        "(512, 913)",
        "(935, 914)",
        "(544, 304)",
        "(761, 816)",
        "(484, 138)",
        "(473, 258)",
        "(655, 165)",
        "(254, 918)",
        "(947, 559)",
        "(444, 425)",
        "(753, 691)",
        "(78, 880)",
        "(907, 242)",
        "(298, 298)",
        "(573, 774)",
        "(21, 239)"
    ],
    "(811, 969)": [
        "(848, 474)",
        "(514, 304)",
        "(656, 939)",
        "(366, 545)",
        "(743, 514)",
        "(408, 622)",
        "(938, 127)",
        "(298, 298)",
        "(753, 691)",
        "(585, 242)",
        "(737, 214)",
        "(10, 856)",
        "(805, 591)",
        "(947, 559)",
        "(622, 82)",
        "(233, 271)",
        "(773, 588)",
        "(620, 183)",
        "(78, 880)",
        "(276, 966)",
        "(573, 774)",
        "(426, 336)",
        "(713, 190)",
        "(72, 742)",
        "(761, 816)",
        "(345, 569)",
        "(512, 913)",
        "(161, 223)",
        "(655, 165)",
        "(544, 304)",
        "(152, 798)",
        "(789, 993)",
        "(21, 239)",
        "(774, 578)",
        "(477, 660)",
        "(123, 462)"
    ],
    "(959, 214)": [
        "(473, 258)",
        "(78, 880)",
        "(366, 545)",
        "(935, 914)",
        "(585, 242)",
        "(364, 426)",
        "(789, 993)",
        "(695, 88)",
        "(620, 183)",
        "(10, 856)",
        "(514, 304)",
        "(622, 82)",
        "(152, 798)",
        "(848, 490)",
        "(33, 98)",
        "(368, 58)",
        "(426, 336)",
        "(408, 622)",
        "(21, 239)",
        "(761, 816)",
        "(254, 918)",
        "(928, 100)",
        "(563, 717)",
        "(127, 381)",
        "(848, 474)",
        "(512, 913)",
        "(77, 270)",
        "(947, 559)",
        "(805, 591)",
        "(743, 514)",
        "(907, 242)",
        "(511, 979)",
        "(35, 593)",
        "(990, 714)",
        "(123, 462)",
        "(345, 569)"
    ],
    "(990, 714)": [
        "(774, 578)",
        "(366, 545)",
        "(695, 88)",
        "(78, 880)",
        "(985, 933)",
        "(522, 97)",
        "(77, 270)",
        "(773, 588)",
        "(573, 774)",
        "(21, 239)",
        "(655, 165)",
        "(858, 640)",
        "(364, 426)",
        "(344, 161)",
        "(473, 258)",
        "(938, 127)",
        "(35, 593)",
        "(152, 798)",
        "(920, 350)",
        "(907, 242)",
        "(10, 856)",
        "(233, 271)",
        "(298, 298)",
        "(477, 660)",
        "(276, 966)",
        "(959, 214)",
        "(737, 214)"
    ],
    "(656, 939)": [
        "(773, 588)",
        "(655, 165)",
        "(364, 426)",
        "(737, 214)",
        "(907, 242)",
        "(152, 798)",
        "(344, 161)",
        "(811, 969)",
        "(123, 462)",
        "(298, 298)",
        "(746, 820)",
        "(414, 938)",
        "(161, 223)",
        "(72, 742)",
        "(743, 514)",
        "(233, 271)",
        "(713, 190)",
        "(522, 97)",
        "(78, 880)",
        "(848, 490)",
        "(761, 816)",
        "(923, 55)",
        "(573, 774)",
        "(938, 127)",
        "(774, 578)",
        "(947, 559)",
        "(985, 933)",
        "(544, 304)",
        "(444, 425)",
        "(514, 304)",
        "(512, 913)"
    ],
    "(127, 381)": [
        "(938, 127)",
        "(484, 138)",
        "(848, 474)",
        "(364, 426)",
        "(77, 270)",
        "(161, 223)",
        "(344, 161)",
        "(622, 82)",
        "(544, 304)",
        "(473, 258)",
        "(514, 304)",
        "(366, 545)",
        "(858, 640)",
        "(737, 214)",
        "(345, 569)",
        "(72, 742)",
        "(761, 816)",
        "(298, 298)",
        "(414, 938)",
        "(848, 490)",
        "(21, 239)",
        "(959, 214)",
        "(512, 913)",
        "(33, 98)",
        "(10, 856)",
        "(152, 798)",
        "(985, 933)",
        "(695, 88)",
        "(325, 393)",
        "(978, 688)",
        "(405, 86)",
        "(233, 271)"
    ],
    "(938, 127)": [
        "(127, 381)",
        "(444, 425)",
        "(774, 578)",
        "(477, 660)",
        "(978, 688)",
        "(10, 856)",
        "(737, 214)",
        "(325, 393)",
        "(985, 933)",
        "(364, 426)",
        "(746, 820)",
        "(161, 223)",
        "(544, 304)",
        "(935, 914)",
        "(514, 304)",
        "(920, 350)",
        "(811, 969)",
        "(77, 270)",
        "(907, 242)",
        "(345, 569)",
        "(123, 462)",
        "(928, 100)",
        "(990, 714)",
        "(805, 591)",
        "(789, 993)",
        "(35, 593)",
        "(473, 258)",
        "(368, 58)",
        "(656, 939)",
        "(344, 161)",
        "(33, 98)",
        "(743, 514)",
        "(21, 239)",
        "(573, 774)",
        "(408, 622)"
    ],
    "(858, 640)": [
        "(444, 425)",
        "(789, 993)",
        "(408, 622)",
        "(345, 569)",
        "(622, 82)",
        "(33, 98)",
        "(935, 914)",
        "(123, 462)",
        "(127, 381)",
        "(233, 271)",
        "(737, 214)",
        "(585, 242)",
        "(990, 714)",
        "(773, 588)",
        "(21, 239)",
        "(77, 270)",
        "(655, 165)",
        "(522, 97)",
        "(473, 258)",
        "(695, 88)",
        "(923, 55)",
        "(753, 691)",
        "(161, 223)",
        "(298, 298)",
        "(414, 938)",
        "(978, 688)",
        "(78, 880)",
        "(746, 820)"
    ],
    "(522, 97)": [
        "(848, 490)",
        "(345, 569)",
        "(622, 82)",
        "(789, 993)",
        "(298, 298)",
        "(920, 350)",
        "(990, 714)",
        "(773, 588)",
        "(544, 304)",
        "(753, 691)",
        "(426, 336)",
        "(858, 640)",
        "(656, 939)",
        "(72, 742)",
        "(786, 686)",
        "(368, 58)",
        "(907, 242)",
        "(477, 660)",
        "(573, 774)",
        "(161, 223)",
        "(21, 239)",
        "(743, 514)",
        "(713, 190)",
        "(620, 183)",
        "(746, 820)",
        "(774, 578)",
        "(935, 914)"
    ],
    "(805, 591)": [
        "(761, 816)",
        "(298, 298)",
        "(364, 426)",
        "(985, 933)",
        "(737, 214)",
        "(622, 82)",
        "(10, 856)",
        "(620, 183)",
        "(345, 569)",
        "(152, 798)",
        "(923, 55)",
        "(811, 969)",
        "(366, 545)",
        "(573, 774)",
        "(938, 127)",
        "(72, 742)",
        "(655, 165)",
        "(786, 686)",
        "(959, 214)",
        "(33, 98)",
        "(746, 820)",
        "(78, 880)",
        "(585, 242)",
        "(935, 914)",
        "(254, 918)",
        "(511, 979)",
        "(773, 588)",
        "(514, 304)",
        "(978, 688)",
        "(563, 717)"
    ],
    "(233, 271)": [
        "(408, 622)",
        "(444, 425)",
        "(254, 918)",
        "(573, 774)",
        "(152, 798)",
        "(35, 593)",
        "(484, 138)",
        "(620, 183)",
        "(695, 88)",
        "(858, 640)",
        "(935, 914)",
        "(656, 939)",
        "(77, 270)",
        "(774, 578)",
        "(563, 717)",
        "(414, 938)",
        "(811, 969)",
        "(477, 660)",
        "(426, 336)",
        "(276, 966)",
        "(512, 913)",
        "(585, 242)",
        "(848, 474)",
        "(789, 993)",
        "(761, 816)",
        "(990, 714)",
        "(920, 350)",
        "(325, 393)",
        "(928, 100)",
        "(753, 691)",
        "(514, 304)",
        "(786, 686)",
        "(473, 258)",
        "(127, 381)"
    ],
    "(161, 223)": [
        "(985, 933)",
        "(345, 569)",
        "(426, 336)",
        "(78, 880)",
        "(656, 939)",
        "(444, 425)",
        "(978, 688)",
        "(127, 381)",
        "(938, 127)",
        "(484, 138)",
        "(848, 474)",
        "(737, 214)",
        "(408, 622)",
        "(325, 393)",
        "(789, 993)",
        "(573, 774)",
        "(622, 82)",
        "(907, 242)",
        "(364, 426)",
        "(746, 820)",
        "(21, 239)",
        "(152, 798)",
        "(522, 97)",
        "(947, 559)",
        "(33, 98)",
        "(811, 969)",
        "(786, 686)",
        "(858, 640)",
        "(753, 691)",
        "(544, 304)",
        "(563, 717)",
        "(298, 298)",
        "(514, 304)",
        "(774, 578)"
    ],
    "(345, 569)": [
        "(161, 223)",
        "(522, 97)",
        "(620, 183)",
        "(923, 55)",
        "(622, 82)",
        "(848, 490)",
        "(426, 336)",
        "(33, 98)",
        "(152, 798)",
        "(573, 774)",
        "(858, 640)",
        "(737, 214)",
        "(563, 717)",
        "(368, 58)",
        "(123, 462)",
        "(127, 381)",
        "(805, 591)",
        "(77, 270)",
        "(907, 242)",
        "(938, 127)",
        "(655, 165)",
        "(935, 914)",
        "(585, 242)",
        "(928, 100)",
        "(366, 545)",
        "(920, 350)",
        "(405, 86)",
        "(811, 969)",
        "(364, 426)",
        "(21, 239)",
        "(325, 393)",
        "(298, 298)",
        "(985, 933)",
        "(959, 214)"
    ],
    "(746, 820)": [
        "(33, 98)",
        "(254, 918)",
        "(656, 939)",
        "(444, 425)",
        "(414, 938)",
        "(938, 127)",
        "(947, 559)",
        "(72, 742)",
        "(364, 426)",
        "(298, 298)",
        "(978, 688)",
        "(511, 979)",
        "(484, 138)",
        "(473, 258)",
        "(366, 545)",
        "(161, 223)",
        "(35, 593)",
        "(405, 86)",
        "(907, 242)",
        "(753, 691)",
        "(805, 591)",
        "(620, 183)",
        "(774, 578)",
        "(585, 242)",
        "(368, 58)",
        "(858, 640)",
        "(21, 239)",
        "(923, 55)",
        "(522, 97)",
        "(743, 514)",
        "(935, 914)",
        "(928, 100)",
        "(123, 462)"
    ],
    "(947, 559)": [
        "(789, 993)",
        "(920, 350)",
        "(563, 717)",
        "(737, 214)",
        "(21, 239)",
        "(477, 660)",
        "(10, 856)",
        "(923, 55)",
        "(585, 242)",
        "(77, 270)",
        "(746, 820)",
        "(254, 918)",
        "(935, 914)",
        "(811, 969)",
        "(622, 82)",
        "(511, 979)",
        "(364, 426)",
        "(786, 686)",
        "(655, 165)",
        "(444, 425)",
        "(774, 578)",
        "(978, 688)",
        "(959, 214)",
        "(368, 58)",
        "(928, 100)",
        "(161, 223)",
        "(344, 161)",
        "(656, 939)",
        "(366, 545)",
        "(620, 183)",
        "(405, 86)",
        "(35, 593)",
        "(573, 774)",
        "(713, 190)",
        "(695, 88)"
    ],
    "(786, 686)": [
        "(325, 393)",
        "(35, 593)",
        "(444, 425)",
        "(78, 880)",
        "(789, 993)",
        "(935, 914)",
        "(737, 214)",
        "(426, 336)",
        "(544, 304)",
        "(585, 242)",
        "(366, 545)",
        "(152, 798)",
        "(10, 856)",
        "(33, 98)",
        "(72, 742)",
        "(713, 190)",
        "(473, 258)",
        "(563, 717)",
        "(947, 559)",
        "(848, 474)",
        "(774, 578)",
        "(364, 426)",
        "(522, 97)",
        "(805, 591)",
        "(923, 55)",
        "(161, 223)",
        "(477, 660)",
        "(344, 161)",
        "(512, 913)",
        "(622, 82)",
        "(573, 774)",
        "(233, 271)",
        "(254, 918)"
    ],
    "(789, 993)": [
        "(947, 559)",
        "(858, 640)",
        "(920, 350)",
        "(522, 97)",
        "(77, 270)",
        "(985, 933)",
        "(959, 214)",
        "(35, 593)",
        "(620, 183)",
        "(786, 686)",
        "(978, 688)",
        "(364, 426)",
        "(585, 242)",
        "(713, 190)",
        "(254, 918)",
        "(848, 490)",
        "(366, 545)",
        "(514, 304)",
        "(161, 223)",
        "(408, 622)",
        "(743, 514)",
        "(573, 774)",
        "(72, 742)",
        "(298, 298)",
        "(938, 127)",
        "(484, 138)",
        "(473, 258)",
        "(233, 271)",
        "(935, 914)",
        "(761, 816)",
        "(753, 691)",
        "(414, 938)",
        "(405, 86)",
        "(923, 55)",
        "(811, 969)",
        "(907, 242)",
        "(695, 88)",
        "(123, 462)",
        "(512, 913)"
    ],
    "(35, 593)": [
        "(368, 58)",
        "(655, 165)",
        "(786, 686)",
        "(233, 271)",
        "(789, 993)",
        "(511, 979)",
        "(573, 774)",
        "(585, 242)",
        "(72, 742)",
        "(21, 239)",
        "(77, 270)",
        "(622, 82)",
        "(907, 242)",
        "(923, 55)",
        "(512, 913)",
        "(695, 88)",
        "(563, 717)",
        "(484, 138)",
        "(928, 100)",
        "(990, 714)",
        "(366, 545)",
        "(938, 127)",
        "(746, 820)",
        "(364, 426)",
        "(408, 622)",
        "(848, 474)",
        "(544, 304)",
        "(959, 214)",
        "(985, 933)",
        "(947, 559)",
        "(761, 816)",
        "(414, 938)"
    ]
}