{
    "(145, 227)": [
        "(670, 345)",
        "(680, 284)",
        "(480, 307)",
        "(453, 715)",
        "(445, 99)",
        "(833, 567)",
        "(608, 673)",
        "(527, 11)",
        "(520, 683)",
        "(382, 645)",
        "(92, 164)",
        "(5, 81)"
    ],
    "(98, 201)": [
        "(331, 315)",
        "(445, 99)",
        "(699, 843)",
        "(74, 777)",
        "(138, 859)",
        "(833, 567)",
        "(878, 68)",
        "(191, 897)"
    ],
    "(520, 683)": [
        "(339, 857)",
        "(278, 89)",
        "(517, 266)",
        "(303, 357)",
        "(138, 859)",
        "(833, 567)",
        "(527, 11)",
        "(680, 284)",
        "(100, 652)",
        "(382, 645)",
        "(74, 777)",
        "(145, 227)",
        "(467, 364)"
    ],
    "(523, 950)": [
        "(680, 284)",
        "(124, 382)",
        "(670, 345)",
        "(546, 315)",
        "(92, 164)",
        "(340, 792)",
        "(956, 69)",
        "(5, 81)",
        "(545, 250)",
        "(833, 567)"
    ],
    "(679, 367)": [
        "(956, 69)",
        "(382, 645)",
        "(409, 226)",
        "(546, 315)",
        "(5, 81)",
        "(340, 792)",
        "(332, 353)",
        "(833, 567)",
        "(361, 289)",
        "(230, 434)",
        "(203, 116)",
        "(480, 307)"
    ],
    "(5, 81)": [
        "(303, 357)",
        "(254, 773)",
        "(409, 226)",
        "(362, 514)",
        "(527, 11)",
        "(679, 367)",
        "(523, 950)",
        "(332, 353)",
        "(542, 583)",
        "(445, 99)",
        "(191, 897)",
        "(203, 116)",
        "(878, 68)",
        "(124, 382)",
        "(100, 652)",
        "(361, 289)",
        "(145, 227)",
        "(337, 49)"
    ],
    "(124, 382)": [
        "(340, 792)",
        "(523, 950)",
        "(74, 777)",
        "(845, 463)",
        "(480, 307)",
        "(362, 514)",
        "(230, 434)",
        "(542, 583)",
        "(878, 68)",
        "(254, 773)",
        "(339, 857)",
        "(100, 652)",
        "(5, 81)",
        "(331, 315)",
        "(699, 843)"
    ],
    "(545, 250)": [
        "(74, 777)",
        "(339, 857)",
        "(303, 357)",
        "(340, 792)",
        "(527, 11)",
        "(445, 99)",
        "(670, 345)",
        "(546, 315)",
        "(956, 69)",
        "(523, 950)"
    ],
    "(542, 583)": [
        "(337, 49)",
        "(527, 11)",
        "(362, 514)",
        "(332, 353)",
        "(124, 382)",
        "(5, 81)",
        "(445, 99)",
        "(409, 226)",
        "(546, 315)",
        "(608, 673)",
        "(138, 859)"
    ],
    "(340, 792)": [
        "(699, 843)",
        "(331, 315)",
        "(124, 382)",
        "(339, 857)",
        "(332, 353)",
        "(545, 250)",
        "(523, 950)",
        "(679, 367)",
        "(680, 284)"
    ],
    "(74, 777)": [
        "(527, 11)",
        "(545, 250)",
        "(124, 382)",
        "(98, 201)",
        "(608, 673)",
        "(520, 683)",
        "(339, 857)"
    ],
    "(203, 116)": [
        "(608, 673)",
        "(480, 307)",
        "(332, 353)",
        "(74, 290)",
        "(527, 11)",
        "(92, 164)",
        "(445, 99)",
        "(138, 859)",
        "(5, 81)",
        "(833, 567)",
        "(679, 367)"
    ],
    "(409, 226)": [
        "(5, 81)",
        "(679, 367)",
        "(670, 345)",
        "(527, 11)",
        "(339, 857)",
        "(453, 715)",
        "(480, 307)",
        "(878, 68)",
        "(542, 583)"
    ],
    "(956, 69)": [
        "(679, 367)",
        "(278, 89)",
        "(608, 673)",
        "(339, 857)",
        "(699, 843)",
        "(74, 290)",
        "(138, 859)",
        "(332, 353)",
        "(833, 567)",
        "(21, 679)",
        "(523, 950)",
        "(670, 345)",
        "(527, 11)",
        "(517, 266)",
        "(878, 68)",
        "(545, 250)"
    ],
    "(339, 857)": [
        "(520, 683)",
        "(480, 307)",
        "(545, 250)",
        "(956, 69)",
        "(382, 645)",
        "(340, 792)",
        "(361, 289)",
        "(409, 226)",
        "(362, 514)",
        "(124, 382)",
        "(517, 266)",
        "(74, 777)"
    ],
    "(74, 290)": [
        "(956, 69)",
        "(331, 315)",
        "(517, 266)",
        "(833, 567)",
        "(203, 116)",
        "(332, 353)",
        "(191, 897)",
        "(480, 307)",
        "(138, 859)",
        "(453, 715)",
        "(488, 47)"
    ],
    "(230, 434)": [
        "(527, 11)",
        "(488, 47)",
        "(303, 357)",
        "(124, 382)",
        "(21, 679)",
        "(679, 367)",
        "(680, 284)",
        "(191, 897)",
        "(92, 164)",
        "(361, 289)"
    ],
    "(699, 843)": [
        "(340, 792)",
        "(138, 859)",
        "(362, 514)",
        "(546, 315)",
        "(956, 69)",
        "(21, 679)",
        "(467, 364)",
        "(98, 201)",
        "(331, 315)",
        "(845, 463)",
        "(191, 897)",
        "(517, 266)",
        "(833, 567)",
        "(124, 382)"
    ],
    "(878, 68)": [
        "(680, 284)",
        "(331, 315)",
        "(92, 164)",
        "(303, 357)",
        "(833, 567)",
        "(409, 226)",
        "(969, 802)",
        "(124, 382)",
        "(5, 81)",
        "(98, 201)",
        "(467, 364)",
        "(956, 69)",
        "(670, 345)",
        "(191, 897)"
    ],
    "(382, 645)": [
        "(679, 367)",
        "(467, 364)",
        "(680, 284)",
        "(339, 857)",
        "(100, 652)",
        "(520, 683)",
        "(145, 227)"
    ],
    "(337, 49)": [
        "(303, 357)",
        "(467, 364)",
        "(833, 567)",
        "(542, 583)",
        "(608, 673)",
        "(21, 679)",
        "(138, 859)",
        "(517, 266)",
        "(680, 284)",
        "(5, 81)"
    ],
    "(670, 345)": [
        "(145, 227)",
        "(138, 859)",
        "(467, 364)",
        "(523, 950)",
        "(100, 652)",
        "(409, 226)",
        "(956, 69)",
        "(545, 250)",
        "(332, 353)",
        "(608, 673)",
        "(878, 68)"
    ],
    "(453, 715)": [
        "(608, 673)",
        "(303, 357)",
        "(969, 802)",
        "(100, 652)",
        "(409, 226)",
        "(488, 47)",
        "(92, 164)",
        "(145, 227)",
        "(680, 284)",
        "(517, 266)",
        "(74, 290)",
        "(278, 89)"
    ],
    "(527, 11)": [
        "(74, 777)",
        "(230, 434)",
        "(542, 583)",
        "(331, 315)",
        "(191, 897)",
        "(520, 683)",
        "(138, 859)",
        "(409, 226)",
        "(5, 81)",
        "(545, 250)",
        "(517, 266)",
        "(956, 69)",
        "(203, 116)",
        "(480, 307)",
        "(145, 227)",
        "(21, 679)"
    ],
    "(362, 514)": [
        "(445, 99)",
        "(254, 773)",
        "(699, 843)",
        "(191, 897)",
        "(845, 463)",
        "(21, 679)",
        "(5, 81)",
        "(542, 583)",
        "(124, 382)",
        "(339, 857)",
        "(100, 652)"
    ],
    "(833, 567)": [
        "(337, 49)",
        "(332, 353)",
        "(517, 266)",
        "(520, 683)",
        "(956, 69)",
        "(191, 897)",
        "(74, 290)",
        "(878, 68)",
        "(100, 652)",
        "(145, 227)",
        "(679, 367)",
        "(98, 201)",
        "(445, 99)",
        "(203, 116)",
        "(467, 364)",
        "(699, 843)",
        "(523, 950)"
    ],
    "(331, 315)": [
        "(517, 266)",
        "(303, 357)",
        "(340, 792)",
        "(488, 47)",
        "(98, 201)",
        "(527, 11)",
        "(878, 68)",
        "(278, 89)",
        "(608, 673)",
        "(74, 290)",
        "(699, 843)",
        "(100, 652)",
        "(969, 802)",
        "(124, 382)"
    ],
    "(546, 315)": [
        "(699, 843)",
        "(480, 307)",
        "(523, 950)",
        "(332, 353)",
        "(679, 367)",
        "(608, 673)",
        "(517, 266)",
        "(278, 89)",
        "(845, 463)",
        "(542, 583)",
        "(445, 99)",
        "(545, 250)",
        "(21, 679)",
        "(191, 897)"
    ],
    "(278, 89)": [
        "(956, 69)",
        "(520, 683)",
        "(331, 315)",
        "(191, 897)",
        "(332, 353)",
        "(546, 315)",
        "(480, 307)",
        "(453, 715)"
    ],
    "(517, 266)": [
        "(331, 315)",
        "(833, 567)",
        "(520, 683)",
        "(74, 290)",
        "(337, 49)",
        "(527, 11)",
        "(546, 315)",
        "(969, 802)",
        "(699, 843)",
        "(956, 69)",
        "(339, 857)",
        "(845, 463)",
        "(680, 284)",
        "(453, 715)",
        "(608, 673)"
    ],
    "(92, 164)": [
        "(523, 950)",
        "(467, 364)",
        "(878, 68)",
        "(453, 715)",
        "(203, 116)",
        "(480, 307)",
        "(191, 897)",
        "(445, 99)",
        "(230, 434)",
        "(145, 227)"
    ],
    "(467, 364)": [
        "(445, 99)",
        "(382, 645)",
        "(337, 49)",
        "(670, 345)",
        "(254, 773)",
        "(699, 843)",
        "(92, 164)",
        "(878, 68)",
        "(833, 567)",
        "(520, 683)"
    ],
    "(332, 353)": [
        "(833, 567)",
        "(546, 315)",
        "(956, 69)",
        "(340, 792)",
        "(203, 116)",
        "(138, 859)",
        "(5, 81)",
        "(74, 290)",
        "(542, 583)",
        "(278, 89)",
        "(679, 367)",
        "(670, 345)",
        "(488, 47)"
    ],
    "(303, 357)": [
        "(5, 81)",
        "(331, 315)",
        "(337, 49)",
        "(453, 715)",
        "(361, 289)",
        "(520, 683)",
        "(545, 250)",
        "(230, 434)",
        "(191, 897)",
        "(878, 68)",
        "(480, 307)"
    ],
    "(254, 773)": [
        "(362, 514)",
        "(5, 81)",
        "(467, 364)",
        "(191, 897)",
        "(100, 652)",
        "(124, 382)"
    ],
    "(191, 897)": [
        "(488, 47)",
        "(969, 802)",
        "(362, 514)",
        "(527, 11)",
        "(254, 773)",
        "(833, 567)",
        "(303, 357)",
        "(278, 89)",
        "(74, 290)",
        "(608, 673)",
        "(5, 81)",
        "(699, 843)",
        "(92, 164)",
        "(98, 201)",
        "(546, 315)",
        "(230, 434)",
        "(100, 652)",
        "(878, 68)"
    ],
    "(680, 284)": [
        "(523, 950)",
        "(382, 645)",
        "(520, 683)",
        "(145, 227)",
        "(878, 68)",
        "(453, 715)",
        "(230, 434)",
        "(445, 99)",
        "(340, 792)",
        "(517, 266)",
        "(337, 49)"
    ],
    "(845, 463)": [
        "(361, 289)",
        "(362, 514)",
        "(488, 47)",
        "(124, 382)",
        "(546, 315)",
        "(699, 843)",
        "(21, 679)",
        "(517, 266)"
    ],
    "(21, 679)": [
        "(699, 843)",
        "(362, 514)",
        "(337, 49)",
        "(956, 69)",
        "(845, 463)",
        "(230, 434)",
        "(608, 673)",
        "(546, 315)",
        "(527, 11)"
    ],
    "(608, 673)": [
        "(453, 715)",
        "(956, 69)",
        "(100, 652)",
        "(337, 49)",
        "(203, 116)",
        "(331, 315)",
        "(74, 777)",
        "(546, 315)",
        "(191, 897)",
        "(145, 227)",
        "(542, 583)",
        "(670, 345)",
        "(21, 679)",
        "(138, 859)",
        "(445, 99)",
        "(517, 266)"
    ],
    "(100, 652)": [
        "(608, 673)",
        "(670, 345)",
        "(382, 645)",
        "(520, 683)",
        "(453, 715)",
        "(254, 773)",
        "(833, 567)",
        "(124, 382)",
        "(362, 514)",
        "(5, 81)",
        "(331, 315)",
        "(191, 897)"
    ],
    "(488, 47)": [
        "(191, 897)",
        "(331, 315)",
        "(230, 434)",
        "(845, 463)",
        "(453, 715)",
        "(74, 290)",
        "(332, 353)"
    ],
    "(138, 859)": [
        "(699, 843)",
        "(670, 345)",
        "(445, 99)",
        "(520, 683)",
        "(956, 69)",
        "(527, 11)",
        "(332, 353)",
        "(337, 49)",
        "(98, 201)",
        "(203, 116)",
        "(74, 290)",
        "(608, 673)",
        "(542, 583)"
    ],
    "(480, 307)": [
        "(339, 857)",
        "(546, 315)",
        "(203, 116)",
        "(124, 382)",
        "(969, 802)",
        "(145, 227)",
        "(409, 226)",
        "(303, 357)",
        "(527, 11)",
        "(278, 89)",
        "(92, 164)",
        "(74, 290)",
        "(679, 367)"
    ],
    "(969, 802)": [
        "(191, 897)",
        "(480, 307)",
        "(453, 715)",
        "(878, 68)",
        "(517, 266)",
        "(331, 315)"
    ],
    "(445, 99)": [
        "(362, 514)",
        "(467, 364)",
        "(138, 859)",
        "(98, 201)",
        "(542, 583)",
        "(5, 81)",
        "(145, 227)",
        "(545, 250)",
        "(203, 116)",
        "(546, 315)",
        "(833, 567)",
        "(92, 164)",
        "(608, 673)",
        "(680, 284)"
    ],
    "(361, 289)": [
        "(845, 463)",
        "(303, 357)",
        "(339, 857)",
        "(679, 367)",
        "(5, 81)",
        "(230, 434)"
    ]
}