{
    "(144, 896)": [
        "(124, 382)",
        "(382, 645)",
        "(98, 201)",
        "(670, 345)",
        "(833, 567)",
        "(331, 315)",
        "(956, 69)",
        "(362, 514)",
        "(527, 11)",
        "(679, 367)",
        "(878, 68)",
        "(203, 116)",
        "(340, 792)",
        "(453, 715)"
    ],
    "(966, 851)": [
        "(74, 777)",
        "(203, 116)",
        "(74, 290)",
        "(545, 250)",
        "(409, 226)",
        "(339, 857)",
        "(453, 715)",
        "(145, 227)",
        "(679, 367)",
        "(333, 44)",
        "(5, 81)",
        "(741, 60)",
        "(833, 567)",
        "(124, 382)",
        "(230, 434)",
        "(98, 201)",
        "(520, 683)"
    ],
    "(741, 60)": [
        "(878, 68)",
        "(5, 81)",
        "(333, 44)",
        "(41, 346)",
        "(362, 514)",
        "(520, 683)",
        "(409, 226)",
        "(956, 69)",
        "(833, 567)",
        "(523, 950)",
        "(966, 851)",
        "(340, 792)",
        "(203, 116)",
        "(124, 382)",
        "(679, 367)",
        "(230, 434)"
    ],
    "(333, 44)": [
        "(679, 367)",
        "(5, 81)",
        "(741, 60)",
        "(74, 290)",
        "(545, 250)",
        "(966, 851)",
        "(340, 792)",
        "(331, 315)",
        "(382, 645)",
        "(453, 715)"
    ],
    "(41, 346)": [
        "(337, 49)",
        "(339, 857)",
        "(542, 583)",
        "(527, 11)",
        "(331, 315)",
        "(741, 60)",
        "(74, 290)",
        "(878, 68)",
        "(409, 226)",
        "(98, 201)",
        "(670, 345)",
        "(382, 645)",
        "(230, 434)",
        "(520, 683)",
        "(5, 81)",
        "(124, 382)",
        "(523, 950)",
        "(203, 116)",
        "(679, 367)"
    ],
    "(145, 227)": [
        "(956, 69)",
        "(670, 345)",
        "(545, 250)",
        "(340, 792)",
        "(527, 11)",
        "(382, 645)",
        "(98, 201)",
        "(203, 116)",
        "(230, 434)",
        "(453, 715)",
        "(966, 851)",
        "(331, 315)",
        "(337, 49)",
        "(520, 683)",
        "(679, 367)",
        "(339, 857)",
        "(5, 81)",
        "(833, 567)"
    ],
    "(98, 201)": [
        "(409, 226)",
        "(545, 250)",
        "(340, 792)",
        "(203, 116)",
        "(144, 896)",
        "(230, 434)",
        "(833, 567)",
        "(339, 857)",
        "(74, 777)",
        "(145, 227)",
        "(453, 715)",
        "(878, 68)",
        "(41, 346)",
        "(362, 514)",
        "(679, 367)",
        "(699, 843)",
        "(966, 851)",
        "(520, 683)",
        "(74, 290)",
        "(523, 950)"
    ],
    "(520, 683)": [
        "(382, 645)",
        "(833, 567)",
        "(230, 434)",
        "(331, 315)",
        "(124, 382)",
        "(670, 345)",
        "(741, 60)",
        "(337, 49)",
        "(679, 367)",
        "(699, 843)",
        "(542, 583)",
        "(203, 116)",
        "(41, 346)",
        "(409, 226)",
        "(145, 227)",
        "(545, 250)",
        "(98, 201)",
        "(966, 851)",
        "(340, 792)",
        "(956, 69)",
        "(339, 857)"
    ],
    "(523, 950)": [
        "(699, 843)",
        "(74, 290)",
        "(527, 11)",
        "(124, 382)",
        "(5, 81)",
        "(74, 777)",
        "(362, 514)",
        "(741, 60)",
        "(545, 250)",
        "(679, 367)",
        "(41, 346)",
        "(337, 49)",
        "(340, 792)",
        "(98, 201)"
    ],
    "(679, 367)": [
        "(337, 49)",
        "(333, 44)",
        "(5, 81)",
        "(699, 843)",
        "(527, 11)",
        "(833, 567)",
        "(520, 683)",
        "(966, 851)",
        "(409, 226)",
        "(670, 345)",
        "(144, 896)",
        "(98, 201)",
        "(523, 950)",
        "(145, 227)",
        "(542, 583)",
        "(741, 60)",
        "(340, 792)",
        "(41, 346)"
    ],
    "(5, 81)": [
        "(956, 69)",
        "(679, 367)",
        "(741, 60)",
        "(333, 44)",
        "(382, 645)",
        "(523, 950)",
        "(331, 315)",
        "(339, 857)",
        "(340, 792)",
        "(966, 851)",
        "(362, 514)",
        "(670, 345)",
        "(41, 346)",
        "(145, 227)",
        "(74, 290)",
        "(527, 11)"
    ],
    "(124, 382)": [
        "(144, 896)",
        "(362, 514)",
        "(523, 950)",
        "(878, 68)",
        "(520, 683)",
        "(331, 315)",
        "(833, 567)",
        "(966, 851)",
        "(670, 345)",
        "(337, 49)",
        "(41, 346)",
        "(453, 715)",
        "(542, 583)",
        "(741, 60)"
    ],
    "(545, 250)": [
        "(98, 201)",
        "(145, 227)",
        "(670, 345)",
        "(966, 851)",
        "(333, 44)",
        "(527, 11)",
        "(203, 116)",
        "(453, 715)",
        "(523, 950)",
        "(520, 683)",
        "(542, 583)",
        "(833, 567)"
    ],
    "(542, 583)": [
        "(41, 346)",
        "(527, 11)",
        "(337, 49)",
        "(340, 792)",
        "(331, 315)",
        "(409, 226)",
        "(956, 69)",
        "(670, 345)",
        "(382, 645)",
        "(520, 683)",
        "(230, 434)",
        "(124, 382)",
        "(679, 367)",
        "(545, 250)"
    ],
    "(340, 792)": [
        "(98, 201)",
        "(542, 583)",
        "(145, 227)",
        "(362, 514)",
        "(833, 567)",
        "(331, 315)",
        "(453, 715)",
        "(699, 843)",
        "(203, 116)",
        "(5, 81)",
        "(230, 434)",
        "(339, 857)",
        "(333, 44)",
        "(741, 60)",
        "(409, 226)",
        "(144, 896)",
        "(679, 367)",
        "(523, 950)",
        "(382, 645)",
        "(520, 683)",
        "(337, 49)"
    ],
    "(74, 777)": [
        "(966, 851)",
        "(453, 715)",
        "(699, 843)",
        "(98, 201)",
        "(833, 567)",
        "(523, 950)",
        "(362, 514)",
        "(409, 226)",
        "(203, 116)",
        "(382, 645)"
    ],
    "(203, 116)": [
        "(966, 851)",
        "(453, 715)",
        "(98, 201)",
        "(230, 434)",
        "(545, 250)",
        "(382, 645)",
        "(145, 227)",
        "(340, 792)",
        "(362, 514)",
        "(699, 843)",
        "(520, 683)",
        "(409, 226)",
        "(527, 11)",
        "(144, 896)",
        "(741, 60)",
        "(74, 777)",
        "(956, 69)",
        "(41, 346)"
    ],
    "(409, 226)": [
        "(98, 201)",
        "(453, 715)",
        "(966, 851)",
        "(527, 11)",
        "(362, 514)",
        "(542, 583)",
        "(741, 60)",
        "(41, 346)",
        "(339, 857)",
        "(679, 367)",
        "(520, 683)",
        "(203, 116)",
        "(74, 777)",
        "(340, 792)",
        "(337, 49)",
        "(230, 434)",
        "(382, 645)",
        "(699, 843)"
    ],
    "(956, 69)": [
        "(5, 81)",
        "(145, 227)",
        "(833, 567)",
        "(382, 645)",
        "(741, 60)",
        "(542, 583)",
        "(337, 49)",
        "(453, 715)",
        "(144, 896)",
        "(339, 857)",
        "(670, 345)",
        "(203, 116)",
        "(520, 683)"
    ],
    "(339, 857)": [
        "(41, 346)",
        "(382, 645)",
        "(331, 315)",
        "(966, 851)",
        "(833, 567)",
        "(98, 201)",
        "(5, 81)",
        "(340, 792)",
        "(409, 226)",
        "(337, 49)",
        "(145, 227)",
        "(956, 69)",
        "(230, 434)",
        "(520, 683)"
    ],
    "(74, 290)": [
        "(523, 950)",
        "(966, 851)",
        "(331, 315)",
        "(333, 44)",
        "(41, 346)",
        "(453, 715)",
        "(337, 49)",
        "(230, 434)",
        "(833, 567)",
        "(5, 81)",
        "(98, 201)",
        "(527, 11)"
    ],
    "(230, 434)": [
        "(362, 514)",
        "(520, 683)",
        "(331, 315)",
        "(203, 116)",
        "(98, 201)",
        "(453, 715)",
        "(670, 345)",
        "(74, 290)",
        "(145, 227)",
        "(340, 792)",
        "(41, 346)",
        "(833, 567)",
        "(966, 851)",
        "(409, 226)",
        "(542, 583)",
        "(741, 60)",
        "(699, 843)",
        "(339, 857)"
    ],
    "(699, 843)": [
        "(523, 950)",
        "(382, 645)",
        "(679, 367)",
        "(74, 777)",
        "(340, 792)",
        "(203, 116)",
        "(520, 683)",
        "(98, 201)",
        "(833, 567)",
        "(453, 715)",
        "(230, 434)",
        "(409, 226)"
    ],
    "(878, 68)": [
        "(741, 60)",
        "(331, 315)",
        "(124, 382)",
        "(41, 346)",
        "(98, 201)",
        "(144, 896)",
        "(337, 49)"
    ],
    "(382, 645)": [
        "(339, 857)",
        "(144, 896)",
        "(670, 345)",
        "(520, 683)",
        "(699, 843)",
        "(145, 227)",
        "(5, 81)",
        "(203, 116)",
        "(956, 69)",
        "(453, 715)",
        "(542, 583)",
        "(41, 346)",
        "(333, 44)",
        "(340, 792)",
        "(833, 567)",
        "(409, 226)",
        "(74, 777)"
    ],
    "(337, 49)": [
        "(41, 346)",
        "(679, 367)",
        "(527, 11)",
        "(542, 583)",
        "(74, 290)",
        "(520, 683)",
        "(956, 69)",
        "(339, 857)",
        "(833, 567)",
        "(145, 227)",
        "(124, 382)",
        "(409, 226)",
        "(523, 950)",
        "(340, 792)",
        "(362, 514)",
        "(878, 68)"
    ],
    "(670, 345)": [
        "(145, 227)",
        "(382, 645)",
        "(545, 250)",
        "(144, 896)",
        "(527, 11)",
        "(520, 683)",
        "(230, 434)",
        "(542, 583)",
        "(41, 346)",
        "(679, 367)",
        "(5, 81)",
        "(124, 382)",
        "(956, 69)",
        "(453, 715)"
    ],
    "(453, 715)": [
        "(203, 116)",
        "(409, 226)",
        "(74, 777)",
        "(230, 434)",
        "(340, 792)",
        "(74, 290)",
        "(966, 851)",
        "(545, 250)",
        "(382, 645)",
        "(98, 201)",
        "(145, 227)",
        "(956, 69)",
        "(833, 567)",
        "(124, 382)",
        "(333, 44)",
        "(699, 843)",
        "(331, 315)",
        "(144, 896)",
        "(670, 345)"
    ],
    "(527, 11)": [
        "(542, 583)",
        "(41, 346)",
        "(337, 49)",
        "(523, 950)",
        "(145, 227)",
        "(409, 226)",
        "(670, 345)",
        "(545, 250)",
        "(679, 367)",
        "(144, 896)",
        "(362, 514)",
        "(203, 116)",
        "(331, 315)",
        "(5, 81)",
        "(74, 290)"
    ],
    "(362, 514)": [
        "(230, 434)",
        "(124, 382)",
        "(340, 792)",
        "(409, 226)",
        "(741, 60)",
        "(203, 116)",
        "(523, 950)",
        "(144, 896)",
        "(98, 201)",
        "(74, 777)",
        "(5, 81)",
        "(527, 11)",
        "(337, 49)"
    ],
    "(833, 567)": [
        "(331, 315)",
        "(520, 683)",
        "(340, 792)",
        "(956, 69)",
        "(98, 201)",
        "(339, 857)",
        "(124, 382)",
        "(144, 896)",
        "(679, 367)",
        "(741, 60)",
        "(74, 777)",
        "(337, 49)",
        "(966, 851)",
        "(230, 434)",
        "(453, 715)",
        "(699, 843)",
        "(74, 290)",
        "(382, 645)",
        "(545, 250)",
        "(145, 227)"
    ],
    "(331, 315)": [
        "(339, 857)",
        "(41, 346)",
        "(74, 290)",
        "(833, 567)",
        "(542, 583)",
        "(230, 434)",
        "(878, 68)",
        "(520, 683)",
        "(340, 792)",
        "(124, 382)",
        "(5, 81)",
        "(144, 896)",
        "(145, 227)",
        "(333, 44)",
        "(527, 11)",
        "(453, 715)"
    ]
}