{
    "(595, 476)": [
        "(942, 30)",
        "(797, 523)",
        "(801, 784)",
        "(48, 417)",
        "(907, 797)",
        "(768, 9)",
        "(310, 1)",
        "(388, 978)",
        "(965, 807)",
        "(823, 570)",
        "(220, 659)",
        "(264, 823)",
        "(859, 549)",
        "(542, 166)",
        "(799, 26)",
        "(872, 184)",
        "(391, 462)",
        "(315, 678)",
        "(855, 484)",
        "(594, 761)",
        "(604, 491)",
        "(871, 770)",
        "(854, 208)",
        "(183, 64)",
        "(883, 217)",
        "(532, 883)",
        "(85, 601)"
    ],
    "(797, 523)": [
        "(859, 549)",
        "(595, 476)",
        "(872, 184)",
        "(799, 26)",
        "(991, 249)",
        "(883, 217)",
        "(594, 761)",
        "(965, 807)",
        "(259, 660)",
        "(220, 659)",
        "(85, 601)",
        "(41, 202)",
        "(854, 208)",
        "(907, 797)",
        "(871, 770)",
        "(310, 1)",
        "(768, 9)",
        "(823, 570)",
        "(315, 678)",
        "(388, 978)",
        "(942, 30)",
        "(723, 262)",
        "(264, 823)",
        "(542, 166)",
        "(604, 491)"
    ],
    "(991, 249)": [
        "(594, 761)",
        "(942, 30)",
        "(391, 462)",
        "(797, 523)",
        "(259, 660)",
        "(854, 208)",
        "(907, 797)",
        "(183, 64)",
        "(768, 9)",
        "(723, 262)",
        "(532, 883)",
        "(542, 166)",
        "(48, 417)",
        "(883, 217)",
        "(871, 770)",
        "(823, 570)",
        "(64, 682)",
        "(795, 746)",
        "(872, 184)",
        "(220, 659)",
        "(801, 784)",
        "(827, 292)",
        "(85, 601)",
        "(855, 484)",
        "(388, 978)",
        "(264, 823)",
        "(315, 678)",
        "(965, 807)"
    ],
    "(336, 502)": [
        "(391, 462)",
        "(310, 1)",
        "(542, 166)",
        "(795, 746)",
        "(854, 208)",
        "(315, 678)",
        "(827, 292)",
        "(883, 217)",
        "(855, 484)",
        "(871, 770)",
        "(259, 660)",
        "(859, 549)",
        "(942, 30)",
        "(907, 797)",
        "(424, 555)",
        "(532, 883)",
        "(723, 262)",
        "(48, 417)",
        "(183, 64)",
        "(594, 761)",
        "(64, 682)",
        "(85, 601)",
        "(388, 978)",
        "(965, 807)",
        "(768, 9)",
        "(801, 784)",
        "(823, 570)",
        "(41, 202)",
        "(264, 823)"
    ],
    "(310, 1)": [
        "(336, 502)",
        "(85, 601)",
        "(795, 746)",
        "(64, 682)",
        "(594, 761)",
        "(220, 659)",
        "(854, 208)",
        "(183, 64)",
        "(801, 784)",
        "(595, 476)",
        "(859, 549)",
        "(855, 484)",
        "(532, 883)",
        "(965, 807)",
        "(797, 523)",
        "(907, 797)",
        "(388, 978)",
        "(259, 660)",
        "(604, 491)",
        "(799, 26)",
        "(542, 166)",
        "(723, 262)",
        "(883, 217)"
    ],
    "(48, 417)": [
        "(723, 262)",
        "(883, 217)",
        "(595, 476)",
        "(85, 601)",
        "(872, 184)",
        "(604, 491)",
        "(855, 484)",
        "(220, 659)",
        "(907, 797)",
        "(315, 678)",
        "(391, 462)",
        "(991, 249)",
        "(801, 784)",
        "(799, 26)",
        "(64, 682)",
        "(859, 549)",
        "(871, 770)",
        "(336, 502)",
        "(965, 807)",
        "(183, 64)",
        "(542, 166)",
        "(259, 660)",
        "(768, 9)",
        "(388, 978)",
        "(854, 208)",
        "(827, 292)",
        "(41, 202)",
        "(532, 883)",
        "(942, 30)"
    ],
    "(315, 678)": [
        "(723, 262)",
        "(872, 184)",
        "(220, 659)",
        "(799, 26)",
        "(336, 502)",
        "(41, 202)",
        "(388, 978)",
        "(532, 883)",
        "(391, 462)",
        "(871, 770)",
        "(48, 417)",
        "(424, 555)",
        "(259, 660)",
        "(801, 784)",
        "(907, 797)",
        "(795, 746)",
        "(854, 208)",
        "(827, 292)",
        "(823, 570)",
        "(595, 476)",
        "(183, 64)",
        "(85, 601)",
        "(797, 523)",
        "(594, 761)",
        "(64, 682)",
        "(855, 484)",
        "(991, 249)",
        "(264, 823)"
    ],
    "(220, 659)": [
        "(965, 807)",
        "(799, 26)",
        "(264, 823)",
        "(315, 678)",
        "(795, 746)",
        "(723, 262)",
        "(872, 184)",
        "(388, 978)",
        "(48, 417)",
        "(310, 1)",
        "(883, 217)",
        "(424, 555)",
        "(595, 476)",
        "(391, 462)",
        "(85, 601)",
        "(827, 292)",
        "(797, 523)",
        "(801, 784)",
        "(871, 770)",
        "(823, 570)",
        "(41, 202)",
        "(183, 64)",
        "(991, 249)",
        "(64, 682)",
        "(604, 491)",
        "(855, 484)",
        "(907, 797)",
        "(532, 883)",
        "(594, 761)"
    ],
    "(259, 660)": [
        "(991, 249)",
        "(823, 570)",
        "(85, 601)",
        "(859, 549)",
        "(315, 678)",
        "(424, 555)",
        "(907, 797)",
        "(336, 502)",
        "(391, 462)",
        "(797, 523)",
        "(942, 30)",
        "(64, 682)",
        "(532, 883)",
        "(48, 417)",
        "(855, 484)",
        "(264, 823)",
        "(768, 9)",
        "(310, 1)",
        "(883, 217)",
        "(795, 746)",
        "(871, 770)",
        "(801, 784)",
        "(872, 184)"
    ],
    "(823, 570)": [
        "(85, 601)",
        "(723, 262)",
        "(799, 26)",
        "(259, 660)",
        "(604, 491)",
        "(872, 184)",
        "(183, 64)",
        "(854, 208)",
        "(855, 484)",
        "(871, 770)",
        "(542, 166)",
        "(264, 823)",
        "(595, 476)",
        "(965, 807)",
        "(991, 249)",
        "(768, 9)",
        "(64, 682)",
        "(220, 659)",
        "(315, 678)",
        "(388, 978)",
        "(797, 523)",
        "(391, 462)",
        "(883, 217)",
        "(801, 784)",
        "(336, 502)",
        "(827, 292)"
    ],
    "(965, 807)": [
        "(883, 217)",
        "(220, 659)",
        "(264, 823)",
        "(799, 26)",
        "(391, 462)",
        "(827, 292)",
        "(594, 761)",
        "(595, 476)",
        "(823, 570)",
        "(797, 523)",
        "(854, 208)",
        "(424, 555)",
        "(310, 1)",
        "(859, 549)",
        "(64, 682)",
        "(48, 417)",
        "(542, 166)",
        "(855, 484)",
        "(336, 502)",
        "(532, 883)",
        "(871, 770)",
        "(604, 491)",
        "(388, 978)",
        "(85, 601)",
        "(801, 784)",
        "(991, 249)"
    ],
    "(871, 770)": [
        "(768, 9)",
        "(315, 678)",
        "(41, 202)",
        "(823, 570)",
        "(723, 262)",
        "(336, 502)",
        "(872, 184)",
        "(855, 484)",
        "(991, 249)",
        "(883, 217)",
        "(220, 659)",
        "(797, 523)",
        "(48, 417)",
        "(801, 784)",
        "(907, 797)",
        "(859, 549)",
        "(595, 476)",
        "(795, 746)",
        "(604, 491)",
        "(799, 26)",
        "(542, 166)",
        "(259, 660)",
        "(965, 807)",
        "(827, 292)",
        "(391, 462)",
        "(183, 64)",
        "(85, 601)"
    ],
    "(801, 784)": [
        "(595, 476)",
        "(872, 184)",
        "(388, 978)",
        "(854, 208)",
        "(264, 823)",
        "(310, 1)",
        "(859, 549)",
        "(315, 678)",
        "(795, 746)",
        "(723, 262)",
        "(48, 417)",
        "(220, 659)",
        "(942, 30)",
        "(799, 26)",
        "(183, 64)",
        "(871, 770)",
        "(64, 682)",
        "(768, 9)",
        "(991, 249)",
        "(594, 761)",
        "(823, 570)",
        "(259, 660)",
        "(532, 883)",
        "(336, 502)",
        "(965, 807)",
        "(855, 484)"
    ],
    "(41, 202)": [
        "(883, 217)",
        "(723, 262)",
        "(827, 292)",
        "(315, 678)",
        "(907, 797)",
        "(871, 770)",
        "(859, 549)",
        "(388, 978)",
        "(85, 601)",
        "(797, 523)",
        "(424, 555)",
        "(220, 659)",
        "(594, 761)",
        "(542, 166)",
        "(391, 462)",
        "(854, 208)",
        "(799, 26)",
        "(942, 30)",
        "(48, 417)",
        "(183, 64)",
        "(336, 502)",
        "(795, 746)"
    ],
    "(768, 9)": [
        "(871, 770)",
        "(594, 761)",
        "(595, 476)",
        "(991, 249)",
        "(264, 823)",
        "(391, 462)",
        "(827, 292)",
        "(795, 746)",
        "(604, 491)",
        "(799, 26)",
        "(854, 208)",
        "(823, 570)",
        "(797, 523)",
        "(424, 555)",
        "(801, 784)",
        "(859, 549)",
        "(64, 682)",
        "(48, 417)",
        "(336, 502)",
        "(259, 660)",
        "(855, 484)",
        "(872, 184)",
        "(542, 166)",
        "(907, 797)",
        "(723, 262)"
    ],
    "(388, 978)": [
        "(942, 30)",
        "(183, 64)",
        "(801, 784)",
        "(315, 678)",
        "(264, 823)",
        "(220, 659)",
        "(542, 166)",
        "(532, 883)",
        "(595, 476)",
        "(391, 462)",
        "(424, 555)",
        "(41, 202)",
        "(604, 491)",
        "(883, 217)",
        "(907, 797)",
        "(799, 26)",
        "(823, 570)",
        "(310, 1)",
        "(797, 523)",
        "(827, 292)",
        "(336, 502)",
        "(872, 184)",
        "(48, 417)",
        "(795, 746)",
        "(965, 807)",
        "(991, 249)",
        "(64, 682)"
    ],
    "(795, 746)": [
        "(424, 555)",
        "(310, 1)",
        "(336, 502)",
        "(220, 659)",
        "(604, 491)",
        "(942, 30)",
        "(872, 184)",
        "(801, 784)",
        "(854, 208)",
        "(768, 9)",
        "(315, 678)",
        "(991, 249)",
        "(723, 262)",
        "(532, 883)",
        "(85, 601)",
        "(264, 823)",
        "(871, 770)",
        "(259, 660)",
        "(388, 978)",
        "(799, 26)",
        "(855, 484)",
        "(391, 462)",
        "(594, 761)",
        "(883, 217)",
        "(41, 202)",
        "(859, 549)",
        "(64, 682)"
    ],
    "(604, 491)": [
        "(799, 26)",
        "(795, 746)",
        "(48, 417)",
        "(883, 217)",
        "(827, 292)",
        "(823, 570)",
        "(85, 601)",
        "(768, 9)",
        "(424, 555)",
        "(855, 484)",
        "(388, 978)",
        "(854, 208)",
        "(595, 476)",
        "(723, 262)",
        "(871, 770)",
        "(264, 823)",
        "(220, 659)",
        "(310, 1)",
        "(542, 166)",
        "(965, 807)",
        "(942, 30)",
        "(183, 64)",
        "(594, 761)",
        "(797, 523)",
        "(872, 184)"
    ],
    "(183, 64)": [
        "(859, 549)",
        "(907, 797)",
        "(388, 978)",
        "(942, 30)",
        "(542, 166)",
        "(991, 249)",
        "(823, 570)",
        "(85, 601)",
        "(310, 1)",
        "(827, 292)",
        "(391, 462)",
        "(594, 761)",
        "(799, 26)",
        "(532, 883)",
        "(723, 262)",
        "(801, 784)",
        "(315, 678)",
        "(220, 659)",
        "(336, 502)",
        "(48, 417)",
        "(595, 476)",
        "(64, 682)",
        "(872, 184)",
        "(854, 208)",
        "(41, 202)",
        "(604, 491)",
        "(855, 484)",
        "(883, 217)",
        "(871, 770)"
    ],
    "(64, 682)": [
        "(872, 184)",
        "(310, 1)",
        "(264, 823)",
        "(799, 26)",
        "(85, 601)",
        "(594, 761)",
        "(723, 262)",
        "(532, 883)",
        "(424, 555)",
        "(991, 249)",
        "(823, 570)",
        "(907, 797)",
        "(48, 417)",
        "(259, 660)",
        "(801, 784)",
        "(542, 166)",
        "(942, 30)",
        "(883, 217)",
        "(965, 807)",
        "(827, 292)",
        "(336, 502)",
        "(768, 9)",
        "(220, 659)",
        "(315, 678)",
        "(183, 64)",
        "(859, 549)",
        "(855, 484)",
        "(388, 978)",
        "(795, 746)"
    ],
    "(532, 883)": [
        "(942, 30)",
        "(855, 484)",
        "(594, 761)",
        "(315, 678)",
        "(391, 462)",
        "(264, 823)",
        "(388, 978)",
        "(991, 249)",
        "(723, 262)",
        "(64, 682)",
        "(183, 64)",
        "(795, 746)",
        "(310, 1)",
        "(336, 502)",
        "(542, 166)",
        "(424, 555)",
        "(872, 184)",
        "(907, 797)",
        "(259, 660)",
        "(799, 26)",
        "(827, 292)",
        "(965, 807)",
        "(801, 784)",
        "(220, 659)",
        "(48, 417)",
        "(595, 476)"
    ],
    "(391, 462)": [
        "(336, 502)",
        "(991, 249)",
        "(965, 807)",
        "(264, 823)",
        "(532, 883)",
        "(315, 678)",
        "(48, 417)",
        "(424, 555)",
        "(388, 978)",
        "(768, 9)",
        "(854, 208)",
        "(855, 484)",
        "(183, 64)",
        "(542, 166)",
        "(723, 262)",
        "(942, 30)",
        "(220, 659)",
        "(799, 26)",
        "(259, 660)",
        "(595, 476)",
        "(883, 217)",
        "(41, 202)",
        "(827, 292)",
        "(823, 570)",
        "(871, 770)",
        "(795, 746)",
        "(872, 184)"
    ],
    "(827, 292)": [
        "(883, 217)",
        "(41, 202)",
        "(855, 484)",
        "(965, 807)",
        "(604, 491)",
        "(85, 601)",
        "(336, 502)",
        "(768, 9)",
        "(183, 64)",
        "(942, 30)",
        "(799, 26)",
        "(220, 659)",
        "(315, 678)",
        "(594, 761)",
        "(859, 549)",
        "(264, 823)",
        "(64, 682)",
        "(854, 208)",
        "(532, 883)",
        "(391, 462)",
        "(388, 978)",
        "(991, 249)",
        "(871, 770)",
        "(48, 417)",
        "(542, 166)",
        "(872, 184)",
        "(823, 570)"
    ],
    "(723, 262)": [
        "(315, 678)",
        "(48, 417)",
        "(41, 202)",
        "(424, 555)",
        "(220, 659)",
        "(823, 570)",
        "(991, 249)",
        "(871, 770)",
        "(532, 883)",
        "(801, 784)",
        "(883, 217)",
        "(64, 682)",
        "(391, 462)",
        "(799, 26)",
        "(795, 746)",
        "(942, 30)",
        "(183, 64)",
        "(336, 502)",
        "(859, 549)",
        "(604, 491)",
        "(85, 601)",
        "(907, 797)",
        "(542, 166)",
        "(797, 523)",
        "(768, 9)",
        "(310, 1)",
        "(594, 761)"
    ],
    "(799, 26)": [
        "(220, 659)",
        "(965, 807)",
        "(797, 523)",
        "(604, 491)",
        "(315, 678)",
        "(823, 570)",
        "(64, 682)",
        "(768, 9)",
        "(542, 166)",
        "(827, 292)",
        "(183, 64)",
        "(723, 262)",
        "(391, 462)",
        "(883, 217)",
        "(48, 417)",
        "(595, 476)",
        "(855, 484)",
        "(801, 784)",
        "(424, 555)",
        "(594, 761)",
        "(388, 978)",
        "(532, 883)",
        "(41, 202)",
        "(264, 823)",
        "(871, 770)",
        "(942, 30)",
        "(310, 1)",
        "(795, 746)",
        "(854, 208)",
        "(85, 601)"
    ],
    "(424, 555)": [
        "(795, 746)",
        "(723, 262)",
        "(315, 678)",
        "(907, 797)",
        "(872, 184)",
        "(391, 462)",
        "(883, 217)",
        "(855, 484)",
        "(388, 978)",
        "(259, 660)",
        "(859, 549)",
        "(220, 659)",
        "(264, 823)",
        "(604, 491)",
        "(64, 682)",
        "(965, 807)",
        "(336, 502)",
        "(41, 202)",
        "(854, 208)",
        "(532, 883)",
        "(799, 26)",
        "(542, 166)",
        "(768, 9)",
        "(594, 761)",
        "(85, 601)"
    ],
    "(542, 166)": [
        "(336, 502)",
        "(855, 484)",
        "(883, 217)",
        "(183, 64)",
        "(388, 978)",
        "(823, 570)",
        "(991, 249)",
        "(391, 462)",
        "(799, 26)",
        "(594, 761)",
        "(595, 476)",
        "(532, 883)",
        "(64, 682)",
        "(424, 555)",
        "(41, 202)",
        "(965, 807)",
        "(48, 417)",
        "(871, 770)",
        "(723, 262)",
        "(604, 491)",
        "(768, 9)",
        "(907, 797)",
        "(85, 601)",
        "(310, 1)",
        "(827, 292)",
        "(942, 30)",
        "(797, 523)"
    ],
    "(85, 601)": [
        "(310, 1)",
        "(859, 549)",
        "(823, 570)",
        "(942, 30)",
        "(854, 208)",
        "(48, 417)",
        "(264, 823)",
        "(259, 660)",
        "(594, 761)",
        "(827, 292)",
        "(604, 491)",
        "(183, 64)",
        "(64, 682)",
        "(41, 202)",
        "(220, 659)",
        "(855, 484)",
        "(797, 523)",
        "(795, 746)",
        "(872, 184)",
        "(883, 217)",
        "(315, 678)",
        "(336, 502)",
        "(723, 262)",
        "(991, 249)",
        "(965, 807)",
        "(542, 166)",
        "(424, 555)",
        "(799, 26)",
        "(871, 770)",
        "(595, 476)",
        "(907, 797)"
    ],
    "(855, 484)": [
        "(859, 549)",
        "(907, 797)",
        "(532, 883)",
        "(942, 30)",
        "(542, 166)",
        "(827, 292)",
        "(48, 417)",
        "(823, 570)",
        "(336, 502)",
        "(424, 555)",
        "(264, 823)",
        "(391, 462)",
        "(871, 770)",
        "(854, 208)",
        "(594, 761)",
        "(310, 1)",
        "(85, 601)",
        "(799, 26)",
        "(604, 491)",
        "(595, 476)",
        "(965, 807)",
        "(259, 660)",
        "(883, 217)",
        "(768, 9)",
        "(220, 659)",
        "(991, 249)",
        "(315, 678)",
        "(183, 64)",
        "(64, 682)",
        "(795, 746)",
        "(872, 184)",
        "(801, 784)"
    ],
    "(854, 208)": [
        "(942, 30)",
        "(336, 502)",
        "(85, 601)",
        "(264, 823)",
        "(883, 217)",
        "(991, 249)",
        "(801, 784)",
        "(859, 549)",
        "(310, 1)",
        "(823, 570)",
        "(391, 462)",
        "(795, 746)",
        "(594, 761)",
        "(855, 484)",
        "(768, 9)",
        "(965, 807)",
        "(907, 797)",
        "(315, 678)",
        "(797, 523)",
        "(424, 555)",
        "(604, 491)",
        "(41, 202)",
        "(827, 292)",
        "(595, 476)",
        "(48, 417)",
        "(183, 64)",
        "(799, 26)"
    ],
    "(859, 549)": [
        "(855, 484)",
        "(797, 523)",
        "(85, 601)",
        "(183, 64)",
        "(883, 217)",
        "(259, 660)",
        "(854, 208)",
        "(801, 784)",
        "(424, 555)",
        "(264, 823)",
        "(942, 30)",
        "(310, 1)",
        "(336, 502)",
        "(41, 202)",
        "(595, 476)",
        "(48, 417)",
        "(594, 761)",
        "(723, 262)",
        "(827, 292)",
        "(871, 770)",
        "(965, 807)",
        "(768, 9)",
        "(64, 682)",
        "(795, 746)"
    ],
    "(264, 823)": [
        "(965, 807)",
        "(220, 659)",
        "(907, 797)",
        "(85, 601)",
        "(854, 208)",
        "(391, 462)",
        "(388, 978)",
        "(801, 784)",
        "(532, 883)",
        "(64, 682)",
        "(768, 9)",
        "(823, 570)",
        "(859, 549)",
        "(855, 484)",
        "(883, 217)",
        "(424, 555)",
        "(595, 476)",
        "(795, 746)",
        "(827, 292)",
        "(799, 26)",
        "(259, 660)",
        "(604, 491)",
        "(872, 184)",
        "(797, 523)",
        "(942, 30)",
        "(991, 249)",
        "(315, 678)",
        "(336, 502)"
    ],
    "(872, 184)": [
        "(315, 678)",
        "(64, 682)",
        "(797, 523)",
        "(801, 784)",
        "(48, 417)",
        "(220, 659)",
        "(823, 570)",
        "(795, 746)",
        "(424, 555)",
        "(871, 770)",
        "(942, 30)",
        "(595, 476)",
        "(907, 797)",
        "(991, 249)",
        "(532, 883)",
        "(85, 601)",
        "(388, 978)",
        "(768, 9)",
        "(183, 64)",
        "(264, 823)",
        "(259, 660)",
        "(827, 292)",
        "(391, 462)",
        "(883, 217)",
        "(855, 484)",
        "(604, 491)"
    ],
    "(883, 217)": [
        "(965, 807)",
        "(827, 292)",
        "(48, 417)",
        "(41, 202)",
        "(859, 549)",
        "(854, 208)",
        "(594, 761)",
        "(797, 523)",
        "(542, 166)",
        "(604, 491)",
        "(336, 502)",
        "(220, 659)",
        "(424, 555)",
        "(723, 262)",
        "(264, 823)",
        "(991, 249)",
        "(942, 30)",
        "(799, 26)",
        "(871, 770)",
        "(388, 978)",
        "(85, 601)",
        "(64, 682)",
        "(391, 462)",
        "(823, 570)",
        "(855, 484)",
        "(259, 660)",
        "(595, 476)",
        "(183, 64)",
        "(872, 184)",
        "(795, 746)",
        "(310, 1)"
    ],
    "(907, 797)": [
        "(942, 30)",
        "(855, 484)",
        "(183, 64)",
        "(264, 823)",
        "(595, 476)",
        "(991, 249)",
        "(41, 202)",
        "(48, 417)",
        "(424, 555)",
        "(259, 660)",
        "(594, 761)",
        "(315, 678)",
        "(854, 208)",
        "(336, 502)",
        "(64, 682)",
        "(797, 523)",
        "(872, 184)",
        "(388, 978)",
        "(532, 883)",
        "(310, 1)",
        "(871, 770)",
        "(723, 262)",
        "(220, 659)",
        "(542, 166)",
        "(768, 9)",
        "(85, 601)"
    ],
    "(942, 30)": [
        "(532, 883)",
        "(595, 476)",
        "(907, 797)",
        "(854, 208)",
        "(85, 601)",
        "(991, 249)",
        "(388, 978)",
        "(855, 484)",
        "(183, 64)",
        "(795, 746)",
        "(859, 549)",
        "(883, 217)",
        "(827, 292)",
        "(336, 502)",
        "(391, 462)",
        "(801, 784)",
        "(259, 660)",
        "(723, 262)",
        "(872, 184)",
        "(64, 682)",
        "(41, 202)",
        "(799, 26)",
        "(797, 523)",
        "(604, 491)",
        "(264, 823)",
        "(542, 166)",
        "(48, 417)"
    ],
    "(594, 761)": [
        "(991, 249)",
        "(310, 1)",
        "(532, 883)",
        "(883, 217)",
        "(768, 9)",
        "(85, 601)",
        "(965, 807)",
        "(64, 682)",
        "(907, 797)",
        "(183, 64)",
        "(797, 523)",
        "(854, 208)",
        "(855, 484)",
        "(542, 166)",
        "(827, 292)",
        "(859, 549)",
        "(799, 26)",
        "(41, 202)",
        "(595, 476)",
        "(336, 502)",
        "(801, 784)",
        "(315, 678)",
        "(424, 555)",
        "(723, 262)",
        "(604, 491)",
        "(795, 746)",
        "(220, 659)"
    ]
}