{
    "(670, 694)": [
        "(509, 813)",
        "(925, 349)",
        "(771, 327)",
        "(313, 714)",
        "(12, 617)",
        "(912, 24)",
        "(166, 591)"
    ],
    "(460, 128)": [
        "(12, 617)"
    ],
    "(771, 327)": [
        "(12, 617)",
        "(925, 349)",
        "(697, 793)",
        "(509, 813)",
        "(670, 694)",
        "(912, 24)"
    ],
    "(912, 24)": [
        "(638, 680)",
        "(670, 694)",
        "(771, 327)"
    ],
    "(588, 598)": [],
    "(9, 88)": [
        "(425, 854)",
        "(166, 591)",
        "(638, 680)"
    ],
    "(25, 622)": [
        "(638, 680)"
    ],
    "(12, 617)": [
        "(771, 327)",
        "(697, 793)",
        "(460, 128)",
        "(925, 349)",
        "(670, 694)",
        "(425, 854)",
        "(313, 714)"
    ],
    "(425, 854)": [
        "(9, 88)",
        "(697, 793)",
        "(313, 714)",
        "(12, 617)"
    ],
    "(697, 793)": [
        "(771, 327)",
        "(425, 854)",
        "(313, 714)",
        "(12, 617)"
    ],
    "(638, 680)": [
        "(313, 714)",
        "(25, 622)",
        "(912, 24)",
        "(9, 88)"
    ],
    "(313, 714)": [
        "(638, 680)",
        "(697, 793)",
        "(425, 854)",
        "(670, 694)",
        "(12, 617)"
    ],
    "(509, 813)": [
        "(670, 694)",
        "(771, 327)"
    ],
    "(925, 349)": [
        "(771, 327)",
        "(670, 694)",
        "(12, 617)"
    ],
    "(166, 591)": [
        "(9, 88)",
        "(670, 694)"
    ]
}