{
    "(128, 771)": [
        "(622, 12)",
        "(24, 588)"
    ],
    "(327, 912)": [
        "(598, 9)",
        "(88, 25)",
        "(24, 588)"
    ],
    "(24, 588)": [
        "(598, 9)",
        "(88, 25)",
        "(327, 912)",
        "(128, 771)",
        "(622, 12)"
    ],
    "(598, 9)": [
        "(24, 588)",
        "(327, 912)",
        "(88, 25)",
        "(622, 12)"
    ],
    "(88, 25)": [
        "(24, 588)",
        "(622, 12)",
        "(598, 9)",
        "(327, 912)"
    ],
    "(622, 12)": [
        "(88, 25)",
        "(128, 771)",
        "(24, 588)",
        "(598, 9)"
    ]
}