{
    "(735, 626)": [
        "(17, 621)",
        "(86, 663)",
        "(912, 56)",
        "(219, 90)",
        "(697, 647)",
        "(156, 690)",
        "(877, 112)"
    ],
    "(156, 690)": [
        "(912, 56)",
        "(219, 90)",
        "(86, 663)",
        "(17, 621)",
        "(877, 112)",
        "(735, 626)"
    ],
    "(86, 663)": [
        "(877, 112)",
        "(156, 690)",
        "(17, 621)",
        "(735, 626)",
        "(912, 56)",
        "(219, 90)",
        "(697, 647)"
    ],
    "(912, 56)": [
        "(156, 690)",
        "(697, 647)",
        "(86, 663)",
        "(219, 90)",
        "(735, 626)"
    ],
    "(17, 621)": [
        "(156, 690)",
        "(129, 161)",
        "(735, 626)",
        "(86, 663)",
        "(877, 112)"
    ],
    "(697, 647)": [
        "(219, 90)",
        "(129, 161)",
        "(912, 56)",
        "(735, 626)",
        "(877, 112)",
        "(86, 663)"
    ],
    "(877, 112)": [
        "(129, 161)",
        "(86, 663)",
        "(219, 90)",
        "(156, 690)",
        "(697, 647)",
        "(735, 626)",
        "(17, 621)"
    ],
    "(219, 90)": [
        "(697, 647)",
        "(156, 690)",
        "(877, 112)",
        "(912, 56)",
        "(735, 626)",
        "(129, 161)",
        "(86, 663)"
    ],
    "(129, 161)": [
        "(877, 112)",
        "(697, 647)",
        "(17, 621)",
        "(219, 90)"
    ]
}