{
    "(511, 90)": [
        "(369, 400)",
        "(302, 767)",
        "(37, 942)",
        "(526, 326)",
        "(862, 681)",
        "(438, 726)",
        "(598, 475)",
        "(818, 457)",
        "(77, 327)",
        "(695, 512)",
        "(483, 219)",
        "(210, 600)",
        "(399, 247)",
        "(455, 730)",
        "(256, 215)",
        "(567, 611)",
        "(916, 68)",
        "(98, 383)",
        "(531, 261)",
        "(208, 764)",
        "(851, 108)",
        "(106, 546)",
        "(959, 216)",
        "(727, 999)",
        "(978, 838)",
        "(338, 34)",
        "(240, 873)",
        "(197, 904)",
        "(679, 835)",
        "(768, 649)",
        "(776, 952)",
        "(192, 37)",
        "(971, 935)",
        "(303, 959)"
    ],
    "(455, 730)": [
        "(98, 383)",
        "(776, 952)",
        "(197, 904)",
        "(695, 512)",
        "(483, 219)",
        "(303, 959)",
        "(511, 90)",
        "(37, 942)",
        "(959, 216)",
        "(851, 108)",
        "(531, 261)",
        "(598, 475)",
        "(210, 600)",
        "(338, 34)",
        "(77, 327)",
        "(208, 764)",
        "(556, 507)",
        "(679, 835)",
        "(916, 68)",
        "(768, 649)",
        "(526, 326)",
        "(818, 457)",
        "(438, 726)",
        "(302, 767)",
        "(106, 546)",
        "(942, 435)",
        "(862, 681)",
        "(192, 37)",
        "(399, 247)",
        "(985, 853)"
    ],
    "(577, 386)": [
        "(526, 326)",
        "(727, 999)",
        "(302, 767)",
        "(438, 726)",
        "(851, 108)",
        "(369, 400)",
        "(192, 37)",
        "(567, 611)",
        "(978, 838)",
        "(240, 873)",
        "(695, 512)",
        "(106, 546)",
        "(768, 649)",
        "(197, 904)",
        "(971, 935)",
        "(531, 261)",
        "(77, 327)",
        "(776, 952)",
        "(208, 764)",
        "(916, 68)",
        "(818, 457)",
        "(862, 681)",
        "(303, 959)",
        "(37, 942)",
        "(556, 507)",
        "(598, 475)"
    ],
    "(240, 873)": [
        "(695, 512)",
        "(210, 600)",
        "(916, 68)",
        "(776, 952)",
        "(208, 764)",
        "(862, 681)",
        "(985, 853)",
        "(131, 759)",
        "(851, 108)",
        "(303, 959)",
        "(106, 546)",
        "(77, 327)",
        "(577, 386)",
        "(302, 767)",
        "(556, 507)",
        "(942, 435)",
        "(98, 383)",
        "(679, 835)",
        "(971, 935)",
        "(567, 611)",
        "(399, 247)",
        "(727, 999)",
        "(511, 90)",
        "(483, 219)",
        "(959, 216)",
        "(768, 649)",
        "(978, 838)",
        "(531, 261)",
        "(197, 904)"
    ],
    "(37, 942)": [
        "(98, 383)",
        "(303, 959)",
        "(768, 649)",
        "(851, 108)",
        "(131, 759)",
        "(511, 90)",
        "(985, 853)",
        "(369, 400)",
        "(483, 219)",
        "(210, 600)",
        "(978, 838)",
        "(106, 546)",
        "(455, 730)",
        "(256, 215)",
        "(862, 681)",
        "(526, 326)",
        "(208, 764)",
        "(77, 327)",
        "(531, 261)",
        "(679, 835)",
        "(556, 507)",
        "(567, 611)",
        "(192, 37)",
        "(302, 767)",
        "(695, 512)",
        "(916, 68)",
        "(598, 475)",
        "(818, 457)",
        "(942, 435)",
        "(399, 247)",
        "(727, 999)",
        "(577, 386)",
        "(338, 34)"
    ],
    "(679, 835)": [
        "(303, 959)",
        "(695, 512)",
        "(208, 764)",
        "(131, 759)",
        "(978, 838)",
        "(959, 216)",
        "(483, 219)",
        "(776, 952)",
        "(971, 935)",
        "(727, 999)",
        "(567, 611)",
        "(399, 247)",
        "(531, 261)",
        "(192, 37)",
        "(302, 767)",
        "(37, 942)",
        "(369, 400)",
        "(240, 873)",
        "(985, 853)",
        "(455, 730)",
        "(511, 90)",
        "(556, 507)",
        "(851, 108)",
        "(818, 457)",
        "(210, 600)",
        "(916, 68)",
        "(338, 34)",
        "(942, 435)",
        "(598, 475)",
        "(256, 215)",
        "(98, 383)",
        "(526, 326)"
    ],
    "(131, 759)": [
        "(303, 959)",
        "(916, 68)",
        "(37, 942)",
        "(679, 835)",
        "(106, 546)",
        "(695, 512)",
        "(240, 873)",
        "(985, 853)",
        "(862, 681)",
        "(971, 935)",
        "(598, 475)",
        "(399, 247)",
        "(818, 457)",
        "(210, 600)",
        "(526, 326)",
        "(192, 37)",
        "(483, 219)",
        "(556, 507)",
        "(531, 261)",
        "(727, 999)",
        "(942, 435)",
        "(256, 215)",
        "(978, 838)",
        "(369, 400)",
        "(438, 726)",
        "(338, 34)",
        "(768, 649)"
    ],
    "(106, 546)": [
        "(531, 261)",
        "(862, 681)",
        "(302, 767)",
        "(131, 759)",
        "(208, 764)",
        "(971, 935)",
        "(303, 959)",
        "(438, 726)",
        "(37, 942)",
        "(776, 952)",
        "(240, 873)",
        "(768, 649)",
        "(577, 386)",
        "(483, 219)",
        "(985, 853)",
        "(695, 512)",
        "(942, 435)",
        "(959, 216)",
        "(851, 108)",
        "(369, 400)",
        "(511, 90)",
        "(526, 326)",
        "(567, 611)",
        "(192, 37)",
        "(455, 730)",
        "(338, 34)",
        "(399, 247)",
        "(818, 457)",
        "(77, 327)",
        "(256, 215)"
    ],
    "(438, 726)": [
        "(598, 475)",
        "(916, 68)",
        "(567, 611)",
        "(577, 386)",
        "(338, 34)",
        "(985, 853)",
        "(369, 400)",
        "(511, 90)",
        "(776, 952)",
        "(971, 935)",
        "(106, 546)",
        "(210, 600)",
        "(302, 767)",
        "(727, 999)",
        "(197, 904)",
        "(77, 327)",
        "(942, 435)",
        "(978, 838)",
        "(256, 215)",
        "(531, 261)",
        "(959, 216)",
        "(455, 730)",
        "(556, 507)",
        "(768, 649)",
        "(399, 247)",
        "(526, 326)",
        "(98, 383)",
        "(131, 759)",
        "(208, 764)"
    ],
    "(483, 219)": [
        "(862, 681)",
        "(98, 383)",
        "(679, 835)",
        "(567, 611)",
        "(556, 507)",
        "(37, 942)",
        "(511, 90)",
        "(818, 457)",
        "(455, 730)",
        "(208, 764)",
        "(210, 600)",
        "(106, 546)",
        "(942, 435)",
        "(959, 216)",
        "(727, 999)",
        "(776, 952)",
        "(399, 247)",
        "(369, 400)",
        "(131, 759)",
        "(531, 261)",
        "(971, 935)",
        "(338, 34)",
        "(916, 68)",
        "(240, 873)",
        "(695, 512)",
        "(303, 959)",
        "(302, 767)",
        "(526, 326)",
        "(256, 215)",
        "(77, 327)",
        "(192, 37)"
    ],
    "(399, 247)": [
        "(818, 457)",
        "(256, 215)",
        "(511, 90)",
        "(851, 108)",
        "(679, 835)",
        "(971, 935)",
        "(526, 326)",
        "(985, 853)",
        "(131, 759)",
        "(197, 904)",
        "(942, 435)",
        "(483, 219)",
        "(567, 611)",
        "(556, 507)",
        "(240, 873)",
        "(916, 68)",
        "(210, 600)",
        "(338, 34)",
        "(208, 764)",
        "(598, 475)",
        "(978, 838)",
        "(438, 726)",
        "(106, 546)",
        "(37, 942)",
        "(531, 261)",
        "(455, 730)",
        "(98, 383)"
    ],
    "(192, 37)": [
        "(197, 904)",
        "(567, 611)",
        "(695, 512)",
        "(978, 838)",
        "(916, 68)",
        "(577, 386)",
        "(256, 215)",
        "(369, 400)",
        "(77, 327)",
        "(210, 600)",
        "(818, 457)",
        "(679, 835)",
        "(131, 759)",
        "(598, 475)",
        "(37, 942)",
        "(727, 999)",
        "(768, 649)",
        "(98, 383)",
        "(106, 546)",
        "(942, 435)",
        "(526, 326)",
        "(511, 90)",
        "(455, 730)",
        "(302, 767)",
        "(483, 219)",
        "(338, 34)"
    ],
    "(302, 767)": [
        "(567, 611)",
        "(577, 386)",
        "(511, 90)",
        "(106, 546)",
        "(776, 952)",
        "(210, 600)",
        "(985, 853)",
        "(303, 959)",
        "(438, 726)",
        "(818, 457)",
        "(98, 383)",
        "(526, 326)",
        "(916, 68)",
        "(240, 873)",
        "(679, 835)",
        "(851, 108)",
        "(942, 435)",
        "(695, 512)",
        "(978, 838)",
        "(556, 507)",
        "(77, 327)",
        "(37, 942)",
        "(455, 730)",
        "(598, 475)",
        "(971, 935)",
        "(483, 219)",
        "(862, 681)",
        "(959, 216)",
        "(192, 37)",
        "(338, 34)"
    ],
    "(695, 512)": [
        "(916, 68)",
        "(679, 835)",
        "(240, 873)",
        "(210, 600)",
        "(776, 952)",
        "(197, 904)",
        "(369, 400)",
        "(768, 649)",
        "(131, 759)",
        "(192, 37)",
        "(556, 507)",
        "(511, 90)",
        "(455, 730)",
        "(985, 853)",
        "(338, 34)",
        "(818, 457)",
        "(727, 999)",
        "(577, 386)",
        "(106, 546)",
        "(862, 681)",
        "(978, 838)",
        "(971, 935)",
        "(302, 767)",
        "(851, 108)",
        "(598, 475)",
        "(37, 942)",
        "(483, 219)",
        "(77, 327)",
        "(567, 611)",
        "(208, 764)"
    ],
    "(369, 400)": [
        "(511, 90)",
        "(985, 853)",
        "(695, 512)",
        "(438, 726)",
        "(577, 386)",
        "(556, 507)",
        "(37, 942)",
        "(192, 37)",
        "(210, 600)",
        "(971, 935)",
        "(768, 649)",
        "(338, 34)",
        "(98, 383)",
        "(567, 611)",
        "(256, 215)",
        "(679, 835)",
        "(303, 959)",
        "(483, 219)",
        "(106, 546)",
        "(77, 327)",
        "(531, 261)",
        "(776, 952)",
        "(197, 904)",
        "(916, 68)",
        "(131, 759)",
        "(978, 838)",
        "(959, 216)",
        "(818, 457)",
        "(598, 475)"
    ],
    "(526, 326)": [
        "(577, 386)",
        "(77, 327)",
        "(556, 507)",
        "(942, 435)",
        "(567, 611)",
        "(959, 216)",
        "(511, 90)",
        "(818, 457)",
        "(971, 935)",
        "(338, 34)",
        "(776, 952)",
        "(98, 383)",
        "(208, 764)",
        "(768, 649)",
        "(302, 767)",
        "(37, 942)",
        "(399, 247)",
        "(598, 475)",
        "(131, 759)",
        "(303, 959)",
        "(106, 546)",
        "(531, 261)",
        "(455, 730)",
        "(851, 108)",
        "(210, 600)",
        "(256, 215)",
        "(192, 37)",
        "(197, 904)",
        "(438, 726)",
        "(483, 219)",
        "(727, 999)",
        "(679, 835)",
        "(916, 68)"
    ],
    "(556, 507)": [
        "(526, 326)",
        "(862, 681)",
        "(210, 600)",
        "(483, 219)",
        "(369, 400)",
        "(695, 512)",
        "(303, 959)",
        "(978, 838)",
        "(776, 952)",
        "(240, 873)",
        "(531, 261)",
        "(567, 611)",
        "(77, 327)",
        "(727, 999)",
        "(598, 475)",
        "(37, 942)",
        "(399, 247)",
        "(302, 767)",
        "(131, 759)",
        "(851, 108)",
        "(455, 730)",
        "(679, 835)",
        "(916, 68)",
        "(438, 726)",
        "(818, 457)",
        "(98, 383)",
        "(577, 386)",
        "(338, 34)"
    ],
    "(851, 108)": [
        "(37, 942)",
        "(985, 853)",
        "(577, 386)",
        "(916, 68)",
        "(240, 873)",
        "(399, 247)",
        "(455, 730)",
        "(531, 261)",
        "(727, 999)",
        "(208, 764)",
        "(302, 767)",
        "(942, 435)",
        "(106, 546)",
        "(511, 90)",
        "(695, 512)",
        "(98, 383)",
        "(556, 507)",
        "(971, 935)",
        "(978, 838)",
        "(679, 835)",
        "(526, 326)",
        "(567, 611)",
        "(818, 457)",
        "(768, 649)"
    ],
    "(818, 457)": [
        "(776, 952)",
        "(526, 326)",
        "(399, 247)",
        "(978, 838)",
        "(511, 90)",
        "(483, 219)",
        "(695, 512)",
        "(302, 767)",
        "(338, 34)",
        "(256, 215)",
        "(567, 611)",
        "(942, 435)",
        "(192, 37)",
        "(197, 904)",
        "(131, 759)",
        "(971, 935)",
        "(768, 649)",
        "(916, 68)",
        "(98, 383)",
        "(862, 681)",
        "(455, 730)",
        "(598, 475)",
        "(77, 327)",
        "(679, 835)",
        "(959, 216)",
        "(851, 108)",
        "(556, 507)",
        "(37, 942)",
        "(577, 386)",
        "(106, 546)",
        "(369, 400)",
        "(985, 853)",
        "(303, 959)"
    ],
    "(208, 764)": [
        "(679, 835)",
        "(240, 873)",
        "(338, 34)",
        "(598, 475)",
        "(106, 546)",
        "(77, 327)",
        "(531, 261)",
        "(971, 935)",
        "(197, 904)",
        "(916, 68)",
        "(483, 219)",
        "(526, 326)",
        "(37, 942)",
        "(862, 681)",
        "(303, 959)",
        "(851, 108)",
        "(511, 90)",
        "(455, 730)",
        "(256, 215)",
        "(768, 649)",
        "(978, 838)",
        "(567, 611)",
        "(577, 386)",
        "(399, 247)",
        "(695, 512)",
        "(438, 726)",
        "(727, 999)"
    ],
    "(598, 475)": [
        "(438, 726)",
        "(208, 764)",
        "(959, 216)",
        "(511, 90)",
        "(978, 838)",
        "(197, 904)",
        "(768, 649)",
        "(727, 999)",
        "(77, 327)",
        "(985, 853)",
        "(455, 730)",
        "(256, 215)",
        "(131, 759)",
        "(526, 326)",
        "(556, 507)",
        "(776, 952)",
        "(695, 512)",
        "(192, 37)",
        "(98, 383)",
        "(338, 34)",
        "(818, 457)",
        "(302, 767)",
        "(37, 942)",
        "(399, 247)",
        "(303, 959)",
        "(369, 400)",
        "(567, 611)",
        "(679, 835)",
        "(577, 386)"
    ],
    "(567, 611)": [
        "(302, 767)",
        "(77, 327)",
        "(526, 326)",
        "(438, 726)",
        "(192, 37)",
        "(959, 216)",
        "(768, 649)",
        "(985, 853)",
        "(483, 219)",
        "(776, 952)",
        "(531, 261)",
        "(577, 386)",
        "(679, 835)",
        "(511, 90)",
        "(369, 400)",
        "(818, 457)",
        "(556, 507)",
        "(399, 247)",
        "(240, 873)",
        "(37, 942)",
        "(106, 546)",
        "(916, 68)",
        "(208, 764)",
        "(338, 34)",
        "(851, 108)",
        "(303, 959)",
        "(942, 435)",
        "(978, 838)",
        "(695, 512)",
        "(598, 475)"
    ],
    "(197, 904)": [
        "(192, 37)",
        "(695, 512)",
        "(598, 475)",
        "(455, 730)",
        "(208, 764)",
        "(768, 649)",
        "(438, 726)",
        "(256, 215)",
        "(577, 386)",
        "(942, 435)",
        "(818, 457)",
        "(978, 838)",
        "(399, 247)",
        "(971, 935)",
        "(916, 68)",
        "(210, 600)",
        "(511, 90)",
        "(369, 400)",
        "(959, 216)",
        "(98, 383)",
        "(862, 681)",
        "(303, 959)",
        "(526, 326)",
        "(77, 327)",
        "(985, 853)",
        "(240, 873)"
    ],
    "(978, 838)": [
        "(679, 835)",
        "(818, 457)",
        "(192, 37)",
        "(598, 475)",
        "(37, 942)",
        "(98, 383)",
        "(556, 507)",
        "(210, 600)",
        "(577, 386)",
        "(197, 904)",
        "(768, 649)",
        "(338, 34)",
        "(695, 512)",
        "(727, 999)",
        "(985, 853)",
        "(302, 767)",
        "(77, 327)",
        "(776, 952)",
        "(511, 90)",
        "(438, 726)",
        "(208, 764)",
        "(851, 108)",
        "(959, 216)",
        "(916, 68)",
        "(862, 681)",
        "(256, 215)",
        "(131, 759)",
        "(567, 611)",
        "(399, 247)",
        "(240, 873)",
        "(369, 400)",
        "(303, 959)"
    ],
    "(776, 952)": [
        "(959, 216)",
        "(240, 873)",
        "(818, 457)",
        "(695, 512)",
        "(302, 767)",
        "(438, 726)",
        "(679, 835)",
        "(567, 611)",
        "(455, 730)",
        "(526, 326)",
        "(106, 546)",
        "(556, 507)",
        "(338, 34)",
        "(942, 435)",
        "(483, 219)",
        "(598, 475)",
        "(98, 383)",
        "(978, 838)",
        "(77, 327)",
        "(862, 681)",
        "(369, 400)",
        "(577, 386)",
        "(727, 999)",
        "(916, 68)",
        "(971, 935)",
        "(303, 959)",
        "(256, 215)",
        "(511, 90)",
        "(768, 649)",
        "(985, 853)"
    ],
    "(768, 649)": [
        "(37, 942)",
        "(695, 512)",
        "(985, 853)",
        "(567, 611)",
        "(598, 475)",
        "(77, 327)",
        "(197, 904)",
        "(369, 400)",
        "(106, 546)",
        "(526, 326)",
        "(577, 386)",
        "(978, 838)",
        "(338, 34)",
        "(303, 959)",
        "(818, 457)",
        "(916, 68)",
        "(971, 935)",
        "(256, 215)",
        "(455, 730)",
        "(208, 764)",
        "(98, 383)",
        "(192, 37)",
        "(862, 681)",
        "(210, 600)",
        "(511, 90)",
        "(240, 873)",
        "(438, 726)",
        "(959, 216)",
        "(776, 952)",
        "(851, 108)",
        "(131, 759)"
    ],
    "(303, 959)": [
        "(679, 835)",
        "(131, 759)",
        "(37, 942)",
        "(942, 435)",
        "(106, 546)",
        "(302, 767)",
        "(240, 873)",
        "(455, 730)",
        "(556, 507)",
        "(985, 853)",
        "(256, 215)",
        "(208, 764)",
        "(916, 68)",
        "(369, 400)",
        "(768, 649)",
        "(971, 935)",
        "(526, 326)",
        "(862, 681)",
        "(776, 952)",
        "(567, 611)",
        "(483, 219)",
        "(197, 904)",
        "(598, 475)",
        "(511, 90)",
        "(577, 386)",
        "(978, 838)",
        "(818, 457)"
    ],
    "(77, 327)": [
        "(526, 326)",
        "(567, 611)",
        "(531, 261)",
        "(208, 764)",
        "(511, 90)",
        "(98, 383)",
        "(192, 37)",
        "(768, 649)",
        "(240, 873)",
        "(598, 475)",
        "(338, 34)",
        "(556, 507)",
        "(37, 942)",
        "(455, 730)",
        "(862, 681)",
        "(438, 726)",
        "(369, 400)",
        "(302, 767)",
        "(978, 838)",
        "(959, 216)",
        "(776, 952)",
        "(727, 999)",
        "(577, 386)",
        "(818, 457)",
        "(695, 512)",
        "(985, 853)",
        "(197, 904)",
        "(916, 68)",
        "(210, 600)",
        "(483, 219)",
        "(106, 546)"
    ],
    "(727, 999)": [
        "(577, 386)",
        "(942, 435)",
        "(679, 835)",
        "(916, 68)",
        "(438, 726)",
        "(598, 475)",
        "(695, 512)",
        "(971, 935)",
        "(851, 108)",
        "(556, 507)",
        "(483, 219)",
        "(210, 600)",
        "(978, 838)",
        "(511, 90)",
        "(240, 873)",
        "(77, 327)",
        "(131, 759)",
        "(862, 681)",
        "(192, 37)",
        "(776, 952)",
        "(338, 34)",
        "(985, 853)",
        "(37, 942)",
        "(208, 764)",
        "(526, 326)"
    ],
    "(971, 935)": [
        "(338, 34)",
        "(526, 326)",
        "(438, 726)",
        "(679, 835)",
        "(106, 546)",
        "(208, 764)",
        "(369, 400)",
        "(862, 681)",
        "(399, 247)",
        "(727, 999)",
        "(131, 759)",
        "(818, 457)",
        "(303, 959)",
        "(695, 512)",
        "(240, 873)",
        "(197, 904)",
        "(985, 853)",
        "(768, 649)",
        "(916, 68)",
        "(577, 386)",
        "(483, 219)",
        "(531, 261)",
        "(851, 108)",
        "(942, 435)",
        "(776, 952)",
        "(98, 383)",
        "(302, 767)",
        "(511, 90)",
        "(256, 215)",
        "(210, 600)"
    ],
    "(210, 600)": [
        "(240, 873)",
        "(695, 512)",
        "(556, 507)",
        "(302, 767)",
        "(862, 681)",
        "(511, 90)",
        "(37, 942)",
        "(369, 400)",
        "(959, 216)",
        "(438, 726)",
        "(192, 37)",
        "(483, 219)",
        "(978, 838)",
        "(455, 730)",
        "(256, 215)",
        "(727, 999)",
        "(131, 759)",
        "(531, 261)",
        "(338, 34)",
        "(399, 247)",
        "(985, 853)",
        "(197, 904)",
        "(916, 68)",
        "(768, 649)",
        "(679, 835)",
        "(526, 326)",
        "(942, 435)",
        "(77, 327)",
        "(971, 935)"
    ],
    "(985, 853)": [
        "(851, 108)",
        "(369, 400)",
        "(438, 726)",
        "(768, 649)",
        "(567, 611)",
        "(37, 942)",
        "(240, 873)",
        "(302, 767)",
        "(942, 435)",
        "(695, 512)",
        "(131, 759)",
        "(338, 34)",
        "(256, 215)",
        "(598, 475)",
        "(106, 546)",
        "(399, 247)",
        "(303, 959)",
        "(679, 835)",
        "(971, 935)",
        "(978, 838)",
        "(531, 261)",
        "(210, 600)",
        "(959, 216)",
        "(77, 327)",
        "(862, 681)",
        "(727, 999)",
        "(776, 952)",
        "(818, 457)",
        "(197, 904)",
        "(455, 730)"
    ],
    "(338, 34)": [
        "(531, 261)",
        "(438, 726)",
        "(208, 764)",
        "(971, 935)",
        "(526, 326)",
        "(942, 435)",
        "(916, 68)",
        "(695, 512)",
        "(985, 853)",
        "(369, 400)",
        "(818, 457)",
        "(776, 952)",
        "(77, 327)",
        "(978, 838)",
        "(455, 730)",
        "(768, 649)",
        "(210, 600)",
        "(256, 215)",
        "(511, 90)",
        "(483, 219)",
        "(399, 247)",
        "(598, 475)",
        "(567, 611)",
        "(98, 383)",
        "(727, 999)",
        "(106, 546)",
        "(679, 835)",
        "(302, 767)",
        "(37, 942)",
        "(556, 507)",
        "(192, 37)",
        "(131, 759)"
    ],
    "(256, 215)": [
        "(531, 261)",
        "(192, 37)",
        "(399, 247)",
        "(37, 942)",
        "(916, 68)",
        "(511, 90)",
        "(818, 457)",
        "(98, 383)",
        "(985, 853)",
        "(197, 904)",
        "(369, 400)",
        "(598, 475)",
        "(862, 681)",
        "(303, 959)",
        "(210, 600)",
        "(338, 34)",
        "(768, 649)",
        "(959, 216)",
        "(208, 764)",
        "(438, 726)",
        "(131, 759)",
        "(978, 838)",
        "(776, 952)",
        "(942, 435)",
        "(526, 326)",
        "(483, 219)",
        "(971, 935)",
        "(679, 835)",
        "(106, 546)"
    ],
    "(531, 261)": [
        "(106, 546)",
        "(338, 34)",
        "(77, 327)",
        "(256, 215)",
        "(567, 611)",
        "(208, 764)",
        "(851, 108)",
        "(455, 730)",
        "(679, 835)",
        "(556, 507)",
        "(942, 435)",
        "(37, 942)",
        "(511, 90)",
        "(210, 600)",
        "(483, 219)",
        "(985, 853)",
        "(98, 383)",
        "(369, 400)",
        "(131, 759)",
        "(526, 326)",
        "(971, 935)",
        "(577, 386)",
        "(959, 216)",
        "(438, 726)",
        "(399, 247)",
        "(916, 68)",
        "(240, 873)"
    ],
    "(916, 68)": [
        "(695, 512)",
        "(438, 726)",
        "(131, 759)",
        "(98, 383)",
        "(240, 873)",
        "(192, 37)",
        "(851, 108)",
        "(338, 34)",
        "(208, 764)",
        "(727, 999)",
        "(256, 215)",
        "(302, 767)",
        "(511, 90)",
        "(303, 959)",
        "(768, 649)",
        "(971, 935)",
        "(399, 247)",
        "(942, 435)",
        "(818, 457)",
        "(197, 904)",
        "(455, 730)",
        "(210, 600)",
        "(567, 611)",
        "(483, 219)",
        "(369, 400)",
        "(556, 507)",
        "(978, 838)",
        "(776, 952)",
        "(577, 386)",
        "(37, 942)",
        "(679, 835)",
        "(862, 681)",
        "(77, 327)",
        "(531, 261)",
        "(526, 326)"
    ],
    "(98, 383)": [
        "(37, 942)",
        "(916, 68)",
        "(862, 681)",
        "(483, 219)",
        "(455, 730)",
        "(77, 327)",
        "(526, 326)",
        "(978, 838)",
        "(302, 767)",
        "(369, 400)",
        "(256, 215)",
        "(511, 90)",
        "(959, 216)",
        "(240, 873)",
        "(776, 952)",
        "(531, 261)",
        "(851, 108)",
        "(818, 457)",
        "(768, 649)",
        "(197, 904)",
        "(192, 37)",
        "(598, 475)",
        "(338, 34)",
        "(971, 935)",
        "(556, 507)",
        "(438, 726)",
        "(679, 835)",
        "(399, 247)",
        "(942, 435)"
    ],
    "(862, 681)": [
        "(106, 546)",
        "(556, 507)",
        "(483, 219)",
        "(98, 383)",
        "(511, 90)",
        "(240, 873)",
        "(210, 600)",
        "(959, 216)",
        "(971, 935)",
        "(131, 759)",
        "(37, 942)",
        "(208, 764)",
        "(256, 215)",
        "(695, 512)",
        "(303, 959)",
        "(77, 327)",
        "(776, 952)",
        "(727, 999)",
        "(818, 457)",
        "(768, 649)",
        "(978, 838)",
        "(197, 904)",
        "(985, 853)",
        "(916, 68)",
        "(455, 730)",
        "(302, 767)",
        "(577, 386)"
    ],
    "(942, 435)": [
        "(526, 326)",
        "(303, 959)",
        "(727, 999)",
        "(338, 34)",
        "(985, 853)",
        "(483, 219)",
        "(818, 457)",
        "(197, 904)",
        "(106, 546)",
        "(531, 261)",
        "(776, 952)",
        "(240, 873)",
        "(399, 247)",
        "(302, 767)",
        "(851, 108)",
        "(438, 726)",
        "(916, 68)",
        "(131, 759)",
        "(971, 935)",
        "(192, 37)",
        "(959, 216)",
        "(210, 600)",
        "(256, 215)",
        "(455, 730)",
        "(567, 611)",
        "(37, 942)",
        "(679, 835)",
        "(98, 383)"
    ],
    "(959, 216)": [
        "(776, 952)",
        "(526, 326)",
        "(679, 835)",
        "(567, 611)",
        "(598, 475)",
        "(862, 681)",
        "(210, 600)",
        "(455, 730)",
        "(483, 219)",
        "(98, 383)",
        "(106, 546)",
        "(511, 90)",
        "(77, 327)",
        "(256, 215)",
        "(197, 904)",
        "(531, 261)",
        "(978, 838)",
        "(438, 726)",
        "(818, 457)",
        "(985, 853)",
        "(942, 435)",
        "(240, 873)",
        "(369, 400)",
        "(768, 649)",
        "(302, 767)"
    ]
}