{
    "(759, 141)": [
        "(355, 614)",
        "(503, 969)",
        "(925, 349)",
        "(617, 400)",
        "(771, 327)"
    ],
    "(435, 448)": [
        "(265, 108)",
        "(697, 793)",
        "(638, 680)",
        "(781, 58)"
    ],
    "(781, 58)": [
        "(771, 327)",
        "(638, 680)",
        "(536, 771)",
        "(670, 694)",
        "(435, 448)"
    ],
    "(454, 408)": [
        "(502, 432)",
        "(425, 854)",
        "(385, 307)",
        "(503, 969)",
        "(313, 714)",
        "(230, 715)",
        "(997, 331)"
    ],
    "(385, 307)": [
        "(912, 24)",
        "(697, 793)",
        "(685, 355)",
        "(230, 715)",
        "(454, 408)",
        "(997, 331)",
        "(607, 705)",
        "(355, 614)"
    ],
    "(118, 709)": [
        "(209, 236)",
        "(536, 771)"
    ],
    "(209, 236)": [
        "(118, 709)",
        "(425, 854)",
        "(536, 771)",
        "(638, 680)"
    ],
    "(764, 491)": [
        "(313, 714)"
    ],
    "(698, 745)": [
        "(9, 88)",
        "(580, 247)",
        "(503, 969)",
        "(25, 622)",
        "(997, 331)"
    ],
    "(997, 331)": [
        "(509, 813)",
        "(912, 24)",
        "(25, 622)",
        "(697, 793)",
        "(385, 307)",
        "(454, 408)",
        "(698, 745)"
    ],
    "(617, 400)": [
        "(759, 141)",
        "(697, 793)",
        "(580, 247)",
        "(230, 715)"
    ],
    "(551, 665)": [
        "(585, 885)",
        "(460, 128)",
        "(638, 680)"
    ],
    "(355, 614)": [
        "(771, 327)",
        "(759, 141)",
        "(385, 307)"
    ],
    "(502, 432)": [
        "(454, 408)",
        "(230, 715)",
        "(313, 714)",
        "(265, 108)",
        "(580, 247)"
    ],
    "(580, 247)": [
        "(698, 745)",
        "(617, 400)",
        "(502, 432)"
    ],
    "(685, 355)": [
        "(385, 307)",
        "(697, 793)",
        "(509, 813)"
    ],
    "(588, 598)": [
        "(697, 793)"
    ],
    "(503, 969)": [
        "(759, 141)",
        "(698, 745)",
        "(454, 408)",
        "(509, 813)"
    ],
    "(607, 705)": [
        "(912, 24)",
        "(385, 307)",
        "(425, 854)"
    ],
    "(536, 771)": [
        "(670, 694)",
        "(781, 58)",
        "(460, 128)",
        "(209, 236)",
        "(265, 108)",
        "(9, 88)",
        "(118, 709)"
    ],
    "(585, 885)": [
        "(771, 327)",
        "(925, 349)",
        "(551, 665)",
        "(265, 108)"
    ],
    "(230, 715)": [
        "(385, 307)",
        "(502, 432)",
        "(509, 813)",
        "(617, 400)",
        "(454, 408)"
    ],
    "(265, 108)": [
        "(509, 813)",
        "(435, 448)",
        "(536, 771)",
        "(585, 885)",
        "(460, 128)",
        "(502, 432)"
    ],
    "(670, 694)": [
        "(536, 771)",
        "(781, 58)",
        "(697, 793)",
        "(912, 24)"
    ],
    "(460, 128)": [
        "(536, 771)",
        "(551, 665)",
        "(912, 24)",
        "(265, 108)"
    ],
    "(771, 327)": [
        "(781, 58)",
        "(9, 88)",
        "(355, 614)",
        "(585, 885)",
        "(759, 141)",
        "(425, 854)"
    ],
    "(912, 24)": [
        "(638, 680)",
        "(997, 331)",
        "(385, 307)",
        "(607, 705)",
        "(460, 128)",
        "(670, 694)"
    ],
    "(9, 88)": [
        "(698, 745)",
        "(771, 327)",
        "(536, 771)"
    ],
    "(25, 622)": [
        "(997, 331)",
        "(698, 745)",
        "(697, 793)"
    ],
    "(12, 617)": [],
    "(425, 854)": [
        "(209, 236)",
        "(454, 408)",
        "(771, 327)",
        "(607, 705)"
    ],
    "(697, 793)": [
        "(638, 680)",
        "(385, 307)",
        "(685, 355)",
        "(997, 331)",
        "(435, 448)",
        "(617, 400)",
        "(588, 598)",
        "(670, 694)",
        "(25, 622)"
    ],
    "(638, 680)": [
        "(912, 24)",
        "(781, 58)",
        "(509, 813)",
        "(697, 793)",
        "(435, 448)",
        "(209, 236)",
        "(551, 665)"
    ],
    "(313, 714)": [
        "(764, 491)",
        "(502, 432)",
        "(454, 408)"
    ],
    "(509, 813)": [
        "(997, 331)",
        "(265, 108)",
        "(638, 680)",
        "(230, 715)",
        "(685, 355)",
        "(503, 969)"
    ],
    "(925, 349)": [
        "(585, 885)",
        "(759, 141)"
    ]
}