{
    "(442, 601)": [
        "(159, 400)",
        "(905, 792)",
        "(834, 402)",
        "(961, 665)",
        "(941, 222)",
        "(92, 406)",
        "(101, 28)",
        "(370, 935)",
        "(65, 727)",
        "(266, 739)",
        "(797, 152)",
        "(73, 769)",
        "(730, 298)",
        "(236, 164)",
        "(344, 300)",
        "(923, 989)",
        "(988, 345)",
        "(600, 249)",
        "(376, 865)",
        "(496, 328)",
        "(502, 991)",
        "(425, 400)",
        "(714, 298)",
        "(538, 244)",
        "(601, 745)",
        "(404, 149)",
        "(724, 119)"
    ],
    "(266, 739)": [
        "(31, 146)",
        "(693, 473)",
        "(442, 601)",
        "(317, 273)",
        "(376, 865)",
        "(370, 935)",
        "(601, 745)",
        "(941, 222)",
        "(988, 345)",
        "(974, 493)",
        "(834, 402)",
        "(730, 298)",
        "(923, 989)",
        "(585, 140)",
        "(159, 400)",
        "(699, 90)",
        "(259, 804)"
    ],
    "(178, 374)": [
        "(341, 944)",
        "(974, 493)",
        "(259, 804)",
        "(693, 473)",
        "(317, 273)",
        "(236, 164)",
        "(159, 400)",
        "(961, 665)",
        "(248, 559)",
        "(834, 402)",
        "(502, 991)",
        "(923, 989)",
        "(376, 865)",
        "(496, 328)",
        "(404, 149)",
        "(31, 146)",
        "(585, 140)",
        "(988, 345)",
        "(92, 406)",
        "(71, 787)",
        "(962, 452)",
        "(228, 22)",
        "(724, 119)",
        "(430, 575)",
        "(945, 537)",
        "(905, 792)",
        "(425, 400)"
    ],
    "(236, 164)": [
        "(404, 149)",
        "(834, 402)",
        "(178, 374)",
        "(317, 273)",
        "(988, 345)",
        "(834, 737)",
        "(159, 400)",
        "(31, 146)",
        "(65, 727)",
        "(430, 575)",
        "(693, 473)",
        "(101, 28)",
        "(362, 293)",
        "(442, 601)",
        "(945, 537)",
        "(425, 400)",
        "(974, 493)",
        "(585, 140)",
        "(341, 944)",
        "(714, 298)"
    ],
    "(601, 745)": [
        "(404, 149)",
        "(430, 575)",
        "(797, 152)",
        "(317, 273)",
        "(962, 452)",
        "(923, 989)",
        "(945, 537)",
        "(73, 769)",
        "(730, 298)",
        "(266, 739)",
        "(65, 727)",
        "(961, 665)",
        "(248, 559)",
        "(538, 244)",
        "(724, 119)",
        "(136, 549)",
        "(71, 787)",
        "(344, 300)",
        "(259, 804)",
        "(101, 28)",
        "(228, 22)",
        "(834, 402)",
        "(834, 737)",
        "(442, 601)"
    ],
    "(502, 991)": [
        "(425, 400)",
        "(71, 787)",
        "(714, 298)",
        "(693, 473)",
        "(923, 989)",
        "(178, 374)",
        "(65, 727)",
        "(962, 452)",
        "(834, 402)",
        "(362, 293)",
        "(730, 298)",
        "(797, 152)",
        "(945, 537)",
        "(136, 549)",
        "(585, 140)",
        "(699, 90)",
        "(404, 149)",
        "(248, 559)",
        "(259, 804)",
        "(442, 601)",
        "(496, 328)",
        "(600, 249)",
        "(31, 146)",
        "(834, 737)",
        "(317, 273)"
    ],
    "(31, 146)": [
        "(945, 537)",
        "(317, 273)",
        "(266, 739)",
        "(923, 989)",
        "(236, 164)",
        "(430, 575)",
        "(974, 493)",
        "(178, 374)",
        "(538, 244)",
        "(370, 935)",
        "(905, 792)",
        "(585, 140)",
        "(797, 152)",
        "(159, 400)",
        "(961, 665)",
        "(730, 298)",
        "(362, 293)",
        "(101, 28)",
        "(502, 991)",
        "(496, 328)",
        "(404, 149)",
        "(988, 345)"
    ],
    "(362, 293)": [
        "(538, 244)",
        "(317, 273)",
        "(259, 804)",
        "(941, 222)",
        "(65, 727)",
        "(341, 944)",
        "(430, 575)",
        "(73, 769)",
        "(962, 452)",
        "(136, 549)",
        "(236, 164)",
        "(600, 249)",
        "(228, 22)",
        "(502, 991)",
        "(834, 402)",
        "(730, 298)",
        "(699, 90)",
        "(31, 146)",
        "(585, 140)",
        "(797, 152)",
        "(974, 493)",
        "(961, 665)",
        "(724, 119)"
    ],
    "(404, 149)": [
        "(236, 164)",
        "(73, 769)",
        "(344, 300)",
        "(601, 745)",
        "(600, 249)",
        "(178, 374)",
        "(941, 222)",
        "(730, 298)",
        "(71, 787)",
        "(962, 452)",
        "(430, 575)",
        "(724, 119)",
        "(101, 28)",
        "(538, 244)",
        "(502, 991)",
        "(259, 804)",
        "(31, 146)",
        "(834, 737)",
        "(442, 601)"
    ],
    "(600, 249)": [
        "(404, 149)",
        "(538, 244)",
        "(248, 559)",
        "(341, 944)",
        "(585, 140)",
        "(73, 769)",
        "(344, 300)",
        "(101, 28)",
        "(714, 298)",
        "(362, 293)",
        "(961, 665)",
        "(430, 575)",
        "(693, 473)",
        "(376, 865)",
        "(442, 601)",
        "(136, 549)",
        "(962, 452)",
        "(502, 991)",
        "(699, 90)",
        "(834, 402)"
    ],
    "(797, 152)": [
        "(248, 559)",
        "(724, 119)",
        "(376, 865)",
        "(601, 745)",
        "(73, 769)",
        "(442, 601)",
        "(344, 300)",
        "(923, 989)",
        "(730, 298)",
        "(502, 991)",
        "(65, 727)",
        "(538, 244)",
        "(71, 787)",
        "(31, 146)",
        "(834, 737)",
        "(159, 400)",
        "(317, 273)",
        "(362, 293)",
        "(259, 804)",
        "(370, 935)",
        "(430, 575)",
        "(693, 473)"
    ],
    "(905, 792)": [
        "(496, 328)",
        "(430, 575)",
        "(136, 549)",
        "(724, 119)",
        "(159, 400)",
        "(945, 537)",
        "(442, 601)",
        "(71, 787)",
        "(714, 298)",
        "(376, 865)",
        "(538, 244)",
        "(317, 273)",
        "(699, 90)",
        "(974, 493)",
        "(73, 769)",
        "(961, 665)",
        "(31, 146)",
        "(923, 989)",
        "(228, 22)",
        "(178, 374)",
        "(101, 28)"
    ],
    "(101, 28)": [
        "(496, 328)",
        "(248, 559)",
        "(442, 601)",
        "(945, 537)",
        "(961, 665)",
        "(724, 119)",
        "(600, 249)",
        "(236, 164)",
        "(962, 452)",
        "(585, 140)",
        "(92, 406)",
        "(538, 244)",
        "(404, 149)",
        "(73, 769)",
        "(834, 737)",
        "(71, 787)",
        "(259, 804)",
        "(974, 493)",
        "(31, 146)",
        "(601, 745)",
        "(430, 575)",
        "(988, 345)",
        "(341, 944)",
        "(905, 792)",
        "(65, 727)",
        "(370, 935)"
    ],
    "(961, 665)": [
        "(714, 298)",
        "(317, 273)",
        "(442, 601)",
        "(159, 400)",
        "(178, 374)",
        "(693, 473)",
        "(101, 28)",
        "(834, 737)",
        "(228, 22)",
        "(585, 140)",
        "(600, 249)",
        "(834, 402)",
        "(430, 575)",
        "(905, 792)",
        "(65, 727)",
        "(370, 935)",
        "(601, 745)",
        "(248, 559)",
        "(31, 146)",
        "(92, 406)",
        "(945, 537)",
        "(724, 119)",
        "(425, 400)",
        "(962, 452)",
        "(362, 293)"
    ],
    "(538, 244)": [
        "(362, 293)",
        "(945, 537)",
        "(376, 865)",
        "(430, 575)",
        "(600, 249)",
        "(92, 406)",
        "(73, 769)",
        "(31, 146)",
        "(344, 300)",
        "(905, 792)",
        "(65, 727)",
        "(228, 22)",
        "(259, 804)",
        "(797, 152)",
        "(101, 28)",
        "(496, 328)",
        "(585, 140)",
        "(601, 745)",
        "(941, 222)",
        "(404, 149)",
        "(974, 493)",
        "(962, 452)",
        "(341, 944)",
        "(442, 601)",
        "(317, 273)",
        "(834, 402)"
    ],
    "(730, 298)": [
        "(496, 328)",
        "(65, 727)",
        "(376, 865)",
        "(344, 300)",
        "(425, 400)",
        "(248, 559)",
        "(974, 493)",
        "(159, 400)",
        "(797, 152)",
        "(404, 149)",
        "(442, 601)",
        "(502, 991)",
        "(259, 804)",
        "(341, 944)",
        "(601, 745)",
        "(317, 273)",
        "(73, 769)",
        "(31, 146)",
        "(699, 90)",
        "(945, 537)",
        "(266, 739)",
        "(71, 787)",
        "(362, 293)"
    ],
    "(317, 273)": [
        "(724, 119)",
        "(31, 146)",
        "(71, 787)",
        "(178, 374)",
        "(236, 164)",
        "(362, 293)",
        "(961, 665)",
        "(228, 22)",
        "(601, 745)",
        "(430, 575)",
        "(73, 769)",
        "(266, 739)",
        "(974, 493)",
        "(905, 792)",
        "(585, 140)",
        "(730, 298)",
        "(941, 222)",
        "(945, 537)",
        "(259, 804)",
        "(699, 90)",
        "(344, 300)",
        "(797, 152)",
        "(538, 244)",
        "(159, 400)",
        "(502, 991)"
    ],
    "(945, 537)": [
        "(31, 146)",
        "(538, 244)",
        "(905, 792)",
        "(430, 575)",
        "(92, 406)",
        "(101, 28)",
        "(988, 345)",
        "(601, 745)",
        "(341, 944)",
        "(502, 991)",
        "(236, 164)",
        "(317, 273)",
        "(941, 222)",
        "(730, 298)",
        "(585, 140)",
        "(834, 737)",
        "(178, 374)",
        "(228, 22)",
        "(961, 665)",
        "(693, 473)",
        "(248, 559)",
        "(496, 328)",
        "(159, 400)",
        "(974, 493)"
    ],
    "(724, 119)": [
        "(317, 273)",
        "(905, 792)",
        "(797, 152)",
        "(344, 300)",
        "(496, 328)",
        "(430, 575)",
        "(834, 402)",
        "(248, 559)",
        "(101, 28)",
        "(941, 222)",
        "(73, 769)",
        "(585, 140)",
        "(404, 149)",
        "(699, 90)",
        "(974, 493)",
        "(159, 400)",
        "(178, 374)",
        "(601, 745)",
        "(961, 665)",
        "(376, 865)",
        "(136, 549)",
        "(693, 473)",
        "(988, 345)",
        "(442, 601)",
        "(362, 293)"
    ],
    "(430, 575)": [
        "(159, 400)",
        "(905, 792)",
        "(601, 745)",
        "(945, 537)",
        "(538, 244)",
        "(496, 328)",
        "(317, 273)",
        "(724, 119)",
        "(362, 293)",
        "(31, 146)",
        "(236, 164)",
        "(344, 300)",
        "(259, 804)",
        "(961, 665)",
        "(425, 400)",
        "(834, 402)",
        "(600, 249)",
        "(404, 149)",
        "(585, 140)",
        "(178, 374)",
        "(923, 989)",
        "(101, 28)",
        "(797, 152)"
    ],
    "(941, 222)": [
        "(136, 549)",
        "(442, 601)",
        "(834, 402)",
        "(693, 473)",
        "(259, 804)",
        "(362, 293)",
        "(988, 345)",
        "(404, 149)",
        "(73, 769)",
        "(370, 935)",
        "(248, 559)",
        "(724, 119)",
        "(376, 865)",
        "(317, 273)",
        "(266, 739)",
        "(585, 140)",
        "(538, 244)",
        "(945, 537)",
        "(92, 406)",
        "(496, 328)",
        "(228, 22)"
    ],
    "(974, 493)": [
        "(178, 374)",
        "(730, 298)",
        "(31, 146)",
        "(317, 273)",
        "(905, 792)",
        "(714, 298)",
        "(699, 90)",
        "(724, 119)",
        "(228, 22)",
        "(136, 549)",
        "(266, 739)",
        "(65, 727)",
        "(236, 164)",
        "(259, 804)",
        "(693, 473)",
        "(538, 244)",
        "(101, 28)",
        "(92, 406)",
        "(962, 452)",
        "(362, 293)",
        "(425, 400)",
        "(945, 537)",
        "(923, 989)"
    ],
    "(71, 787)": [
        "(317, 273)",
        "(502, 991)",
        "(905, 792)",
        "(259, 804)",
        "(962, 452)",
        "(370, 935)",
        "(159, 400)",
        "(73, 769)",
        "(404, 149)",
        "(178, 374)",
        "(585, 140)",
        "(797, 152)",
        "(92, 406)",
        "(101, 28)",
        "(425, 400)",
        "(730, 298)",
        "(601, 745)",
        "(693, 473)",
        "(923, 989)",
        "(136, 549)",
        "(834, 402)"
    ],
    "(834, 402)": [
        "(496, 328)",
        "(236, 164)",
        "(341, 944)",
        "(442, 601)",
        "(178, 374)",
        "(941, 222)",
        "(248, 559)",
        "(724, 119)",
        "(502, 991)",
        "(699, 90)",
        "(159, 400)",
        "(923, 989)",
        "(961, 665)",
        "(228, 22)",
        "(430, 575)",
        "(362, 293)",
        "(136, 549)",
        "(714, 298)",
        "(266, 739)",
        "(600, 249)",
        "(601, 745)",
        "(259, 804)",
        "(538, 244)",
        "(71, 787)"
    ],
    "(585, 140)": [
        "(344, 300)",
        "(988, 345)",
        "(425, 400)",
        "(248, 559)",
        "(370, 935)",
        "(600, 249)",
        "(178, 374)",
        "(961, 665)",
        "(317, 273)",
        "(699, 90)",
        "(71, 787)",
        "(724, 119)",
        "(31, 146)",
        "(502, 991)",
        "(101, 28)",
        "(73, 769)",
        "(496, 328)",
        "(941, 222)",
        "(538, 244)",
        "(430, 575)",
        "(945, 537)",
        "(341, 944)",
        "(236, 164)",
        "(65, 727)",
        "(159, 400)",
        "(266, 739)",
        "(962, 452)",
        "(362, 293)"
    ],
    "(693, 473)": [
        "(178, 374)",
        "(266, 739)",
        "(502, 991)",
        "(941, 222)",
        "(159, 400)",
        "(961, 665)",
        "(834, 737)",
        "(236, 164)",
        "(341, 944)",
        "(425, 400)",
        "(600, 249)",
        "(92, 406)",
        "(974, 493)",
        "(945, 537)",
        "(71, 787)",
        "(344, 300)",
        "(724, 119)",
        "(370, 935)",
        "(228, 22)",
        "(797, 152)"
    ],
    "(376, 865)": [
        "(538, 244)",
        "(797, 152)",
        "(699, 90)",
        "(834, 737)",
        "(905, 792)",
        "(730, 298)",
        "(178, 374)",
        "(266, 739)",
        "(73, 769)",
        "(259, 804)",
        "(923, 989)",
        "(370, 935)",
        "(941, 222)",
        "(344, 300)",
        "(600, 249)",
        "(442, 601)",
        "(228, 22)",
        "(714, 298)",
        "(724, 119)",
        "(988, 345)"
    ],
    "(344, 300)": [
        "(404, 149)",
        "(585, 140)",
        "(341, 944)",
        "(724, 119)",
        "(730, 298)",
        "(73, 769)",
        "(248, 559)",
        "(370, 935)",
        "(600, 249)",
        "(797, 152)",
        "(496, 328)",
        "(538, 244)",
        "(430, 575)",
        "(259, 804)",
        "(442, 601)",
        "(376, 865)",
        "(988, 345)",
        "(425, 400)",
        "(923, 989)",
        "(317, 273)",
        "(601, 745)",
        "(693, 473)",
        "(159, 400)"
    ],
    "(136, 549)": [
        "(905, 792)",
        "(941, 222)",
        "(425, 400)",
        "(228, 22)",
        "(362, 293)",
        "(834, 737)",
        "(988, 345)",
        "(502, 991)",
        "(92, 406)",
        "(600, 249)",
        "(974, 493)",
        "(834, 402)",
        "(341, 944)",
        "(601, 745)",
        "(724, 119)",
        "(73, 769)",
        "(714, 298)",
        "(71, 787)"
    ],
    "(834, 737)": [
        "(259, 804)",
        "(376, 865)",
        "(236, 164)",
        "(693, 473)",
        "(961, 665)",
        "(962, 452)",
        "(136, 549)",
        "(370, 935)",
        "(73, 769)",
        "(92, 406)",
        "(101, 28)",
        "(797, 152)",
        "(699, 90)",
        "(496, 328)",
        "(714, 298)",
        "(945, 537)",
        "(65, 727)",
        "(502, 991)",
        "(601, 745)",
        "(425, 400)",
        "(404, 149)"
    ],
    "(496, 328)": [
        "(101, 28)",
        "(834, 402)",
        "(905, 792)",
        "(730, 298)",
        "(724, 119)",
        "(430, 575)",
        "(178, 374)",
        "(344, 300)",
        "(714, 298)",
        "(65, 727)",
        "(585, 140)",
        "(538, 244)",
        "(442, 601)",
        "(92, 406)",
        "(425, 400)",
        "(834, 737)",
        "(941, 222)",
        "(502, 991)",
        "(228, 22)",
        "(31, 146)",
        "(945, 537)",
        "(988, 345)"
    ],
    "(962, 452)": [
        "(248, 559)",
        "(502, 991)",
        "(71, 787)",
        "(601, 745)",
        "(259, 804)",
        "(362, 293)",
        "(834, 737)",
        "(178, 374)",
        "(101, 28)",
        "(404, 149)",
        "(600, 249)",
        "(714, 298)",
        "(538, 244)",
        "(585, 140)",
        "(974, 493)",
        "(159, 400)",
        "(961, 665)",
        "(65, 727)",
        "(923, 989)"
    ],
    "(65, 727)": [
        "(714, 298)",
        "(259, 804)",
        "(730, 298)",
        "(370, 935)",
        "(502, 991)",
        "(236, 164)",
        "(362, 293)",
        "(442, 601)",
        "(538, 244)",
        "(699, 90)",
        "(797, 152)",
        "(961, 665)",
        "(496, 328)",
        "(73, 769)",
        "(601, 745)",
        "(974, 493)",
        "(228, 22)",
        "(834, 737)",
        "(585, 140)",
        "(159, 400)",
        "(962, 452)",
        "(101, 28)"
    ],
    "(923, 989)": [
        "(502, 991)",
        "(31, 146)",
        "(178, 374)",
        "(797, 152)",
        "(601, 745)",
        "(834, 402)",
        "(376, 865)",
        "(442, 601)",
        "(73, 769)",
        "(905, 792)",
        "(699, 90)",
        "(344, 300)",
        "(430, 575)",
        "(266, 739)",
        "(71, 787)",
        "(341, 944)",
        "(962, 452)",
        "(974, 493)",
        "(228, 22)"
    ],
    "(714, 298)": [
        "(961, 665)",
        "(65, 727)",
        "(988, 345)",
        "(502, 991)",
        "(370, 935)",
        "(905, 792)",
        "(496, 328)",
        "(228, 22)",
        "(600, 249)",
        "(974, 493)",
        "(425, 400)",
        "(834, 402)",
        "(834, 737)",
        "(73, 769)",
        "(962, 452)",
        "(376, 865)",
        "(248, 559)",
        "(442, 601)",
        "(136, 549)",
        "(236, 164)",
        "(159, 400)"
    ],
    "(370, 935)": [
        "(714, 298)",
        "(73, 769)",
        "(65, 727)",
        "(585, 140)",
        "(442, 601)",
        "(344, 300)",
        "(71, 787)",
        "(228, 22)",
        "(31, 146)",
        "(941, 222)",
        "(259, 804)",
        "(159, 400)",
        "(376, 865)",
        "(834, 737)",
        "(266, 739)",
        "(961, 665)",
        "(341, 944)",
        "(693, 473)",
        "(248, 559)",
        "(797, 152)",
        "(988, 345)",
        "(101, 28)"
    ],
    "(228, 22)": [
        "(248, 559)",
        "(317, 273)",
        "(136, 549)",
        "(370, 935)",
        "(961, 665)",
        "(988, 345)",
        "(538, 244)",
        "(714, 298)",
        "(362, 293)",
        "(834, 402)",
        "(974, 493)",
        "(178, 374)",
        "(905, 792)",
        "(376, 865)",
        "(65, 727)",
        "(945, 537)",
        "(496, 328)",
        "(699, 90)",
        "(601, 745)",
        "(259, 804)",
        "(941, 222)",
        "(693, 473)",
        "(923, 989)"
    ],
    "(425, 400)": [
        "(502, 991)",
        "(259, 804)",
        "(585, 140)",
        "(136, 549)",
        "(730, 298)",
        "(693, 473)",
        "(699, 90)",
        "(430, 575)",
        "(714, 298)",
        "(236, 164)",
        "(71, 787)",
        "(496, 328)",
        "(344, 300)",
        "(442, 601)",
        "(961, 665)",
        "(178, 374)",
        "(974, 493)",
        "(988, 345)",
        "(834, 737)"
    ],
    "(248, 559)": [
        "(73, 769)",
        "(101, 28)",
        "(228, 22)",
        "(797, 152)",
        "(962, 452)",
        "(585, 140)",
        "(178, 374)",
        "(699, 90)",
        "(600, 249)",
        "(341, 944)",
        "(834, 402)",
        "(344, 300)",
        "(730, 298)",
        "(724, 119)",
        "(941, 222)",
        "(961, 665)",
        "(601, 745)",
        "(502, 991)",
        "(945, 537)",
        "(714, 298)",
        "(159, 400)",
        "(370, 935)"
    ],
    "(699, 90)": [
        "(376, 865)",
        "(248, 559)",
        "(834, 402)",
        "(905, 792)",
        "(425, 400)",
        "(65, 727)",
        "(585, 140)",
        "(974, 493)",
        "(259, 804)",
        "(341, 944)",
        "(502, 991)",
        "(724, 119)",
        "(730, 298)",
        "(834, 737)",
        "(923, 989)",
        "(317, 273)",
        "(988, 345)",
        "(600, 249)",
        "(362, 293)",
        "(228, 22)",
        "(266, 739)"
    ],
    "(73, 769)": [
        "(248, 559)",
        "(404, 149)",
        "(92, 406)",
        "(370, 935)",
        "(159, 400)",
        "(797, 152)",
        "(600, 249)",
        "(344, 300)",
        "(317, 273)",
        "(538, 244)",
        "(362, 293)",
        "(442, 601)",
        "(941, 222)",
        "(376, 865)",
        "(71, 787)",
        "(905, 792)",
        "(601, 745)",
        "(724, 119)",
        "(834, 737)",
        "(923, 989)",
        "(65, 727)",
        "(730, 298)",
        "(101, 28)",
        "(585, 140)",
        "(714, 298)",
        "(136, 549)"
    ],
    "(988, 345)": [
        "(714, 298)",
        "(585, 140)",
        "(236, 164)",
        "(945, 537)",
        "(941, 222)",
        "(92, 406)",
        "(178, 374)",
        "(228, 22)",
        "(136, 549)",
        "(341, 944)",
        "(344, 300)",
        "(442, 601)",
        "(266, 739)",
        "(699, 90)",
        "(259, 804)",
        "(376, 865)",
        "(101, 28)",
        "(496, 328)",
        "(425, 400)",
        "(159, 400)",
        "(31, 146)",
        "(724, 119)",
        "(370, 935)"
    ],
    "(341, 944)": [
        "(178, 374)",
        "(834, 402)",
        "(344, 300)",
        "(600, 249)",
        "(248, 559)",
        "(362, 293)",
        "(159, 400)",
        "(693, 473)",
        "(945, 537)",
        "(988, 345)",
        "(730, 298)",
        "(699, 90)",
        "(136, 549)",
        "(585, 140)",
        "(538, 244)",
        "(259, 804)",
        "(923, 989)",
        "(370, 935)",
        "(236, 164)",
        "(101, 28)"
    ],
    "(159, 400)": [
        "(442, 601)",
        "(430, 575)",
        "(905, 792)",
        "(259, 804)",
        "(178, 374)",
        "(961, 665)",
        "(73, 769)",
        "(236, 164)",
        "(693, 473)",
        "(71, 787)",
        "(341, 944)",
        "(834, 402)",
        "(730, 298)",
        "(370, 935)",
        "(724, 119)",
        "(31, 146)",
        "(797, 152)",
        "(92, 406)",
        "(65, 727)",
        "(585, 140)",
        "(266, 739)",
        "(945, 537)",
        "(962, 452)",
        "(248, 559)",
        "(988, 345)",
        "(714, 298)",
        "(317, 273)",
        "(344, 300)"
    ],
    "(92, 406)": [
        "(73, 769)",
        "(945, 537)",
        "(442, 601)",
        "(538, 244)",
        "(988, 345)",
        "(178, 374)",
        "(834, 737)",
        "(101, 28)",
        "(136, 549)",
        "(71, 787)",
        "(496, 328)",
        "(941, 222)",
        "(961, 665)",
        "(693, 473)",
        "(159, 400)",
        "(974, 493)"
    ],
    "(259, 804)": [
        "(178, 374)",
        "(834, 737)",
        "(65, 727)",
        "(425, 400)",
        "(159, 400)",
        "(941, 222)",
        "(362, 293)",
        "(71, 787)",
        "(962, 452)",
        "(376, 865)",
        "(370, 935)",
        "(344, 300)",
        "(430, 575)",
        "(730, 298)",
        "(699, 90)",
        "(538, 244)",
        "(101, 28)",
        "(974, 493)",
        "(502, 991)",
        "(317, 273)",
        "(988, 345)",
        "(404, 149)",
        "(601, 745)",
        "(341, 944)",
        "(228, 22)",
        "(797, 152)",
        "(834, 402)",
        "(266, 739)"
    ]
}