{
    "(472, 491)": [
        "(603, 556)",
        "(302, 661)",
        "(271, 541)",
        "(156, 911)",
        "(406, 782)",
        "(100, 753)",
        "(106, 214)",
        "(380, 837)",
        "(126, 483)",
        "(578, 668)",
        "(511, 414)",
        "(196, 775)",
        "(79, 351)",
        "(841, 962)",
        "(930, 820)",
        "(360, 827)",
        "(571, 591)",
        "(939, 786)",
        "(97, 501)",
        "(284, 142)",
        "(792, 781)",
        "(155, 518)",
        "(997, 662)",
        "(720, 69)",
        "(49, 753)",
        "(314, 442)",
        "(223, 261)",
        "(712, 164)",
        "(812, 531)",
        "(201, 777)",
        "(99, 204)",
        "(173, 259)",
        "(119, 483)",
        "(454, 67)",
        "(155, 328)",
        "(890, 795)",
        "(555, 272)",
        "(729, 520)",
        "(229, 173)",
        "(263, 676)",
        "(515, 977)",
        "(148, 519)",
        "(946, 608)",
        "(956, 254)",
        "(409, 626)",
        "(574, 230)",
        "(732, 258)",
        "(514, 334)",
        "(754, 259)",
        "(173, 245)",
        "(437, 886)",
        "(106, 698)",
        "(137, 752)"
    ],
    "(511, 414)": [
        "(890, 795)",
        "(119, 483)",
        "(79, 351)",
        "(229, 173)",
        "(137, 752)",
        "(271, 541)",
        "(196, 775)",
        "(574, 230)",
        "(155, 328)",
        "(472, 491)",
        "(201, 777)",
        "(514, 334)",
        "(373, 729)",
        "(916, 771)",
        "(406, 782)",
        "(106, 214)",
        "(436, 107)",
        "(841, 962)",
        "(956, 254)",
        "(302, 661)",
        "(49, 753)",
        "(156, 911)",
        "(223, 261)",
        "(834, 253)",
        "(578, 668)",
        "(939, 786)",
        "(754, 259)",
        "(732, 258)",
        "(950, 107)",
        "(314, 442)",
        "(946, 608)",
        "(99, 204)",
        "(997, 662)",
        "(11, 656)",
        "(930, 820)",
        "(263, 676)",
        "(603, 556)",
        "(97, 501)",
        "(127, 348)",
        "(555, 272)",
        "(375, 615)",
        "(360, 827)",
        "(173, 245)",
        "(148, 519)",
        "(155, 518)",
        "(454, 67)",
        "(471, 66)",
        "(616, 369)",
        "(515, 977)"
    ],
    "(616, 369)": [
        "(515, 977)",
        "(126, 483)",
        "(148, 519)",
        "(939, 786)",
        "(945, 426)",
        "(97, 501)",
        "(406, 782)",
        "(360, 827)",
        "(106, 214)",
        "(223, 261)",
        "(263, 676)",
        "(437, 886)",
        "(302, 661)",
        "(271, 541)",
        "(890, 795)",
        "(79, 351)",
        "(137, 752)",
        "(106, 698)",
        "(578, 668)",
        "(574, 230)",
        "(765, 918)",
        "(11, 656)",
        "(409, 626)",
        "(595, 805)",
        "(603, 556)",
        "(841, 962)",
        "(375, 615)",
        "(155, 328)",
        "(555, 272)",
        "(946, 608)",
        "(454, 67)",
        "(916, 771)",
        "(99, 204)",
        "(284, 142)",
        "(92, 487)",
        "(436, 107)",
        "(49, 753)",
        "(362, 452)",
        "(314, 442)",
        "(156, 911)",
        "(380, 837)",
        "(930, 820)",
        "(950, 107)",
        "(196, 775)",
        "(173, 259)",
        "(514, 334)",
        "(754, 259)",
        "(712, 164)",
        "(173, 245)",
        "(956, 254)",
        "(812, 531)",
        "(127, 348)",
        "(720, 69)",
        "(511, 414)",
        "(729, 520)"
    ],
    "(380, 837)": [
        "(603, 556)",
        "(454, 67)",
        "(930, 820)",
        "(472, 491)",
        "(223, 261)",
        "(373, 729)",
        "(578, 668)",
        "(997, 662)",
        "(156, 911)",
        "(515, 977)",
        "(939, 786)",
        "(812, 531)",
        "(106, 214)",
        "(732, 258)",
        "(841, 962)",
        "(945, 426)",
        "(729, 520)",
        "(571, 591)",
        "(196, 775)",
        "(97, 501)",
        "(173, 245)",
        "(765, 918)",
        "(201, 777)",
        "(436, 107)",
        "(792, 781)",
        "(946, 608)",
        "(100, 753)",
        "(375, 615)",
        "(126, 483)",
        "(99, 204)",
        "(406, 782)",
        "(890, 795)",
        "(263, 676)",
        "(555, 272)",
        "(616, 369)",
        "(574, 230)",
        "(106, 698)",
        "(916, 771)",
        "(471, 66)",
        "(137, 752)",
        "(155, 328)",
        "(173, 259)",
        "(302, 661)",
        "(950, 107)",
        "(409, 626)",
        "(127, 348)",
        "(229, 173)",
        "(712, 164)",
        "(148, 519)",
        "(11, 656)",
        "(595, 805)"
    ],
    "(362, 452)": [
        "(732, 258)",
        "(92, 487)",
        "(229, 173)",
        "(720, 69)",
        "(812, 531)",
        "(956, 254)",
        "(119, 483)",
        "(834, 253)",
        "(375, 615)",
        "(373, 729)",
        "(106, 214)",
        "(314, 442)",
        "(271, 541)",
        "(712, 164)",
        "(471, 66)",
        "(49, 753)",
        "(97, 501)",
        "(890, 795)",
        "(409, 626)",
        "(173, 259)",
        "(939, 786)",
        "(126, 483)",
        "(997, 662)",
        "(946, 608)",
        "(156, 911)",
        "(930, 820)",
        "(127, 348)",
        "(263, 676)",
        "(11, 656)",
        "(792, 781)",
        "(616, 369)",
        "(360, 827)",
        "(754, 259)",
        "(155, 328)",
        "(148, 519)",
        "(173, 245)",
        "(196, 775)",
        "(571, 591)",
        "(603, 556)",
        "(514, 334)",
        "(945, 426)",
        "(574, 230)",
        "(201, 777)",
        "(515, 977)",
        "(106, 698)",
        "(437, 886)",
        "(555, 272)",
        "(595, 805)",
        "(436, 107)"
    ],
    "(409, 626)": [
        "(471, 66)",
        "(574, 230)",
        "(406, 782)",
        "(373, 729)",
        "(578, 668)",
        "(930, 820)",
        "(156, 911)",
        "(555, 272)",
        "(79, 351)",
        "(223, 261)",
        "(956, 254)",
        "(229, 173)",
        "(437, 886)",
        "(603, 556)",
        "(11, 656)",
        "(302, 661)",
        "(263, 676)",
        "(284, 142)",
        "(616, 369)",
        "(201, 777)",
        "(595, 805)",
        "(362, 452)",
        "(126, 483)",
        "(812, 531)",
        "(997, 662)",
        "(950, 107)",
        "(148, 519)",
        "(137, 752)",
        "(173, 259)",
        "(119, 483)",
        "(732, 258)",
        "(454, 67)",
        "(100, 753)",
        "(49, 753)",
        "(890, 795)",
        "(92, 487)",
        "(127, 348)",
        "(106, 698)",
        "(155, 328)",
        "(712, 164)",
        "(155, 518)",
        "(472, 491)",
        "(841, 962)",
        "(271, 541)",
        "(834, 253)",
        "(106, 214)",
        "(571, 591)",
        "(792, 781)",
        "(375, 615)",
        "(380, 837)",
        "(314, 442)",
        "(765, 918)",
        "(436, 107)"
    ],
    "(155, 518)": [
        "(106, 698)",
        "(945, 426)",
        "(720, 69)",
        "(173, 245)",
        "(574, 230)",
        "(406, 782)",
        "(49, 753)",
        "(765, 918)",
        "(997, 662)",
        "(732, 258)",
        "(436, 107)",
        "(939, 786)",
        "(555, 272)",
        "(196, 775)",
        "(515, 977)",
        "(472, 491)",
        "(100, 753)",
        "(119, 483)",
        "(729, 520)",
        "(812, 531)",
        "(173, 259)",
        "(890, 795)",
        "(229, 173)",
        "(956, 254)",
        "(155, 328)",
        "(97, 501)",
        "(92, 487)",
        "(950, 107)",
        "(471, 66)",
        "(375, 615)",
        "(137, 752)",
        "(409, 626)",
        "(271, 541)",
        "(571, 591)",
        "(754, 259)",
        "(792, 781)",
        "(360, 827)",
        "(511, 414)",
        "(595, 805)",
        "(712, 164)",
        "(99, 204)",
        "(834, 253)",
        "(223, 261)",
        "(263, 676)",
        "(514, 334)",
        "(11, 656)"
    ],
    "(284, 142)": [
        "(92, 487)",
        "(956, 254)",
        "(571, 591)",
        "(156, 911)",
        "(946, 608)",
        "(99, 204)",
        "(471, 66)",
        "(302, 661)",
        "(997, 662)",
        "(834, 253)",
        "(578, 668)",
        "(515, 977)",
        "(49, 753)",
        "(155, 328)",
        "(436, 107)",
        "(409, 626)",
        "(373, 729)",
        "(472, 491)",
        "(950, 107)",
        "(263, 676)",
        "(223, 261)",
        "(100, 753)",
        "(765, 918)",
        "(841, 962)",
        "(514, 334)",
        "(792, 781)",
        "(732, 258)",
        "(616, 369)",
        "(406, 782)",
        "(595, 805)",
        "(754, 259)",
        "(720, 69)",
        "(712, 164)",
        "(603, 556)",
        "(196, 775)",
        "(229, 173)",
        "(812, 531)",
        "(437, 886)",
        "(375, 615)",
        "(126, 483)",
        "(173, 245)",
        "(127, 348)",
        "(106, 214)",
        "(945, 426)",
        "(916, 771)",
        "(79, 351)",
        "(11, 656)",
        "(271, 541)"
    ],
    "(126, 483)": [
        "(946, 608)",
        "(732, 258)",
        "(616, 369)",
        "(956, 254)",
        "(79, 351)",
        "(106, 214)",
        "(148, 519)",
        "(375, 615)",
        "(472, 491)",
        "(436, 107)",
        "(997, 662)",
        "(11, 656)",
        "(106, 698)",
        "(454, 67)",
        "(409, 626)",
        "(729, 520)",
        "(362, 452)",
        "(916, 771)",
        "(603, 556)",
        "(173, 245)",
        "(754, 259)",
        "(380, 837)",
        "(271, 541)",
        "(834, 253)",
        "(127, 348)",
        "(201, 777)",
        "(471, 66)",
        "(571, 591)",
        "(930, 820)",
        "(92, 487)",
        "(223, 261)",
        "(284, 142)",
        "(119, 483)",
        "(514, 334)",
        "(720, 69)",
        "(99, 204)",
        "(137, 752)",
        "(406, 782)",
        "(314, 442)",
        "(229, 173)",
        "(49, 753)",
        "(156, 911)",
        "(360, 827)",
        "(939, 786)",
        "(373, 729)"
    ],
    "(106, 214)": [
        "(729, 520)",
        "(360, 827)",
        "(754, 259)",
        "(454, 67)",
        "(616, 369)",
        "(765, 918)",
        "(472, 491)",
        "(890, 795)",
        "(126, 483)",
        "(834, 253)",
        "(930, 820)",
        "(997, 662)",
        "(362, 452)",
        "(603, 556)",
        "(555, 272)",
        "(812, 531)",
        "(229, 173)",
        "(511, 414)",
        "(437, 886)",
        "(100, 753)",
        "(173, 259)",
        "(92, 487)",
        "(380, 837)",
        "(373, 729)",
        "(11, 656)",
        "(148, 519)",
        "(302, 661)",
        "(375, 615)",
        "(571, 591)",
        "(263, 676)",
        "(173, 245)",
        "(201, 777)",
        "(106, 698)",
        "(515, 977)",
        "(49, 753)",
        "(156, 911)",
        "(574, 230)",
        "(950, 107)",
        "(945, 426)",
        "(732, 258)",
        "(223, 261)",
        "(79, 351)",
        "(314, 442)",
        "(409, 626)",
        "(956, 254)",
        "(578, 668)",
        "(284, 142)",
        "(119, 483)",
        "(712, 164)",
        "(137, 752)",
        "(196, 775)",
        "(939, 786)",
        "(916, 771)"
    ],
    "(571, 591)": [
        "(574, 230)",
        "(284, 142)",
        "(754, 259)",
        "(514, 334)",
        "(229, 173)",
        "(373, 729)",
        "(950, 107)",
        "(436, 107)",
        "(454, 67)",
        "(841, 962)",
        "(263, 676)",
        "(729, 520)",
        "(406, 782)",
        "(472, 491)",
        "(765, 918)",
        "(97, 501)",
        "(555, 272)",
        "(79, 351)",
        "(106, 698)",
        "(380, 837)",
        "(100, 753)",
        "(49, 753)",
        "(997, 662)",
        "(916, 771)",
        "(375, 615)",
        "(471, 66)",
        "(173, 259)",
        "(515, 977)",
        "(223, 261)",
        "(106, 214)",
        "(201, 777)",
        "(939, 786)",
        "(595, 805)",
        "(946, 608)",
        "(834, 253)",
        "(302, 661)",
        "(578, 668)",
        "(156, 911)",
        "(92, 487)",
        "(126, 483)",
        "(137, 752)",
        "(362, 452)",
        "(148, 519)",
        "(196, 775)",
        "(155, 518)",
        "(409, 626)",
        "(603, 556)",
        "(360, 827)",
        "(720, 69)",
        "(437, 886)",
        "(271, 541)",
        "(890, 795)"
    ],
    "(314, 442)": [
        "(574, 230)",
        "(754, 259)",
        "(100, 753)",
        "(201, 777)",
        "(930, 820)",
        "(712, 164)",
        "(49, 753)",
        "(362, 452)",
        "(729, 520)",
        "(436, 107)",
        "(720, 69)",
        "(997, 662)",
        "(765, 918)",
        "(406, 782)",
        "(119, 483)",
        "(155, 328)",
        "(471, 66)",
        "(148, 519)",
        "(223, 261)",
        "(472, 491)",
        "(229, 173)",
        "(916, 771)",
        "(92, 487)",
        "(437, 886)",
        "(732, 258)",
        "(106, 698)",
        "(511, 414)",
        "(616, 369)",
        "(196, 775)",
        "(127, 348)",
        "(79, 351)",
        "(156, 911)",
        "(11, 656)",
        "(578, 668)",
        "(106, 214)",
        "(99, 204)",
        "(834, 253)",
        "(360, 827)",
        "(137, 752)",
        "(409, 626)",
        "(890, 795)",
        "(126, 483)",
        "(454, 67)",
        "(950, 107)",
        "(939, 786)"
    ],
    "(720, 69)": [
        "(362, 452)",
        "(99, 204)",
        "(155, 518)",
        "(11, 656)",
        "(436, 107)",
        "(916, 771)",
        "(841, 962)",
        "(302, 661)",
        "(196, 775)",
        "(930, 820)",
        "(765, 918)",
        "(406, 782)",
        "(514, 334)",
        "(127, 348)",
        "(271, 541)",
        "(890, 795)",
        "(314, 442)",
        "(373, 729)",
        "(945, 426)",
        "(792, 781)",
        "(92, 487)",
        "(754, 259)",
        "(148, 519)",
        "(472, 491)",
        "(454, 67)",
        "(79, 351)",
        "(375, 615)",
        "(515, 977)",
        "(284, 142)",
        "(578, 668)",
        "(729, 520)",
        "(555, 272)",
        "(946, 608)",
        "(97, 501)",
        "(471, 66)",
        "(100, 753)",
        "(106, 698)",
        "(360, 827)",
        "(229, 173)",
        "(939, 786)",
        "(155, 328)",
        "(119, 483)",
        "(126, 483)",
        "(956, 254)",
        "(812, 531)",
        "(571, 591)",
        "(574, 230)",
        "(616, 369)",
        "(137, 752)",
        "(156, 911)"
    ],
    "(729, 520)": [
        "(106, 214)",
        "(754, 259)",
        "(373, 729)",
        "(196, 775)",
        "(223, 261)",
        "(201, 777)",
        "(712, 164)",
        "(834, 253)",
        "(11, 656)",
        "(92, 487)",
        "(127, 348)",
        "(375, 615)",
        "(571, 591)",
        "(945, 426)",
        "(515, 977)",
        "(314, 442)",
        "(916, 771)",
        "(574, 230)",
        "(603, 556)",
        "(890, 795)",
        "(126, 483)",
        "(380, 837)",
        "(792, 781)",
        "(471, 66)",
        "(106, 698)",
        "(156, 911)",
        "(939, 786)",
        "(155, 518)",
        "(97, 501)",
        "(436, 107)",
        "(155, 328)",
        "(930, 820)",
        "(812, 531)",
        "(578, 668)",
        "(360, 827)",
        "(148, 519)",
        "(173, 259)",
        "(841, 962)",
        "(472, 491)",
        "(720, 69)",
        "(956, 254)",
        "(302, 661)",
        "(946, 608)",
        "(950, 107)",
        "(595, 805)",
        "(173, 245)",
        "(514, 334)",
        "(555, 272)",
        "(454, 67)",
        "(99, 204)",
        "(49, 753)",
        "(263, 676)",
        "(437, 886)",
        "(616, 369)",
        "(229, 173)"
    ],
    "(119, 483)": [
        "(834, 253)",
        "(754, 259)",
        "(436, 107)",
        "(375, 615)",
        "(511, 414)",
        "(812, 531)",
        "(196, 775)",
        "(362, 452)",
        "(271, 541)",
        "(100, 753)",
        "(99, 204)",
        "(127, 348)",
        "(173, 245)",
        "(732, 258)",
        "(939, 786)",
        "(360, 827)",
        "(956, 254)",
        "(302, 661)",
        "(595, 805)",
        "(314, 442)",
        "(997, 662)",
        "(201, 777)",
        "(148, 519)",
        "(712, 164)",
        "(950, 107)",
        "(155, 518)",
        "(373, 729)",
        "(155, 328)",
        "(92, 487)",
        "(578, 668)",
        "(173, 259)",
        "(471, 66)",
        "(106, 698)",
        "(97, 501)",
        "(454, 67)",
        "(603, 556)",
        "(945, 426)",
        "(946, 608)",
        "(555, 272)",
        "(792, 781)",
        "(472, 491)",
        "(409, 626)",
        "(223, 261)",
        "(263, 676)",
        "(79, 351)",
        "(437, 886)",
        "(11, 656)",
        "(156, 911)",
        "(229, 173)",
        "(841, 962)",
        "(515, 977)",
        "(916, 771)",
        "(126, 483)",
        "(890, 795)",
        "(720, 69)",
        "(106, 214)",
        "(930, 820)",
        "(406, 782)",
        "(137, 752)"
    ],
    "(49, 753)": [
        "(223, 261)",
        "(173, 259)",
        "(106, 698)",
        "(574, 230)",
        "(997, 662)",
        "(155, 518)",
        "(314, 442)",
        "(765, 918)",
        "(437, 886)",
        "(271, 541)",
        "(284, 142)",
        "(754, 259)",
        "(555, 272)",
        "(127, 348)",
        "(362, 452)",
        "(946, 608)",
        "(79, 351)",
        "(571, 591)",
        "(229, 173)",
        "(511, 414)",
        "(472, 491)",
        "(263, 676)",
        "(471, 66)",
        "(173, 245)",
        "(302, 661)",
        "(945, 426)",
        "(939, 786)",
        "(595, 805)",
        "(812, 531)",
        "(616, 369)",
        "(578, 668)",
        "(409, 626)",
        "(137, 752)",
        "(436, 107)",
        "(841, 962)",
        "(106, 214)",
        "(148, 519)",
        "(373, 729)",
        "(406, 782)",
        "(515, 977)",
        "(100, 753)",
        "(792, 781)",
        "(201, 777)",
        "(712, 164)",
        "(603, 556)",
        "(732, 258)",
        "(126, 483)",
        "(729, 520)",
        "(514, 334)",
        "(360, 827)",
        "(454, 67)"
    ],
    "(263, 676)": [
        "(406, 782)",
        "(99, 204)",
        "(229, 173)",
        "(616, 369)",
        "(302, 661)",
        "(127, 348)",
        "(945, 426)",
        "(916, 771)",
        "(571, 591)",
        "(148, 519)",
        "(106, 698)",
        "(409, 626)",
        "(11, 656)",
        "(834, 253)",
        "(930, 820)",
        "(196, 775)",
        "(284, 142)",
        "(49, 753)",
        "(97, 501)",
        "(578, 668)",
        "(375, 615)",
        "(173, 245)",
        "(362, 452)",
        "(106, 214)",
        "(890, 795)",
        "(155, 328)",
        "(712, 164)",
        "(380, 837)",
        "(119, 483)",
        "(436, 107)",
        "(472, 491)",
        "(603, 556)",
        "(454, 67)",
        "(511, 414)",
        "(956, 254)",
        "(373, 729)",
        "(841, 962)",
        "(514, 334)",
        "(765, 918)",
        "(92, 487)",
        "(515, 977)",
        "(555, 272)",
        "(173, 259)",
        "(729, 520)",
        "(471, 66)",
        "(155, 518)",
        "(271, 541)",
        "(137, 752)"
    ],
    "(603, 556)": [
        "(472, 491)",
        "(841, 962)",
        "(380, 837)",
        "(514, 334)",
        "(930, 820)",
        "(106, 698)",
        "(834, 253)",
        "(792, 781)",
        "(106, 214)",
        "(173, 245)",
        "(373, 729)",
        "(409, 626)",
        "(99, 204)",
        "(302, 661)",
        "(155, 328)",
        "(729, 520)",
        "(100, 753)",
        "(127, 348)",
        "(196, 775)",
        "(137, 752)",
        "(616, 369)",
        "(436, 107)",
        "(471, 66)",
        "(890, 795)",
        "(754, 259)",
        "(916, 771)",
        "(126, 483)",
        "(119, 483)",
        "(950, 107)",
        "(79, 351)",
        "(997, 662)",
        "(595, 805)",
        "(284, 142)",
        "(201, 777)",
        "(555, 272)",
        "(223, 261)",
        "(263, 676)",
        "(454, 67)",
        "(362, 452)",
        "(946, 608)",
        "(511, 414)",
        "(375, 615)",
        "(156, 911)",
        "(92, 487)",
        "(571, 591)",
        "(945, 426)",
        "(271, 541)",
        "(97, 501)",
        "(229, 173)",
        "(939, 786)",
        "(437, 886)",
        "(956, 254)",
        "(49, 753)",
        "(574, 230)",
        "(578, 668)",
        "(11, 656)",
        "(360, 827)",
        "(765, 918)"
    ],
    "(812, 531)": [
        "(223, 261)",
        "(362, 452)",
        "(106, 698)",
        "(119, 483)",
        "(271, 541)",
        "(834, 253)",
        "(574, 230)",
        "(792, 781)",
        "(106, 214)",
        "(515, 977)",
        "(754, 259)",
        "(950, 107)",
        "(841, 962)",
        "(201, 777)",
        "(173, 259)",
        "(375, 615)",
        "(92, 487)",
        "(380, 837)",
        "(302, 661)",
        "(765, 918)",
        "(890, 795)",
        "(11, 656)",
        "(409, 626)",
        "(229, 173)",
        "(472, 491)",
        "(578, 668)",
        "(437, 886)",
        "(729, 520)",
        "(155, 518)",
        "(49, 753)",
        "(997, 662)",
        "(454, 67)",
        "(939, 786)",
        "(732, 258)",
        "(156, 911)",
        "(946, 608)",
        "(945, 426)",
        "(137, 752)",
        "(127, 348)",
        "(100, 753)",
        "(284, 142)",
        "(595, 805)",
        "(930, 820)",
        "(79, 351)",
        "(97, 501)",
        "(720, 69)",
        "(173, 245)",
        "(616, 369)",
        "(916, 771)",
        "(99, 204)",
        "(406, 782)"
    ],
    "(946, 608)": [
        "(126, 483)",
        "(514, 334)",
        "(436, 107)",
        "(284, 142)",
        "(792, 781)",
        "(956, 254)",
        "(765, 918)",
        "(360, 827)",
        "(595, 805)",
        "(156, 911)",
        "(148, 519)",
        "(49, 753)",
        "(302, 661)",
        "(362, 452)",
        "(173, 259)",
        "(616, 369)",
        "(92, 487)",
        "(945, 426)",
        "(380, 837)",
        "(119, 483)",
        "(571, 591)",
        "(173, 245)",
        "(930, 820)",
        "(712, 164)",
        "(511, 414)",
        "(812, 531)",
        "(223, 261)",
        "(720, 69)",
        "(472, 491)",
        "(11, 656)",
        "(997, 662)",
        "(729, 520)",
        "(603, 556)",
        "(196, 775)",
        "(890, 795)",
        "(127, 348)",
        "(515, 977)",
        "(841, 962)",
        "(437, 886)",
        "(100, 753)",
        "(916, 771)",
        "(732, 258)",
        "(137, 752)",
        "(574, 230)",
        "(754, 259)"
    ],
    "(92, 487)": [
        "(284, 142)",
        "(362, 452)",
        "(302, 661)",
        "(754, 259)",
        "(148, 519)",
        "(127, 348)",
        "(956, 254)",
        "(732, 258)",
        "(729, 520)",
        "(997, 662)",
        "(196, 775)",
        "(454, 67)",
        "(812, 531)",
        "(156, 911)",
        "(97, 501)",
        "(578, 668)",
        "(106, 214)",
        "(720, 69)",
        "(916, 771)",
        "(100, 753)",
        "(514, 334)",
        "(595, 805)",
        "(946, 608)",
        "(945, 426)",
        "(119, 483)",
        "(314, 442)",
        "(712, 164)",
        "(223, 261)",
        "(616, 369)",
        "(515, 977)",
        "(106, 698)",
        "(409, 626)",
        "(155, 518)",
        "(571, 591)",
        "(950, 107)",
        "(436, 107)",
        "(126, 483)",
        "(792, 781)",
        "(173, 259)",
        "(173, 245)",
        "(603, 556)",
        "(574, 230)",
        "(201, 777)",
        "(437, 886)",
        "(11, 656)",
        "(263, 676)",
        "(155, 328)",
        "(406, 782)",
        "(890, 795)",
        "(360, 827)",
        "(137, 752)"
    ],
    "(950, 107)": [
        "(223, 261)",
        "(155, 328)",
        "(930, 820)",
        "(890, 795)",
        "(571, 591)",
        "(148, 519)",
        "(360, 827)",
        "(945, 426)",
        "(406, 782)",
        "(302, 661)",
        "(515, 977)",
        "(100, 753)",
        "(812, 531)",
        "(173, 245)",
        "(284, 142)",
        "(79, 351)",
        "(119, 483)",
        "(595, 805)",
        "(514, 334)",
        "(916, 771)",
        "(574, 230)",
        "(997, 662)",
        "(765, 918)",
        "(409, 626)",
        "(754, 259)",
        "(841, 962)",
        "(271, 541)",
        "(603, 556)",
        "(373, 729)",
        "(511, 414)",
        "(454, 67)",
        "(97, 501)",
        "(375, 615)",
        "(712, 164)",
        "(616, 369)",
        "(155, 518)",
        "(555, 272)",
        "(106, 214)",
        "(92, 487)",
        "(792, 781)",
        "(729, 520)",
        "(732, 258)",
        "(939, 786)",
        "(578, 668)",
        "(380, 837)",
        "(173, 259)",
        "(156, 911)",
        "(436, 107)",
        "(196, 775)",
        "(229, 173)",
        "(314, 442)"
    ],
    "(890, 795)": [
        "(173, 259)",
        "(511, 414)",
        "(515, 977)",
        "(106, 698)",
        "(156, 911)",
        "(732, 258)",
        "(271, 541)",
        "(155, 328)",
        "(950, 107)",
        "(106, 214)",
        "(616, 369)",
        "(454, 67)",
        "(939, 786)",
        "(302, 661)",
        "(720, 69)",
        "(11, 656)",
        "(362, 452)",
        "(729, 520)",
        "(471, 66)",
        "(555, 272)",
        "(812, 531)",
        "(603, 556)",
        "(765, 918)",
        "(263, 676)",
        "(127, 348)",
        "(373, 729)",
        "(155, 518)",
        "(100, 753)",
        "(380, 837)",
        "(409, 626)",
        "(173, 245)",
        "(472, 491)",
        "(578, 668)",
        "(514, 334)",
        "(375, 615)",
        "(997, 662)",
        "(946, 608)",
        "(119, 483)",
        "(97, 501)",
        "(314, 442)",
        "(956, 254)",
        "(574, 230)",
        "(196, 775)",
        "(92, 487)",
        "(201, 777)",
        "(571, 591)",
        "(406, 782)"
    ],
    "(834, 253)": [
        "(97, 501)",
        "(119, 483)",
        "(792, 781)",
        "(373, 729)",
        "(271, 541)",
        "(812, 531)",
        "(471, 66)",
        "(362, 452)",
        "(729, 520)",
        "(106, 214)",
        "(79, 351)",
        "(841, 962)",
        "(603, 556)",
        "(574, 230)",
        "(284, 142)",
        "(106, 698)",
        "(223, 261)",
        "(302, 661)",
        "(137, 752)",
        "(263, 676)",
        "(196, 775)",
        "(11, 656)",
        "(555, 272)",
        "(514, 334)",
        "(454, 67)",
        "(945, 426)",
        "(406, 782)",
        "(916, 771)",
        "(511, 414)",
        "(956, 254)",
        "(571, 591)",
        "(126, 483)",
        "(939, 786)",
        "(156, 911)",
        "(436, 107)",
        "(314, 442)",
        "(409, 626)",
        "(754, 259)",
        "(229, 173)",
        "(173, 259)",
        "(930, 820)",
        "(127, 348)",
        "(360, 827)",
        "(155, 518)",
        "(595, 805)",
        "(201, 777)",
        "(148, 519)"
    ],
    "(173, 245)": [
        "(578, 668)",
        "(271, 541)",
        "(155, 518)",
        "(155, 328)",
        "(173, 259)",
        "(97, 501)",
        "(119, 483)",
        "(223, 261)",
        "(229, 173)",
        "(603, 556)",
        "(127, 348)",
        "(950, 107)",
        "(945, 426)",
        "(201, 777)",
        "(916, 771)",
        "(997, 662)",
        "(380, 837)",
        "(302, 661)",
        "(49, 753)",
        "(765, 918)",
        "(156, 911)",
        "(126, 483)",
        "(263, 676)",
        "(792, 781)",
        "(106, 214)",
        "(99, 204)",
        "(437, 886)",
        "(946, 608)",
        "(890, 795)",
        "(754, 259)",
        "(79, 351)",
        "(362, 452)",
        "(92, 487)",
        "(555, 272)",
        "(406, 782)",
        "(106, 698)",
        "(137, 752)",
        "(284, 142)",
        "(930, 820)",
        "(729, 520)",
        "(148, 519)",
        "(454, 67)",
        "(360, 827)",
        "(511, 414)",
        "(712, 164)",
        "(436, 107)",
        "(616, 369)",
        "(812, 531)",
        "(196, 775)",
        "(472, 491)",
        "(841, 962)"
    ],
    "(373, 729)": [
        "(127, 348)",
        "(834, 253)",
        "(729, 520)",
        "(409, 626)",
        "(360, 827)",
        "(155, 328)",
        "(571, 591)",
        "(100, 753)",
        "(712, 164)",
        "(137, 752)",
        "(515, 977)",
        "(362, 452)",
        "(555, 272)",
        "(380, 837)",
        "(603, 556)",
        "(201, 777)",
        "(511, 414)",
        "(720, 69)",
        "(284, 142)",
        "(471, 66)",
        "(106, 214)",
        "(754, 259)",
        "(11, 656)",
        "(79, 351)",
        "(436, 107)",
        "(916, 771)",
        "(119, 483)",
        "(997, 662)",
        "(406, 782)",
        "(732, 258)",
        "(106, 698)",
        "(97, 501)",
        "(930, 820)",
        "(890, 795)",
        "(99, 204)",
        "(302, 661)",
        "(574, 230)",
        "(950, 107)",
        "(945, 426)",
        "(271, 541)",
        "(956, 254)",
        "(148, 519)",
        "(196, 775)",
        "(229, 173)",
        "(454, 67)",
        "(578, 668)",
        "(173, 259)",
        "(939, 786)",
        "(49, 753)",
        "(263, 676)",
        "(595, 805)",
        "(126, 483)",
        "(223, 261)"
    ],
    "(100, 753)": [
        "(375, 615)",
        "(454, 67)",
        "(916, 771)",
        "(314, 442)",
        "(472, 491)",
        "(119, 483)",
        "(792, 781)",
        "(373, 729)",
        "(595, 805)",
        "(436, 107)",
        "(939, 786)",
        "(945, 426)",
        "(950, 107)",
        "(106, 214)",
        "(603, 556)",
        "(406, 782)",
        "(841, 962)",
        "(155, 518)",
        "(92, 487)",
        "(196, 775)",
        "(571, 591)",
        "(155, 328)",
        "(127, 348)",
        "(156, 911)",
        "(229, 173)",
        "(471, 66)",
        "(284, 142)",
        "(956, 254)",
        "(997, 662)",
        "(360, 827)",
        "(106, 698)",
        "(380, 837)",
        "(890, 795)",
        "(555, 272)",
        "(409, 626)",
        "(437, 886)",
        "(11, 656)",
        "(97, 501)",
        "(712, 164)",
        "(812, 531)",
        "(720, 69)",
        "(201, 777)",
        "(223, 261)",
        "(930, 820)",
        "(514, 334)",
        "(49, 753)",
        "(765, 918)",
        "(946, 608)",
        "(148, 519)",
        "(574, 230)",
        "(302, 661)",
        "(271, 541)"
    ],
    "(11, 656)": [
        "(555, 272)",
        "(229, 173)",
        "(360, 827)",
        "(720, 69)",
        "(729, 520)",
        "(930, 820)",
        "(106, 698)",
        "(99, 204)",
        "(409, 626)",
        "(263, 676)",
        "(514, 334)",
        "(616, 369)",
        "(574, 230)",
        "(436, 107)",
        "(126, 483)",
        "(890, 795)",
        "(834, 253)",
        "(106, 214)",
        "(79, 351)",
        "(373, 729)",
        "(375, 615)",
        "(956, 254)",
        "(223, 261)",
        "(812, 531)",
        "(732, 258)",
        "(578, 668)",
        "(454, 67)",
        "(362, 452)",
        "(173, 259)",
        "(765, 918)",
        "(406, 782)",
        "(712, 164)",
        "(155, 328)",
        "(100, 753)",
        "(511, 414)",
        "(156, 911)",
        "(119, 483)",
        "(946, 608)",
        "(792, 781)",
        "(127, 348)",
        "(314, 442)",
        "(595, 805)",
        "(437, 886)",
        "(92, 487)",
        "(841, 962)",
        "(148, 519)",
        "(939, 786)",
        "(997, 662)",
        "(603, 556)",
        "(380, 837)",
        "(284, 142)",
        "(155, 518)",
        "(201, 777)"
    ],
    "(148, 519)": [
        "(616, 369)",
        "(712, 164)",
        "(92, 487)",
        "(574, 230)",
        "(956, 254)",
        "(126, 483)",
        "(950, 107)",
        "(263, 676)",
        "(939, 786)",
        "(229, 173)",
        "(97, 501)",
        "(137, 752)",
        "(437, 886)",
        "(754, 259)",
        "(99, 204)",
        "(946, 608)",
        "(514, 334)",
        "(173, 259)",
        "(119, 483)",
        "(106, 214)",
        "(720, 69)",
        "(314, 442)",
        "(930, 820)",
        "(595, 805)",
        "(409, 626)",
        "(454, 67)",
        "(406, 782)",
        "(729, 520)",
        "(997, 662)",
        "(106, 698)",
        "(373, 729)",
        "(362, 452)",
        "(472, 491)",
        "(156, 911)",
        "(302, 661)",
        "(571, 591)",
        "(49, 753)",
        "(916, 771)",
        "(173, 245)",
        "(471, 66)",
        "(79, 351)",
        "(11, 656)",
        "(511, 414)",
        "(765, 918)",
        "(792, 781)",
        "(100, 753)",
        "(380, 837)",
        "(841, 962)",
        "(834, 253)"
    ],
    "(156, 911)": [
        "(472, 491)",
        "(284, 142)",
        "(890, 795)",
        "(173, 259)",
        "(595, 805)",
        "(409, 626)",
        "(436, 107)",
        "(406, 782)",
        "(515, 977)",
        "(945, 426)",
        "(375, 615)",
        "(380, 837)",
        "(271, 541)",
        "(92, 487)",
        "(201, 777)",
        "(99, 204)",
        "(946, 608)",
        "(223, 261)",
        "(574, 230)",
        "(712, 164)",
        "(765, 918)",
        "(729, 520)",
        "(362, 452)",
        "(100, 753)",
        "(511, 414)",
        "(127, 348)",
        "(173, 245)",
        "(939, 786)",
        "(302, 661)",
        "(812, 531)",
        "(616, 369)",
        "(11, 656)",
        "(578, 668)",
        "(834, 253)",
        "(571, 591)",
        "(106, 214)",
        "(119, 483)",
        "(148, 519)",
        "(314, 442)",
        "(841, 962)",
        "(754, 259)",
        "(732, 258)",
        "(229, 173)",
        "(997, 662)",
        "(603, 556)",
        "(792, 781)",
        "(950, 107)",
        "(106, 698)",
        "(126, 483)",
        "(720, 69)",
        "(930, 820)"
    ],
    "(765, 918)": [
        "(201, 777)",
        "(106, 698)",
        "(792, 781)",
        "(945, 426)",
        "(106, 214)",
        "(574, 230)",
        "(155, 518)",
        "(49, 753)",
        "(720, 69)",
        "(946, 608)",
        "(436, 107)",
        "(616, 369)",
        "(754, 259)",
        "(956, 254)",
        "(314, 442)",
        "(571, 591)",
        "(173, 259)",
        "(375, 615)",
        "(156, 911)",
        "(997, 662)",
        "(812, 531)",
        "(437, 886)",
        "(950, 107)",
        "(173, 245)",
        "(380, 837)",
        "(284, 142)",
        "(454, 67)",
        "(99, 204)",
        "(890, 795)",
        "(155, 328)",
        "(11, 656)",
        "(578, 668)",
        "(930, 820)",
        "(79, 351)",
        "(127, 348)",
        "(263, 676)",
        "(100, 753)",
        "(148, 519)",
        "(732, 258)",
        "(409, 626)",
        "(939, 786)",
        "(555, 272)",
        "(603, 556)",
        "(97, 501)"
    ],
    "(916, 771)": [
        "(100, 753)",
        "(578, 668)",
        "(720, 69)",
        "(263, 676)",
        "(515, 977)",
        "(754, 259)",
        "(511, 414)",
        "(97, 501)",
        "(555, 272)",
        "(729, 520)",
        "(92, 487)",
        "(271, 541)",
        "(173, 245)",
        "(571, 591)",
        "(373, 729)",
        "(950, 107)",
        "(302, 661)",
        "(930, 820)",
        "(834, 253)",
        "(126, 483)",
        "(603, 556)",
        "(616, 369)",
        "(314, 442)",
        "(360, 827)",
        "(99, 204)",
        "(945, 426)",
        "(841, 962)",
        "(223, 261)",
        "(380, 837)",
        "(732, 258)",
        "(956, 254)",
        "(148, 519)",
        "(119, 483)",
        "(375, 615)",
        "(106, 698)",
        "(201, 777)",
        "(155, 328)",
        "(406, 782)",
        "(284, 142)",
        "(946, 608)",
        "(812, 531)",
        "(106, 214)"
    ],
    "(574, 230)": [
        "(314, 442)",
        "(571, 591)",
        "(409, 626)",
        "(49, 753)",
        "(155, 518)",
        "(148, 519)",
        "(173, 259)",
        "(99, 204)",
        "(812, 531)",
        "(155, 328)",
        "(765, 918)",
        "(511, 414)",
        "(834, 253)",
        "(106, 698)",
        "(196, 775)",
        "(578, 668)",
        "(616, 369)",
        "(754, 259)",
        "(375, 615)",
        "(515, 977)",
        "(11, 656)",
        "(729, 520)",
        "(156, 911)",
        "(406, 782)",
        "(437, 886)",
        "(950, 107)",
        "(712, 164)",
        "(956, 254)",
        "(514, 334)",
        "(997, 662)",
        "(360, 827)",
        "(373, 729)",
        "(732, 258)",
        "(454, 67)",
        "(302, 661)",
        "(106, 214)",
        "(380, 837)",
        "(201, 777)",
        "(362, 452)",
        "(223, 261)",
        "(92, 487)",
        "(472, 491)",
        "(79, 351)",
        "(229, 173)",
        "(945, 426)",
        "(720, 69)",
        "(890, 795)",
        "(603, 556)",
        "(100, 753)",
        "(946, 608)"
    ],
    "(754, 259)": [
        "(196, 775)",
        "(729, 520)",
        "(119, 483)",
        "(314, 442)",
        "(571, 591)",
        "(92, 487)",
        "(106, 214)",
        "(127, 348)",
        "(471, 66)",
        "(436, 107)",
        "(916, 771)",
        "(555, 272)",
        "(812, 531)",
        "(49, 753)",
        "(841, 962)",
        "(574, 230)",
        "(765, 918)",
        "(148, 519)",
        "(271, 541)",
        "(137, 752)",
        "(373, 729)",
        "(201, 777)",
        "(720, 69)",
        "(406, 782)",
        "(603, 556)",
        "(732, 258)",
        "(950, 107)",
        "(511, 414)",
        "(155, 328)",
        "(126, 483)",
        "(99, 204)",
        "(712, 164)",
        "(284, 142)",
        "(514, 334)",
        "(362, 452)",
        "(173, 245)",
        "(945, 426)",
        "(156, 911)",
        "(515, 977)",
        "(834, 253)",
        "(155, 518)",
        "(223, 261)",
        "(375, 615)",
        "(454, 67)",
        "(930, 820)",
        "(229, 173)",
        "(792, 781)",
        "(616, 369)",
        "(595, 805)",
        "(472, 491)",
        "(578, 668)",
        "(939, 786)",
        "(302, 661)",
        "(946, 608)"
    ],
    "(127, 348)": [
        "(454, 67)",
        "(373, 729)",
        "(97, 501)",
        "(302, 661)",
        "(375, 615)",
        "(712, 164)",
        "(92, 487)",
        "(578, 668)",
        "(263, 676)",
        "(754, 259)",
        "(930, 820)",
        "(201, 777)",
        "(729, 520)",
        "(79, 351)",
        "(119, 483)",
        "(595, 805)",
        "(720, 69)",
        "(137, 752)",
        "(99, 204)",
        "(173, 245)",
        "(49, 753)",
        "(555, 272)",
        "(406, 782)",
        "(603, 556)",
        "(436, 107)",
        "(106, 698)",
        "(229, 173)",
        "(514, 334)",
        "(100, 753)",
        "(515, 977)",
        "(223, 261)",
        "(360, 827)",
        "(156, 911)",
        "(362, 452)",
        "(471, 66)",
        "(997, 662)",
        "(890, 795)",
        "(939, 786)",
        "(126, 483)",
        "(409, 626)",
        "(812, 531)",
        "(314, 442)",
        "(792, 781)",
        "(956, 254)",
        "(841, 962)",
        "(11, 656)",
        "(511, 414)",
        "(765, 918)",
        "(196, 775)",
        "(946, 608)",
        "(284, 142)",
        "(380, 837)",
        "(834, 253)",
        "(732, 258)",
        "(616, 369)",
        "(271, 541)"
    ],
    "(406, 782)": [
        "(263, 676)",
        "(409, 626)",
        "(712, 164)",
        "(616, 369)",
        "(155, 518)",
        "(472, 491)",
        "(173, 259)",
        "(106, 698)",
        "(156, 911)",
        "(578, 668)",
        "(515, 977)",
        "(732, 258)",
        "(99, 204)",
        "(950, 107)",
        "(571, 591)",
        "(436, 107)",
        "(720, 69)",
        "(223, 261)",
        "(511, 414)",
        "(196, 775)",
        "(595, 805)",
        "(314, 442)",
        "(514, 334)",
        "(127, 348)",
        "(574, 230)",
        "(100, 753)",
        "(137, 752)",
        "(271, 541)",
        "(956, 254)",
        "(754, 259)",
        "(841, 962)",
        "(834, 253)",
        "(373, 729)",
        "(360, 827)",
        "(148, 519)",
        "(284, 142)",
        "(930, 820)",
        "(11, 656)",
        "(454, 67)",
        "(380, 837)",
        "(555, 272)",
        "(437, 886)",
        "(173, 245)",
        "(49, 753)",
        "(79, 351)",
        "(792, 781)",
        "(945, 426)",
        "(126, 483)",
        "(92, 487)",
        "(471, 66)",
        "(916, 771)",
        "(939, 786)",
        "(119, 483)",
        "(812, 531)",
        "(890, 795)",
        "(97, 501)"
    ],
    "(945, 426)": [
        "(841, 962)",
        "(106, 698)",
        "(155, 518)",
        "(616, 369)",
        "(956, 254)",
        "(223, 261)",
        "(229, 173)",
        "(939, 786)",
        "(765, 918)",
        "(263, 676)",
        "(437, 886)",
        "(950, 107)",
        "(997, 662)",
        "(173, 259)",
        "(930, 820)",
        "(156, 911)",
        "(729, 520)",
        "(271, 541)",
        "(100, 753)",
        "(196, 775)",
        "(720, 69)",
        "(173, 245)",
        "(302, 661)",
        "(380, 837)",
        "(834, 253)",
        "(155, 328)",
        "(92, 487)",
        "(946, 608)",
        "(49, 753)",
        "(119, 483)",
        "(454, 67)",
        "(916, 771)",
        "(373, 729)",
        "(712, 164)",
        "(732, 258)",
        "(812, 531)",
        "(754, 259)",
        "(106, 214)",
        "(436, 107)",
        "(578, 668)",
        "(360, 827)",
        "(362, 452)",
        "(555, 272)",
        "(515, 977)",
        "(99, 204)",
        "(97, 501)",
        "(603, 556)",
        "(406, 782)",
        "(201, 777)",
        "(792, 781)",
        "(574, 230)",
        "(284, 142)",
        "(375, 615)"
    ],
    "(196, 775)": [
        "(754, 259)",
        "(302, 661)",
        "(223, 261)",
        "(729, 520)",
        "(106, 698)",
        "(119, 483)",
        "(792, 781)",
        "(229, 173)",
        "(436, 107)",
        "(732, 258)",
        "(514, 334)",
        "(720, 69)",
        "(511, 414)",
        "(472, 491)",
        "(155, 328)",
        "(578, 668)",
        "(574, 230)",
        "(271, 541)",
        "(92, 487)",
        "(997, 662)",
        "(945, 426)",
        "(155, 518)",
        "(406, 782)",
        "(834, 253)",
        "(471, 66)",
        "(603, 556)",
        "(100, 753)",
        "(939, 786)",
        "(263, 676)",
        "(380, 837)",
        "(956, 254)",
        "(930, 820)",
        "(555, 272)",
        "(360, 827)",
        "(712, 164)",
        "(284, 142)",
        "(314, 442)",
        "(373, 729)",
        "(362, 452)",
        "(616, 369)",
        "(375, 615)",
        "(454, 67)",
        "(571, 591)",
        "(201, 777)",
        "(946, 608)",
        "(127, 348)",
        "(950, 107)",
        "(79, 351)",
        "(890, 795)",
        "(173, 245)",
        "(106, 214)",
        "(595, 805)"
    ],
    "(997, 662)": [
        "(271, 541)",
        "(155, 328)",
        "(436, 107)",
        "(792, 781)",
        "(732, 258)",
        "(555, 272)",
        "(49, 753)",
        "(223, 261)",
        "(514, 334)",
        "(930, 820)",
        "(155, 518)",
        "(284, 142)",
        "(92, 487)",
        "(106, 214)",
        "(945, 426)",
        "(437, 886)",
        "(454, 67)",
        "(126, 483)",
        "(595, 805)",
        "(380, 837)",
        "(97, 501)",
        "(196, 775)",
        "(471, 66)",
        "(314, 442)",
        "(119, 483)",
        "(173, 259)",
        "(472, 491)",
        "(765, 918)",
        "(99, 204)",
        "(137, 752)",
        "(229, 173)",
        "(571, 591)",
        "(375, 615)",
        "(362, 452)",
        "(173, 245)",
        "(373, 729)",
        "(409, 626)",
        "(950, 107)",
        "(100, 753)",
        "(574, 230)",
        "(127, 348)",
        "(812, 531)",
        "(360, 827)",
        "(148, 519)",
        "(515, 977)",
        "(603, 556)",
        "(302, 661)",
        "(511, 414)",
        "(956, 254)",
        "(841, 962)",
        "(201, 777)",
        "(946, 608)",
        "(156, 911)",
        "(890, 795)",
        "(106, 698)",
        "(11, 656)",
        "(939, 786)"
    ],
    "(97, 501)": [
        "(834, 253)",
        "(454, 67)",
        "(127, 348)",
        "(436, 107)",
        "(173, 259)",
        "(616, 369)",
        "(515, 977)",
        "(173, 245)",
        "(956, 254)",
        "(514, 334)",
        "(595, 805)",
        "(223, 261)",
        "(578, 668)",
        "(148, 519)",
        "(997, 662)",
        "(155, 328)",
        "(939, 786)",
        "(916, 771)",
        "(92, 487)",
        "(472, 491)",
        "(571, 591)",
        "(362, 452)",
        "(137, 752)",
        "(380, 837)",
        "(729, 520)",
        "(302, 661)",
        "(263, 676)",
        "(373, 729)",
        "(119, 483)",
        "(271, 541)",
        "(229, 173)",
        "(732, 258)",
        "(950, 107)",
        "(100, 753)",
        "(155, 518)",
        "(792, 781)",
        "(720, 69)",
        "(106, 698)",
        "(511, 414)",
        "(841, 962)",
        "(201, 777)",
        "(812, 531)",
        "(945, 426)",
        "(930, 820)",
        "(360, 827)",
        "(890, 795)",
        "(603, 556)",
        "(375, 615)",
        "(79, 351)",
        "(712, 164)",
        "(406, 782)",
        "(765, 918)"
    ],
    "(201, 777)": [
        "(712, 164)",
        "(841, 962)",
        "(436, 107)",
        "(173, 259)",
        "(360, 827)",
        "(229, 173)",
        "(765, 918)",
        "(137, 752)",
        "(939, 786)",
        "(729, 520)",
        "(314, 442)",
        "(127, 348)",
        "(930, 820)",
        "(511, 414)",
        "(373, 729)",
        "(812, 531)",
        "(99, 204)",
        "(156, 911)",
        "(409, 626)",
        "(155, 328)",
        "(119, 483)",
        "(173, 245)",
        "(471, 66)",
        "(754, 259)",
        "(106, 698)",
        "(380, 837)",
        "(472, 491)",
        "(571, 591)",
        "(454, 67)",
        "(106, 214)",
        "(514, 334)",
        "(578, 668)",
        "(223, 261)",
        "(126, 483)",
        "(302, 661)",
        "(603, 556)",
        "(956, 254)",
        "(515, 977)",
        "(997, 662)",
        "(574, 230)",
        "(100, 753)",
        "(555, 272)",
        "(595, 805)",
        "(97, 501)",
        "(196, 775)",
        "(92, 487)",
        "(916, 771)",
        "(945, 426)",
        "(49, 753)",
        "(362, 452)",
        "(375, 615)",
        "(890, 795)",
        "(834, 253)",
        "(11, 656)"
    ],
    "(939, 786)": [
        "(515, 977)",
        "(616, 369)",
        "(201, 777)",
        "(945, 426)",
        "(712, 164)",
        "(437, 886)",
        "(100, 753)",
        "(148, 519)",
        "(119, 483)",
        "(471, 66)",
        "(890, 795)",
        "(472, 491)",
        "(841, 962)",
        "(106, 698)",
        "(97, 501)",
        "(155, 518)",
        "(137, 752)",
        "(930, 820)",
        "(514, 334)",
        "(732, 258)",
        "(223, 261)",
        "(380, 837)",
        "(454, 67)",
        "(362, 452)",
        "(196, 775)",
        "(595, 805)",
        "(729, 520)",
        "(302, 661)",
        "(156, 911)",
        "(49, 753)",
        "(511, 414)",
        "(578, 668)",
        "(571, 591)",
        "(812, 531)",
        "(127, 348)",
        "(834, 253)",
        "(956, 254)",
        "(555, 272)",
        "(950, 107)",
        "(373, 729)",
        "(720, 69)",
        "(79, 351)",
        "(603, 556)",
        "(11, 656)",
        "(765, 918)",
        "(173, 259)",
        "(406, 782)",
        "(754, 259)",
        "(106, 214)",
        "(997, 662)",
        "(99, 204)",
        "(126, 483)",
        "(314, 442)",
        "(360, 827)"
    ],
    "(360, 827)": [
        "(106, 214)",
        "(201, 777)",
        "(437, 886)",
        "(11, 656)",
        "(616, 369)",
        "(373, 729)",
        "(950, 107)",
        "(79, 351)",
        "(712, 164)",
        "(472, 491)",
        "(271, 541)",
        "(119, 483)",
        "(555, 272)",
        "(946, 608)",
        "(173, 259)",
        "(515, 977)",
        "(155, 328)",
        "(956, 254)",
        "(127, 348)",
        "(100, 753)",
        "(574, 230)",
        "(406, 782)",
        "(916, 771)",
        "(375, 615)",
        "(841, 962)",
        "(997, 662)",
        "(930, 820)",
        "(729, 520)",
        "(196, 775)",
        "(362, 452)",
        "(945, 426)",
        "(595, 805)",
        "(106, 698)",
        "(720, 69)",
        "(314, 442)",
        "(511, 414)",
        "(471, 66)",
        "(436, 107)",
        "(155, 518)",
        "(97, 501)",
        "(571, 591)",
        "(173, 245)",
        "(834, 253)",
        "(92, 487)",
        "(126, 483)",
        "(49, 753)",
        "(603, 556)",
        "(732, 258)",
        "(939, 786)"
    ],
    "(712, 164)": [
        "(201, 777)",
        "(148, 519)",
        "(173, 259)",
        "(406, 782)",
        "(127, 348)",
        "(729, 520)",
        "(106, 698)",
        "(375, 615)",
        "(373, 729)",
        "(939, 786)",
        "(99, 204)",
        "(314, 442)",
        "(223, 261)",
        "(229, 173)",
        "(360, 827)",
        "(514, 334)",
        "(362, 452)",
        "(792, 781)",
        "(732, 258)",
        "(156, 911)",
        "(119, 483)",
        "(574, 230)",
        "(472, 491)",
        "(515, 977)",
        "(92, 487)",
        "(471, 66)",
        "(946, 608)",
        "(754, 259)",
        "(263, 676)",
        "(11, 656)",
        "(196, 775)",
        "(945, 426)",
        "(284, 142)",
        "(100, 753)",
        "(841, 962)",
        "(950, 107)",
        "(555, 272)",
        "(956, 254)",
        "(578, 668)",
        "(409, 626)",
        "(155, 328)",
        "(137, 752)",
        "(595, 805)",
        "(302, 661)",
        "(930, 820)",
        "(380, 837)",
        "(173, 245)",
        "(49, 753)",
        "(616, 369)",
        "(155, 518)",
        "(106, 214)",
        "(97, 501)"
    ],
    "(271, 541)": [
        "(792, 781)",
        "(997, 662)",
        "(375, 615)",
        "(472, 491)",
        "(834, 253)",
        "(436, 107)",
        "(173, 245)",
        "(812, 531)",
        "(99, 204)",
        "(890, 795)",
        "(119, 483)",
        "(555, 272)",
        "(616, 369)",
        "(511, 414)",
        "(841, 962)",
        "(302, 661)",
        "(49, 753)",
        "(945, 426)",
        "(732, 258)",
        "(196, 775)",
        "(362, 452)",
        "(360, 827)",
        "(720, 69)",
        "(156, 911)",
        "(754, 259)",
        "(916, 771)",
        "(406, 782)",
        "(515, 977)",
        "(223, 261)",
        "(173, 259)",
        "(950, 107)",
        "(97, 501)",
        "(126, 483)",
        "(106, 698)",
        "(454, 67)",
        "(373, 729)",
        "(471, 66)",
        "(514, 334)",
        "(229, 173)",
        "(155, 518)",
        "(409, 626)",
        "(603, 556)",
        "(930, 820)",
        "(437, 886)",
        "(571, 591)",
        "(956, 254)",
        "(79, 351)",
        "(263, 676)",
        "(137, 752)",
        "(127, 348)",
        "(100, 753)",
        "(284, 142)"
    ],
    "(99, 204)": [
        "(437, 886)",
        "(720, 69)",
        "(263, 676)",
        "(271, 541)",
        "(436, 107)",
        "(284, 142)",
        "(155, 328)",
        "(574, 230)",
        "(732, 258)",
        "(119, 483)",
        "(712, 164)",
        "(595, 805)",
        "(137, 752)",
        "(406, 782)",
        "(514, 334)",
        "(11, 656)",
        "(302, 661)",
        "(173, 259)",
        "(603, 556)",
        "(201, 777)",
        "(127, 348)",
        "(454, 67)",
        "(148, 519)",
        "(156, 911)",
        "(515, 977)",
        "(223, 261)",
        "(997, 662)",
        "(765, 918)",
        "(616, 369)",
        "(472, 491)",
        "(916, 771)",
        "(173, 245)",
        "(754, 259)",
        "(373, 729)",
        "(555, 272)",
        "(841, 962)",
        "(380, 837)",
        "(956, 254)",
        "(79, 351)",
        "(511, 414)",
        "(375, 615)",
        "(471, 66)",
        "(930, 820)",
        "(314, 442)",
        "(229, 173)",
        "(945, 426)",
        "(126, 483)",
        "(729, 520)",
        "(155, 518)",
        "(812, 531)",
        "(939, 786)"
    ],
    "(106, 698)": [
        "(155, 518)",
        "(515, 977)",
        "(945, 426)",
        "(812, 531)",
        "(890, 795)",
        "(765, 918)",
        "(196, 775)",
        "(49, 753)",
        "(173, 259)",
        "(712, 164)",
        "(406, 782)",
        "(603, 556)",
        "(834, 253)",
        "(514, 334)",
        "(302, 661)",
        "(574, 230)",
        "(595, 805)",
        "(616, 369)",
        "(11, 656)",
        "(939, 786)",
        "(263, 676)",
        "(126, 483)",
        "(436, 107)",
        "(571, 591)",
        "(792, 781)",
        "(729, 520)",
        "(127, 348)",
        "(201, 777)",
        "(373, 729)",
        "(79, 351)",
        "(119, 483)",
        "(100, 753)",
        "(314, 442)",
        "(106, 214)",
        "(92, 487)",
        "(148, 519)",
        "(271, 541)",
        "(454, 67)",
        "(155, 328)",
        "(409, 626)",
        "(380, 837)",
        "(97, 501)",
        "(720, 69)",
        "(360, 827)",
        "(173, 245)",
        "(156, 911)",
        "(916, 771)",
        "(997, 662)",
        "(930, 820)",
        "(578, 668)",
        "(362, 452)",
        "(472, 491)",
        "(437, 886)"
    ],
    "(595, 805)": [
        "(375, 615)",
        "(454, 67)",
        "(79, 351)",
        "(156, 911)",
        "(97, 501)",
        "(100, 753)",
        "(99, 204)",
        "(841, 962)",
        "(127, 348)",
        "(997, 662)",
        "(106, 698)",
        "(155, 328)",
        "(437, 886)",
        "(946, 608)",
        "(406, 782)",
        "(119, 483)",
        "(409, 626)",
        "(616, 369)",
        "(950, 107)",
        "(92, 487)",
        "(939, 786)",
        "(515, 977)",
        "(930, 820)",
        "(148, 519)",
        "(229, 173)",
        "(49, 753)",
        "(571, 591)",
        "(284, 142)",
        "(603, 556)",
        "(732, 258)",
        "(956, 254)",
        "(360, 827)",
        "(201, 777)",
        "(812, 531)",
        "(11, 656)",
        "(729, 520)",
        "(712, 164)",
        "(514, 334)",
        "(173, 259)",
        "(137, 752)",
        "(578, 668)",
        "(436, 107)",
        "(155, 518)",
        "(754, 259)",
        "(373, 729)",
        "(196, 775)",
        "(362, 452)",
        "(834, 253)",
        "(380, 837)",
        "(792, 781)"
    ],
    "(841, 962)": [
        "(945, 426)",
        "(201, 777)",
        "(603, 556)",
        "(578, 668)",
        "(302, 661)",
        "(571, 591)",
        "(155, 328)",
        "(720, 69)",
        "(834, 253)",
        "(223, 261)",
        "(595, 805)",
        "(271, 541)",
        "(472, 491)",
        "(939, 786)",
        "(732, 258)",
        "(754, 259)",
        "(812, 531)",
        "(511, 414)",
        "(555, 272)",
        "(100, 753)",
        "(380, 837)",
        "(616, 369)",
        "(515, 977)",
        "(406, 782)",
        "(284, 142)",
        "(950, 107)",
        "(360, 827)",
        "(792, 781)",
        "(99, 204)",
        "(79, 351)",
        "(916, 771)",
        "(49, 753)",
        "(729, 520)",
        "(712, 164)",
        "(997, 662)",
        "(156, 911)",
        "(127, 348)",
        "(119, 483)",
        "(97, 501)",
        "(409, 626)",
        "(514, 334)",
        "(956, 254)",
        "(263, 676)",
        "(11, 656)",
        "(946, 608)",
        "(436, 107)",
        "(454, 67)",
        "(437, 886)",
        "(173, 245)",
        "(137, 752)",
        "(148, 519)",
        "(930, 820)"
    ],
    "(956, 254)": [
        "(284, 142)",
        "(223, 261)",
        "(437, 886)",
        "(945, 426)",
        "(578, 668)",
        "(362, 452)",
        "(126, 483)",
        "(375, 615)",
        "(92, 487)",
        "(97, 501)",
        "(302, 661)",
        "(148, 519)",
        "(930, 820)",
        "(409, 626)",
        "(946, 608)",
        "(514, 334)",
        "(765, 918)",
        "(119, 483)",
        "(406, 782)",
        "(511, 414)",
        "(137, 752)",
        "(11, 656)",
        "(360, 827)",
        "(196, 775)",
        "(574, 230)",
        "(100, 753)",
        "(834, 253)",
        "(99, 204)",
        "(436, 107)",
        "(155, 518)",
        "(373, 729)",
        "(997, 662)",
        "(471, 66)",
        "(939, 786)",
        "(729, 520)",
        "(201, 777)",
        "(79, 351)",
        "(127, 348)",
        "(712, 164)",
        "(472, 491)",
        "(792, 781)",
        "(263, 676)",
        "(595, 805)",
        "(916, 771)",
        "(841, 962)",
        "(106, 214)",
        "(720, 69)",
        "(890, 795)",
        "(515, 977)",
        "(603, 556)",
        "(616, 369)",
        "(271, 541)",
        "(454, 67)"
    ],
    "(792, 781)": [
        "(437, 886)",
        "(271, 541)",
        "(229, 173)",
        "(834, 253)",
        "(997, 662)",
        "(514, 334)",
        "(765, 918)",
        "(196, 775)",
        "(946, 608)",
        "(100, 753)",
        "(812, 531)",
        "(603, 556)",
        "(712, 164)",
        "(720, 69)",
        "(472, 491)",
        "(106, 698)",
        "(729, 520)",
        "(578, 668)",
        "(436, 107)",
        "(173, 245)",
        "(380, 837)",
        "(515, 977)",
        "(362, 452)",
        "(284, 142)",
        "(841, 962)",
        "(119, 483)",
        "(127, 348)",
        "(97, 501)",
        "(956, 254)",
        "(950, 107)",
        "(11, 656)",
        "(930, 820)",
        "(92, 487)",
        "(173, 259)",
        "(156, 911)",
        "(732, 258)",
        "(454, 67)",
        "(409, 626)",
        "(155, 518)",
        "(155, 328)",
        "(375, 615)",
        "(406, 782)",
        "(945, 426)",
        "(49, 753)",
        "(754, 259)",
        "(148, 519)",
        "(223, 261)",
        "(471, 66)",
        "(595, 805)"
    ],
    "(578, 668)": [
        "(841, 962)",
        "(173, 245)",
        "(956, 254)",
        "(409, 626)",
        "(515, 977)",
        "(916, 771)",
        "(127, 348)",
        "(436, 107)",
        "(137, 752)",
        "(472, 491)",
        "(406, 782)",
        "(380, 837)",
        "(97, 501)",
        "(196, 775)",
        "(284, 142)",
        "(574, 230)",
        "(616, 369)",
        "(92, 487)",
        "(555, 272)",
        "(792, 781)",
        "(173, 259)",
        "(263, 676)",
        "(119, 483)",
        "(11, 656)",
        "(812, 531)",
        "(511, 414)",
        "(729, 520)",
        "(939, 786)",
        "(437, 886)",
        "(765, 918)",
        "(201, 777)",
        "(49, 753)",
        "(930, 820)",
        "(720, 69)",
        "(571, 591)",
        "(375, 615)",
        "(454, 67)",
        "(156, 911)",
        "(890, 795)",
        "(712, 164)",
        "(373, 729)",
        "(945, 426)",
        "(314, 442)",
        "(79, 351)",
        "(950, 107)",
        "(229, 173)",
        "(106, 214)",
        "(595, 805)",
        "(106, 698)",
        "(754, 259)",
        "(603, 556)"
    ],
    "(229, 173)": [
        "(792, 781)",
        "(362, 452)",
        "(11, 656)",
        "(201, 777)",
        "(945, 426)",
        "(263, 676)",
        "(196, 775)",
        "(571, 591)",
        "(511, 414)",
        "(454, 67)",
        "(712, 164)",
        "(375, 615)",
        "(148, 519)",
        "(173, 245)",
        "(409, 626)",
        "(302, 661)",
        "(106, 214)",
        "(930, 820)",
        "(137, 752)",
        "(173, 259)",
        "(471, 66)",
        "(997, 662)",
        "(49, 753)",
        "(127, 348)",
        "(314, 442)",
        "(100, 753)",
        "(812, 531)",
        "(437, 886)",
        "(514, 334)",
        "(595, 805)",
        "(155, 518)",
        "(97, 501)",
        "(732, 258)",
        "(155, 328)",
        "(472, 491)",
        "(284, 142)",
        "(373, 729)",
        "(119, 483)",
        "(436, 107)",
        "(156, 911)",
        "(99, 204)",
        "(271, 541)",
        "(720, 69)",
        "(578, 668)",
        "(380, 837)",
        "(603, 556)",
        "(834, 253)",
        "(574, 230)",
        "(754, 259)",
        "(126, 483)",
        "(950, 107)",
        "(79, 351)",
        "(729, 520)"
    ],
    "(515, 977)": [
        "(616, 369)",
        "(106, 698)",
        "(890, 795)",
        "(939, 786)",
        "(173, 259)",
        "(578, 668)",
        "(555, 272)",
        "(97, 501)",
        "(156, 911)",
        "(373, 729)",
        "(916, 771)",
        "(223, 261)",
        "(406, 782)",
        "(729, 520)",
        "(950, 107)",
        "(284, 142)",
        "(812, 531)",
        "(436, 107)",
        "(574, 230)",
        "(155, 518)",
        "(380, 837)",
        "(99, 204)",
        "(360, 827)",
        "(137, 752)",
        "(841, 962)",
        "(595, 805)",
        "(271, 541)",
        "(302, 661)",
        "(127, 348)",
        "(571, 591)",
        "(720, 69)",
        "(437, 886)",
        "(792, 781)",
        "(712, 164)",
        "(92, 487)",
        "(997, 662)",
        "(79, 351)",
        "(106, 214)",
        "(472, 491)",
        "(201, 777)",
        "(375, 615)",
        "(945, 426)",
        "(754, 259)",
        "(119, 483)",
        "(732, 258)",
        "(49, 753)",
        "(946, 608)",
        "(956, 254)",
        "(263, 676)",
        "(471, 66)",
        "(362, 452)",
        "(511, 414)"
    ],
    "(732, 258)": [
        "(436, 107)",
        "(126, 483)",
        "(362, 452)",
        "(997, 662)",
        "(890, 795)",
        "(196, 775)",
        "(437, 886)",
        "(92, 487)",
        "(99, 204)",
        "(155, 518)",
        "(119, 483)",
        "(406, 782)",
        "(271, 541)",
        "(137, 752)",
        "(841, 962)",
        "(471, 66)",
        "(454, 67)",
        "(79, 351)",
        "(712, 164)",
        "(939, 786)",
        "(375, 615)",
        "(380, 837)",
        "(754, 259)",
        "(373, 729)",
        "(11, 656)",
        "(284, 142)",
        "(511, 414)",
        "(314, 442)",
        "(574, 230)",
        "(409, 626)",
        "(812, 531)",
        "(97, 501)",
        "(945, 426)",
        "(595, 805)",
        "(229, 173)",
        "(302, 661)",
        "(106, 214)",
        "(916, 771)",
        "(950, 107)",
        "(155, 328)",
        "(156, 911)",
        "(792, 781)",
        "(555, 272)",
        "(515, 977)",
        "(472, 491)",
        "(765, 918)",
        "(49, 753)",
        "(127, 348)",
        "(946, 608)",
        "(360, 827)"
    ],
    "(155, 328)": [
        "(997, 662)",
        "(373, 729)",
        "(173, 245)",
        "(890, 795)",
        "(950, 107)",
        "(99, 204)",
        "(574, 230)",
        "(841, 962)",
        "(511, 414)",
        "(471, 66)",
        "(196, 775)",
        "(97, 501)",
        "(595, 805)",
        "(284, 142)",
        "(223, 261)",
        "(603, 556)",
        "(555, 272)",
        "(201, 777)",
        "(314, 442)",
        "(360, 827)",
        "(616, 369)",
        "(375, 615)",
        "(100, 753)",
        "(945, 426)",
        "(119, 483)",
        "(729, 520)",
        "(263, 676)",
        "(754, 259)",
        "(765, 918)",
        "(137, 752)",
        "(472, 491)",
        "(155, 518)",
        "(11, 656)",
        "(514, 334)",
        "(362, 452)",
        "(229, 173)",
        "(106, 698)",
        "(437, 886)",
        "(436, 107)",
        "(409, 626)",
        "(380, 837)",
        "(732, 258)",
        "(454, 67)",
        "(712, 164)",
        "(720, 69)",
        "(792, 781)",
        "(302, 661)",
        "(916, 771)",
        "(92, 487)",
        "(79, 351)"
    ],
    "(930, 820)": [
        "(409, 626)",
        "(603, 556)",
        "(950, 107)",
        "(127, 348)",
        "(380, 837)",
        "(314, 442)",
        "(956, 254)",
        "(997, 662)",
        "(106, 214)",
        "(11, 656)",
        "(201, 777)",
        "(720, 69)",
        "(471, 66)",
        "(472, 491)",
        "(945, 426)",
        "(375, 615)",
        "(555, 272)",
        "(229, 173)",
        "(939, 786)",
        "(302, 661)",
        "(263, 676)",
        "(148, 519)",
        "(362, 452)",
        "(916, 771)",
        "(595, 805)",
        "(729, 520)",
        "(137, 752)",
        "(437, 886)",
        "(373, 729)",
        "(196, 775)",
        "(360, 827)",
        "(406, 782)",
        "(946, 608)",
        "(578, 668)",
        "(616, 369)",
        "(511, 414)",
        "(99, 204)",
        "(126, 483)",
        "(792, 781)",
        "(454, 67)",
        "(812, 531)",
        "(79, 351)",
        "(765, 918)",
        "(173, 245)",
        "(100, 753)",
        "(97, 501)",
        "(712, 164)",
        "(271, 541)",
        "(173, 259)",
        "(754, 259)",
        "(834, 253)",
        "(106, 698)",
        "(119, 483)",
        "(514, 334)",
        "(841, 962)",
        "(156, 911)"
    ],
    "(454, 67)": [
        "(97, 501)",
        "(127, 348)",
        "(380, 837)",
        "(595, 805)",
        "(106, 214)",
        "(100, 753)",
        "(571, 591)",
        "(229, 173)",
        "(890, 795)",
        "(173, 259)",
        "(514, 334)",
        "(437, 886)",
        "(997, 662)",
        "(92, 487)",
        "(732, 258)",
        "(99, 204)",
        "(126, 483)",
        "(939, 786)",
        "(834, 253)",
        "(79, 351)",
        "(720, 69)",
        "(616, 369)",
        "(765, 918)",
        "(11, 656)",
        "(148, 519)",
        "(201, 777)",
        "(812, 531)",
        "(119, 483)",
        "(945, 426)",
        "(574, 230)",
        "(406, 782)",
        "(472, 491)",
        "(950, 107)",
        "(409, 626)",
        "(271, 541)",
        "(106, 698)",
        "(578, 668)",
        "(603, 556)",
        "(263, 676)",
        "(373, 729)",
        "(196, 775)",
        "(930, 820)",
        "(155, 328)",
        "(792, 781)",
        "(173, 245)",
        "(754, 259)",
        "(223, 261)",
        "(555, 272)",
        "(729, 520)",
        "(841, 962)",
        "(511, 414)",
        "(314, 442)",
        "(956, 254)",
        "(436, 107)",
        "(302, 661)",
        "(49, 753)"
    ],
    "(302, 661)": [
        "(472, 491)",
        "(137, 752)",
        "(196, 775)",
        "(92, 487)",
        "(127, 348)",
        "(471, 66)",
        "(263, 676)",
        "(956, 254)",
        "(841, 962)",
        "(436, 107)",
        "(616, 369)",
        "(284, 142)",
        "(720, 69)",
        "(106, 698)",
        "(950, 107)",
        "(271, 541)",
        "(890, 795)",
        "(834, 253)",
        "(229, 173)",
        "(99, 204)",
        "(409, 626)",
        "(603, 556)",
        "(223, 261)",
        "(119, 483)",
        "(930, 820)",
        "(812, 531)",
        "(945, 426)",
        "(511, 414)",
        "(946, 608)",
        "(916, 771)",
        "(173, 245)",
        "(106, 214)",
        "(97, 501)",
        "(939, 786)",
        "(515, 977)",
        "(49, 753)",
        "(156, 911)",
        "(373, 729)",
        "(571, 591)",
        "(997, 662)",
        "(79, 351)",
        "(574, 230)",
        "(201, 777)",
        "(732, 258)",
        "(729, 520)",
        "(148, 519)",
        "(380, 837)",
        "(712, 164)",
        "(155, 328)",
        "(437, 886)",
        "(100, 753)",
        "(754, 259)",
        "(454, 67)",
        "(514, 334)"
    ],
    "(437, 886)": [
        "(792, 781)",
        "(79, 351)",
        "(99, 204)",
        "(956, 254)",
        "(360, 827)",
        "(616, 369)",
        "(732, 258)",
        "(945, 426)",
        "(939, 786)",
        "(49, 753)",
        "(454, 67)",
        "(997, 662)",
        "(173, 259)",
        "(409, 626)",
        "(595, 805)",
        "(148, 519)",
        "(106, 214)",
        "(375, 615)",
        "(574, 230)",
        "(765, 918)",
        "(223, 261)",
        "(229, 173)",
        "(314, 442)",
        "(515, 977)",
        "(812, 531)",
        "(514, 334)",
        "(930, 820)",
        "(173, 245)",
        "(578, 668)",
        "(100, 753)",
        "(471, 66)",
        "(119, 483)",
        "(155, 328)",
        "(406, 782)",
        "(284, 142)",
        "(11, 656)",
        "(92, 487)",
        "(603, 556)",
        "(302, 661)",
        "(571, 591)",
        "(946, 608)",
        "(271, 541)",
        "(841, 962)",
        "(472, 491)",
        "(362, 452)",
        "(106, 698)",
        "(729, 520)"
    ],
    "(173, 259)": [
        "(890, 795)",
        "(515, 977)",
        "(201, 777)",
        "(49, 753)",
        "(97, 501)",
        "(712, 164)",
        "(156, 911)",
        "(106, 698)",
        "(173, 245)",
        "(406, 782)",
        "(574, 230)",
        "(454, 67)",
        "(436, 107)",
        "(945, 426)",
        "(437, 886)",
        "(99, 204)",
        "(812, 531)",
        "(555, 272)",
        "(765, 918)",
        "(229, 173)",
        "(106, 214)",
        "(375, 615)",
        "(997, 662)",
        "(360, 827)",
        "(148, 519)",
        "(362, 452)",
        "(578, 668)",
        "(946, 608)",
        "(571, 591)",
        "(119, 483)",
        "(271, 541)",
        "(409, 626)",
        "(155, 518)",
        "(11, 656)",
        "(223, 261)",
        "(472, 491)",
        "(729, 520)",
        "(137, 752)",
        "(616, 369)",
        "(92, 487)",
        "(380, 837)",
        "(792, 781)",
        "(373, 729)",
        "(950, 107)",
        "(595, 805)",
        "(834, 253)",
        "(930, 820)",
        "(263, 676)",
        "(939, 786)"
    ],
    "(79, 351)": [
        "(555, 272)",
        "(437, 886)",
        "(511, 414)",
        "(595, 805)",
        "(126, 483)",
        "(127, 348)",
        "(834, 253)",
        "(409, 626)",
        "(360, 827)",
        "(616, 369)",
        "(472, 491)",
        "(732, 258)",
        "(137, 752)",
        "(571, 591)",
        "(950, 107)",
        "(11, 656)",
        "(373, 729)",
        "(49, 753)",
        "(454, 67)",
        "(720, 69)",
        "(106, 698)",
        "(514, 334)",
        "(603, 556)",
        "(841, 962)",
        "(99, 204)",
        "(302, 661)",
        "(515, 977)",
        "(119, 483)",
        "(314, 442)",
        "(956, 254)",
        "(173, 245)",
        "(471, 66)",
        "(106, 214)",
        "(812, 531)",
        "(930, 820)",
        "(578, 668)",
        "(765, 918)",
        "(574, 230)",
        "(939, 786)",
        "(406, 782)",
        "(148, 519)",
        "(196, 775)",
        "(97, 501)",
        "(271, 541)",
        "(284, 142)",
        "(229, 173)",
        "(155, 328)"
    ],
    "(471, 66)": [
        "(409, 626)",
        "(302, 661)",
        "(834, 253)",
        "(284, 142)",
        "(754, 259)",
        "(930, 820)",
        "(155, 328)",
        "(939, 786)",
        "(732, 258)",
        "(997, 662)",
        "(362, 452)",
        "(436, 107)",
        "(373, 729)",
        "(196, 775)",
        "(201, 777)",
        "(229, 173)",
        "(890, 795)",
        "(729, 520)",
        "(314, 442)",
        "(603, 556)",
        "(49, 753)",
        "(571, 591)",
        "(100, 753)",
        "(119, 483)",
        "(127, 348)",
        "(712, 164)",
        "(555, 272)",
        "(271, 541)",
        "(126, 483)",
        "(437, 886)",
        "(956, 254)",
        "(99, 204)",
        "(720, 69)",
        "(79, 351)",
        "(380, 837)",
        "(155, 518)",
        "(223, 261)",
        "(360, 827)",
        "(148, 519)",
        "(515, 977)",
        "(406, 782)",
        "(792, 781)",
        "(511, 414)",
        "(263, 676)"
    ],
    "(375, 615)": [
        "(595, 805)",
        "(271, 541)",
        "(119, 483)",
        "(100, 753)",
        "(127, 348)",
        "(956, 254)",
        "(712, 164)",
        "(126, 483)",
        "(362, 452)",
        "(223, 261)",
        "(514, 334)",
        "(729, 520)",
        "(930, 820)",
        "(229, 173)",
        "(156, 911)",
        "(574, 230)",
        "(436, 107)",
        "(812, 531)",
        "(765, 918)",
        "(173, 259)",
        "(732, 258)",
        "(11, 656)",
        "(616, 369)",
        "(437, 886)",
        "(997, 662)",
        "(155, 328)",
        "(571, 591)",
        "(106, 214)",
        "(720, 69)",
        "(263, 676)",
        "(380, 837)",
        "(360, 827)",
        "(137, 752)",
        "(950, 107)",
        "(99, 204)",
        "(578, 668)",
        "(196, 775)",
        "(515, 977)",
        "(890, 795)",
        "(155, 518)",
        "(603, 556)",
        "(284, 142)",
        "(916, 771)",
        "(511, 414)",
        "(754, 259)",
        "(409, 626)",
        "(792, 781)",
        "(97, 501)",
        "(201, 777)",
        "(945, 426)"
    ],
    "(514, 334)": [
        "(603, 556)",
        "(792, 781)",
        "(571, 591)",
        "(946, 608)",
        "(97, 501)",
        "(196, 775)",
        "(436, 107)",
        "(997, 662)",
        "(712, 164)",
        "(375, 615)",
        "(454, 67)",
        "(106, 698)",
        "(720, 69)",
        "(956, 254)",
        "(511, 414)",
        "(99, 204)",
        "(939, 786)",
        "(11, 656)",
        "(406, 782)",
        "(148, 519)",
        "(92, 487)",
        "(950, 107)",
        "(834, 253)",
        "(127, 348)",
        "(574, 230)",
        "(284, 142)",
        "(229, 173)",
        "(437, 886)",
        "(79, 351)",
        "(201, 777)",
        "(754, 259)",
        "(155, 328)",
        "(271, 541)",
        "(890, 795)",
        "(362, 452)",
        "(841, 962)",
        "(126, 483)",
        "(223, 261)",
        "(263, 676)",
        "(729, 520)",
        "(100, 753)",
        "(595, 805)",
        "(472, 491)",
        "(616, 369)",
        "(49, 753)",
        "(930, 820)",
        "(155, 518)",
        "(302, 661)"
    ],
    "(137, 752)": [
        "(302, 661)",
        "(201, 777)",
        "(511, 414)",
        "(578, 668)",
        "(373, 729)",
        "(616, 369)",
        "(99, 204)",
        "(732, 258)",
        "(834, 253)",
        "(148, 519)",
        "(223, 261)",
        "(127, 348)",
        "(939, 786)",
        "(229, 173)",
        "(79, 351)",
        "(754, 259)",
        "(603, 556)",
        "(97, 501)",
        "(406, 782)",
        "(997, 662)",
        "(515, 977)",
        "(436, 107)",
        "(956, 254)",
        "(930, 820)",
        "(409, 626)",
        "(375, 615)",
        "(155, 328)",
        "(49, 753)",
        "(812, 531)",
        "(173, 259)",
        "(571, 591)",
        "(380, 837)",
        "(155, 518)",
        "(173, 245)",
        "(712, 164)",
        "(314, 442)",
        "(595, 805)",
        "(126, 483)",
        "(92, 487)",
        "(472, 491)",
        "(720, 69)",
        "(106, 214)",
        "(946, 608)",
        "(841, 962)",
        "(271, 541)",
        "(263, 676)",
        "(119, 483)"
    ],
    "(223, 261)": [
        "(950, 107)",
        "(49, 753)",
        "(196, 775)",
        "(812, 531)",
        "(956, 254)",
        "(555, 272)",
        "(945, 426)",
        "(616, 369)",
        "(729, 520)",
        "(997, 662)",
        "(712, 164)",
        "(841, 962)",
        "(515, 977)",
        "(380, 837)",
        "(409, 626)",
        "(375, 615)",
        "(834, 253)",
        "(97, 501)",
        "(173, 245)",
        "(406, 782)",
        "(137, 752)",
        "(302, 661)",
        "(155, 328)",
        "(939, 786)",
        "(99, 204)",
        "(156, 911)",
        "(436, 107)",
        "(11, 656)",
        "(284, 142)",
        "(314, 442)",
        "(437, 886)",
        "(511, 414)",
        "(472, 491)",
        "(271, 541)",
        "(127, 348)",
        "(571, 591)",
        "(92, 487)",
        "(173, 259)",
        "(119, 483)",
        "(201, 777)",
        "(946, 608)",
        "(603, 556)",
        "(916, 771)",
        "(106, 214)",
        "(574, 230)",
        "(126, 483)",
        "(471, 66)",
        "(514, 334)",
        "(754, 259)",
        "(100, 753)",
        "(454, 67)",
        "(792, 781)",
        "(155, 518)",
        "(373, 729)"
    ],
    "(555, 272)": [
        "(79, 351)",
        "(11, 656)",
        "(223, 261)",
        "(997, 662)",
        "(515, 977)",
        "(271, 541)",
        "(409, 626)",
        "(373, 729)",
        "(754, 259)",
        "(106, 214)",
        "(930, 820)",
        "(360, 827)",
        "(49, 753)",
        "(155, 518)",
        "(916, 771)",
        "(173, 259)",
        "(571, 591)",
        "(155, 328)",
        "(127, 348)",
        "(841, 962)",
        "(436, 107)",
        "(578, 668)",
        "(834, 253)",
        "(890, 795)",
        "(616, 369)",
        "(99, 204)",
        "(196, 775)",
        "(119, 483)",
        "(471, 66)",
        "(100, 753)",
        "(406, 782)",
        "(380, 837)",
        "(472, 491)",
        "(603, 556)",
        "(720, 69)",
        "(712, 164)",
        "(950, 107)",
        "(201, 777)",
        "(939, 786)",
        "(945, 426)",
        "(173, 245)",
        "(511, 414)",
        "(732, 258)",
        "(729, 520)",
        "(454, 67)",
        "(765, 918)",
        "(263, 676)",
        "(362, 452)"
    ],
    "(436, 107)": [
        "(732, 258)",
        "(119, 483)",
        "(201, 777)",
        "(997, 662)",
        "(97, 501)",
        "(271, 541)",
        "(720, 69)",
        "(946, 608)",
        "(99, 204)",
        "(196, 775)",
        "(578, 668)",
        "(156, 911)",
        "(302, 661)",
        "(571, 591)",
        "(514, 334)",
        "(754, 259)",
        "(100, 753)",
        "(173, 259)",
        "(126, 483)",
        "(406, 782)",
        "(155, 518)",
        "(314, 442)",
        "(765, 918)",
        "(515, 977)",
        "(471, 66)",
        "(375, 615)",
        "(284, 142)",
        "(511, 414)",
        "(11, 656)",
        "(106, 698)",
        "(555, 272)",
        "(127, 348)",
        "(373, 729)",
        "(137, 752)",
        "(792, 781)",
        "(223, 261)",
        "(603, 556)",
        "(729, 520)",
        "(380, 837)",
        "(616, 369)",
        "(956, 254)",
        "(49, 753)",
        "(263, 676)",
        "(155, 328)",
        "(945, 426)",
        "(229, 173)",
        "(92, 487)",
        "(834, 253)",
        "(360, 827)",
        "(950, 107)",
        "(841, 962)",
        "(595, 805)",
        "(173, 245)",
        "(409, 626)",
        "(454, 67)",
        "(362, 452)"
    ]
}