{
    "(108, 670)": [
        "(714, 509)",
        "(128, 771)",
        "(680, 313)",
        "(24, 588)"
    ],
    "(694, 460)": [
        "(793, 638)",
        "(128, 771)",
        "(854, 697)"
    ],
    "(128, 771)": [
        "(680, 313)",
        "(694, 460)",
        "(108, 670)"
    ],
    "(327, 912)": [
        "(617, 425)",
        "(24, 588)",
        "(622, 12)",
        "(714, 509)"
    ],
    "(24, 588)": [
        "(88, 25)",
        "(327, 912)",
        "(617, 425)",
        "(108, 670)"
    ],
    "(598, 9)": [
        "(714, 509)"
    ],
    "(88, 25)": [
        "(24, 588)",
        "(714, 509)"
    ],
    "(622, 12)": [
        "(327, 912)",
        "(854, 697)",
        "(793, 638)"
    ],
    "(617, 425)": [
        "(327, 912)",
        "(24, 588)"
    ],
    "(854, 697)": [
        "(680, 313)",
        "(622, 12)",
        "(694, 460)"
    ],
    "(793, 638)": [
        "(694, 460)",
        "(622, 12)"
    ],
    "(680, 313)": [
        "(854, 697)",
        "(128, 771)",
        "(108, 670)"
    ],
    "(714, 509)": [
        "(108, 670)",
        "(88, 25)",
        "(327, 912)",
        "(598, 9)"
    ]
}