{
    "(822, 653)": [
        "(92, 575)",
        "(44, 693)",
        "(292, 855)",
        "(845, 898)",
        "(99, 236)",
        "(162, 833)",
        "(935, 357)",
        "(645, 524)",
        "(621, 42)",
        "(997, 3)",
        "(708, 146)",
        "(815, 269)",
        "(845, 870)",
        "(13, 596)",
        "(577, 597)",
        "(382, 922)",
        "(665, 133)",
        "(564, 799)",
        "(942, 106)",
        "(936, 711)",
        "(365, 737)",
        "(755, 26)",
        "(733, 448)",
        "(451, 883)",
        "(191, 188)",
        "(996, 945)",
        "(664, 275)",
        "(256, 783)",
        "(301, 869)",
        "(978, 195)",
        "(364, 127)",
        "(822, 883)",
        "(793, 772)",
        "(850, 2)",
        "(28, 281)",
        "(381, 392)",
        "(827, 336)",
        "(935, 313)",
        "(403, 357)",
        "(697, 535)",
        "(778, 602)",
        "(959, 628)",
        "(626, 513)",
        "(937, 590)",
        "(120, 602)",
        "(181, 799)"
    ],
    "(822, 883)": [
        "(959, 628)",
        "(942, 106)",
        "(330, 782)",
        "(755, 26)",
        "(451, 883)",
        "(753, 617)",
        "(873, 327)",
        "(98, 120)",
        "(815, 269)",
        "(89, 393)",
        "(382, 922)",
        "(181, 799)",
        "(44, 693)",
        "(356, 863)",
        "(577, 597)",
        "(465, 378)",
        "(788, 289)",
        "(664, 275)",
        "(100, 225)",
        "(937, 590)",
        "(845, 898)",
        "(936, 711)",
        "(71, 631)",
        "(641, 873)",
        "(997, 3)",
        "(92, 575)",
        "(793, 772)",
        "(120, 602)",
        "(99, 236)",
        "(335, 614)",
        "(629, 834)",
        "(26, 780)",
        "(130, 251)",
        "(996, 945)",
        "(179, 23)",
        "(935, 313)",
        "(822, 653)",
        "(578, 703)",
        "(582, 477)",
        "(403, 357)",
        "(459, 303)",
        "(371, 31)",
        "(598, 694)",
        "(564, 799)",
        "(778, 602)",
        "(999, 357)"
    ],
    "(371, 31)": [
        "(778, 602)",
        "(977, 231)",
        "(622, 858)",
        "(186, 984)",
        "(967, 312)",
        "(92, 575)",
        "(98, 120)",
        "(256, 783)",
        "(578, 703)",
        "(937, 590)",
        "(364, 127)",
        "(664, 275)",
        "(665, 133)",
        "(120, 602)",
        "(598, 694)",
        "(181, 799)",
        "(179, 23)",
        "(335, 614)",
        "(451, 883)",
        "(936, 711)",
        "(984, 698)",
        "(330, 782)",
        "(959, 628)",
        "(403, 357)",
        "(26, 780)",
        "(191, 188)",
        "(381, 392)",
        "(13, 596)",
        "(641, 873)",
        "(464, 36)",
        "(204, 196)",
        "(629, 834)",
        "(978, 195)",
        "(28, 281)",
        "(133, 529)",
        "(927, 359)",
        "(89, 393)",
        "(362, 171)",
        "(845, 870)",
        "(130, 251)",
        "(935, 357)",
        "(822, 883)"
    ],
    "(733, 448)": [
        "(44, 693)",
        "(13, 596)",
        "(305, 916)",
        "(641, 873)",
        "(739, 824)",
        "(292, 855)",
        "(403, 357)",
        "(996, 945)",
        "(997, 3)",
        "(223, 245)",
        "(451, 883)",
        "(629, 834)",
        "(459, 303)",
        "(598, 694)",
        "(664, 275)",
        "(708, 146)",
        "(977, 231)",
        "(356, 863)",
        "(622, 858)",
        "(582, 477)",
        "(822, 653)",
        "(71, 631)",
        "(935, 313)",
        "(382, 922)",
        "(927, 359)",
        "(959, 628)",
        "(92, 575)",
        "(873, 327)",
        "(850, 2)",
        "(481, 936)",
        "(364, 127)",
        "(578, 703)",
        "(181, 799)",
        "(788, 289)",
        "(984, 698)",
        "(978, 195)",
        "(362, 171)",
        "(365, 737)",
        "(845, 870)",
        "(834, 746)",
        "(179, 23)",
        "(464, 36)"
    ],
    "(685, 102)": [
        "(92, 575)",
        "(26, 780)",
        "(697, 535)",
        "(133, 529)",
        "(199, 290)",
        "(649, 412)",
        "(179, 23)",
        "(577, 597)",
        "(381, 392)",
        "(186, 984)",
        "(481, 936)",
        "(301, 869)",
        "(665, 133)",
        "(850, 2)",
        "(937, 590)",
        "(89, 393)",
        "(815, 269)",
        "(725, 553)",
        "(739, 824)",
        "(935, 313)",
        "(273, 363)",
        "(365, 737)",
        "(959, 628)",
        "(335, 614)",
        "(626, 513)",
        "(793, 772)",
        "(13, 596)",
        "(464, 36)",
        "(181, 799)",
        "(788, 289)",
        "(999, 357)",
        "(834, 746)",
        "(708, 146)",
        "(967, 312)",
        "(935, 357)",
        "(629, 834)",
        "(403, 357)",
        "(827, 336)",
        "(984, 698)",
        "(256, 783)",
        "(598, 694)",
        "(645, 524)",
        "(99, 236)",
        "(564, 799)",
        "(977, 231)",
        "(873, 327)",
        "(364, 127)",
        "(71, 631)",
        "(753, 617)",
        "(356, 863)",
        "(100, 225)",
        "(465, 378)",
        "(582, 477)"
    ],
    "(845, 870)": [
        "(365, 737)",
        "(935, 357)",
        "(582, 477)",
        "(697, 535)",
        "(937, 590)",
        "(942, 106)",
        "(133, 529)",
        "(130, 251)",
        "(822, 653)",
        "(834, 746)",
        "(204, 196)",
        "(999, 357)",
        "(664, 275)",
        "(256, 783)",
        "(199, 290)",
        "(578, 703)",
        "(967, 312)",
        "(26, 780)",
        "(362, 171)",
        "(71, 631)",
        "(827, 336)",
        "(464, 36)",
        "(179, 23)",
        "(13, 596)",
        "(977, 231)",
        "(335, 614)",
        "(629, 834)",
        "(381, 392)",
        "(997, 3)",
        "(708, 146)",
        "(330, 782)",
        "(451, 883)",
        "(935, 313)",
        "(733, 448)",
        "(936, 711)",
        "(645, 524)",
        "(984, 698)",
        "(371, 31)",
        "(361, 379)"
    ],
    "(621, 42)": [
        "(305, 916)",
        "(273, 363)",
        "(330, 782)",
        "(577, 597)",
        "(935, 313)",
        "(133, 529)",
        "(641, 873)",
        "(697, 535)",
        "(120, 602)",
        "(927, 359)",
        "(382, 922)",
        "(822, 653)",
        "(130, 251)",
        "(361, 379)",
        "(301, 869)",
        "(645, 524)",
        "(92, 575)",
        "(815, 269)",
        "(13, 596)",
        "(26, 780)",
        "(364, 127)",
        "(725, 553)",
        "(451, 883)",
        "(999, 357)",
        "(827, 336)",
        "(778, 602)",
        "(179, 23)",
        "(665, 133)",
        "(629, 834)",
        "(99, 236)",
        "(89, 393)",
        "(181, 799)",
        "(292, 855)",
        "(365, 737)",
        "(664, 275)",
        "(481, 936)",
        "(935, 357)",
        "(28, 281)",
        "(788, 289)",
        "(708, 146)",
        "(622, 858)",
        "(959, 628)",
        "(937, 590)",
        "(459, 303)",
        "(984, 698)",
        "(649, 412)"
    ],
    "(382, 922)": [
        "(664, 275)",
        "(179, 23)",
        "(98, 120)",
        "(935, 313)",
        "(845, 898)",
        "(292, 855)",
        "(822, 883)",
        "(621, 42)",
        "(997, 3)",
        "(273, 363)",
        "(978, 195)",
        "(361, 379)",
        "(999, 357)",
        "(649, 412)",
        "(99, 236)",
        "(822, 653)",
        "(977, 231)",
        "(665, 133)",
        "(204, 196)",
        "(381, 392)",
        "(967, 312)",
        "(26, 780)",
        "(459, 303)",
        "(936, 711)",
        "(725, 553)",
        "(365, 737)",
        "(733, 448)",
        "(582, 477)",
        "(815, 269)",
        "(927, 359)",
        "(629, 834)",
        "(199, 290)",
        "(641, 873)",
        "(28, 281)",
        "(739, 824)",
        "(708, 146)",
        "(403, 357)",
        "(120, 602)",
        "(996, 945)",
        "(465, 378)"
    ],
    "(598, 694)": [
        "(935, 357)",
        "(89, 393)",
        "(649, 412)",
        "(997, 3)",
        "(641, 873)",
        "(959, 628)",
        "(292, 855)",
        "(622, 858)",
        "(371, 31)",
        "(733, 448)",
        "(204, 196)",
        "(335, 614)",
        "(697, 535)",
        "(753, 617)",
        "(996, 945)",
        "(364, 127)",
        "(935, 313)",
        "(381, 392)",
        "(464, 36)",
        "(223, 245)",
        "(873, 327)",
        "(685, 102)",
        "(645, 524)",
        "(191, 188)",
        "(665, 133)",
        "(330, 782)",
        "(827, 336)",
        "(725, 553)",
        "(179, 23)",
        "(978, 195)",
        "(481, 936)",
        "(664, 275)",
        "(578, 703)",
        "(822, 883)",
        "(755, 26)"
    ],
    "(978, 195)": [
        "(465, 378)",
        "(649, 412)",
        "(665, 133)",
        "(364, 127)",
        "(850, 2)",
        "(577, 597)",
        "(739, 824)",
        "(935, 357)",
        "(223, 245)",
        "(98, 120)",
        "(335, 614)",
        "(362, 171)",
        "(459, 303)",
        "(664, 275)",
        "(815, 269)",
        "(28, 281)",
        "(845, 898)",
        "(996, 945)",
        "(305, 916)",
        "(382, 922)",
        "(273, 363)",
        "(645, 524)",
        "(451, 883)",
        "(481, 936)",
        "(130, 251)",
        "(301, 869)",
        "(708, 146)",
        "(365, 737)",
        "(725, 553)",
        "(204, 196)",
        "(827, 336)",
        "(822, 653)",
        "(755, 26)",
        "(873, 327)",
        "(997, 3)",
        "(381, 392)",
        "(162, 833)",
        "(403, 357)",
        "(371, 31)",
        "(733, 448)",
        "(71, 631)",
        "(598, 694)",
        "(292, 855)",
        "(753, 617)"
    ],
    "(100, 225)": [
        "(204, 196)",
        "(755, 26)",
        "(451, 883)",
        "(622, 858)",
        "(935, 313)",
        "(850, 2)",
        "(186, 984)",
        "(356, 863)",
        "(89, 393)",
        "(256, 783)",
        "(739, 824)",
        "(26, 780)",
        "(365, 737)",
        "(335, 614)",
        "(999, 357)",
        "(465, 378)",
        "(822, 883)",
        "(582, 477)",
        "(641, 873)",
        "(937, 590)",
        "(626, 513)",
        "(845, 898)",
        "(649, 412)",
        "(71, 631)",
        "(697, 535)",
        "(577, 597)",
        "(665, 133)",
        "(578, 703)",
        "(464, 36)",
        "(364, 127)",
        "(13, 596)",
        "(362, 171)",
        "(788, 289)",
        "(793, 772)",
        "(564, 799)",
        "(403, 357)",
        "(685, 102)",
        "(273, 363)",
        "(959, 628)",
        "(99, 236)",
        "(664, 275)",
        "(708, 146)"
    ],
    "(403, 357)": [
        "(223, 245)",
        "(578, 703)",
        "(708, 146)",
        "(26, 780)",
        "(725, 553)",
        "(845, 898)",
        "(733, 448)",
        "(365, 737)",
        "(459, 303)",
        "(481, 936)",
        "(967, 312)",
        "(815, 269)",
        "(755, 26)",
        "(305, 916)",
        "(120, 602)",
        "(834, 746)",
        "(665, 133)",
        "(873, 327)",
        "(371, 31)",
        "(92, 575)",
        "(362, 171)",
        "(685, 102)",
        "(13, 596)",
        "(99, 236)",
        "(778, 602)",
        "(850, 2)",
        "(793, 772)",
        "(697, 535)",
        "(936, 711)",
        "(664, 275)",
        "(335, 614)",
        "(996, 945)",
        "(978, 195)",
        "(186, 984)",
        "(822, 883)",
        "(822, 653)",
        "(100, 225)",
        "(382, 922)",
        "(935, 313)",
        "(256, 783)",
        "(937, 590)",
        "(273, 363)"
    ],
    "(564, 799)": [
        "(649, 412)",
        "(999, 357)",
        "(361, 379)",
        "(330, 782)",
        "(98, 120)",
        "(788, 289)",
        "(305, 916)",
        "(984, 698)",
        "(935, 313)",
        "(708, 146)",
        "(629, 834)",
        "(362, 171)",
        "(942, 106)",
        "(626, 513)",
        "(937, 590)",
        "(996, 945)",
        "(822, 653)",
        "(71, 631)",
        "(622, 858)",
        "(130, 251)",
        "(451, 883)",
        "(936, 711)",
        "(834, 746)",
        "(827, 336)",
        "(120, 602)",
        "(739, 824)",
        "(959, 628)",
        "(685, 102)",
        "(381, 392)",
        "(100, 225)",
        "(935, 357)",
        "(977, 231)",
        "(335, 614)",
        "(28, 281)",
        "(755, 26)",
        "(356, 863)",
        "(191, 188)",
        "(822, 883)"
    ],
    "(873, 327)": [
        "(330, 782)",
        "(936, 711)",
        "(181, 799)",
        "(361, 379)",
        "(822, 883)",
        "(967, 312)",
        "(755, 26)",
        "(179, 23)",
        "(162, 833)",
        "(753, 617)",
        "(641, 873)",
        "(465, 378)",
        "(850, 2)",
        "(28, 281)",
        "(89, 393)",
        "(927, 359)",
        "(191, 188)",
        "(292, 855)",
        "(362, 171)",
        "(739, 824)",
        "(356, 863)",
        "(937, 590)",
        "(959, 628)",
        "(788, 289)",
        "(984, 698)",
        "(403, 357)",
        "(92, 575)",
        "(733, 448)",
        "(778, 602)",
        "(44, 693)",
        "(598, 694)",
        "(120, 602)",
        "(978, 195)",
        "(626, 513)",
        "(301, 869)",
        "(365, 737)",
        "(935, 357)",
        "(685, 102)",
        "(582, 477)",
        "(451, 883)",
        "(256, 783)"
    ],
    "(935, 313)": [
        "(984, 698)",
        "(100, 225)",
        "(292, 855)",
        "(382, 922)",
        "(697, 535)",
        "(621, 42)",
        "(273, 363)",
        "(626, 513)",
        "(850, 2)",
        "(753, 617)",
        "(133, 529)",
        "(665, 133)",
        "(191, 188)",
        "(464, 36)",
        "(564, 799)",
        "(967, 312)",
        "(685, 102)",
        "(89, 393)",
        "(996, 945)",
        "(733, 448)",
        "(598, 694)",
        "(162, 833)",
        "(179, 23)",
        "(834, 746)",
        "(977, 231)",
        "(459, 303)",
        "(365, 737)",
        "(936, 711)",
        "(664, 275)",
        "(582, 477)",
        "(822, 883)",
        "(622, 858)",
        "(301, 869)",
        "(725, 553)",
        "(71, 631)",
        "(822, 653)",
        "(778, 602)",
        "(13, 596)",
        "(403, 357)",
        "(845, 870)",
        "(578, 703)",
        "(26, 780)"
    ],
    "(364, 127)": [
        "(645, 524)",
        "(330, 782)",
        "(978, 195)",
        "(845, 898)",
        "(641, 873)",
        "(977, 231)",
        "(365, 737)",
        "(371, 31)",
        "(335, 614)",
        "(739, 824)",
        "(191, 188)",
        "(753, 617)",
        "(381, 392)",
        "(98, 120)",
        "(793, 772)",
        "(827, 336)",
        "(26, 780)",
        "(305, 916)",
        "(621, 42)",
        "(997, 3)",
        "(582, 477)",
        "(71, 631)",
        "(256, 783)",
        "(44, 693)",
        "(223, 245)",
        "(598, 694)",
        "(708, 146)",
        "(28, 281)",
        "(362, 171)",
        "(649, 412)",
        "(815, 269)",
        "(733, 448)",
        "(273, 363)",
        "(464, 36)",
        "(179, 23)",
        "(822, 653)",
        "(577, 597)",
        "(100, 225)",
        "(130, 251)",
        "(999, 357)",
        "(292, 855)",
        "(92, 575)",
        "(162, 833)",
        "(199, 290)",
        "(685, 102)",
        "(629, 834)",
        "(984, 698)",
        "(356, 863)",
        "(451, 883)",
        "(204, 196)"
    ],
    "(381, 392)": [
        "(330, 782)",
        "(725, 553)",
        "(850, 2)",
        "(649, 412)",
        "(577, 597)",
        "(685, 102)",
        "(464, 36)",
        "(936, 711)",
        "(335, 614)",
        "(364, 127)",
        "(834, 746)",
        "(697, 535)",
        "(451, 883)",
        "(181, 799)",
        "(778, 602)",
        "(305, 916)",
        "(665, 133)",
        "(256, 783)",
        "(967, 312)",
        "(98, 120)",
        "(977, 231)",
        "(382, 922)",
        "(997, 3)",
        "(629, 834)",
        "(292, 855)",
        "(598, 694)",
        "(645, 524)",
        "(223, 245)",
        "(481, 936)",
        "(28, 281)",
        "(273, 363)",
        "(204, 196)",
        "(371, 31)",
        "(130, 251)",
        "(978, 195)",
        "(845, 870)",
        "(996, 945)",
        "(44, 693)",
        "(365, 737)",
        "(822, 653)",
        "(564, 799)",
        "(186, 984)",
        "(26, 780)",
        "(753, 617)",
        "(578, 703)",
        "(626, 513)",
        "(815, 269)",
        "(622, 858)",
        "(959, 628)",
        "(935, 357)",
        "(755, 26)"
    ],
    "(191, 188)": [
        "(927, 359)",
        "(256, 783)",
        "(708, 146)",
        "(92, 575)",
        "(273, 363)",
        "(725, 553)",
        "(984, 698)",
        "(641, 873)",
        "(364, 127)",
        "(365, 737)",
        "(464, 36)",
        "(873, 327)",
        "(162, 833)",
        "(935, 313)",
        "(13, 596)",
        "(130, 251)",
        "(937, 590)",
        "(996, 945)",
        "(936, 711)",
        "(199, 290)",
        "(120, 602)",
        "(335, 614)",
        "(935, 357)",
        "(822, 653)",
        "(665, 133)",
        "(292, 855)",
        "(649, 412)",
        "(465, 378)",
        "(28, 281)",
        "(371, 31)",
        "(598, 694)",
        "(622, 858)",
        "(89, 393)",
        "(778, 602)",
        "(664, 275)",
        "(133, 529)",
        "(179, 23)",
        "(582, 477)",
        "(793, 772)",
        "(755, 26)",
        "(451, 883)",
        "(959, 628)",
        "(564, 799)"
    ],
    "(361, 379)": [
        "(99, 236)",
        "(578, 703)",
        "(873, 327)",
        "(564, 799)",
        "(622, 858)",
        "(89, 393)",
        "(626, 513)",
        "(629, 834)",
        "(98, 120)",
        "(120, 602)",
        "(621, 42)",
        "(725, 553)",
        "(382, 922)",
        "(92, 575)",
        "(664, 275)",
        "(793, 772)",
        "(273, 363)",
        "(815, 269)",
        "(753, 617)",
        "(942, 106)",
        "(665, 133)",
        "(451, 883)",
        "(365, 737)",
        "(937, 590)",
        "(739, 824)",
        "(459, 303)",
        "(199, 290)",
        "(778, 602)",
        "(28, 281)",
        "(305, 916)",
        "(481, 936)",
        "(845, 870)",
        "(697, 535)"
    ],
    "(850, 2)": [
        "(223, 245)",
        "(44, 693)",
        "(577, 597)",
        "(753, 617)",
        "(381, 392)",
        "(978, 195)",
        "(100, 225)",
        "(664, 275)",
        "(999, 357)",
        "(133, 529)",
        "(685, 102)",
        "(873, 327)",
        "(935, 313)",
        "(292, 855)",
        "(937, 590)",
        "(181, 799)",
        "(578, 703)",
        "(465, 378)",
        "(834, 746)",
        "(179, 23)",
        "(362, 171)",
        "(199, 290)",
        "(645, 524)",
        "(99, 236)",
        "(733, 448)",
        "(26, 780)",
        "(403, 357)",
        "(273, 363)",
        "(997, 3)",
        "(996, 945)",
        "(708, 146)",
        "(629, 834)",
        "(356, 863)",
        "(451, 883)",
        "(822, 653)",
        "(459, 303)",
        "(582, 477)",
        "(13, 596)",
        "(935, 357)",
        "(28, 281)",
        "(120, 602)",
        "(845, 898)",
        "(697, 535)",
        "(641, 873)"
    ],
    "(788, 289)": [
        "(815, 269)",
        "(622, 858)",
        "(936, 711)",
        "(13, 596)",
        "(778, 602)",
        "(753, 617)",
        "(71, 631)",
        "(564, 799)",
        "(162, 833)",
        "(645, 524)",
        "(256, 783)",
        "(626, 513)",
        "(28, 281)",
        "(937, 590)",
        "(665, 133)",
        "(999, 357)",
        "(330, 782)",
        "(133, 529)",
        "(641, 873)",
        "(697, 535)",
        "(967, 312)",
        "(996, 945)",
        "(578, 703)",
        "(822, 883)",
        "(873, 327)",
        "(845, 898)",
        "(481, 936)",
        "(120, 602)",
        "(305, 916)",
        "(685, 102)",
        "(92, 575)",
        "(98, 120)",
        "(725, 553)",
        "(927, 359)",
        "(935, 357)",
        "(977, 231)",
        "(186, 984)",
        "(733, 448)",
        "(629, 834)",
        "(100, 225)",
        "(335, 614)",
        "(621, 42)",
        "(942, 106)",
        "(793, 772)",
        "(44, 693)",
        "(362, 171)"
    ],
    "(959, 628)": [
        "(822, 883)",
        "(28, 281)",
        "(578, 703)",
        "(120, 602)",
        "(977, 231)",
        "(942, 106)",
        "(598, 694)",
        "(199, 290)",
        "(451, 883)",
        "(13, 596)",
        "(967, 312)",
        "(753, 617)",
        "(834, 746)",
        "(685, 102)",
        "(793, 772)",
        "(997, 3)",
        "(873, 327)",
        "(629, 834)",
        "(371, 31)",
        "(582, 477)",
        "(815, 269)",
        "(733, 448)",
        "(936, 711)",
        "(937, 590)",
        "(465, 378)",
        "(927, 359)",
        "(984, 698)",
        "(564, 799)",
        "(362, 171)",
        "(92, 575)",
        "(708, 146)",
        "(330, 782)",
        "(26, 780)",
        "(577, 597)",
        "(301, 869)",
        "(822, 653)",
        "(621, 42)",
        "(99, 236)",
        "(649, 412)",
        "(755, 26)",
        "(191, 188)",
        "(381, 392)",
        "(481, 936)",
        "(100, 225)",
        "(996, 945)"
    ],
    "(186, 984)": [
        "(371, 31)",
        "(645, 524)",
        "(459, 303)",
        "(996, 945)",
        "(451, 883)",
        "(120, 602)",
        "(685, 102)",
        "(942, 106)",
        "(356, 863)",
        "(977, 231)",
        "(100, 225)",
        "(301, 869)",
        "(305, 916)",
        "(936, 711)",
        "(935, 357)",
        "(256, 783)",
        "(199, 290)",
        "(778, 602)",
        "(937, 590)",
        "(649, 412)",
        "(362, 171)",
        "(793, 772)",
        "(204, 196)",
        "(739, 824)",
        "(98, 120)",
        "(465, 378)",
        "(697, 535)",
        "(28, 281)",
        "(927, 359)",
        "(582, 477)",
        "(622, 858)",
        "(999, 357)",
        "(26, 780)",
        "(788, 289)",
        "(89, 393)",
        "(997, 3)",
        "(330, 782)",
        "(403, 357)",
        "(629, 834)",
        "(381, 392)",
        "(273, 363)",
        "(71, 631)",
        "(577, 597)",
        "(464, 36)",
        "(133, 529)",
        "(845, 898)",
        "(179, 23)",
        "(365, 737)"
    ],
    "(292, 855)": [
        "(28, 281)",
        "(99, 236)",
        "(697, 535)",
        "(365, 737)",
        "(822, 653)",
        "(733, 448)",
        "(935, 313)",
        "(622, 858)",
        "(330, 782)",
        "(181, 799)",
        "(382, 922)",
        "(71, 631)",
        "(598, 694)",
        "(641, 873)",
        "(873, 327)",
        "(305, 916)",
        "(850, 2)",
        "(755, 26)",
        "(89, 393)",
        "(977, 231)",
        "(629, 834)",
        "(223, 245)",
        "(649, 412)",
        "(937, 590)",
        "(381, 392)",
        "(459, 303)",
        "(942, 106)",
        "(191, 188)",
        "(827, 336)",
        "(582, 477)",
        "(999, 357)",
        "(936, 711)",
        "(621, 42)",
        "(465, 378)",
        "(996, 945)",
        "(44, 693)",
        "(364, 127)",
        "(464, 36)",
        "(179, 23)",
        "(130, 251)",
        "(778, 602)",
        "(578, 703)",
        "(834, 746)",
        "(13, 596)",
        "(708, 146)",
        "(978, 195)"
    ],
    "(578, 703)": [
        "(959, 628)",
        "(403, 357)",
        "(179, 23)",
        "(996, 945)",
        "(330, 782)",
        "(361, 379)",
        "(44, 693)",
        "(99, 236)",
        "(92, 575)",
        "(629, 834)",
        "(371, 31)",
        "(815, 269)",
        "(362, 171)",
        "(451, 883)",
        "(977, 231)",
        "(356, 863)",
        "(256, 783)",
        "(459, 303)",
        "(181, 799)",
        "(301, 869)",
        "(582, 477)",
        "(664, 275)",
        "(850, 2)",
        "(788, 289)",
        "(162, 833)",
        "(967, 312)",
        "(793, 772)",
        "(834, 746)",
        "(13, 596)",
        "(845, 870)",
        "(481, 936)",
        "(708, 146)",
        "(98, 120)",
        "(204, 196)",
        "(697, 535)",
        "(649, 412)",
        "(130, 251)",
        "(100, 225)",
        "(725, 553)",
        "(71, 631)",
        "(733, 448)",
        "(626, 513)",
        "(273, 363)",
        "(935, 357)",
        "(997, 3)",
        "(822, 883)",
        "(26, 780)",
        "(641, 873)",
        "(845, 898)",
        "(120, 602)",
        "(381, 392)",
        "(28, 281)",
        "(335, 614)",
        "(292, 855)",
        "(598, 694)",
        "(935, 313)",
        "(645, 524)",
        "(365, 737)"
    ],
    "(936, 711)": [
        "(162, 833)",
        "(788, 289)",
        "(873, 327)",
        "(133, 529)",
        "(999, 357)",
        "(381, 392)",
        "(935, 357)",
        "(834, 746)",
        "(186, 984)",
        "(465, 378)",
        "(845, 898)",
        "(301, 869)",
        "(130, 251)",
        "(199, 290)",
        "(371, 31)",
        "(822, 653)",
        "(755, 26)",
        "(822, 883)",
        "(191, 188)",
        "(181, 799)",
        "(204, 196)",
        "(382, 922)",
        "(44, 693)",
        "(664, 275)",
        "(708, 146)",
        "(564, 799)",
        "(459, 303)",
        "(622, 858)",
        "(335, 614)",
        "(26, 780)",
        "(641, 873)",
        "(984, 698)",
        "(935, 313)",
        "(959, 628)",
        "(292, 855)",
        "(403, 357)",
        "(120, 602)",
        "(942, 106)",
        "(778, 602)",
        "(649, 412)",
        "(481, 936)",
        "(365, 737)",
        "(827, 336)",
        "(997, 3)",
        "(967, 312)",
        "(697, 535)",
        "(845, 870)",
        "(98, 120)",
        "(13, 596)",
        "(577, 597)",
        "(256, 783)"
    ],
    "(301, 869)": [
        "(330, 782)",
        "(685, 102)",
        "(186, 984)",
        "(356, 863)",
        "(778, 602)",
        "(621, 42)",
        "(578, 703)",
        "(935, 357)",
        "(622, 858)",
        "(977, 231)",
        "(936, 711)",
        "(629, 834)",
        "(199, 290)",
        "(645, 524)",
        "(845, 898)",
        "(937, 590)",
        "(978, 195)",
        "(223, 245)",
        "(996, 945)",
        "(665, 133)",
        "(697, 535)",
        "(99, 236)",
        "(822, 653)",
        "(130, 251)",
        "(967, 312)",
        "(755, 26)",
        "(935, 313)",
        "(873, 327)",
        "(44, 693)",
        "(92, 575)",
        "(120, 602)",
        "(959, 628)",
        "(459, 303)",
        "(162, 833)",
        "(13, 596)"
    ],
    "(725, 553)": [
        "(451, 883)",
        "(697, 535)",
        "(381, 392)",
        "(845, 898)",
        "(778, 602)",
        "(162, 833)",
        "(827, 336)",
        "(996, 945)",
        "(403, 357)",
        "(191, 188)",
        "(481, 936)",
        "(645, 524)",
        "(26, 780)",
        "(13, 596)",
        "(361, 379)",
        "(685, 102)",
        "(622, 858)",
        "(356, 863)",
        "(362, 171)",
        "(621, 42)",
        "(305, 916)",
        "(365, 737)",
        "(753, 617)",
        "(98, 120)",
        "(382, 922)",
        "(256, 783)",
        "(577, 597)",
        "(942, 106)",
        "(978, 195)",
        "(71, 631)",
        "(788, 289)",
        "(815, 269)",
        "(578, 703)",
        "(927, 359)",
        "(834, 746)",
        "(335, 614)",
        "(664, 275)",
        "(935, 313)",
        "(598, 694)",
        "(997, 3)",
        "(641, 873)",
        "(665, 133)",
        "(44, 693)",
        "(459, 303)",
        "(133, 529)"
    ],
    "(133, 529)": [
        "(665, 133)",
        "(204, 196)",
        "(685, 102)",
        "(936, 711)",
        "(582, 477)",
        "(834, 746)",
        "(330, 782)",
        "(999, 357)",
        "(850, 2)",
        "(451, 883)",
        "(621, 42)",
        "(845, 870)",
        "(181, 799)",
        "(935, 313)",
        "(935, 357)",
        "(365, 737)",
        "(927, 359)",
        "(708, 146)",
        "(942, 106)",
        "(577, 597)",
        "(223, 245)",
        "(788, 289)",
        "(626, 513)",
        "(481, 936)",
        "(199, 290)",
        "(697, 535)",
        "(71, 631)",
        "(629, 834)",
        "(92, 575)",
        "(335, 614)",
        "(99, 236)",
        "(459, 303)",
        "(967, 312)",
        "(356, 863)",
        "(120, 602)",
        "(130, 251)",
        "(191, 188)",
        "(371, 31)",
        "(664, 275)",
        "(937, 590)",
        "(305, 916)",
        "(793, 772)",
        "(28, 281)",
        "(186, 984)",
        "(13, 596)",
        "(725, 553)"
    ],
    "(664, 275)": [
        "(793, 772)",
        "(179, 23)",
        "(181, 799)",
        "(382, 922)",
        "(98, 120)",
        "(451, 883)",
        "(850, 2)",
        "(199, 290)",
        "(978, 195)",
        "(371, 31)",
        "(629, 834)",
        "(223, 245)",
        "(733, 448)",
        "(753, 617)",
        "(577, 597)",
        "(697, 535)",
        "(578, 703)",
        "(937, 590)",
        "(361, 379)",
        "(845, 870)",
        "(92, 575)",
        "(822, 883)",
        "(465, 378)",
        "(936, 711)",
        "(827, 336)",
        "(464, 36)",
        "(44, 693)",
        "(822, 653)",
        "(459, 303)",
        "(665, 133)",
        "(935, 313)",
        "(99, 236)",
        "(984, 698)",
        "(942, 106)",
        "(755, 26)",
        "(403, 357)",
        "(621, 42)",
        "(725, 553)",
        "(191, 188)",
        "(927, 359)",
        "(335, 614)",
        "(120, 602)",
        "(133, 529)",
        "(26, 780)",
        "(13, 596)",
        "(598, 694)",
        "(204, 196)",
        "(100, 225)"
    ],
    "(577, 597)": [
        "(629, 834)",
        "(755, 26)",
        "(622, 858)",
        "(621, 42)",
        "(850, 2)",
        "(997, 3)",
        "(381, 392)",
        "(978, 195)",
        "(778, 602)",
        "(685, 102)",
        "(451, 883)",
        "(181, 799)",
        "(967, 312)",
        "(204, 196)",
        "(223, 245)",
        "(120, 602)",
        "(827, 336)",
        "(977, 231)",
        "(664, 275)",
        "(133, 529)",
        "(822, 653)",
        "(71, 631)",
        "(822, 883)",
        "(464, 36)",
        "(44, 693)",
        "(92, 575)",
        "(362, 171)",
        "(28, 281)",
        "(725, 553)",
        "(481, 936)",
        "(937, 590)",
        "(100, 225)",
        "(26, 780)",
        "(13, 596)",
        "(364, 127)",
        "(365, 737)",
        "(815, 269)",
        "(89, 393)",
        "(927, 359)",
        "(186, 984)",
        "(99, 236)",
        "(305, 916)",
        "(959, 628)",
        "(984, 698)",
        "(845, 898)",
        "(936, 711)",
        "(665, 133)"
    ],
    "(44, 693)": [
        "(89, 393)",
        "(733, 448)",
        "(822, 653)",
        "(697, 535)",
        "(850, 2)",
        "(578, 703)",
        "(362, 171)",
        "(641, 873)",
        "(256, 783)",
        "(120, 602)",
        "(708, 146)",
        "(26, 780)",
        "(13, 596)",
        "(649, 412)",
        "(626, 513)",
        "(356, 863)",
        "(273, 363)",
        "(822, 883)",
        "(179, 23)",
        "(753, 617)",
        "(577, 597)",
        "(364, 127)",
        "(936, 711)",
        "(130, 251)",
        "(664, 275)",
        "(984, 698)",
        "(873, 327)",
        "(999, 357)",
        "(292, 855)",
        "(381, 392)",
        "(223, 245)",
        "(301, 869)",
        "(305, 916)",
        "(996, 945)",
        "(459, 303)",
        "(725, 553)",
        "(788, 289)",
        "(28, 281)",
        "(967, 312)"
    ],
    "(641, 873)": [
        "(733, 448)",
        "(598, 694)",
        "(44, 693)",
        "(364, 127)",
        "(162, 833)",
        "(873, 327)",
        "(622, 858)",
        "(621, 42)",
        "(191, 188)",
        "(292, 855)",
        "(464, 36)",
        "(199, 290)",
        "(697, 535)",
        "(977, 231)",
        "(223, 245)",
        "(13, 596)",
        "(788, 289)",
        "(708, 146)",
        "(100, 225)",
        "(822, 883)",
        "(834, 746)",
        "(755, 26)",
        "(942, 106)",
        "(936, 711)",
        "(582, 477)",
        "(181, 799)",
        "(665, 133)",
        "(371, 31)",
        "(927, 359)",
        "(753, 617)",
        "(382, 922)",
        "(89, 393)",
        "(578, 703)",
        "(92, 575)",
        "(725, 553)",
        "(778, 602)",
        "(335, 614)",
        "(26, 780)",
        "(850, 2)",
        "(305, 916)"
    ],
    "(778, 602)": [
        "(371, 31)",
        "(162, 833)",
        "(305, 916)",
        "(98, 120)",
        "(92, 575)",
        "(577, 597)",
        "(725, 553)",
        "(788, 289)",
        "(481, 936)",
        "(89, 393)",
        "(451, 883)",
        "(120, 602)",
        "(977, 231)",
        "(301, 869)",
        "(199, 290)",
        "(381, 392)",
        "(28, 281)",
        "(130, 251)",
        "(223, 245)",
        "(186, 984)",
        "(665, 133)",
        "(256, 783)",
        "(753, 617)",
        "(273, 363)",
        "(621, 42)",
        "(793, 772)",
        "(362, 171)",
        "(873, 327)",
        "(99, 236)",
        "(403, 357)",
        "(626, 513)",
        "(361, 379)",
        "(191, 188)",
        "(996, 945)",
        "(936, 711)",
        "(935, 313)",
        "(641, 873)",
        "(459, 303)",
        "(708, 146)",
        "(822, 653)",
        "(292, 855)",
        "(822, 883)"
    ],
    "(356, 863)": [
        "(815, 269)",
        "(179, 23)",
        "(98, 120)",
        "(186, 984)",
        "(626, 513)",
        "(845, 898)",
        "(100, 225)",
        "(301, 869)",
        "(578, 703)",
        "(223, 245)",
        "(834, 746)",
        "(28, 281)",
        "(873, 327)",
        "(330, 782)",
        "(362, 171)",
        "(44, 693)",
        "(645, 524)",
        "(725, 553)",
        "(733, 448)",
        "(822, 883)",
        "(927, 359)",
        "(130, 251)",
        "(181, 799)",
        "(977, 231)",
        "(942, 106)",
        "(204, 196)",
        "(997, 3)",
        "(622, 858)",
        "(256, 783)",
        "(984, 698)",
        "(89, 393)",
        "(335, 614)",
        "(708, 146)",
        "(365, 737)",
        "(697, 535)",
        "(451, 883)",
        "(459, 303)",
        "(464, 36)",
        "(133, 529)",
        "(850, 2)",
        "(13, 596)",
        "(26, 780)",
        "(935, 357)",
        "(649, 412)",
        "(364, 127)",
        "(685, 102)",
        "(564, 799)"
    ],
    "(256, 783)": [
        "(120, 602)",
        "(223, 245)",
        "(13, 596)",
        "(191, 188)",
        "(44, 693)",
        "(665, 133)",
        "(26, 780)",
        "(305, 916)",
        "(371, 31)",
        "(365, 737)",
        "(927, 359)",
        "(788, 289)",
        "(578, 703)",
        "(100, 225)",
        "(629, 834)",
        "(697, 535)",
        "(186, 984)",
        "(381, 392)",
        "(626, 513)",
        "(845, 870)",
        "(464, 36)",
        "(778, 602)",
        "(364, 127)",
        "(481, 936)",
        "(725, 553)",
        "(356, 863)",
        "(753, 617)",
        "(755, 26)",
        "(827, 336)",
        "(685, 102)",
        "(204, 196)",
        "(822, 653)",
        "(622, 858)",
        "(739, 824)",
        "(199, 290)",
        "(99, 236)",
        "(845, 898)",
        "(967, 312)",
        "(330, 782)",
        "(362, 171)",
        "(645, 524)",
        "(403, 357)",
        "(936, 711)",
        "(873, 327)"
    ],
    "(199, 290)": [
        "(685, 102)",
        "(827, 336)",
        "(179, 23)",
        "(664, 275)",
        "(459, 303)",
        "(755, 26)",
        "(959, 628)",
        "(778, 602)",
        "(451, 883)",
        "(26, 780)",
        "(71, 631)",
        "(641, 873)",
        "(186, 984)",
        "(977, 231)",
        "(273, 363)",
        "(629, 834)",
        "(936, 711)",
        "(967, 312)",
        "(301, 869)",
        "(845, 870)",
        "(850, 2)",
        "(191, 188)",
        "(133, 529)",
        "(927, 359)",
        "(649, 412)",
        "(362, 171)",
        "(996, 945)",
        "(330, 782)",
        "(223, 245)",
        "(465, 378)",
        "(739, 824)",
        "(935, 357)",
        "(361, 379)",
        "(793, 772)",
        "(665, 133)",
        "(999, 357)",
        "(256, 783)",
        "(382, 922)",
        "(364, 127)",
        "(697, 535)",
        "(181, 799)",
        "(997, 3)"
    ],
    "(977, 231)": [
        "(665, 133)",
        "(371, 31)",
        "(130, 251)",
        "(92, 575)",
        "(935, 357)",
        "(622, 858)",
        "(959, 628)",
        "(186, 984)",
        "(364, 127)",
        "(335, 614)",
        "(937, 590)",
        "(578, 703)",
        "(778, 602)",
        "(697, 535)",
        "(305, 916)",
        "(577, 597)",
        "(733, 448)",
        "(292, 855)",
        "(641, 873)",
        "(301, 869)",
        "(365, 737)",
        "(199, 290)",
        "(382, 922)",
        "(381, 392)",
        "(356, 863)",
        "(89, 393)",
        "(999, 357)",
        "(204, 196)",
        "(935, 313)",
        "(845, 870)",
        "(179, 23)",
        "(645, 524)",
        "(788, 289)",
        "(362, 171)",
        "(685, 102)",
        "(793, 772)",
        "(26, 780)",
        "(120, 602)",
        "(708, 146)",
        "(997, 3)",
        "(755, 26)",
        "(564, 799)",
        "(273, 363)",
        "(481, 936)",
        "(827, 336)"
    ],
    "(464, 36)": [
        "(71, 631)",
        "(626, 513)",
        "(967, 312)",
        "(381, 392)",
        "(273, 363)",
        "(181, 799)",
        "(191, 188)",
        "(942, 106)",
        "(89, 393)",
        "(937, 590)",
        "(362, 171)",
        "(582, 477)",
        "(935, 313)",
        "(641, 873)",
        "(999, 357)",
        "(577, 597)",
        "(256, 783)",
        "(685, 102)",
        "(130, 251)",
        "(664, 275)",
        "(598, 694)",
        "(845, 870)",
        "(451, 883)",
        "(120, 602)",
        "(481, 936)",
        "(99, 236)",
        "(622, 858)",
        "(100, 225)",
        "(827, 336)",
        "(364, 127)",
        "(305, 916)",
        "(997, 3)",
        "(356, 863)",
        "(371, 31)",
        "(815, 269)",
        "(292, 855)",
        "(204, 196)",
        "(665, 133)",
        "(330, 782)",
        "(186, 984)",
        "(733, 448)",
        "(162, 833)"
    ],
    "(223, 245)": [
        "(403, 357)",
        "(850, 2)",
        "(937, 590)",
        "(256, 783)",
        "(967, 312)",
        "(978, 195)",
        "(582, 477)",
        "(120, 602)",
        "(577, 597)",
        "(733, 448)",
        "(664, 275)",
        "(179, 23)",
        "(356, 863)",
        "(71, 631)",
        "(649, 412)",
        "(130, 251)",
        "(133, 529)",
        "(778, 602)",
        "(292, 855)",
        "(641, 873)",
        "(815, 269)",
        "(364, 127)",
        "(301, 869)",
        "(381, 392)",
        "(793, 772)",
        "(598, 694)",
        "(834, 746)",
        "(997, 3)",
        "(204, 196)",
        "(199, 290)",
        "(162, 833)",
        "(330, 782)",
        "(739, 824)",
        "(28, 281)",
        "(44, 693)",
        "(465, 378)",
        "(629, 834)",
        "(89, 393)",
        "(98, 120)",
        "(335, 614)",
        "(753, 617)",
        "(827, 336)",
        "(984, 698)"
    ],
    "(26, 780)": [
        "(967, 312)",
        "(626, 513)",
        "(685, 102)",
        "(89, 393)",
        "(162, 833)",
        "(403, 357)",
        "(753, 617)",
        "(629, 834)",
        "(256, 783)",
        "(845, 898)",
        "(305, 916)",
        "(44, 693)",
        "(99, 236)",
        "(71, 631)",
        "(100, 225)",
        "(725, 553)",
        "(199, 290)",
        "(793, 772)",
        "(621, 42)",
        "(364, 127)",
        "(665, 133)",
        "(697, 535)",
        "(330, 782)",
        "(815, 269)",
        "(827, 336)",
        "(996, 945)",
        "(273, 363)",
        "(382, 922)",
        "(845, 870)",
        "(28, 281)",
        "(92, 575)",
        "(371, 31)",
        "(850, 2)",
        "(936, 711)",
        "(822, 883)",
        "(577, 597)",
        "(186, 984)",
        "(937, 590)",
        "(649, 412)",
        "(578, 703)",
        "(356, 863)",
        "(465, 378)",
        "(381, 392)",
        "(645, 524)",
        "(977, 231)",
        "(451, 883)",
        "(959, 628)",
        "(664, 275)",
        "(641, 873)",
        "(935, 313)",
        "(708, 146)"
    ],
    "(935, 357)": [
        "(598, 694)",
        "(977, 231)",
        "(845, 870)",
        "(942, 106)",
        "(451, 883)",
        "(978, 195)",
        "(739, 824)",
        "(365, 737)",
        "(834, 746)",
        "(822, 653)",
        "(936, 711)",
        "(130, 251)",
        "(133, 529)",
        "(204, 196)",
        "(845, 898)",
        "(645, 524)",
        "(98, 120)",
        "(997, 3)",
        "(99, 236)",
        "(301, 869)",
        "(186, 984)",
        "(708, 146)",
        "(162, 833)",
        "(996, 945)",
        "(191, 188)",
        "(685, 102)",
        "(199, 290)",
        "(788, 289)",
        "(578, 703)",
        "(330, 782)",
        "(273, 363)",
        "(564, 799)",
        "(621, 42)",
        "(873, 327)",
        "(356, 863)",
        "(850, 2)",
        "(827, 336)",
        "(815, 269)",
        "(459, 303)",
        "(381, 392)",
        "(481, 936)",
        "(371, 31)"
    ],
    "(834, 746)": [
        "(984, 698)",
        "(665, 133)",
        "(827, 336)",
        "(98, 120)",
        "(133, 529)",
        "(935, 357)",
        "(89, 393)",
        "(936, 711)",
        "(99, 236)",
        "(381, 392)",
        "(967, 312)",
        "(356, 863)",
        "(305, 916)",
        "(959, 628)",
        "(71, 631)",
        "(845, 870)",
        "(845, 898)",
        "(850, 2)",
        "(626, 513)",
        "(578, 703)",
        "(403, 357)",
        "(641, 873)",
        "(937, 590)",
        "(685, 102)",
        "(564, 799)",
        "(223, 245)",
        "(697, 535)",
        "(649, 412)",
        "(935, 313)",
        "(365, 737)",
        "(362, 171)",
        "(999, 357)",
        "(162, 833)",
        "(725, 553)",
        "(204, 196)",
        "(179, 23)",
        "(481, 936)",
        "(739, 824)",
        "(708, 146)",
        "(733, 448)",
        "(292, 855)",
        "(755, 26)",
        "(330, 782)"
    ],
    "(459, 303)": [
        "(335, 614)",
        "(330, 782)",
        "(13, 596)",
        "(186, 984)",
        "(645, 524)",
        "(978, 195)",
        "(697, 535)",
        "(199, 290)",
        "(403, 357)",
        "(733, 448)",
        "(578, 703)",
        "(649, 412)",
        "(451, 883)",
        "(179, 23)",
        "(162, 833)",
        "(382, 922)",
        "(292, 855)",
        "(626, 513)",
        "(996, 945)",
        "(936, 711)",
        "(629, 834)",
        "(664, 275)",
        "(361, 379)",
        "(935, 313)",
        "(133, 529)",
        "(967, 312)",
        "(582, 477)",
        "(465, 378)",
        "(356, 863)",
        "(927, 359)",
        "(755, 26)",
        "(850, 2)",
        "(942, 106)",
        "(273, 363)",
        "(28, 281)",
        "(753, 617)",
        "(997, 3)",
        "(778, 602)",
        "(44, 693)",
        "(815, 269)",
        "(622, 858)",
        "(725, 553)",
        "(822, 883)",
        "(301, 869)",
        "(621, 42)",
        "(935, 357)",
        "(99, 236)",
        "(827, 336)"
    ],
    "(451, 883)": [
        "(725, 553)",
        "(822, 883)",
        "(100, 225)",
        "(739, 824)",
        "(362, 171)",
        "(935, 357)",
        "(577, 597)",
        "(186, 984)",
        "(664, 275)",
        "(927, 359)",
        "(181, 799)",
        "(133, 529)",
        "(465, 378)",
        "(578, 703)",
        "(778, 602)",
        "(733, 448)",
        "(199, 290)",
        "(381, 392)",
        "(959, 628)",
        "(629, 834)",
        "(967, 312)",
        "(273, 363)",
        "(459, 303)",
        "(371, 31)",
        "(978, 195)",
        "(621, 42)",
        "(365, 737)",
        "(361, 379)",
        "(822, 653)",
        "(564, 799)",
        "(130, 251)",
        "(204, 196)",
        "(464, 36)",
        "(815, 269)",
        "(626, 513)",
        "(755, 26)",
        "(356, 863)",
        "(645, 524)",
        "(850, 2)",
        "(708, 146)",
        "(26, 780)",
        "(649, 412)",
        "(335, 614)",
        "(845, 870)",
        "(364, 127)",
        "(191, 188)",
        "(873, 327)"
    ],
    "(71, 631)": [
        "(997, 3)",
        "(464, 36)",
        "(937, 590)",
        "(788, 289)",
        "(629, 834)",
        "(292, 855)",
        "(967, 312)",
        "(362, 171)",
        "(26, 780)",
        "(223, 245)",
        "(753, 617)",
        "(199, 290)",
        "(577, 597)",
        "(834, 746)",
        "(92, 575)",
        "(162, 833)",
        "(649, 412)",
        "(564, 799)",
        "(822, 883)",
        "(335, 614)",
        "(364, 127)",
        "(665, 133)",
        "(89, 393)",
        "(733, 448)",
        "(845, 870)",
        "(133, 529)",
        "(100, 225)",
        "(725, 553)",
        "(578, 703)",
        "(130, 251)",
        "(739, 824)",
        "(273, 363)",
        "(582, 477)",
        "(935, 313)",
        "(365, 737)",
        "(793, 772)",
        "(186, 984)",
        "(978, 195)",
        "(685, 102)",
        "(645, 524)",
        "(845, 898)",
        "(98, 120)",
        "(927, 359)"
    ],
    "(645, 524)": [
        "(364, 127)",
        "(120, 602)",
        "(999, 357)",
        "(186, 984)",
        "(459, 303)",
        "(365, 737)",
        "(465, 378)",
        "(725, 553)",
        "(13, 596)",
        "(984, 698)",
        "(822, 653)",
        "(788, 289)",
        "(935, 357)",
        "(92, 575)",
        "(621, 42)",
        "(204, 196)",
        "(942, 106)",
        "(356, 863)",
        "(622, 858)",
        "(978, 195)",
        "(739, 824)",
        "(301, 869)",
        "(850, 2)",
        "(381, 392)",
        "(629, 834)",
        "(582, 477)",
        "(89, 393)",
        "(977, 231)",
        "(598, 694)",
        "(451, 883)",
        "(685, 102)",
        "(273, 363)",
        "(665, 133)",
        "(26, 780)",
        "(130, 251)",
        "(649, 412)",
        "(256, 783)",
        "(71, 631)",
        "(845, 870)",
        "(578, 703)"
    ],
    "(13, 596)": [
        "(733, 448)",
        "(665, 133)",
        "(256, 783)",
        "(788, 289)",
        "(459, 303)",
        "(582, 477)",
        "(28, 281)",
        "(815, 269)",
        "(626, 513)",
        "(999, 357)",
        "(967, 312)",
        "(305, 916)",
        "(645, 524)",
        "(44, 693)",
        "(162, 833)",
        "(755, 26)",
        "(725, 553)",
        "(959, 628)",
        "(191, 188)",
        "(822, 653)",
        "(621, 42)",
        "(273, 363)",
        "(641, 873)",
        "(578, 703)",
        "(685, 102)",
        "(649, 412)",
        "(465, 378)",
        "(403, 357)",
        "(845, 870)",
        "(92, 575)",
        "(130, 251)",
        "(984, 698)",
        "(577, 597)",
        "(827, 336)",
        "(371, 31)",
        "(100, 225)",
        "(927, 359)",
        "(356, 863)",
        "(850, 2)",
        "(996, 945)",
        "(935, 313)",
        "(179, 23)",
        "(664, 275)",
        "(133, 529)",
        "(292, 855)",
        "(936, 711)",
        "(301, 869)"
    ],
    "(708, 146)": [
        "(92, 575)",
        "(753, 617)",
        "(365, 737)",
        "(191, 188)",
        "(845, 898)",
        "(403, 357)",
        "(582, 477)",
        "(89, 393)",
        "(44, 693)",
        "(330, 782)",
        "(822, 653)",
        "(133, 529)",
        "(733, 448)",
        "(564, 799)",
        "(305, 916)",
        "(120, 602)",
        "(641, 873)",
        "(996, 945)",
        "(935, 357)",
        "(936, 711)",
        "(465, 378)",
        "(649, 412)",
        "(978, 195)",
        "(685, 102)",
        "(335, 614)",
        "(578, 703)",
        "(364, 127)",
        "(162, 833)",
        "(942, 106)",
        "(362, 171)",
        "(181, 799)",
        "(356, 863)",
        "(697, 535)",
        "(99, 236)",
        "(98, 120)",
        "(850, 2)",
        "(204, 196)",
        "(451, 883)",
        "(845, 870)",
        "(382, 922)",
        "(977, 231)",
        "(959, 628)",
        "(778, 602)",
        "(621, 42)",
        "(834, 746)",
        "(292, 855)",
        "(26, 780)",
        "(100, 225)"
    ],
    "(665, 133)": [
        "(133, 529)",
        "(977, 231)",
        "(13, 596)",
        "(834, 746)",
        "(978, 195)",
        "(793, 772)",
        "(697, 535)",
        "(997, 3)",
        "(626, 513)",
        "(256, 783)",
        "(685, 102)",
        "(179, 23)",
        "(273, 363)",
        "(371, 31)",
        "(622, 858)",
        "(935, 313)",
        "(381, 392)",
        "(788, 289)",
        "(26, 780)",
        "(822, 653)",
        "(382, 922)",
        "(362, 171)",
        "(778, 602)",
        "(937, 590)",
        "(403, 357)",
        "(361, 379)",
        "(71, 631)",
        "(649, 412)",
        "(621, 42)",
        "(967, 312)",
        "(191, 188)",
        "(301, 869)",
        "(664, 275)",
        "(100, 225)",
        "(28, 281)",
        "(598, 694)",
        "(641, 873)",
        "(199, 290)",
        "(942, 106)",
        "(645, 524)",
        "(130, 251)",
        "(999, 357)",
        "(464, 36)",
        "(725, 553)",
        "(305, 916)",
        "(577, 597)"
    ],
    "(481, 936)": [
        "(827, 336)",
        "(649, 412)",
        "(942, 106)",
        "(778, 602)",
        "(725, 553)",
        "(685, 102)",
        "(98, 120)",
        "(403, 357)",
        "(362, 171)",
        "(999, 357)",
        "(120, 602)",
        "(753, 617)",
        "(978, 195)",
        "(133, 529)",
        "(697, 535)",
        "(788, 289)",
        "(130, 251)",
        "(256, 783)",
        "(578, 703)",
        "(927, 359)",
        "(582, 477)",
        "(330, 782)",
        "(273, 363)",
        "(99, 236)",
        "(967, 312)",
        "(577, 597)",
        "(381, 392)",
        "(815, 269)",
        "(733, 448)",
        "(464, 36)",
        "(89, 393)",
        "(179, 23)",
        "(28, 281)",
        "(996, 945)",
        "(834, 746)",
        "(181, 799)",
        "(621, 42)",
        "(305, 916)",
        "(936, 711)",
        "(793, 772)",
        "(598, 694)",
        "(977, 231)",
        "(365, 737)",
        "(997, 3)",
        "(629, 834)",
        "(361, 379)",
        "(959, 628)",
        "(935, 357)"
    ],
    "(98, 120)": [
        "(927, 359)",
        "(778, 602)",
        "(99, 236)",
        "(204, 196)",
        "(834, 746)",
        "(356, 863)",
        "(92, 575)",
        "(822, 883)",
        "(664, 275)",
        "(382, 922)",
        "(978, 195)",
        "(371, 31)",
        "(827, 336)",
        "(361, 379)",
        "(564, 799)",
        "(481, 936)",
        "(935, 357)",
        "(130, 251)",
        "(364, 127)",
        "(305, 916)",
        "(362, 171)",
        "(937, 590)",
        "(381, 392)",
        "(739, 824)",
        "(626, 513)",
        "(942, 106)",
        "(725, 553)",
        "(996, 945)",
        "(578, 703)",
        "(186, 984)",
        "(788, 289)",
        "(465, 378)",
        "(845, 898)",
        "(708, 146)",
        "(649, 412)",
        "(629, 834)",
        "(999, 357)",
        "(28, 281)",
        "(622, 858)",
        "(181, 799)",
        "(223, 245)",
        "(330, 782)",
        "(71, 631)",
        "(997, 3)",
        "(365, 737)",
        "(936, 711)"
    ],
    "(999, 357)": [
        "(564, 799)",
        "(645, 524)",
        "(181, 799)",
        "(942, 106)",
        "(936, 711)",
        "(335, 614)",
        "(13, 596)",
        "(850, 2)",
        "(133, 529)",
        "(827, 336)",
        "(204, 196)",
        "(996, 945)",
        "(815, 269)",
        "(927, 359)",
        "(382, 922)",
        "(622, 858)",
        "(89, 393)",
        "(788, 289)",
        "(845, 870)",
        "(464, 36)",
        "(100, 225)",
        "(481, 936)",
        "(582, 477)",
        "(621, 42)",
        "(28, 281)",
        "(130, 251)",
        "(685, 102)",
        "(977, 231)",
        "(92, 575)",
        "(697, 535)",
        "(739, 824)",
        "(44, 693)",
        "(292, 855)",
        "(755, 26)",
        "(186, 984)",
        "(834, 746)",
        "(199, 290)",
        "(98, 120)",
        "(364, 127)",
        "(665, 133)",
        "(99, 236)",
        "(365, 737)",
        "(937, 590)",
        "(822, 883)"
    ],
    "(92, 575)": [
        "(708, 146)",
        "(822, 653)",
        "(685, 102)",
        "(977, 231)",
        "(582, 477)",
        "(778, 602)",
        "(697, 535)",
        "(371, 31)",
        "(98, 120)",
        "(191, 188)",
        "(578, 703)",
        "(645, 524)",
        "(621, 42)",
        "(361, 379)",
        "(181, 799)",
        "(71, 631)",
        "(815, 269)",
        "(996, 945)",
        "(664, 275)",
        "(89, 393)",
        "(927, 359)",
        "(179, 23)",
        "(577, 597)",
        "(162, 833)",
        "(788, 289)",
        "(999, 357)",
        "(403, 357)",
        "(26, 780)",
        "(997, 3)",
        "(822, 883)",
        "(873, 327)",
        "(733, 448)",
        "(133, 529)",
        "(13, 596)",
        "(937, 590)",
        "(739, 824)",
        "(204, 196)",
        "(959, 628)",
        "(305, 916)",
        "(364, 127)",
        "(362, 171)",
        "(641, 873)",
        "(301, 869)",
        "(465, 378)",
        "(845, 898)",
        "(753, 617)"
    ],
    "(753, 617)": [
        "(708, 146)",
        "(942, 106)",
        "(822, 883)",
        "(850, 2)",
        "(26, 780)",
        "(788, 289)",
        "(626, 513)",
        "(873, 327)",
        "(935, 313)",
        "(364, 127)",
        "(845, 898)",
        "(664, 275)",
        "(71, 631)",
        "(959, 628)",
        "(984, 698)",
        "(927, 359)",
        "(598, 694)",
        "(179, 23)",
        "(996, 945)",
        "(481, 936)",
        "(44, 693)",
        "(361, 379)",
        "(827, 336)",
        "(622, 858)",
        "(725, 553)",
        "(778, 602)",
        "(256, 783)",
        "(305, 916)",
        "(99, 236)",
        "(641, 873)",
        "(459, 303)",
        "(967, 312)",
        "(381, 392)",
        "(629, 834)",
        "(685, 102)",
        "(335, 614)",
        "(223, 245)",
        "(92, 575)",
        "(978, 195)",
        "(181, 799)"
    ],
    "(927, 359)": [
        "(793, 772)",
        "(98, 120)",
        "(191, 188)",
        "(827, 336)",
        "(451, 883)",
        "(89, 393)",
        "(256, 783)",
        "(621, 42)",
        "(873, 327)",
        "(999, 357)",
        "(133, 529)",
        "(273, 363)",
        "(753, 617)",
        "(356, 863)",
        "(465, 378)",
        "(967, 312)",
        "(92, 575)",
        "(28, 281)",
        "(481, 936)",
        "(335, 614)",
        "(733, 448)",
        "(199, 290)",
        "(739, 824)",
        "(815, 269)",
        "(622, 858)",
        "(186, 984)",
        "(788, 289)",
        "(725, 553)",
        "(382, 922)",
        "(959, 628)",
        "(459, 303)",
        "(641, 873)",
        "(13, 596)",
        "(664, 275)",
        "(577, 597)",
        "(330, 782)",
        "(371, 31)",
        "(996, 945)",
        "(629, 834)",
        "(71, 631)"
    ],
    "(89, 393)": [
        "(44, 693)",
        "(598, 694)",
        "(26, 780)",
        "(942, 106)",
        "(984, 698)",
        "(361, 379)",
        "(937, 590)",
        "(708, 146)",
        "(927, 359)",
        "(778, 602)",
        "(822, 883)",
        "(100, 225)",
        "(28, 281)",
        "(834, 746)",
        "(873, 327)",
        "(685, 102)",
        "(464, 36)",
        "(292, 855)",
        "(997, 3)",
        "(181, 799)",
        "(967, 312)",
        "(999, 357)",
        "(465, 378)",
        "(793, 772)",
        "(305, 916)",
        "(935, 313)",
        "(92, 575)",
        "(71, 631)",
        "(977, 231)",
        "(120, 602)",
        "(204, 196)",
        "(335, 614)",
        "(481, 936)",
        "(755, 26)",
        "(356, 863)",
        "(365, 737)",
        "(362, 171)",
        "(645, 524)",
        "(621, 42)",
        "(191, 188)",
        "(186, 984)",
        "(996, 945)",
        "(641, 873)",
        "(577, 597)",
        "(223, 245)",
        "(622, 858)",
        "(371, 31)",
        "(629, 834)"
    ],
    "(649, 412)": [
        "(564, 799)",
        "(598, 694)",
        "(381, 392)",
        "(978, 195)",
        "(685, 102)",
        "(481, 936)",
        "(305, 916)",
        "(984, 698)",
        "(44, 693)",
        "(204, 196)",
        "(622, 858)",
        "(223, 245)",
        "(382, 922)",
        "(459, 303)",
        "(120, 602)",
        "(942, 106)",
        "(845, 898)",
        "(71, 631)",
        "(629, 834)",
        "(186, 984)",
        "(28, 281)",
        "(292, 855)",
        "(365, 737)",
        "(13, 596)",
        "(708, 146)",
        "(739, 824)",
        "(665, 133)",
        "(815, 269)",
        "(100, 225)",
        "(181, 799)",
        "(937, 590)",
        "(199, 290)",
        "(834, 746)",
        "(578, 703)",
        "(364, 127)",
        "(191, 188)",
        "(98, 120)",
        "(99, 236)",
        "(26, 780)",
        "(996, 945)",
        "(936, 711)",
        "(451, 883)",
        "(645, 524)",
        "(997, 3)",
        "(356, 863)",
        "(959, 628)",
        "(621, 42)",
        "(465, 378)"
    ],
    "(365, 737)": [
        "(793, 772)",
        "(845, 870)",
        "(708, 146)",
        "(292, 855)",
        "(739, 824)",
        "(645, 524)",
        "(256, 783)",
        "(364, 127)",
        "(935, 357)",
        "(403, 357)",
        "(465, 378)",
        "(191, 188)",
        "(626, 513)",
        "(133, 529)",
        "(330, 782)",
        "(100, 225)",
        "(977, 231)",
        "(996, 945)",
        "(685, 102)",
        "(130, 251)",
        "(649, 412)",
        "(845, 898)",
        "(451, 883)",
        "(822, 653)",
        "(725, 553)",
        "(361, 379)",
        "(382, 922)",
        "(978, 195)",
        "(834, 746)",
        "(89, 393)",
        "(935, 313)",
        "(356, 863)",
        "(362, 171)",
        "(621, 42)",
        "(381, 392)",
        "(181, 799)",
        "(577, 597)",
        "(873, 327)",
        "(733, 448)",
        "(697, 535)",
        "(71, 631)",
        "(936, 711)",
        "(204, 196)",
        "(999, 357)",
        "(629, 834)",
        "(755, 26)",
        "(481, 936)",
        "(98, 120)",
        "(578, 703)",
        "(186, 984)"
    ],
    "(942, 106)": [
        "(822, 883)",
        "(997, 3)",
        "(753, 617)",
        "(935, 357)",
        "(999, 357)",
        "(959, 628)",
        "(89, 393)",
        "(186, 984)",
        "(179, 23)",
        "(481, 936)",
        "(629, 834)",
        "(845, 870)",
        "(130, 251)",
        "(827, 336)",
        "(464, 36)",
        "(622, 858)",
        "(133, 529)",
        "(645, 524)",
        "(99, 236)",
        "(564, 799)",
        "(649, 412)",
        "(162, 833)",
        "(822, 653)",
        "(305, 916)",
        "(356, 863)",
        "(361, 379)",
        "(98, 120)",
        "(292, 855)",
        "(641, 873)",
        "(708, 146)",
        "(725, 553)",
        "(626, 513)",
        "(273, 363)",
        "(465, 378)",
        "(664, 275)",
        "(936, 711)",
        "(665, 133)",
        "(984, 698)",
        "(459, 303)",
        "(335, 614)",
        "(582, 477)",
        "(788, 289)",
        "(845, 898)",
        "(815, 269)",
        "(967, 312)",
        "(28, 281)"
    ],
    "(755, 26)": [
        "(577, 597)",
        "(822, 883)",
        "(100, 225)",
        "(739, 824)",
        "(873, 327)",
        "(199, 290)",
        "(273, 363)",
        "(13, 596)",
        "(827, 336)",
        "(292, 855)",
        "(335, 614)",
        "(815, 269)",
        "(403, 357)",
        "(936, 711)",
        "(822, 653)",
        "(793, 772)",
        "(641, 873)",
        "(256, 783)",
        "(28, 281)",
        "(89, 393)",
        "(626, 513)",
        "(999, 357)",
        "(978, 195)",
        "(451, 883)",
        "(622, 858)",
        "(301, 869)",
        "(664, 275)",
        "(459, 303)",
        "(977, 231)",
        "(191, 188)",
        "(845, 898)",
        "(365, 737)",
        "(564, 799)",
        "(959, 628)",
        "(967, 312)",
        "(834, 746)",
        "(130, 251)",
        "(381, 392)",
        "(598, 694)"
    ],
    "(130, 251)": [
        "(977, 231)",
        "(305, 916)",
        "(465, 378)",
        "(937, 590)",
        "(629, 834)",
        "(845, 870)",
        "(942, 106)",
        "(935, 357)",
        "(626, 513)",
        "(621, 42)",
        "(98, 120)",
        "(223, 245)",
        "(778, 602)",
        "(845, 898)",
        "(356, 863)",
        "(191, 188)",
        "(936, 711)",
        "(815, 269)",
        "(365, 737)",
        "(984, 698)",
        "(967, 312)",
        "(978, 195)",
        "(481, 936)",
        "(999, 357)",
        "(564, 799)",
        "(464, 36)",
        "(451, 883)",
        "(44, 693)",
        "(273, 363)",
        "(335, 614)",
        "(578, 703)",
        "(362, 171)",
        "(822, 883)",
        "(13, 596)",
        "(301, 869)",
        "(71, 631)",
        "(381, 392)",
        "(582, 477)",
        "(120, 602)",
        "(364, 127)",
        "(133, 529)",
        "(739, 824)",
        "(665, 133)",
        "(645, 524)",
        "(292, 855)",
        "(371, 31)",
        "(755, 26)"
    ],
    "(204, 196)": [
        "(100, 225)",
        "(133, 529)",
        "(98, 120)",
        "(626, 513)",
        "(99, 236)",
        "(793, 772)",
        "(999, 357)",
        "(577, 597)",
        "(649, 412)",
        "(935, 357)",
        "(937, 590)",
        "(598, 694)",
        "(645, 524)",
        "(845, 870)",
        "(382, 922)",
        "(120, 602)",
        "(356, 863)",
        "(936, 711)",
        "(186, 984)",
        "(335, 614)",
        "(578, 703)",
        "(451, 883)",
        "(89, 393)",
        "(223, 245)",
        "(978, 195)",
        "(362, 171)",
        "(977, 231)",
        "(256, 783)",
        "(996, 945)",
        "(381, 392)",
        "(92, 575)",
        "(834, 746)",
        "(371, 31)",
        "(708, 146)",
        "(464, 36)",
        "(827, 336)",
        "(365, 737)",
        "(305, 916)",
        "(330, 782)",
        "(664, 275)",
        "(364, 127)"
    ],
    "(582, 477)": [
        "(92, 575)",
        "(845, 870)",
        "(13, 596)",
        "(708, 146)",
        "(133, 529)",
        "(793, 772)",
        "(223, 245)",
        "(305, 916)",
        "(464, 36)",
        "(273, 363)",
        "(578, 703)",
        "(697, 535)",
        "(362, 171)",
        "(629, 834)",
        "(999, 357)",
        "(100, 225)",
        "(733, 448)",
        "(335, 614)",
        "(364, 127)",
        "(99, 236)",
        "(481, 936)",
        "(959, 628)",
        "(28, 281)",
        "(382, 922)",
        "(984, 698)",
        "(641, 873)",
        "(739, 824)",
        "(645, 524)",
        "(292, 855)",
        "(459, 303)",
        "(186, 984)",
        "(935, 313)",
        "(130, 251)",
        "(181, 799)",
        "(850, 2)",
        "(71, 631)",
        "(942, 106)",
        "(822, 883)",
        "(191, 188)",
        "(967, 312)",
        "(873, 327)",
        "(179, 23)",
        "(622, 858)",
        "(685, 102)"
    ],
    "(305, 916)": [
        "(621, 42)",
        "(778, 602)",
        "(733, 448)",
        "(335, 614)",
        "(937, 590)",
        "(130, 251)",
        "(739, 824)",
        "(256, 783)",
        "(649, 412)",
        "(26, 780)",
        "(13, 596)",
        "(564, 799)",
        "(582, 477)",
        "(99, 236)",
        "(978, 195)",
        "(292, 855)",
        "(977, 231)",
        "(181, 799)",
        "(186, 984)",
        "(834, 746)",
        "(381, 392)",
        "(98, 120)",
        "(708, 146)",
        "(622, 858)",
        "(364, 127)",
        "(629, 834)",
        "(89, 393)",
        "(403, 357)",
        "(725, 553)",
        "(28, 281)",
        "(942, 106)",
        "(788, 289)",
        "(753, 617)",
        "(793, 772)",
        "(845, 898)",
        "(464, 36)",
        "(827, 336)",
        "(967, 312)",
        "(92, 575)",
        "(481, 936)",
        "(996, 945)",
        "(44, 693)",
        "(665, 133)",
        "(577, 597)",
        "(133, 529)",
        "(361, 379)",
        "(204, 196)",
        "(465, 378)",
        "(179, 23)",
        "(641, 873)"
    ],
    "(984, 698)": [
        "(935, 313)",
        "(834, 746)",
        "(89, 393)",
        "(997, 3)",
        "(120, 602)",
        "(179, 23)",
        "(649, 412)",
        "(465, 378)",
        "(99, 236)",
        "(626, 513)",
        "(645, 524)",
        "(191, 188)",
        "(564, 799)",
        "(753, 617)",
        "(130, 251)",
        "(873, 327)",
        "(371, 31)",
        "(622, 858)",
        "(44, 693)",
        "(582, 477)",
        "(356, 863)",
        "(815, 269)",
        "(967, 312)",
        "(936, 711)",
        "(685, 102)",
        "(13, 596)",
        "(664, 275)",
        "(959, 628)",
        "(942, 106)",
        "(733, 448)",
        "(364, 127)",
        "(739, 824)",
        "(577, 597)",
        "(793, 772)",
        "(845, 870)",
        "(621, 42)",
        "(697, 535)",
        "(223, 245)"
    ],
    "(162, 833)": [
        "(778, 602)",
        "(936, 711)",
        "(26, 780)",
        "(725, 553)",
        "(873, 327)",
        "(641, 873)",
        "(822, 653)",
        "(788, 289)",
        "(13, 596)",
        "(191, 188)",
        "(362, 171)",
        "(71, 631)",
        "(942, 106)",
        "(578, 703)",
        "(459, 303)",
        "(935, 357)",
        "(92, 575)",
        "(335, 614)",
        "(120, 602)",
        "(935, 313)",
        "(708, 146)",
        "(845, 898)",
        "(223, 245)",
        "(181, 799)",
        "(273, 363)",
        "(28, 281)",
        "(834, 746)",
        "(99, 236)",
        "(978, 195)",
        "(815, 269)",
        "(364, 127)",
        "(301, 869)",
        "(697, 535)",
        "(464, 36)"
    ],
    "(179, 23)": [
        "(664, 275)",
        "(578, 703)",
        "(356, 863)",
        "(382, 922)",
        "(685, 102)",
        "(199, 290)",
        "(942, 106)",
        "(873, 327)",
        "(984, 698)",
        "(739, 824)",
        "(665, 133)",
        "(997, 3)",
        "(223, 245)",
        "(697, 535)",
        "(371, 31)",
        "(459, 303)",
        "(28, 281)",
        "(850, 2)",
        "(753, 617)",
        "(44, 693)",
        "(362, 171)",
        "(92, 575)",
        "(626, 513)",
        "(621, 42)",
        "(845, 870)",
        "(937, 590)",
        "(935, 313)",
        "(967, 312)",
        "(481, 936)",
        "(120, 602)",
        "(977, 231)",
        "(822, 883)",
        "(465, 378)",
        "(364, 127)",
        "(834, 746)",
        "(191, 188)",
        "(598, 694)",
        "(815, 269)",
        "(292, 855)",
        "(13, 596)",
        "(582, 477)",
        "(733, 448)",
        "(273, 363)",
        "(186, 984)",
        "(305, 916)"
    ],
    "(622, 858)": [
        "(788, 289)",
        "(577, 597)",
        "(371, 31)",
        "(977, 231)",
        "(100, 225)",
        "(361, 379)",
        "(629, 834)",
        "(845, 898)",
        "(292, 855)",
        "(793, 772)",
        "(641, 873)",
        "(598, 694)",
        "(649, 412)",
        "(665, 133)",
        "(942, 106)",
        "(725, 553)",
        "(301, 869)",
        "(999, 357)",
        "(305, 916)",
        "(645, 524)",
        "(996, 945)",
        "(733, 448)",
        "(564, 799)",
        "(739, 824)",
        "(753, 617)",
        "(937, 590)",
        "(99, 236)",
        "(984, 698)",
        "(997, 3)",
        "(356, 863)",
        "(827, 336)",
        "(936, 711)",
        "(927, 359)",
        "(335, 614)",
        "(464, 36)",
        "(256, 783)",
        "(186, 984)",
        "(28, 281)",
        "(755, 26)",
        "(191, 188)",
        "(935, 313)",
        "(626, 513)",
        "(98, 120)",
        "(89, 393)",
        "(465, 378)",
        "(621, 42)",
        "(459, 303)",
        "(381, 392)",
        "(582, 477)"
    ],
    "(739, 824)": [
        "(99, 236)",
        "(451, 883)",
        "(733, 448)",
        "(755, 26)",
        "(978, 195)",
        "(365, 737)",
        "(935, 357)",
        "(305, 916)",
        "(179, 23)",
        "(273, 363)",
        "(364, 127)",
        "(100, 225)",
        "(815, 269)",
        "(873, 327)",
        "(685, 102)",
        "(98, 120)",
        "(181, 799)",
        "(645, 524)",
        "(622, 858)",
        "(649, 412)",
        "(626, 513)",
        "(28, 281)",
        "(629, 834)",
        "(186, 984)",
        "(927, 359)",
        "(361, 379)",
        "(582, 477)",
        "(999, 357)",
        "(199, 290)",
        "(564, 799)",
        "(92, 575)",
        "(256, 783)",
        "(223, 245)",
        "(71, 631)",
        "(937, 590)",
        "(834, 746)",
        "(130, 251)",
        "(382, 922)",
        "(793, 772)",
        "(984, 698)"
    ],
    "(465, 378)": [
        "(978, 195)",
        "(996, 945)",
        "(793, 772)",
        "(130, 251)",
        "(697, 535)",
        "(645, 524)",
        "(181, 799)",
        "(99, 236)",
        "(984, 698)",
        "(451, 883)",
        "(873, 327)",
        "(365, 737)",
        "(273, 363)",
        "(936, 711)",
        "(89, 393)",
        "(850, 2)",
        "(362, 171)",
        "(822, 883)",
        "(927, 359)",
        "(100, 225)",
        "(664, 275)",
        "(708, 146)",
        "(997, 3)",
        "(13, 596)",
        "(186, 984)",
        "(199, 290)",
        "(191, 188)",
        "(937, 590)",
        "(98, 120)",
        "(459, 303)",
        "(959, 628)",
        "(942, 106)",
        "(292, 855)",
        "(179, 23)",
        "(827, 336)",
        "(223, 245)",
        "(26, 780)",
        "(335, 614)",
        "(330, 782)",
        "(622, 858)",
        "(120, 602)",
        "(626, 513)",
        "(305, 916)",
        "(92, 575)",
        "(685, 102)",
        "(649, 412)",
        "(382, 922)"
    ],
    "(997, 3)": [
        "(942, 106)",
        "(71, 631)",
        "(598, 694)",
        "(577, 597)",
        "(665, 133)",
        "(28, 281)",
        "(984, 698)",
        "(733, 448)",
        "(827, 336)",
        "(179, 23)",
        "(330, 782)",
        "(382, 922)",
        "(935, 357)",
        "(822, 653)",
        "(89, 393)",
        "(845, 898)",
        "(629, 834)",
        "(959, 628)",
        "(364, 127)",
        "(381, 392)",
        "(822, 883)",
        "(356, 863)",
        "(622, 858)",
        "(92, 575)",
        "(815, 269)",
        "(465, 378)",
        "(223, 245)",
        "(335, 614)",
        "(850, 2)",
        "(978, 195)",
        "(464, 36)",
        "(578, 703)",
        "(186, 984)",
        "(725, 553)",
        "(845, 870)",
        "(459, 303)",
        "(649, 412)",
        "(626, 513)",
        "(977, 231)",
        "(936, 711)",
        "(98, 120)",
        "(199, 290)",
        "(481, 936)"
    ],
    "(330, 782)": [
        "(381, 392)",
        "(822, 883)",
        "(621, 42)",
        "(364, 127)",
        "(827, 336)",
        "(873, 327)",
        "(578, 703)",
        "(301, 869)",
        "(459, 303)",
        "(967, 312)",
        "(120, 602)",
        "(133, 529)",
        "(564, 799)",
        "(292, 855)",
        "(997, 3)",
        "(708, 146)",
        "(356, 863)",
        "(365, 737)",
        "(788, 289)",
        "(26, 780)",
        "(371, 31)",
        "(481, 936)",
        "(199, 290)",
        "(362, 171)",
        "(223, 245)",
        "(937, 590)",
        "(935, 357)",
        "(598, 694)",
        "(186, 984)",
        "(927, 359)",
        "(256, 783)",
        "(465, 378)",
        "(959, 628)",
        "(845, 870)",
        "(464, 36)",
        "(98, 120)",
        "(204, 196)",
        "(273, 363)",
        "(834, 746)"
    ],
    "(793, 772)": [
        "(664, 275)",
        "(927, 359)",
        "(365, 737)",
        "(665, 133)",
        "(827, 336)",
        "(465, 378)",
        "(204, 196)",
        "(28, 281)",
        "(582, 477)",
        "(622, 858)",
        "(815, 269)",
        "(364, 127)",
        "(26, 780)",
        "(89, 393)",
        "(959, 628)",
        "(629, 834)",
        "(578, 703)",
        "(361, 379)",
        "(845, 898)",
        "(685, 102)",
        "(697, 535)",
        "(186, 984)",
        "(755, 26)",
        "(778, 602)",
        "(223, 245)",
        "(822, 883)",
        "(99, 236)",
        "(305, 916)",
        "(403, 357)",
        "(199, 290)",
        "(822, 653)",
        "(977, 231)",
        "(100, 225)",
        "(191, 188)",
        "(739, 824)",
        "(71, 631)",
        "(788, 289)",
        "(481, 936)",
        "(133, 529)",
        "(984, 698)"
    ],
    "(362, 171)": [
        "(451, 883)",
        "(44, 693)",
        "(978, 195)",
        "(967, 312)",
        "(578, 703)",
        "(71, 631)",
        "(464, 36)",
        "(873, 327)",
        "(356, 863)",
        "(725, 553)",
        "(481, 936)",
        "(162, 833)",
        "(564, 799)",
        "(582, 477)",
        "(98, 120)",
        "(465, 378)",
        "(665, 133)",
        "(99, 236)",
        "(179, 23)",
        "(850, 2)",
        "(186, 984)",
        "(577, 597)",
        "(845, 870)",
        "(120, 602)",
        "(403, 357)",
        "(778, 602)",
        "(708, 146)",
        "(199, 290)",
        "(364, 127)",
        "(181, 799)",
        "(204, 196)",
        "(130, 251)",
        "(89, 393)",
        "(330, 782)",
        "(365, 737)",
        "(834, 746)",
        "(845, 898)",
        "(977, 231)",
        "(959, 628)",
        "(100, 225)",
        "(92, 575)",
        "(733, 448)",
        "(256, 783)",
        "(371, 31)",
        "(788, 289)",
        "(629, 834)"
    ],
    "(697, 535)": [
        "(725, 553)",
        "(44, 693)",
        "(685, 102)",
        "(292, 855)",
        "(92, 575)",
        "(120, 602)",
        "(665, 133)",
        "(845, 870)",
        "(465, 378)",
        "(935, 313)",
        "(459, 303)",
        "(621, 42)",
        "(977, 231)",
        "(381, 392)",
        "(179, 23)",
        "(664, 275)",
        "(256, 783)",
        "(641, 873)",
        "(582, 477)",
        "(598, 694)",
        "(26, 780)",
        "(788, 289)",
        "(481, 936)",
        "(793, 772)",
        "(133, 529)",
        "(834, 746)",
        "(100, 225)",
        "(578, 703)",
        "(999, 357)",
        "(301, 869)",
        "(186, 984)",
        "(335, 614)",
        "(356, 863)",
        "(403, 357)",
        "(708, 146)",
        "(28, 281)",
        "(99, 236)",
        "(996, 945)",
        "(199, 290)",
        "(365, 737)",
        "(822, 653)",
        "(273, 363)",
        "(845, 898)",
        "(936, 711)",
        "(162, 833)",
        "(984, 698)",
        "(850, 2)",
        "(361, 379)"
    ],
    "(181, 799)": [
        "(999, 357)",
        "(664, 275)",
        "(873, 327)",
        "(99, 236)",
        "(465, 378)",
        "(577, 597)",
        "(120, 602)",
        "(451, 883)",
        "(292, 855)",
        "(133, 529)",
        "(464, 36)",
        "(305, 916)",
        "(371, 31)",
        "(578, 703)",
        "(381, 392)",
        "(89, 393)",
        "(92, 575)",
        "(850, 2)",
        "(822, 883)",
        "(356, 863)",
        "(739, 824)",
        "(967, 312)",
        "(936, 711)",
        "(685, 102)",
        "(335, 614)",
        "(649, 412)",
        "(362, 171)",
        "(708, 146)",
        "(641, 873)",
        "(162, 833)",
        "(621, 42)",
        "(733, 448)",
        "(815, 269)",
        "(582, 477)",
        "(365, 737)",
        "(481, 936)",
        "(626, 513)",
        "(199, 290)",
        "(98, 120)",
        "(822, 653)",
        "(753, 617)"
    ],
    "(827, 336)": [
        "(481, 936)",
        "(330, 782)",
        "(199, 290)",
        "(793, 772)",
        "(834, 746)",
        "(725, 553)",
        "(273, 363)",
        "(98, 120)",
        "(927, 359)",
        "(999, 357)",
        "(997, 3)",
        "(577, 597)",
        "(942, 106)",
        "(755, 26)",
        "(364, 127)",
        "(26, 780)",
        "(753, 617)",
        "(335, 614)",
        "(664, 275)",
        "(621, 42)",
        "(845, 870)",
        "(622, 858)",
        "(685, 102)",
        "(256, 783)",
        "(564, 799)",
        "(292, 855)",
        "(99, 236)",
        "(978, 195)",
        "(464, 36)",
        "(13, 596)",
        "(626, 513)",
        "(305, 916)",
        "(815, 269)",
        "(465, 378)",
        "(598, 694)",
        "(822, 653)",
        "(204, 196)",
        "(935, 357)",
        "(936, 711)",
        "(977, 231)",
        "(937, 590)",
        "(223, 245)",
        "(459, 303)"
    ],
    "(967, 312)": [
        "(26, 780)",
        "(996, 945)",
        "(223, 245)",
        "(371, 31)",
        "(120, 602)",
        "(330, 782)",
        "(464, 36)",
        "(873, 327)",
        "(577, 597)",
        "(362, 171)",
        "(13, 596)",
        "(71, 631)",
        "(834, 746)",
        "(959, 628)",
        "(89, 393)",
        "(403, 357)",
        "(451, 883)",
        "(935, 313)",
        "(381, 392)",
        "(788, 289)",
        "(578, 703)",
        "(927, 359)",
        "(199, 290)",
        "(130, 251)",
        "(181, 799)",
        "(273, 363)",
        "(382, 922)",
        "(845, 870)",
        "(685, 102)",
        "(481, 936)",
        "(937, 590)",
        "(665, 133)",
        "(984, 698)",
        "(179, 23)",
        "(459, 303)",
        "(301, 869)",
        "(133, 529)",
        "(305, 916)",
        "(256, 783)",
        "(753, 617)",
        "(582, 477)",
        "(936, 711)",
        "(942, 106)",
        "(44, 693)",
        "(755, 26)",
        "(845, 898)"
    ],
    "(937, 590)": [
        "(223, 245)",
        "(71, 631)",
        "(305, 916)",
        "(845, 870)",
        "(130, 251)",
        "(89, 393)",
        "(371, 31)",
        "(977, 231)",
        "(685, 102)",
        "(626, 513)",
        "(464, 36)",
        "(204, 196)",
        "(850, 2)",
        "(788, 289)",
        "(664, 275)",
        "(98, 120)",
        "(564, 799)",
        "(873, 327)",
        "(186, 984)",
        "(822, 883)",
        "(191, 188)",
        "(665, 133)",
        "(292, 855)",
        "(815, 269)",
        "(100, 225)",
        "(301, 869)",
        "(622, 858)",
        "(834, 746)",
        "(335, 614)",
        "(967, 312)",
        "(649, 412)",
        "(179, 23)",
        "(361, 379)",
        "(577, 597)",
        "(92, 575)",
        "(465, 378)",
        "(959, 628)",
        "(330, 782)",
        "(26, 780)",
        "(739, 824)",
        "(28, 281)",
        "(133, 529)",
        "(621, 42)",
        "(403, 357)",
        "(822, 653)",
        "(827, 336)",
        "(999, 357)"
    ],
    "(335, 614)": [
        "(459, 303)",
        "(305, 916)",
        "(999, 357)",
        "(120, 602)",
        "(978, 195)",
        "(996, 945)",
        "(977, 231)",
        "(364, 127)",
        "(381, 392)",
        "(629, 834)",
        "(598, 694)",
        "(755, 26)",
        "(371, 31)",
        "(100, 225)",
        "(685, 102)",
        "(582, 477)",
        "(71, 631)",
        "(99, 236)",
        "(827, 336)",
        "(626, 513)",
        "(162, 833)",
        "(191, 188)",
        "(927, 359)",
        "(708, 146)",
        "(204, 196)",
        "(181, 799)",
        "(937, 590)",
        "(936, 711)",
        "(89, 393)",
        "(133, 529)",
        "(130, 251)",
        "(622, 858)",
        "(822, 883)",
        "(697, 535)",
        "(356, 863)",
        "(997, 3)",
        "(845, 870)",
        "(845, 898)",
        "(403, 357)",
        "(725, 553)",
        "(942, 106)",
        "(664, 275)",
        "(788, 289)",
        "(465, 378)",
        "(451, 883)",
        "(641, 873)",
        "(223, 245)",
        "(564, 799)",
        "(578, 703)",
        "(753, 617)"
    ],
    "(845, 898)": [
        "(708, 146)",
        "(725, 553)",
        "(364, 127)",
        "(822, 653)",
        "(26, 780)",
        "(403, 357)",
        "(382, 922)",
        "(622, 858)",
        "(356, 863)",
        "(978, 195)",
        "(935, 357)",
        "(753, 617)",
        "(997, 3)",
        "(130, 251)",
        "(936, 711)",
        "(834, 746)",
        "(649, 412)",
        "(822, 883)",
        "(788, 289)",
        "(793, 772)",
        "(365, 737)",
        "(301, 869)",
        "(100, 225)",
        "(162, 833)",
        "(305, 916)",
        "(98, 120)",
        "(362, 171)",
        "(335, 614)",
        "(256, 783)",
        "(578, 703)",
        "(942, 106)",
        "(697, 535)",
        "(755, 26)",
        "(71, 631)",
        "(850, 2)",
        "(186, 984)",
        "(92, 575)",
        "(577, 597)",
        "(967, 312)"
    ],
    "(815, 269)": [
        "(788, 289)",
        "(356, 863)",
        "(13, 596)",
        "(822, 883)",
        "(978, 195)",
        "(578, 703)",
        "(685, 102)",
        "(999, 357)",
        "(793, 772)",
        "(739, 824)",
        "(621, 42)",
        "(822, 653)",
        "(120, 602)",
        "(403, 357)",
        "(223, 245)",
        "(755, 26)",
        "(26, 780)",
        "(92, 575)",
        "(130, 251)",
        "(361, 379)",
        "(937, 590)",
        "(649, 412)",
        "(959, 628)",
        "(273, 363)",
        "(99, 236)",
        "(997, 3)",
        "(927, 359)",
        "(984, 698)",
        "(629, 834)",
        "(481, 936)",
        "(364, 127)",
        "(725, 553)",
        "(451, 883)",
        "(382, 922)",
        "(827, 336)",
        "(181, 799)",
        "(162, 833)",
        "(464, 36)",
        "(996, 945)",
        "(577, 597)",
        "(626, 513)",
        "(179, 23)",
        "(942, 106)",
        "(459, 303)",
        "(381, 392)",
        "(935, 357)"
    ],
    "(273, 363)": [
        "(621, 42)",
        "(827, 336)",
        "(191, 188)",
        "(935, 313)",
        "(464, 36)",
        "(665, 133)",
        "(739, 824)",
        "(755, 26)",
        "(382, 922)",
        "(465, 378)",
        "(927, 359)",
        "(582, 477)",
        "(44, 693)",
        "(978, 195)",
        "(451, 883)",
        "(13, 596)",
        "(685, 102)",
        "(199, 290)",
        "(361, 379)",
        "(26, 780)",
        "(99, 236)",
        "(967, 312)",
        "(481, 936)",
        "(778, 602)",
        "(815, 269)",
        "(130, 251)",
        "(942, 106)",
        "(850, 2)",
        "(364, 127)",
        "(381, 392)",
        "(162, 833)",
        "(578, 703)",
        "(645, 524)",
        "(120, 602)",
        "(71, 631)",
        "(459, 303)",
        "(935, 357)",
        "(28, 281)",
        "(186, 984)",
        "(629, 834)",
        "(697, 535)",
        "(977, 231)",
        "(179, 23)",
        "(403, 357)",
        "(100, 225)",
        "(330, 782)"
    ],
    "(99, 236)": [
        "(292, 855)",
        "(98, 120)",
        "(361, 379)",
        "(739, 824)",
        "(181, 799)",
        "(204, 196)",
        "(578, 703)",
        "(822, 653)",
        "(465, 378)",
        "(984, 698)",
        "(28, 281)",
        "(26, 780)",
        "(305, 916)",
        "(834, 746)",
        "(935, 357)",
        "(382, 922)",
        "(942, 106)",
        "(629, 834)",
        "(273, 363)",
        "(362, 171)",
        "(582, 477)",
        "(335, 614)",
        "(850, 2)",
        "(120, 602)",
        "(622, 858)",
        "(481, 936)",
        "(815, 269)",
        "(778, 602)",
        "(403, 357)",
        "(822, 883)",
        "(464, 36)",
        "(793, 772)",
        "(301, 869)",
        "(827, 336)",
        "(133, 529)",
        "(621, 42)",
        "(664, 275)",
        "(708, 146)",
        "(649, 412)",
        "(697, 535)",
        "(162, 833)",
        "(256, 783)",
        "(685, 102)",
        "(753, 617)",
        "(999, 357)",
        "(577, 597)",
        "(959, 628)",
        "(459, 303)",
        "(100, 225)"
    ],
    "(626, 513)": [
        "(26, 780)",
        "(464, 36)",
        "(204, 196)",
        "(665, 133)",
        "(13, 596)",
        "(361, 379)",
        "(753, 617)",
        "(935, 313)",
        "(356, 863)",
        "(984, 698)",
        "(130, 251)",
        "(937, 590)",
        "(365, 737)",
        "(788, 289)",
        "(44, 693)",
        "(256, 783)",
        "(564, 799)",
        "(133, 529)",
        "(834, 746)",
        "(685, 102)",
        "(98, 120)",
        "(335, 614)",
        "(100, 225)",
        "(179, 23)",
        "(739, 824)",
        "(28, 281)",
        "(459, 303)",
        "(942, 106)",
        "(755, 26)",
        "(778, 602)",
        "(578, 703)",
        "(451, 883)",
        "(827, 336)",
        "(873, 327)",
        "(622, 858)",
        "(815, 269)",
        "(181, 799)",
        "(997, 3)",
        "(381, 392)",
        "(465, 378)",
        "(822, 653)",
        "(996, 945)"
    ],
    "(120, 602)": [
        "(256, 783)",
        "(645, 524)",
        "(959, 628)",
        "(967, 312)",
        "(697, 535)",
        "(186, 984)",
        "(335, 614)",
        "(330, 782)",
        "(181, 799)",
        "(984, 698)",
        "(44, 693)",
        "(223, 245)",
        "(778, 602)",
        "(577, 597)",
        "(621, 42)",
        "(361, 379)",
        "(371, 31)",
        "(629, 834)",
        "(649, 412)",
        "(815, 269)",
        "(708, 146)",
        "(481, 936)",
        "(403, 357)",
        "(204, 196)",
        "(788, 289)",
        "(191, 188)",
        "(99, 236)",
        "(162, 833)",
        "(362, 171)",
        "(89, 393)",
        "(464, 36)",
        "(822, 883)",
        "(996, 945)",
        "(564, 799)",
        "(873, 327)",
        "(179, 23)",
        "(936, 711)",
        "(130, 251)",
        "(273, 363)",
        "(133, 529)",
        "(664, 275)",
        "(977, 231)",
        "(578, 703)",
        "(465, 378)",
        "(382, 922)",
        "(301, 869)",
        "(850, 2)",
        "(822, 653)"
    ],
    "(629, 834)": [
        "(577, 597)",
        "(26, 780)",
        "(622, 858)",
        "(361, 379)",
        "(942, 106)",
        "(578, 703)",
        "(130, 251)",
        "(664, 275)",
        "(71, 631)",
        "(733, 448)",
        "(120, 602)",
        "(335, 614)",
        "(256, 783)",
        "(451, 883)",
        "(564, 799)",
        "(292, 855)",
        "(28, 281)",
        "(305, 916)",
        "(199, 290)",
        "(649, 412)",
        "(997, 3)",
        "(582, 477)",
        "(99, 236)",
        "(793, 772)",
        "(301, 869)",
        "(959, 628)",
        "(381, 392)",
        "(996, 945)",
        "(685, 102)",
        "(739, 824)",
        "(459, 303)",
        "(133, 529)",
        "(621, 42)",
        "(815, 269)",
        "(645, 524)",
        "(822, 883)",
        "(845, 870)",
        "(382, 922)",
        "(98, 120)",
        "(850, 2)",
        "(788, 289)",
        "(371, 31)",
        "(186, 984)",
        "(223, 245)",
        "(753, 617)",
        "(273, 363)",
        "(364, 127)",
        "(927, 359)",
        "(365, 737)",
        "(481, 936)",
        "(89, 393)",
        "(362, 171)"
    ],
    "(28, 281)": [
        "(292, 855)",
        "(959, 628)",
        "(13, 596)",
        "(997, 3)",
        "(793, 772)",
        "(978, 195)",
        "(89, 393)",
        "(873, 327)",
        "(99, 236)",
        "(356, 863)",
        "(778, 602)",
        "(788, 289)",
        "(629, 834)",
        "(179, 23)",
        "(649, 412)",
        "(305, 916)",
        "(999, 357)",
        "(927, 359)",
        "(577, 597)",
        "(582, 477)",
        "(739, 824)",
        "(626, 513)",
        "(364, 127)",
        "(26, 780)",
        "(381, 392)",
        "(755, 26)",
        "(186, 984)",
        "(191, 188)",
        "(665, 133)",
        "(481, 936)",
        "(162, 833)",
        "(622, 858)",
        "(697, 535)",
        "(223, 245)",
        "(822, 653)",
        "(361, 379)",
        "(382, 922)",
        "(459, 303)",
        "(273, 363)",
        "(371, 31)",
        "(98, 120)",
        "(621, 42)",
        "(937, 590)",
        "(850, 2)",
        "(578, 703)",
        "(564, 799)",
        "(133, 529)",
        "(44, 693)",
        "(942, 106)"
    ],
    "(996, 945)": [
        "(967, 312)",
        "(465, 378)",
        "(578, 703)",
        "(186, 984)",
        "(725, 553)",
        "(335, 614)",
        "(733, 448)",
        "(978, 195)",
        "(999, 357)",
        "(622, 858)",
        "(365, 737)",
        "(92, 575)",
        "(564, 799)",
        "(788, 289)",
        "(26, 780)",
        "(598, 694)",
        "(753, 617)",
        "(708, 146)",
        "(191, 188)",
        "(935, 313)",
        "(935, 357)",
        "(629, 834)",
        "(98, 120)",
        "(301, 869)",
        "(459, 303)",
        "(822, 653)",
        "(199, 290)",
        "(120, 602)",
        "(204, 196)",
        "(481, 936)",
        "(850, 2)",
        "(822, 883)",
        "(89, 393)",
        "(292, 855)",
        "(381, 392)",
        "(697, 535)",
        "(649, 412)",
        "(778, 602)",
        "(403, 357)",
        "(815, 269)",
        "(305, 916)",
        "(927, 359)",
        "(44, 693)",
        "(13, 596)",
        "(382, 922)",
        "(959, 628)",
        "(626, 513)"
    ]
}