{
    "(438, 726)": [
        "(343, 922)",
        "(440, 554)",
        "(302, 767)",
        "(968, 204)",
        "(805, 37)",
        "(492, 451)",
        "(89, 172)",
        "(483, 219)",
        "(776, 952)",
        "(978, 838)",
        "(971, 935)",
        "(815, 384)",
        "(12, 248)",
        "(494, 226)",
        "(219, 386)",
        "(208, 764)",
        "(322, 830)",
        "(851, 108)",
        "(987, 264)",
        "(257, 446)",
        "(197, 904)",
        "(338, 34)",
        "(297, 83)",
        "(369, 400)",
        "(420, 189)",
        "(103, 832)",
        "(186, 994)"
    ],
    "(483, 219)": [
        "(192, 37)",
        "(343, 922)",
        "(695, 512)",
        "(297, 83)",
        "(438, 726)",
        "(805, 37)",
        "(526, 326)",
        "(938, 20)",
        "(818, 457)",
        "(438, 815)",
        "(799, 763)",
        "(876, 411)",
        "(982, 327)",
        "(385, 492)",
        "(219, 430)",
        "(399, 247)",
        "(971, 935)",
        "(727, 999)",
        "(985, 853)",
        "(77, 327)",
        "(494, 226)"
    ],
    "(399, 247)": [
        "(971, 935)",
        "(193, 486)",
        "(483, 918)",
        "(305, 497)",
        "(322, 830)",
        "(609, 619)",
        "(799, 763)",
        "(987, 264)",
        "(279, 90)",
        "(163, 504)",
        "(376, 740)",
        "(978, 838)",
        "(208, 764)",
        "(942, 435)",
        "(916, 68)",
        "(89, 172)",
        "(982, 327)",
        "(818, 457)",
        "(753, 18)",
        "(723, 177)",
        "(385, 492)",
        "(925, 239)",
        "(483, 219)",
        "(338, 34)",
        "(87, 837)",
        "(695, 512)",
        "(182, 282)",
        "(805, 37)",
        "(172, 199)",
        "(148, 841)"
    ],
    "(192, 37)": [
        "(483, 219)",
        "(753, 18)",
        "(297, 83)",
        "(851, 108)",
        "(89, 172)",
        "(525, 135)",
        "(369, 400)",
        "(771, 769)",
        "(130, 756)",
        "(754, 675)",
        "(818, 457)",
        "(152, 541)",
        "(322, 830)",
        "(494, 226)",
        "(87, 837)",
        "(942, 435)",
        "(931, 124)",
        "(141, 171)",
        "(208, 764)",
        "(103, 832)",
        "(300, 342)",
        "(876, 411)"
    ],
    "(302, 767)": [
        "(531, 261)",
        "(438, 726)",
        "(257, 446)",
        "(840, 984)",
        "(815, 384)",
        "(87, 837)",
        "(203, 518)",
        "(925, 239)",
        "(978, 838)",
        "(15, 290)",
        "(955, 307)",
        "(440, 554)",
        "(14, 899)",
        "(12, 248)",
        "(889, 8)",
        "(483, 918)",
        "(615, 503)",
        "(77, 327)",
        "(942, 435)",
        "(4, 92)",
        "(220, 472)",
        "(971, 935)",
        "(197, 904)",
        "(771, 769)"
    ],
    "(695, 512)": [
        "(77, 327)",
        "(526, 326)",
        "(615, 503)",
        "(89, 172)",
        "(483, 219)",
        "(701, 146)",
        "(305, 497)",
        "(925, 239)",
        "(494, 226)",
        "(322, 830)",
        "(978, 838)",
        "(876, 411)",
        "(483, 918)",
        "(14, 899)",
        "(771, 769)",
        "(130, 756)",
        "(959, 216)",
        "(567, 611)",
        "(754, 675)",
        "(481, 799)",
        "(399, 247)",
        "(818, 457)",
        "(985, 853)",
        "(571, 613)",
        "(343, 922)",
        "(141, 171)",
        "(982, 327)",
        "(889, 8)",
        "(148, 841)"
    ],
    "(369, 400)": [
        "(916, 68)",
        "(163, 504)",
        "(818, 457)",
        "(220, 472)",
        "(376, 740)",
        "(771, 769)",
        "(192, 37)",
        "(210, 600)",
        "(308, 709)",
        "(420, 189)",
        "(256, 215)",
        "(526, 326)",
        "(492, 451)",
        "(931, 124)",
        "(385, 492)",
        "(77, 327)",
        "(186, 994)",
        "(193, 486)",
        "(754, 675)",
        "(98, 383)",
        "(723, 177)",
        "(753, 18)",
        "(438, 726)",
        "(338, 34)",
        "(297, 83)",
        "(15, 290)",
        "(799, 763)",
        "(343, 922)"
    ],
    "(526, 326)": [
        "(695, 512)",
        "(555, 440)",
        "(942, 435)",
        "(851, 108)",
        "(571, 613)",
        "(959, 216)",
        "(931, 124)",
        "(615, 503)",
        "(208, 764)",
        "(754, 675)",
        "(219, 430)",
        "(483, 219)",
        "(840, 984)",
        "(152, 541)",
        "(723, 177)",
        "(89, 172)",
        "(369, 400)",
        "(982, 327)",
        "(598, 475)",
        "(414, 681)",
        "(12, 248)",
        "(440, 554)",
        "(322, 830)",
        "(4, 92)",
        "(609, 619)",
        "(494, 226)",
        "(955, 307)"
    ],
    "(556, 507)": [
        "(256, 215)",
        "(492, 451)",
        "(701, 146)",
        "(862, 681)",
        "(627, 583)",
        "(438, 815)",
        "(257, 446)",
        "(771, 769)",
        "(4, 92)",
        "(308, 709)",
        "(14, 899)",
        "(172, 199)",
        "(186, 994)",
        "(959, 216)",
        "(338, 34)",
        "(938, 20)",
        "(598, 475)",
        "(141, 171)",
        "(203, 518)",
        "(148, 841)",
        "(219, 430)",
        "(305, 497)",
        "(12, 248)",
        "(916, 68)",
        "(876, 411)",
        "(193, 486)",
        "(103, 832)"
    ],
    "(851, 108)": [
        "(526, 326)",
        "(192, 37)",
        "(723, 177)",
        "(483, 918)",
        "(916, 68)",
        "(978, 838)",
        "(525, 135)",
        "(938, 20)",
        "(77, 327)",
        "(197, 904)",
        "(420, 189)",
        "(210, 600)",
        "(98, 383)",
        "(438, 726)",
        "(971, 935)",
        "(942, 435)",
        "(305, 497)",
        "(985, 853)",
        "(182, 282)",
        "(818, 457)",
        "(414, 681)",
        "(776, 952)",
        "(14, 899)",
        "(303, 959)"
    ],
    "(818, 457)": [
        "(971, 935)",
        "(799, 763)",
        "(338, 34)",
        "(369, 400)",
        "(955, 307)",
        "(322, 830)",
        "(414, 681)",
        "(876, 411)",
        "(925, 239)",
        "(492, 451)",
        "(483, 219)",
        "(815, 384)",
        "(192, 37)",
        "(916, 68)",
        "(15, 290)",
        "(399, 247)",
        "(987, 264)",
        "(343, 922)",
        "(98, 383)",
        "(4, 92)",
        "(172, 199)",
        "(130, 756)",
        "(197, 904)",
        "(851, 108)",
        "(768, 649)",
        "(695, 512)",
        "(256, 215)",
        "(219, 386)",
        "(754, 675)",
        "(727, 999)"
    ],
    "(208, 764)": [
        "(776, 952)",
        "(987, 264)",
        "(598, 475)",
        "(526, 326)",
        "(440, 554)",
        "(959, 216)",
        "(938, 20)",
        "(492, 451)",
        "(203, 518)",
        "(701, 146)",
        "(399, 247)",
        "(14, 899)",
        "(840, 984)",
        "(163, 504)",
        "(571, 613)",
        "(420, 189)",
        "(438, 726)",
        "(220, 472)",
        "(441, 353)",
        "(308, 709)",
        "(192, 37)",
        "(197, 904)",
        "(567, 611)",
        "(148, 841)"
    ],
    "(598, 475)": [
        "(193, 486)",
        "(197, 904)",
        "(208, 764)",
        "(985, 853)",
        "(219, 386)",
        "(805, 37)",
        "(103, 832)",
        "(130, 756)",
        "(739, 724)",
        "(556, 507)",
        "(526, 326)",
        "(148, 841)",
        "(172, 199)",
        "(815, 384)",
        "(279, 90)",
        "(385, 492)",
        "(955, 307)",
        "(77, 327)",
        "(98, 383)",
        "(87, 837)",
        "(840, 984)",
        "(925, 239)",
        "(987, 264)",
        "(483, 918)",
        "(14, 899)"
    ],
    "(567, 611)": [
        "(15, 290)",
        "(152, 541)",
        "(12, 248)",
        "(955, 307)",
        "(914, 311)",
        "(862, 681)",
        "(971, 935)",
        "(440, 554)",
        "(193, 486)",
        "(343, 922)",
        "(916, 68)",
        "(14, 899)",
        "(308, 709)",
        "(77, 327)",
        "(695, 512)",
        "(492, 451)",
        "(438, 815)",
        "(987, 264)",
        "(771, 769)",
        "(4, 92)",
        "(483, 918)",
        "(208, 764)"
    ],
    "(197, 904)": [
        "(916, 68)",
        "(982, 327)",
        "(338, 34)",
        "(598, 475)",
        "(182, 282)",
        "(955, 307)",
        "(942, 435)",
        "(87, 837)",
        "(851, 108)",
        "(799, 763)",
        "(481, 799)",
        "(492, 451)",
        "(414, 681)",
        "(615, 503)",
        "(297, 83)",
        "(438, 726)",
        "(754, 675)",
        "(815, 384)",
        "(296, 206)",
        "(818, 457)",
        "(219, 386)",
        "(768, 649)",
        "(208, 764)",
        "(210, 600)",
        "(302, 767)",
        "(141, 171)"
    ],
    "(978, 838)": [
        "(15, 290)",
        "(322, 830)",
        "(481, 799)",
        "(851, 108)",
        "(302, 767)",
        "(494, 226)",
        "(414, 681)",
        "(438, 726)",
        "(399, 247)",
        "(982, 327)",
        "(279, 90)",
        "(695, 512)",
        "(571, 613)",
        "(525, 135)",
        "(776, 952)",
        "(955, 307)",
        "(727, 999)",
        "(985, 853)",
        "(193, 486)",
        "(12, 248)",
        "(931, 124)"
    ],
    "(776, 952)": [
        "(208, 764)",
        "(193, 486)",
        "(968, 204)",
        "(182, 282)",
        "(210, 600)",
        "(805, 37)",
        "(438, 726)",
        "(300, 342)",
        "(343, 922)",
        "(98, 383)",
        "(303, 959)",
        "(297, 83)",
        "(440, 554)",
        "(931, 124)",
        "(978, 838)",
        "(799, 763)",
        "(257, 446)",
        "(322, 830)",
        "(938, 20)",
        "(925, 239)",
        "(851, 108)"
    ],
    "(768, 649)": [
        "(338, 34)",
        "(959, 216)",
        "(296, 206)",
        "(219, 386)",
        "(256, 215)",
        "(723, 177)",
        "(414, 681)",
        "(441, 353)",
        "(420, 189)",
        "(220, 472)",
        "(305, 497)",
        "(219, 430)",
        "(12, 248)",
        "(163, 504)",
        "(805, 37)",
        "(982, 327)",
        "(483, 918)",
        "(152, 541)",
        "(182, 282)",
        "(818, 457)",
        "(197, 904)",
        "(15, 290)"
    ],
    "(303, 959)": [
        "(322, 830)",
        "(840, 984)",
        "(279, 90)",
        "(494, 226)",
        "(914, 311)",
        "(701, 146)",
        "(771, 769)",
        "(163, 504)",
        "(776, 952)",
        "(441, 353)",
        "(297, 83)",
        "(182, 282)",
        "(627, 583)",
        "(492, 451)",
        "(968, 204)",
        "(938, 20)",
        "(210, 600)",
        "(555, 440)",
        "(862, 681)",
        "(256, 215)",
        "(338, 34)",
        "(438, 815)",
        "(14, 899)",
        "(257, 446)",
        "(815, 384)",
        "(851, 108)"
    ],
    "(77, 327)": [
        "(695, 512)",
        "(701, 146)",
        "(420, 189)",
        "(851, 108)",
        "(12, 248)",
        "(152, 541)",
        "(210, 600)",
        "(302, 767)",
        "(815, 384)",
        "(840, 984)",
        "(182, 282)",
        "(727, 999)",
        "(876, 411)",
        "(753, 18)",
        "(723, 177)",
        "(369, 400)",
        "(567, 611)",
        "(256, 215)",
        "(598, 475)",
        "(971, 935)",
        "(494, 226)",
        "(483, 219)"
    ],
    "(727, 999)": [
        "(141, 171)",
        "(971, 935)",
        "(15, 290)",
        "(931, 124)",
        "(203, 518)",
        "(257, 446)",
        "(98, 383)",
        "(441, 353)",
        "(77, 327)",
        "(440, 554)",
        "(978, 838)",
        "(308, 709)",
        "(925, 239)",
        "(571, 613)",
        "(438, 815)",
        "(483, 219)",
        "(163, 504)",
        "(818, 457)",
        "(942, 435)",
        "(148, 841)"
    ],
    "(971, 935)": [
        "(399, 247)",
        "(818, 457)",
        "(771, 769)",
        "(492, 451)",
        "(615, 503)",
        "(172, 199)",
        "(727, 999)",
        "(220, 472)",
        "(754, 675)",
        "(438, 726)",
        "(440, 554)",
        "(723, 177)",
        "(567, 611)",
        "(130, 756)",
        "(627, 583)",
        "(851, 108)",
        "(338, 34)",
        "(77, 327)",
        "(483, 219)",
        "(302, 767)",
        "(385, 492)",
        "(210, 600)",
        "(103, 832)",
        "(256, 215)"
    ],
    "(210, 600)": [
        "(343, 922)",
        "(916, 68)",
        "(308, 709)",
        "(172, 199)",
        "(771, 769)",
        "(483, 918)",
        "(776, 952)",
        "(338, 34)",
        "(627, 583)",
        "(369, 400)",
        "(296, 206)",
        "(303, 959)",
        "(77, 327)",
        "(815, 384)",
        "(959, 216)",
        "(851, 108)",
        "(925, 239)",
        "(555, 440)",
        "(98, 383)",
        "(87, 837)",
        "(971, 935)",
        "(197, 904)",
        "(219, 386)",
        "(481, 799)"
    ],
    "(985, 853)": [
        "(916, 68)",
        "(438, 815)",
        "(87, 837)",
        "(805, 37)",
        "(598, 475)",
        "(148, 841)",
        "(141, 171)",
        "(815, 384)",
        "(279, 90)",
        "(978, 838)",
        "(163, 504)",
        "(531, 261)",
        "(182, 282)",
        "(851, 108)",
        "(914, 311)",
        "(483, 219)",
        "(695, 512)",
        "(555, 440)"
    ],
    "(338, 34)": [
        "(197, 904)",
        "(818, 457)",
        "(768, 649)",
        "(942, 435)",
        "(799, 763)",
        "(210, 600)",
        "(438, 815)",
        "(701, 146)",
        "(556, 507)",
        "(968, 204)",
        "(152, 541)",
        "(414, 681)",
        "(609, 619)",
        "(343, 922)",
        "(931, 124)",
        "(4, 92)",
        "(971, 935)",
        "(438, 726)",
        "(615, 503)",
        "(399, 247)",
        "(300, 342)",
        "(303, 959)",
        "(369, 400)",
        "(627, 583)",
        "(481, 799)",
        "(876, 411)",
        "(163, 504)",
        "(483, 918)"
    ],
    "(256, 215)": [
        "(305, 497)",
        "(343, 922)",
        "(556, 507)",
        "(297, 83)",
        "(701, 146)",
        "(219, 430)",
        "(768, 649)",
        "(494, 226)",
        "(163, 504)",
        "(385, 492)",
        "(723, 177)",
        "(130, 756)",
        "(876, 411)",
        "(982, 327)",
        "(931, 124)",
        "(440, 554)",
        "(369, 400)",
        "(609, 619)",
        "(322, 830)",
        "(15, 290)",
        "(438, 815)",
        "(889, 8)",
        "(77, 327)",
        "(152, 541)",
        "(916, 68)",
        "(172, 199)",
        "(492, 451)",
        "(303, 959)",
        "(525, 135)",
        "(483, 918)",
        "(89, 172)",
        "(818, 457)",
        "(971, 935)"
    ],
    "(531, 261)": [
        "(302, 767)",
        "(279, 90)",
        "(305, 497)",
        "(376, 740)",
        "(525, 135)",
        "(148, 841)",
        "(12, 248)",
        "(982, 327)",
        "(414, 681)",
        "(955, 307)",
        "(15, 290)",
        "(571, 613)",
        "(322, 830)",
        "(4, 92)",
        "(89, 172)",
        "(98, 383)",
        "(985, 853)",
        "(130, 756)"
    ],
    "(916, 68)": [
        "(985, 853)",
        "(197, 904)",
        "(369, 400)",
        "(257, 446)",
        "(210, 600)",
        "(851, 108)",
        "(15, 290)",
        "(420, 189)",
        "(414, 681)",
        "(399, 247)",
        "(818, 457)",
        "(182, 282)",
        "(87, 837)",
        "(385, 492)",
        "(300, 342)",
        "(942, 435)",
        "(130, 756)",
        "(723, 177)",
        "(567, 611)",
        "(492, 451)",
        "(98, 383)",
        "(627, 583)",
        "(256, 215)",
        "(172, 199)",
        "(556, 507)",
        "(862, 681)"
    ],
    "(98, 383)": [
        "(15, 290)",
        "(483, 918)",
        "(955, 307)",
        "(219, 386)",
        "(615, 503)",
        "(555, 440)",
        "(4, 92)",
        "(279, 90)",
        "(571, 613)",
        "(776, 952)",
        "(727, 999)",
        "(414, 681)",
        "(851, 108)",
        "(916, 68)",
        "(531, 261)",
        "(931, 124)",
        "(818, 457)",
        "(369, 400)",
        "(739, 724)",
        "(598, 475)",
        "(210, 600)",
        "(701, 146)"
    ],
    "(862, 681)": [
        "(739, 724)",
        "(130, 756)",
        "(297, 83)",
        "(152, 541)",
        "(556, 507)",
        "(219, 430)",
        "(567, 611)",
        "(914, 311)",
        "(955, 307)",
        "(103, 832)",
        "(163, 504)",
        "(15, 290)",
        "(627, 583)",
        "(753, 18)",
        "(840, 984)",
        "(220, 472)",
        "(303, 959)",
        "(609, 619)",
        "(916, 68)",
        "(876, 411)",
        "(492, 451)"
    ],
    "(942, 435)": [
        "(526, 326)",
        "(338, 34)",
        "(197, 904)",
        "(343, 922)",
        "(103, 832)",
        "(805, 37)",
        "(148, 841)",
        "(959, 216)",
        "(141, 171)",
        "(771, 769)",
        "(399, 247)",
        "(889, 8)",
        "(931, 124)",
        "(525, 135)",
        "(302, 767)",
        "(916, 68)",
        "(219, 386)",
        "(753, 18)",
        "(438, 815)",
        "(851, 108)",
        "(192, 37)",
        "(627, 583)",
        "(152, 541)",
        "(193, 486)",
        "(203, 518)",
        "(571, 613)",
        "(727, 999)"
    ],
    "(959, 216)": [
        "(805, 37)",
        "(441, 353)",
        "(840, 984)",
        "(526, 326)",
        "(768, 649)",
        "(89, 172)",
        "(208, 764)",
        "(182, 282)",
        "(876, 411)",
        "(141, 171)",
        "(815, 384)",
        "(942, 435)",
        "(955, 307)",
        "(556, 507)",
        "(571, 613)",
        "(414, 681)",
        "(210, 600)",
        "(701, 146)",
        "(695, 512)",
        "(438, 815)",
        "(385, 492)",
        "(754, 675)",
        "(440, 554)",
        "(220, 472)",
        "(925, 239)",
        "(322, 830)",
        "(343, 922)"
    ],
    "(279, 90)": [
        "(303, 959)",
        "(531, 261)",
        "(815, 384)",
        "(609, 619)",
        "(98, 383)",
        "(438, 815)",
        "(305, 497)",
        "(89, 172)",
        "(399, 247)",
        "(14, 899)",
        "(525, 135)",
        "(978, 838)",
        "(163, 504)",
        "(257, 446)",
        "(985, 853)",
        "(441, 353)",
        "(297, 83)",
        "(172, 199)",
        "(840, 984)",
        "(598, 475)",
        "(420, 189)",
        "(723, 177)",
        "(4, 92)",
        "(627, 583)",
        "(12, 248)",
        "(219, 386)",
        "(440, 554)"
    ],
    "(103, 832)": [
        "(87, 837)",
        "(982, 327)",
        "(555, 440)",
        "(942, 435)",
        "(598, 475)",
        "(296, 206)",
        "(862, 681)",
        "(571, 613)",
        "(172, 199)",
        "(968, 204)",
        "(753, 18)",
        "(300, 342)",
        "(376, 740)",
        "(14, 899)",
        "(219, 386)",
        "(889, 8)",
        "(192, 37)",
        "(971, 935)",
        "(438, 726)",
        "(556, 507)",
        "(876, 411)"
    ],
    "(182, 282)": [
        "(172, 199)",
        "(197, 904)",
        "(982, 327)",
        "(297, 83)",
        "(776, 952)",
        "(771, 769)",
        "(959, 216)",
        "(753, 18)",
        "(916, 68)",
        "(303, 959)",
        "(799, 763)",
        "(77, 327)",
        "(494, 226)",
        "(219, 386)",
        "(985, 853)",
        "(571, 613)",
        "(851, 108)",
        "(768, 649)",
        "(193, 486)",
        "(399, 247)",
        "(130, 756)",
        "(420, 189)",
        "(203, 518)",
        "(931, 124)"
    ],
    "(754, 675)": [
        "(257, 446)",
        "(385, 492)",
        "(938, 20)",
        "(87, 837)",
        "(141, 171)",
        "(526, 326)",
        "(12, 248)",
        "(492, 451)",
        "(739, 724)",
        "(971, 935)",
        "(300, 342)",
        "(753, 18)",
        "(192, 37)",
        "(555, 440)",
        "(297, 83)",
        "(815, 384)",
        "(840, 984)",
        "(799, 763)",
        "(172, 199)",
        "(369, 400)",
        "(695, 512)",
        "(959, 216)",
        "(441, 353)",
        "(197, 904)",
        "(818, 457)",
        "(876, 411)"
    ],
    "(876, 411)": [
        "(414, 681)",
        "(322, 830)",
        "(931, 124)",
        "(297, 83)",
        "(959, 216)",
        "(818, 457)",
        "(130, 756)",
        "(256, 215)",
        "(739, 724)",
        "(220, 472)",
        "(481, 799)",
        "(148, 841)",
        "(219, 430)",
        "(89, 172)",
        "(695, 512)",
        "(840, 984)",
        "(483, 219)",
        "(77, 327)",
        "(982, 327)",
        "(141, 171)",
        "(438, 815)",
        "(556, 507)",
        "(152, 541)",
        "(338, 34)",
        "(862, 681)",
        "(754, 675)",
        "(103, 832)",
        "(192, 37)"
    ],
    "(14, 899)": [
        "(308, 709)",
        "(186, 994)",
        "(494, 226)",
        "(571, 613)",
        "(279, 90)",
        "(556, 507)",
        "(208, 764)",
        "(302, 767)",
        "(420, 189)",
        "(440, 554)",
        "(695, 512)",
        "(567, 611)",
        "(609, 619)",
        "(103, 832)",
        "(303, 959)",
        "(739, 724)",
        "(987, 264)",
        "(483, 918)",
        "(203, 518)",
        "(219, 386)",
        "(851, 108)",
        "(598, 475)",
        "(627, 583)"
    ],
    "(492, 451)": [
        "(438, 815)",
        "(556, 507)",
        "(723, 177)",
        "(971, 935)",
        "(438, 726)",
        "(754, 675)",
        "(208, 764)",
        "(739, 724)",
        "(627, 583)",
        "(818, 457)",
        "(938, 20)",
        "(141, 171)",
        "(303, 959)",
        "(300, 342)",
        "(148, 841)",
        "(197, 904)",
        "(369, 400)",
        "(420, 189)",
        "(916, 68)",
        "(567, 611)",
        "(256, 215)",
        "(955, 307)",
        "(571, 613)",
        "(163, 504)",
        "(862, 681)",
        "(805, 37)"
    ],
    "(481, 799)": [
        "(4, 92)",
        "(152, 541)",
        "(300, 342)",
        "(978, 838)",
        "(322, 830)",
        "(376, 740)",
        "(163, 504)",
        "(12, 248)",
        "(876, 411)",
        "(441, 353)",
        "(815, 384)",
        "(525, 135)",
        "(197, 904)",
        "(186, 994)",
        "(308, 709)",
        "(193, 486)",
        "(739, 724)",
        "(695, 512)",
        "(799, 763)",
        "(148, 841)",
        "(338, 34)",
        "(210, 600)",
        "(414, 681)"
    ],
    "(296, 206)": [
        "(257, 446)",
        "(220, 472)",
        "(609, 619)",
        "(768, 649)",
        "(799, 763)",
        "(414, 681)",
        "(627, 583)",
        "(571, 613)",
        "(103, 832)",
        "(172, 199)",
        "(210, 600)",
        "(12, 248)",
        "(987, 264)",
        "(494, 226)",
        "(805, 37)",
        "(197, 904)",
        "(305, 497)"
    ],
    "(615, 503)": [
        "(555, 440)",
        "(771, 769)",
        "(695, 512)",
        "(526, 326)",
        "(98, 383)",
        "(971, 935)",
        "(152, 541)",
        "(982, 327)",
        "(815, 384)",
        "(914, 311)",
        "(627, 583)",
        "(305, 497)",
        "(302, 767)",
        "(987, 264)",
        "(197, 904)",
        "(925, 239)",
        "(571, 613)",
        "(420, 189)",
        "(799, 763)",
        "(338, 34)",
        "(163, 504)"
    ],
    "(914, 311)": [
        "(753, 18)",
        "(130, 756)",
        "(305, 497)",
        "(343, 922)",
        "(303, 959)",
        "(615, 503)",
        "(567, 611)",
        "(219, 430)",
        "(87, 837)",
        "(163, 504)",
        "(862, 681)",
        "(203, 518)",
        "(889, 8)",
        "(525, 135)",
        "(220, 472)",
        "(483, 918)",
        "(985, 853)",
        "(723, 177)",
        "(627, 583)"
    ],
    "(87, 837)": [
        "(985, 853)",
        "(103, 832)",
        "(609, 619)",
        "(754, 675)",
        "(302, 767)",
        "(438, 815)",
        "(420, 189)",
        "(914, 311)",
        "(130, 756)",
        "(197, 904)",
        "(414, 681)",
        "(297, 83)",
        "(916, 68)",
        "(385, 492)",
        "(840, 984)",
        "(148, 841)",
        "(89, 172)",
        "(192, 37)",
        "(257, 446)",
        "(555, 440)",
        "(15, 290)",
        "(982, 327)",
        "(598, 475)",
        "(399, 247)",
        "(889, 8)",
        "(210, 600)",
        "(753, 18)"
    ],
    "(925, 239)": [
        "(420, 189)",
        "(297, 83)",
        "(968, 204)",
        "(815, 384)",
        "(302, 767)",
        "(483, 918)",
        "(695, 512)",
        "(889, 8)",
        "(818, 457)",
        "(385, 492)",
        "(799, 763)",
        "(4, 92)",
        "(938, 20)",
        "(376, 740)",
        "(210, 600)",
        "(494, 226)",
        "(615, 503)",
        "(399, 247)",
        "(727, 999)",
        "(776, 952)",
        "(959, 216)",
        "(598, 475)"
    ],
    "(12, 248)": [
        "(441, 353)",
        "(438, 815)",
        "(805, 37)",
        "(567, 611)",
        "(531, 261)",
        "(148, 841)",
        "(754, 675)",
        "(322, 830)",
        "(525, 135)",
        "(481, 799)",
        "(302, 767)",
        "(768, 649)",
        "(77, 327)",
        "(438, 726)",
        "(203, 518)",
        "(296, 206)",
        "(526, 326)",
        "(163, 504)",
        "(376, 740)",
        "(300, 342)",
        "(556, 507)",
        "(89, 172)",
        "(978, 838)",
        "(279, 90)"
    ],
    "(385, 492)": [
        "(805, 37)",
        "(300, 342)",
        "(754, 675)",
        "(256, 215)",
        "(15, 290)",
        "(925, 239)",
        "(343, 922)",
        "(916, 68)",
        "(723, 177)",
        "(130, 756)",
        "(571, 613)",
        "(87, 837)",
        "(369, 400)",
        "(414, 681)",
        "(483, 219)",
        "(771, 769)",
        "(598, 475)",
        "(399, 247)",
        "(959, 216)",
        "(987, 264)",
        "(322, 830)",
        "(4, 92)",
        "(971, 935)",
        "(257, 446)"
    ],
    "(193, 486)": [
        "(598, 475)",
        "(399, 247)",
        "(776, 952)",
        "(15, 290)",
        "(799, 763)",
        "(555, 440)",
        "(343, 922)",
        "(968, 204)",
        "(567, 611)",
        "(163, 504)",
        "(369, 400)",
        "(220, 472)",
        "(931, 124)",
        "(481, 799)",
        "(771, 769)",
        "(982, 327)",
        "(182, 282)",
        "(942, 435)",
        "(978, 838)",
        "(556, 507)",
        "(297, 83)",
        "(494, 226)"
    ],
    "(931, 124)": [
        "(305, 497)",
        "(219, 430)",
        "(526, 326)",
        "(876, 411)",
        "(4, 92)",
        "(203, 518)",
        "(727, 999)",
        "(256, 215)",
        "(776, 952)",
        "(942, 435)",
        "(369, 400)",
        "(186, 994)",
        "(98, 383)",
        "(338, 34)",
        "(193, 486)",
        "(420, 189)",
        "(192, 37)",
        "(889, 8)",
        "(805, 37)",
        "(163, 504)",
        "(978, 838)",
        "(130, 756)",
        "(182, 282)"
    ],
    "(172, 199)": [
        "(152, 541)",
        "(182, 282)",
        "(308, 709)",
        "(210, 600)",
        "(971, 935)",
        "(141, 171)",
        "(889, 8)",
        "(556, 507)",
        "(296, 206)",
        "(103, 832)",
        "(257, 446)",
        "(163, 504)",
        "(279, 90)",
        "(598, 475)",
        "(440, 554)",
        "(754, 675)",
        "(420, 189)",
        "(376, 740)",
        "(256, 215)",
        "(818, 457)",
        "(916, 68)",
        "(399, 247)",
        "(300, 342)"
    ],
    "(297, 83)": [
        "(889, 8)",
        "(925, 239)",
        "(192, 37)",
        "(256, 215)",
        "(862, 681)",
        "(182, 282)",
        "(876, 411)",
        "(89, 172)",
        "(257, 446)",
        "(938, 20)",
        "(483, 219)",
        "(141, 171)",
        "(148, 841)",
        "(87, 837)",
        "(776, 952)",
        "(303, 959)",
        "(754, 675)",
        "(739, 724)",
        "(279, 90)",
        "(609, 619)",
        "(186, 994)",
        "(322, 830)",
        "(300, 342)",
        "(440, 554)",
        "(197, 904)",
        "(494, 226)",
        "(438, 726)",
        "(369, 400)",
        "(193, 486)",
        "(840, 984)",
        "(571, 613)"
    ],
    "(771, 769)": [
        "(615, 503)",
        "(4, 92)",
        "(971, 935)",
        "(182, 282)",
        "(369, 400)",
        "(210, 600)",
        "(982, 327)",
        "(556, 507)",
        "(303, 959)",
        "(192, 37)",
        "(300, 342)",
        "(219, 386)",
        "(942, 435)",
        "(968, 204)",
        "(305, 497)",
        "(15, 290)",
        "(186, 994)",
        "(555, 440)",
        "(89, 172)",
        "(695, 512)",
        "(385, 492)",
        "(322, 830)",
        "(193, 486)",
        "(567, 611)",
        "(414, 681)",
        "(302, 767)"
    ],
    "(141, 171)": [
        "(322, 830)",
        "(376, 740)",
        "(815, 384)",
        "(727, 999)",
        "(754, 675)",
        "(959, 216)",
        "(297, 83)",
        "(172, 199)",
        "(942, 435)",
        "(985, 853)",
        "(130, 756)",
        "(492, 451)",
        "(556, 507)",
        "(982, 327)",
        "(571, 613)",
        "(483, 918)",
        "(441, 353)",
        "(219, 386)",
        "(525, 135)",
        "(805, 37)",
        "(203, 518)",
        "(148, 841)",
        "(192, 37)",
        "(876, 411)",
        "(197, 904)",
        "(695, 512)"
    ],
    "(163, 504)": [
        "(4, 92)",
        "(369, 400)",
        "(440, 554)",
        "(89, 172)",
        "(256, 215)",
        "(701, 146)",
        "(203, 518)",
        "(399, 247)",
        "(481, 799)",
        "(914, 311)",
        "(303, 959)",
        "(279, 90)",
        "(322, 830)",
        "(768, 649)",
        "(172, 199)",
        "(193, 486)",
        "(219, 430)",
        "(862, 681)",
        "(208, 764)",
        "(12, 248)",
        "(300, 342)",
        "(985, 853)",
        "(987, 264)",
        "(615, 503)",
        "(955, 307)",
        "(931, 124)",
        "(186, 994)",
        "(492, 451)",
        "(727, 999)",
        "(338, 34)",
        "(938, 20)"
    ],
    "(152, 541)": [
        "(172, 199)",
        "(567, 611)",
        "(862, 681)",
        "(186, 994)",
        "(322, 830)",
        "(481, 799)",
        "(701, 146)",
        "(615, 503)",
        "(203, 518)",
        "(987, 264)",
        "(526, 326)",
        "(955, 307)",
        "(968, 204)",
        "(723, 177)",
        "(192, 37)",
        "(77, 327)",
        "(753, 18)",
        "(982, 327)",
        "(338, 34)",
        "(609, 619)",
        "(130, 756)",
        "(768, 649)",
        "(15, 290)",
        "(256, 215)",
        "(805, 37)",
        "(438, 815)",
        "(942, 435)",
        "(876, 411)",
        "(4, 92)"
    ],
    "(308, 709)": [
        "(14, 899)",
        "(15, 290)",
        "(210, 600)",
        "(609, 619)",
        "(305, 497)",
        "(172, 199)",
        "(203, 518)",
        "(701, 146)",
        "(483, 918)",
        "(556, 507)",
        "(369, 400)",
        "(815, 384)",
        "(481, 799)",
        "(753, 18)",
        "(420, 189)",
        "(567, 611)",
        "(727, 999)",
        "(208, 764)",
        "(186, 994)",
        "(441, 353)",
        "(343, 922)",
        "(955, 307)",
        "(376, 740)",
        "(840, 984)",
        "(219, 430)"
    ],
    "(701, 146)": [
        "(441, 353)",
        "(256, 215)",
        "(739, 724)",
        "(77, 327)",
        "(556, 507)",
        "(152, 541)",
        "(308, 709)",
        "(695, 512)",
        "(303, 959)",
        "(219, 386)",
        "(163, 504)",
        "(208, 764)",
        "(338, 34)",
        "(322, 830)",
        "(219, 430)",
        "(130, 756)",
        "(959, 216)",
        "(753, 18)",
        "(840, 984)",
        "(420, 189)",
        "(257, 446)",
        "(220, 472)",
        "(98, 383)"
    ],
    "(186, 994)": [
        "(257, 446)",
        "(152, 541)",
        "(14, 899)",
        "(219, 430)",
        "(889, 8)",
        "(555, 440)",
        "(556, 507)",
        "(481, 799)",
        "(771, 769)",
        "(297, 83)",
        "(931, 124)",
        "(203, 518)",
        "(369, 400)",
        "(753, 18)",
        "(308, 709)",
        "(805, 37)",
        "(163, 504)",
        "(220, 472)",
        "(438, 726)",
        "(840, 984)"
    ],
    "(525, 135)": [
        "(305, 497)",
        "(531, 261)",
        "(192, 37)",
        "(851, 108)",
        "(12, 248)",
        "(279, 90)",
        "(481, 799)",
        "(978, 838)",
        "(914, 311)",
        "(942, 435)",
        "(414, 681)",
        "(889, 8)",
        "(141, 171)",
        "(219, 386)",
        "(938, 20)",
        "(840, 984)",
        "(256, 215)",
        "(609, 619)",
        "(420, 189)"
    ],
    "(257, 446)": [
        "(754, 675)",
        "(186, 994)",
        "(296, 206)",
        "(916, 68)",
        "(302, 767)",
        "(297, 83)",
        "(955, 307)",
        "(723, 177)",
        "(556, 507)",
        "(727, 999)",
        "(279, 90)",
        "(172, 199)",
        "(438, 726)",
        "(776, 952)",
        "(87, 837)",
        "(303, 959)",
        "(555, 440)",
        "(701, 146)",
        "(385, 492)"
    ],
    "(220, 472)": [
        "(296, 206)",
        "(376, 740)",
        "(369, 400)",
        "(889, 8)",
        "(971, 935)",
        "(768, 649)",
        "(876, 411)",
        "(571, 613)",
        "(914, 311)",
        "(208, 764)",
        "(799, 763)",
        "(193, 486)",
        "(862, 681)",
        "(302, 767)",
        "(959, 216)",
        "(982, 327)",
        "(701, 146)",
        "(186, 994)"
    ],
    "(815, 384)": [
        "(141, 171)",
        "(840, 984)",
        "(494, 226)",
        "(4, 92)",
        "(302, 767)",
        "(279, 90)",
        "(739, 724)",
        "(925, 239)",
        "(130, 756)",
        "(615, 503)",
        "(959, 216)",
        "(805, 37)",
        "(438, 726)",
        "(818, 457)",
        "(481, 799)",
        "(308, 709)",
        "(985, 853)",
        "(305, 497)",
        "(754, 675)",
        "(77, 327)",
        "(210, 600)",
        "(598, 475)",
        "(376, 740)",
        "(197, 904)",
        "(483, 918)",
        "(955, 307)",
        "(982, 327)",
        "(440, 554)",
        "(889, 8)",
        "(303, 959)"
    ],
    "(955, 307)": [
        "(818, 457)",
        "(197, 904)",
        "(98, 383)",
        "(567, 611)",
        "(739, 724)",
        "(376, 740)",
        "(257, 446)",
        "(441, 353)",
        "(302, 767)",
        "(531, 261)",
        "(152, 541)",
        "(862, 681)",
        "(889, 8)",
        "(959, 216)",
        "(305, 497)",
        "(494, 226)",
        "(978, 838)",
        "(219, 430)",
        "(598, 475)",
        "(492, 451)",
        "(815, 384)",
        "(609, 619)",
        "(163, 504)",
        "(723, 177)",
        "(308, 709)",
        "(4, 92)",
        "(526, 326)",
        "(414, 681)"
    ],
    "(203, 518)": [
        "(494, 226)",
        "(305, 497)",
        "(302, 767)",
        "(308, 709)",
        "(152, 541)",
        "(931, 124)",
        "(163, 504)",
        "(208, 764)",
        "(987, 264)",
        "(727, 999)",
        "(914, 311)",
        "(12, 248)",
        "(300, 342)",
        "(556, 507)",
        "(186, 994)",
        "(376, 740)",
        "(141, 171)",
        "(739, 724)",
        "(799, 763)",
        "(14, 899)",
        "(942, 435)",
        "(483, 918)",
        "(182, 282)"
    ],
    "(555, 440)": [
        "(526, 326)",
        "(615, 503)",
        "(98, 383)",
        "(103, 832)",
        "(376, 740)",
        "(186, 994)",
        "(799, 763)",
        "(754, 675)",
        "(840, 984)",
        "(193, 486)",
        "(441, 353)",
        "(771, 769)",
        "(303, 959)",
        "(15, 290)",
        "(87, 837)",
        "(210, 600)",
        "(257, 446)",
        "(985, 853)",
        "(89, 172)"
    ],
    "(438, 815)": [
        "(492, 451)",
        "(985, 853)",
        "(12, 248)",
        "(322, 830)",
        "(87, 837)",
        "(987, 264)",
        "(556, 507)",
        "(376, 740)",
        "(279, 90)",
        "(799, 763)",
        "(338, 34)",
        "(130, 756)",
        "(483, 219)",
        "(256, 215)",
        "(959, 216)",
        "(148, 841)",
        "(567, 611)",
        "(942, 435)",
        "(152, 541)",
        "(303, 959)",
        "(727, 999)",
        "(876, 411)",
        "(739, 724)"
    ],
    "(343, 922)": [
        "(438, 726)",
        "(256, 215)",
        "(210, 600)",
        "(483, 219)",
        "(914, 311)",
        "(942, 435)",
        "(776, 952)",
        "(840, 984)",
        "(414, 681)",
        "(385, 492)",
        "(193, 486)",
        "(219, 430)",
        "(818, 457)",
        "(567, 611)",
        "(723, 177)",
        "(148, 841)",
        "(889, 8)",
        "(338, 34)",
        "(494, 226)",
        "(308, 709)",
        "(695, 512)",
        "(15, 290)",
        "(369, 400)",
        "(300, 342)",
        "(959, 216)"
    ],
    "(130, 756)": [
        "(862, 681)",
        "(914, 311)",
        "(4, 92)",
        "(815, 384)",
        "(305, 497)",
        "(876, 411)",
        "(256, 215)",
        "(192, 37)",
        "(87, 837)",
        "(627, 583)",
        "(598, 475)",
        "(971, 935)",
        "(141, 171)",
        "(889, 8)",
        "(438, 815)",
        "(322, 830)",
        "(385, 492)",
        "(152, 541)",
        "(916, 68)",
        "(701, 146)",
        "(695, 512)",
        "(219, 430)",
        "(818, 457)",
        "(182, 282)",
        "(931, 124)",
        "(531, 261)"
    ],
    "(219, 430)": [
        "(805, 37)",
        "(968, 204)",
        "(931, 124)",
        "(256, 215)",
        "(186, 994)",
        "(862, 681)",
        "(526, 326)",
        "(914, 311)",
        "(768, 649)",
        "(876, 411)",
        "(701, 146)",
        "(163, 504)",
        "(343, 922)",
        "(627, 583)",
        "(955, 307)",
        "(483, 219)",
        "(130, 756)",
        "(556, 507)",
        "(376, 740)",
        "(799, 763)",
        "(322, 830)",
        "(308, 709)",
        "(609, 619)"
    ],
    "(4, 92)": [
        "(414, 681)",
        "(481, 799)",
        "(163, 504)",
        "(815, 384)",
        "(771, 769)",
        "(494, 226)",
        "(931, 124)",
        "(98, 383)",
        "(130, 756)",
        "(556, 507)",
        "(938, 20)",
        "(531, 261)",
        "(219, 386)",
        "(925, 239)",
        "(302, 767)",
        "(627, 583)",
        "(279, 90)",
        "(818, 457)",
        "(338, 34)",
        "(526, 326)",
        "(385, 492)",
        "(567, 611)",
        "(305, 497)",
        "(441, 353)",
        "(955, 307)",
        "(152, 541)"
    ],
    "(15, 290)": [
        "(567, 611)",
        "(978, 838)",
        "(308, 709)",
        "(98, 383)",
        "(968, 204)",
        "(302, 767)",
        "(193, 486)",
        "(727, 999)",
        "(916, 68)",
        "(531, 261)",
        "(385, 492)",
        "(771, 769)",
        "(818, 457)",
        "(305, 497)",
        "(627, 583)",
        "(862, 681)",
        "(256, 215)",
        "(987, 264)",
        "(152, 541)",
        "(555, 440)",
        "(87, 837)",
        "(420, 189)",
        "(219, 386)",
        "(369, 400)",
        "(343, 922)",
        "(768, 649)"
    ],
    "(799, 763)": [
        "(818, 457)",
        "(399, 247)",
        "(338, 34)",
        "(296, 206)",
        "(982, 327)",
        "(305, 497)",
        "(438, 815)",
        "(987, 264)",
        "(555, 440)",
        "(197, 904)",
        "(925, 239)",
        "(193, 486)",
        "(182, 282)",
        "(483, 219)",
        "(754, 675)",
        "(776, 952)",
        "(220, 472)",
        "(615, 503)",
        "(481, 799)",
        "(203, 518)",
        "(219, 430)",
        "(369, 400)"
    ],
    "(89, 172)": [
        "(163, 504)",
        "(695, 512)",
        "(959, 216)",
        "(297, 83)",
        "(192, 37)",
        "(438, 726)",
        "(279, 90)",
        "(876, 411)",
        "(494, 226)",
        "(399, 247)",
        "(300, 342)",
        "(526, 326)",
        "(771, 769)",
        "(531, 261)",
        "(753, 18)",
        "(87, 837)",
        "(987, 264)",
        "(256, 215)",
        "(805, 37)",
        "(982, 327)",
        "(305, 497)",
        "(12, 248)",
        "(609, 619)",
        "(555, 440)"
    ],
    "(483, 918)": [
        "(399, 247)",
        "(98, 383)",
        "(938, 20)",
        "(851, 108)",
        "(210, 600)",
        "(889, 8)",
        "(925, 239)",
        "(308, 709)",
        "(322, 830)",
        "(302, 767)",
        "(768, 649)",
        "(695, 512)",
        "(141, 171)",
        "(914, 311)",
        "(256, 215)",
        "(815, 384)",
        "(376, 740)",
        "(14, 899)",
        "(567, 611)",
        "(598, 475)",
        "(338, 34)",
        "(203, 518)"
    ],
    "(627, 583)": [
        "(556, 507)",
        "(420, 189)",
        "(296, 206)",
        "(210, 600)",
        "(492, 451)",
        "(130, 756)",
        "(615, 503)",
        "(303, 959)",
        "(987, 264)",
        "(15, 290)",
        "(971, 935)",
        "(862, 681)",
        "(322, 830)",
        "(219, 430)",
        "(938, 20)",
        "(494, 226)",
        "(4, 92)",
        "(916, 68)",
        "(968, 204)",
        "(279, 90)",
        "(739, 724)",
        "(942, 435)",
        "(338, 34)",
        "(914, 311)",
        "(14, 899)"
    ],
    "(805, 37)": [
        "(385, 492)",
        "(959, 216)",
        "(219, 430)",
        "(440, 554)",
        "(12, 248)",
        "(438, 726)",
        "(985, 853)",
        "(598, 475)",
        "(942, 435)",
        "(776, 952)",
        "(483, 219)",
        "(494, 226)",
        "(815, 384)",
        "(768, 649)",
        "(141, 171)",
        "(296, 206)",
        "(152, 541)",
        "(89, 172)",
        "(399, 247)",
        "(148, 841)",
        "(186, 994)",
        "(931, 124)",
        "(840, 984)",
        "(492, 451)"
    ],
    "(441, 353)": [
        "(701, 146)",
        "(959, 216)",
        "(12, 248)",
        "(982, 327)",
        "(955, 307)",
        "(768, 649)",
        "(303, 959)",
        "(481, 799)",
        "(840, 984)",
        "(727, 999)",
        "(555, 440)",
        "(279, 90)",
        "(300, 342)",
        "(141, 171)",
        "(208, 764)",
        "(754, 675)",
        "(308, 709)",
        "(739, 724)",
        "(4, 92)"
    ],
    "(889, 8)": [
        "(297, 83)",
        "(571, 613)",
        "(609, 619)",
        "(753, 18)",
        "(220, 472)",
        "(483, 918)",
        "(186, 994)",
        "(925, 239)",
        "(172, 199)",
        "(942, 435)",
        "(955, 307)",
        "(414, 681)",
        "(938, 20)",
        "(302, 767)",
        "(130, 756)",
        "(914, 311)",
        "(968, 204)",
        "(525, 135)",
        "(723, 177)",
        "(256, 215)",
        "(343, 922)",
        "(103, 832)",
        "(87, 837)",
        "(931, 124)",
        "(219, 386)",
        "(695, 512)",
        "(815, 384)"
    ],
    "(440, 554)": [
        "(987, 264)",
        "(438, 726)",
        "(805, 37)",
        "(163, 504)",
        "(208, 764)",
        "(302, 767)",
        "(256, 215)",
        "(971, 935)",
        "(776, 952)",
        "(567, 611)",
        "(571, 613)",
        "(14, 899)",
        "(968, 204)",
        "(172, 199)",
        "(727, 999)",
        "(526, 326)",
        "(297, 83)",
        "(959, 216)",
        "(815, 384)",
        "(279, 90)"
    ],
    "(414, 681)": [
        "(4, 92)",
        "(876, 411)",
        "(494, 226)",
        "(818, 457)",
        "(768, 649)",
        "(296, 206)",
        "(531, 261)",
        "(978, 838)",
        "(300, 342)",
        "(916, 68)",
        "(968, 204)",
        "(343, 922)",
        "(87, 837)",
        "(571, 613)",
        "(889, 8)",
        "(982, 327)",
        "(959, 216)",
        "(526, 326)",
        "(525, 135)",
        "(338, 34)",
        "(98, 383)",
        "(197, 904)",
        "(385, 492)",
        "(148, 841)",
        "(771, 769)",
        "(851, 108)",
        "(739, 724)",
        "(481, 799)",
        "(955, 307)"
    ],
    "(571, 613)": [
        "(723, 177)",
        "(526, 326)",
        "(889, 8)",
        "(494, 226)",
        "(739, 724)",
        "(98, 383)",
        "(14, 899)",
        "(376, 740)",
        "(296, 206)",
        "(103, 832)",
        "(414, 681)",
        "(978, 838)",
        "(220, 472)",
        "(959, 216)",
        "(531, 261)",
        "(440, 554)",
        "(938, 20)",
        "(385, 492)",
        "(208, 764)",
        "(141, 171)",
        "(615, 503)",
        "(182, 282)",
        "(727, 999)",
        "(492, 451)",
        "(695, 512)",
        "(942, 435)",
        "(297, 83)"
    ],
    "(494, 226)": [
        "(815, 384)",
        "(414, 681)",
        "(300, 342)",
        "(4, 92)",
        "(203, 518)",
        "(256, 215)",
        "(303, 959)",
        "(14, 899)",
        "(978, 838)",
        "(571, 613)",
        "(695, 512)",
        "(805, 37)",
        "(420, 189)",
        "(89, 172)",
        "(938, 20)",
        "(438, 726)",
        "(955, 307)",
        "(840, 984)",
        "(182, 282)",
        "(192, 37)",
        "(627, 583)",
        "(739, 724)",
        "(925, 239)",
        "(296, 206)",
        "(297, 83)",
        "(343, 922)",
        "(77, 327)",
        "(526, 326)",
        "(483, 219)",
        "(193, 486)"
    ],
    "(609, 619)": [
        "(305, 497)",
        "(296, 206)",
        "(87, 837)",
        "(889, 8)",
        "(308, 709)",
        "(399, 247)",
        "(279, 90)",
        "(300, 342)",
        "(256, 215)",
        "(152, 541)",
        "(297, 83)",
        "(420, 189)",
        "(338, 34)",
        "(14, 899)",
        "(526, 326)",
        "(525, 135)",
        "(739, 724)",
        "(862, 681)",
        "(955, 307)",
        "(89, 172)",
        "(968, 204)",
        "(219, 430)"
    ],
    "(739, 724)": [
        "(862, 681)",
        "(701, 146)",
        "(815, 384)",
        "(955, 307)",
        "(571, 613)",
        "(968, 204)",
        "(876, 411)",
        "(492, 451)",
        "(754, 675)",
        "(753, 18)",
        "(598, 475)",
        "(297, 83)",
        "(494, 226)",
        "(481, 799)",
        "(98, 383)",
        "(627, 583)",
        "(203, 518)",
        "(322, 830)",
        "(609, 619)",
        "(14, 899)",
        "(441, 353)",
        "(438, 815)",
        "(414, 681)",
        "(376, 740)"
    ],
    "(840, 984)": [
        "(322, 830)",
        "(303, 959)",
        "(815, 384)",
        "(959, 216)",
        "(723, 177)",
        "(302, 767)",
        "(753, 18)",
        "(526, 326)",
        "(343, 922)",
        "(441, 353)",
        "(208, 764)",
        "(876, 411)",
        "(555, 440)",
        "(77, 327)",
        "(754, 675)",
        "(494, 226)",
        "(862, 681)",
        "(279, 90)",
        "(87, 837)",
        "(525, 135)",
        "(598, 475)",
        "(701, 146)",
        "(805, 37)",
        "(297, 83)",
        "(186, 994)",
        "(308, 709)"
    ],
    "(938, 20)": [
        "(723, 177)",
        "(483, 918)",
        "(754, 675)",
        "(297, 83)",
        "(208, 764)",
        "(851, 108)",
        "(483, 219)",
        "(889, 8)",
        "(492, 451)",
        "(556, 507)",
        "(4, 92)",
        "(303, 959)",
        "(494, 226)",
        "(571, 613)",
        "(627, 583)",
        "(925, 239)",
        "(525, 135)",
        "(776, 952)",
        "(163, 504)"
    ],
    "(753, 18)": [
        "(192, 37)",
        "(914, 311)",
        "(889, 8)",
        "(968, 204)",
        "(840, 984)",
        "(754, 675)",
        "(739, 724)",
        "(182, 282)",
        "(399, 247)",
        "(152, 541)",
        "(308, 709)",
        "(862, 681)",
        "(77, 327)",
        "(103, 832)",
        "(987, 264)",
        "(89, 172)",
        "(942, 435)",
        "(148, 841)",
        "(186, 994)",
        "(701, 146)",
        "(369, 400)",
        "(87, 837)"
    ],
    "(300, 342)": [
        "(385, 492)",
        "(305, 497)",
        "(494, 226)",
        "(481, 799)",
        "(414, 681)",
        "(776, 952)",
        "(771, 769)",
        "(754, 675)",
        "(609, 619)",
        "(89, 172)",
        "(203, 518)",
        "(492, 451)",
        "(916, 68)",
        "(441, 353)",
        "(297, 83)",
        "(103, 832)",
        "(163, 504)",
        "(12, 248)",
        "(338, 34)",
        "(172, 199)",
        "(192, 37)",
        "(343, 922)"
    ],
    "(420, 189)": [
        "(925, 239)",
        "(77, 327)",
        "(87, 837)",
        "(627, 583)",
        "(768, 649)",
        "(916, 68)",
        "(494, 226)",
        "(322, 830)",
        "(369, 400)",
        "(14, 899)",
        "(851, 108)",
        "(208, 764)",
        "(308, 709)",
        "(609, 619)",
        "(492, 451)",
        "(279, 90)",
        "(968, 204)",
        "(219, 386)",
        "(172, 199)",
        "(987, 264)",
        "(723, 177)",
        "(615, 503)",
        "(931, 124)",
        "(15, 290)",
        "(982, 327)",
        "(182, 282)",
        "(701, 146)",
        "(438, 726)",
        "(525, 135)"
    ],
    "(305, 497)": [
        "(256, 215)",
        "(525, 135)",
        "(931, 124)",
        "(609, 619)",
        "(300, 342)",
        "(914, 311)",
        "(322, 830)",
        "(399, 247)",
        "(531, 261)",
        "(308, 709)",
        "(203, 518)",
        "(130, 756)",
        "(695, 512)",
        "(279, 90)",
        "(799, 763)",
        "(768, 649)",
        "(771, 769)",
        "(815, 384)",
        "(15, 290)",
        "(615, 503)",
        "(955, 307)",
        "(851, 108)",
        "(556, 507)",
        "(296, 206)",
        "(968, 204)",
        "(89, 172)",
        "(4, 92)"
    ],
    "(148, 841)": [
        "(531, 261)",
        "(12, 248)",
        "(942, 435)",
        "(985, 853)",
        "(297, 83)",
        "(876, 411)",
        "(492, 451)",
        "(598, 475)",
        "(343, 922)",
        "(87, 837)",
        "(414, 681)",
        "(753, 18)",
        "(438, 815)",
        "(556, 507)",
        "(141, 171)",
        "(805, 37)",
        "(481, 799)",
        "(208, 764)",
        "(727, 999)",
        "(399, 247)",
        "(695, 512)"
    ],
    "(376, 740)": [
        "(987, 264)",
        "(141, 171)",
        "(220, 472)",
        "(369, 400)",
        "(531, 261)",
        "(955, 307)",
        "(555, 440)",
        "(481, 799)",
        "(438, 815)",
        "(571, 613)",
        "(399, 247)",
        "(925, 239)",
        "(203, 518)",
        "(815, 384)",
        "(172, 199)",
        "(982, 327)",
        "(103, 832)",
        "(12, 248)",
        "(322, 830)",
        "(219, 430)",
        "(483, 918)",
        "(308, 709)",
        "(739, 724)"
    ],
    "(219, 386)": [
        "(322, 830)",
        "(987, 264)",
        "(98, 383)",
        "(598, 475)",
        "(768, 649)",
        "(701, 146)",
        "(771, 769)",
        "(4, 92)",
        "(438, 726)",
        "(942, 435)",
        "(182, 282)",
        "(141, 171)",
        "(525, 135)",
        "(420, 189)",
        "(103, 832)",
        "(15, 290)",
        "(197, 904)",
        "(889, 8)",
        "(818, 457)",
        "(14, 899)",
        "(279, 90)",
        "(210, 600)"
    ],
    "(982, 327)": [
        "(197, 904)",
        "(182, 282)",
        "(103, 832)",
        "(441, 353)",
        "(771, 769)",
        "(531, 261)",
        "(615, 503)",
        "(799, 763)",
        "(256, 215)",
        "(978, 838)",
        "(399, 247)",
        "(414, 681)",
        "(768, 649)",
        "(152, 541)",
        "(526, 326)",
        "(141, 171)",
        "(483, 219)",
        "(376, 740)",
        "(876, 411)",
        "(193, 486)",
        "(87, 837)",
        "(89, 172)",
        "(420, 189)",
        "(220, 472)",
        "(815, 384)",
        "(695, 512)"
    ],
    "(987, 264)": [
        "(376, 740)",
        "(440, 554)",
        "(208, 764)",
        "(219, 386)",
        "(438, 815)",
        "(399, 247)",
        "(203, 518)",
        "(152, 541)",
        "(799, 763)",
        "(818, 457)",
        "(627, 583)",
        "(615, 503)",
        "(753, 18)",
        "(15, 290)",
        "(438, 726)",
        "(296, 206)",
        "(420, 189)",
        "(89, 172)",
        "(385, 492)",
        "(567, 611)",
        "(163, 504)",
        "(14, 899)",
        "(598, 475)"
    ],
    "(322, 830)": [
        "(303, 959)",
        "(219, 386)",
        "(840, 984)",
        "(141, 171)",
        "(978, 838)",
        "(876, 411)",
        "(818, 457)",
        "(305, 497)",
        "(399, 247)",
        "(438, 815)",
        "(152, 541)",
        "(481, 799)",
        "(723, 177)",
        "(12, 248)",
        "(695, 512)",
        "(420, 189)",
        "(701, 146)",
        "(163, 504)",
        "(483, 918)",
        "(531, 261)",
        "(130, 756)",
        "(627, 583)",
        "(192, 37)",
        "(256, 215)",
        "(297, 83)",
        "(438, 726)",
        "(526, 326)",
        "(776, 952)",
        "(771, 769)",
        "(376, 740)",
        "(385, 492)",
        "(739, 724)",
        "(959, 216)",
        "(219, 430)"
    ],
    "(968, 204)": [
        "(438, 726)",
        "(219, 430)",
        "(776, 952)",
        "(753, 18)",
        "(15, 290)",
        "(723, 177)",
        "(925, 239)",
        "(739, 724)",
        "(414, 681)",
        "(771, 769)",
        "(152, 541)",
        "(303, 959)",
        "(889, 8)",
        "(193, 486)",
        "(338, 34)",
        "(440, 554)",
        "(103, 832)",
        "(420, 189)",
        "(627, 583)",
        "(305, 497)",
        "(609, 619)"
    ],
    "(723, 177)": [
        "(571, 613)",
        "(938, 20)",
        "(840, 984)",
        "(492, 451)",
        "(968, 204)",
        "(851, 108)",
        "(768, 649)",
        "(257, 446)",
        "(256, 215)",
        "(322, 830)",
        "(971, 935)",
        "(526, 326)",
        "(152, 541)",
        "(385, 492)",
        "(399, 247)",
        "(916, 68)",
        "(889, 8)",
        "(343, 922)",
        "(77, 327)",
        "(279, 90)",
        "(420, 189)",
        "(369, 400)",
        "(914, 311)",
        "(955, 307)"
    ]
}