{
    "(759, 141)": [
        "(502, 432)",
        "(209, 236)",
        "(997, 331)"
    ],
    "(435, 448)": [
        "(585, 885)",
        "(460, 128)",
        "(503, 969)",
        "(781, 58)",
        "(536, 771)"
    ],
    "(781, 58)": [
        "(9, 88)",
        "(435, 448)",
        "(118, 709)",
        "(580, 247)",
        "(265, 108)",
        "(771, 327)"
    ],
    "(454, 408)": [
        "(698, 745)",
        "(209, 236)"
    ],
    "(385, 307)": [
        "(9, 88)",
        "(355, 614)"
    ],
    "(118, 709)": [
        "(588, 598)",
        "(781, 58)"
    ],
    "(209, 236)": [
        "(759, 141)",
        "(588, 598)",
        "(551, 665)",
        "(764, 491)",
        "(454, 408)"
    ],
    "(764, 491)": [
        "(580, 247)",
        "(209, 236)",
        "(670, 694)"
    ],
    "(698, 745)": [
        "(454, 408)"
    ],
    "(997, 331)": [
        "(685, 355)",
        "(759, 141)"
    ],
    "(617, 400)": [],
    "(551, 665)": [
        "(460, 128)",
        "(607, 705)",
        "(209, 236)",
        "(9, 88)",
        "(536, 771)"
    ],
    "(355, 614)": [
        "(385, 307)"
    ],
    "(502, 432)": [
        "(759, 141)",
        "(588, 598)"
    ],
    "(580, 247)": [
        "(764, 491)",
        "(670, 694)",
        "(588, 598)",
        "(781, 58)"
    ],
    "(685, 355)": [
        "(912, 24)",
        "(460, 128)",
        "(997, 331)"
    ],
    "(588, 598)": [
        "(670, 694)",
        "(209, 236)",
        "(118, 709)",
        "(502, 432)",
        "(580, 247)",
        "(503, 969)"
    ],
    "(503, 969)": [
        "(588, 598)",
        "(435, 448)",
        "(912, 24)",
        "(607, 705)"
    ],
    "(607, 705)": [
        "(771, 327)",
        "(551, 665)",
        "(460, 128)",
        "(503, 969)",
        "(9, 88)"
    ],
    "(536, 771)": [
        "(912, 24)",
        "(265, 108)",
        "(435, 448)",
        "(551, 665)",
        "(771, 327)"
    ],
    "(585, 885)": [
        "(9, 88)",
        "(435, 448)"
    ],
    "(230, 715)": [],
    "(265, 108)": [
        "(460, 128)",
        "(9, 88)",
        "(536, 771)",
        "(771, 327)",
        "(781, 58)"
    ],
    "(670, 694)": [
        "(588, 598)",
        "(580, 247)",
        "(764, 491)"
    ],
    "(460, 128)": [
        "(685, 355)",
        "(551, 665)",
        "(435, 448)",
        "(607, 705)",
        "(265, 108)"
    ],
    "(771, 327)": [
        "(607, 705)",
        "(265, 108)",
        "(536, 771)",
        "(781, 58)"
    ],
    "(912, 24)": [
        "(685, 355)",
        "(536, 771)",
        "(503, 969)"
    ],
    "(9, 88)": [
        "(585, 885)",
        "(385, 307)",
        "(551, 665)",
        "(265, 108)",
        "(781, 58)",
        "(607, 705)"
    ]
}