{
    "(580, 778)": [
        "(717, 477)",
        "(288, 384)",
        "(270, 426)",
        "(368, 124)",
        "(840, 573)",
        "(880, 737)",
        "(490, 544)",
        "(88, 298)",
        "(660, 72)",
        "(352, 619)",
        "(183, 753)",
        "(434, 660)",
        "(98, 78)",
        "(743, 250)",
        "(541, 470)",
        "(798, 254)",
        "(933, 244)",
        "(688, 484)",
        "(138, 848)",
        "(684, 514)",
        "(466, 92)",
        "(869, 42)",
        "(979, 512)",
        "(169, 96)",
        "(671, 769)",
        "(586, 137)",
        "(856, 695)",
        "(426, 10)",
        "(179, 201)"
    ],
    "(368, 124)": [
        "(798, 254)",
        "(798, 930)",
        "(390, 253)",
        "(304, 325)",
        "(580, 778)",
        "(691, 511)",
        "(774, 21)",
        "(830, 878)",
        "(588, 620)",
        "(913, 405)",
        "(288, 384)",
        "(869, 42)",
        "(434, 660)",
        "(514, 923)",
        "(688, 484)",
        "(416, 844)",
        "(586, 137)",
        "(214, 761)",
        "(298, 622)",
        "(925, 448)",
        "(324, 908)",
        "(979, 512)",
        "(55, 978)",
        "(393, 77)",
        "(408, 118)",
        "(336, 713)",
        "(743, 250)",
        "(88, 298)",
        "(880, 737)",
        "(64, 390)",
        "(82, 573)"
    ],
    "(725, 47)": [
        "(306, 815)",
        "(128, 755)",
        "(978, 920)",
        "(798, 930)",
        "(86, 563)",
        "(490, 544)",
        "(64, 390)",
        "(717, 477)",
        "(416, 844)",
        "(153, 160)",
        "(798, 254)",
        "(98, 78)",
        "(979, 512)",
        "(179, 201)",
        "(304, 325)",
        "(774, 21)",
        "(816, 364)",
        "(298, 622)",
        "(270, 426)",
        "(426, 10)",
        "(660, 72)",
        "(390, 253)",
        "(214, 761)",
        "(183, 753)",
        "(336, 713)",
        "(425, 33)",
        "(466, 92)",
        "(671, 769)",
        "(588, 620)",
        "(869, 42)",
        "(434, 660)",
        "(541, 470)",
        "(352, 619)",
        "(324, 908)",
        "(288, 384)"
    ],
    "(169, 96)": [
        "(514, 923)",
        "(830, 878)",
        "(288, 384)",
        "(473, 269)",
        "(774, 21)",
        "(798, 930)",
        "(183, 753)",
        "(434, 660)",
        "(336, 713)",
        "(306, 815)",
        "(390, 253)",
        "(298, 622)",
        "(979, 512)",
        "(324, 908)",
        "(691, 511)",
        "(660, 72)",
        "(304, 773)",
        "(10, 308)",
        "(98, 78)",
        "(586, 137)",
        "(88, 298)",
        "(82, 573)",
        "(742, 444)",
        "(425, 33)",
        "(466, 92)",
        "(580, 778)",
        "(416, 844)",
        "(1, 940)",
        "(541, 470)",
        "(869, 42)",
        "(913, 405)",
        "(190, 743)"
    ],
    "(840, 573)": [
        "(64, 390)",
        "(660, 72)",
        "(416, 844)",
        "(880, 737)",
        "(580, 778)",
        "(352, 619)",
        "(913, 405)",
        "(978, 920)",
        "(434, 660)",
        "(86, 563)",
        "(183, 753)",
        "(933, 244)",
        "(336, 713)",
        "(306, 815)",
        "(393, 77)",
        "(304, 773)",
        "(514, 923)",
        "(816, 364)",
        "(717, 477)",
        "(10, 308)",
        "(98, 78)",
        "(288, 384)",
        "(55, 978)",
        "(408, 118)",
        "(684, 514)",
        "(979, 512)",
        "(541, 470)",
        "(742, 444)",
        "(473, 269)",
        "(869, 42)",
        "(298, 622)"
    ],
    "(925, 448)": [
        "(901, 12)",
        "(541, 470)",
        "(830, 878)",
        "(717, 477)",
        "(816, 364)",
        "(514, 923)",
        "(798, 254)",
        "(88, 298)",
        "(880, 737)",
        "(416, 844)",
        "(138, 848)",
        "(743, 250)",
        "(183, 753)",
        "(304, 773)",
        "(660, 72)",
        "(426, 10)",
        "(368, 124)",
        "(798, 930)",
        "(304, 325)",
        "(869, 42)",
        "(393, 77)",
        "(214, 761)",
        "(978, 920)",
        "(671, 769)",
        "(306, 815)",
        "(179, 201)",
        "(425, 33)",
        "(82, 573)",
        "(86, 563)"
    ],
    "(434, 660)": [
        "(869, 42)",
        "(10, 308)",
        "(742, 816)",
        "(742, 444)",
        "(691, 511)",
        "(830, 878)",
        "(684, 514)",
        "(82, 573)",
        "(169, 96)",
        "(671, 769)",
        "(978, 920)",
        "(840, 573)",
        "(466, 92)",
        "(128, 755)",
        "(1, 940)",
        "(368, 124)",
        "(541, 470)",
        "(580, 778)",
        "(190, 743)",
        "(239, 152)",
        "(306, 815)",
        "(153, 160)",
        "(86, 563)",
        "(473, 269)",
        "(660, 72)",
        "(490, 544)",
        "(55, 978)",
        "(179, 201)",
        "(304, 773)",
        "(425, 33)",
        "(856, 695)",
        "(979, 512)",
        "(393, 77)",
        "(725, 47)",
        "(588, 620)",
        "(352, 619)"
    ],
    "(390, 253)": [
        "(98, 78)",
        "(473, 269)",
        "(64, 390)",
        "(82, 573)",
        "(416, 844)",
        "(490, 544)",
        "(368, 124)",
        "(684, 514)",
        "(169, 96)",
        "(541, 470)",
        "(743, 250)",
        "(306, 815)",
        "(336, 713)",
        "(138, 848)",
        "(586, 137)",
        "(393, 77)",
        "(128, 755)",
        "(978, 920)",
        "(691, 511)",
        "(270, 426)",
        "(725, 47)",
        "(660, 72)",
        "(933, 244)",
        "(304, 773)",
        "(979, 512)",
        "(153, 160)",
        "(298, 622)",
        "(774, 21)",
        "(671, 769)",
        "(10, 308)"
    ],
    "(798, 930)": [
        "(153, 160)",
        "(586, 137)",
        "(979, 512)",
        "(82, 573)",
        "(725, 47)",
        "(671, 769)",
        "(368, 124)",
        "(169, 96)",
        "(816, 364)",
        "(86, 563)",
        "(138, 848)",
        "(214, 761)",
        "(324, 908)",
        "(10, 308)",
        "(588, 620)",
        "(742, 444)",
        "(742, 816)",
        "(473, 269)",
        "(425, 33)",
        "(933, 244)",
        "(925, 448)",
        "(514, 923)",
        "(717, 477)",
        "(393, 77)",
        "(270, 426)",
        "(743, 250)",
        "(691, 511)",
        "(55, 978)",
        "(684, 514)",
        "(183, 753)",
        "(490, 544)"
    ],
    "(416, 844)": [
        "(55, 978)",
        "(742, 816)",
        "(840, 573)",
        "(390, 253)",
        "(336, 713)",
        "(128, 755)",
        "(913, 405)",
        "(10, 308)",
        "(725, 47)",
        "(473, 269)",
        "(304, 325)",
        "(660, 72)",
        "(901, 12)",
        "(880, 737)",
        "(88, 298)",
        "(925, 448)",
        "(933, 244)",
        "(425, 33)",
        "(368, 124)",
        "(324, 908)",
        "(1, 940)",
        "(869, 42)",
        "(684, 514)",
        "(978, 920)",
        "(64, 390)",
        "(426, 10)",
        "(306, 815)",
        "(82, 573)",
        "(774, 21)",
        "(288, 384)",
        "(830, 878)",
        "(270, 426)",
        "(169, 96)",
        "(466, 92)",
        "(183, 753)",
        "(408, 118)",
        "(688, 484)",
        "(671, 769)",
        "(86, 563)"
    ],
    "(10, 308)": [
        "(514, 923)",
        "(742, 444)",
        "(434, 660)",
        "(336, 713)",
        "(306, 815)",
        "(270, 426)",
        "(880, 737)",
        "(298, 622)",
        "(190, 743)",
        "(214, 761)",
        "(128, 755)",
        "(416, 844)",
        "(913, 405)",
        "(324, 908)",
        "(798, 930)",
        "(425, 33)",
        "(798, 254)",
        "(288, 384)",
        "(239, 152)",
        "(352, 619)",
        "(169, 96)",
        "(490, 544)",
        "(466, 92)",
        "(816, 364)",
        "(840, 573)",
        "(742, 816)",
        "(660, 72)",
        "(408, 118)",
        "(856, 695)",
        "(88, 298)",
        "(830, 878)",
        "(688, 484)",
        "(774, 21)",
        "(869, 42)",
        "(393, 77)",
        "(390, 253)"
    ],
    "(306, 815)": [
        "(725, 47)",
        "(239, 152)",
        "(743, 250)",
        "(10, 308)",
        "(426, 10)",
        "(688, 484)",
        "(774, 21)",
        "(169, 96)",
        "(742, 444)",
        "(298, 622)",
        "(660, 72)",
        "(390, 253)",
        "(840, 573)",
        "(214, 761)",
        "(324, 908)",
        "(979, 512)",
        "(190, 743)",
        "(153, 160)",
        "(304, 773)",
        "(434, 660)",
        "(691, 511)",
        "(304, 325)",
        "(416, 844)",
        "(270, 426)",
        "(671, 769)",
        "(913, 405)",
        "(514, 923)",
        "(1, 940)",
        "(925, 448)",
        "(541, 470)",
        "(869, 42)",
        "(717, 477)"
    ],
    "(933, 244)": [
        "(138, 848)",
        "(86, 563)",
        "(425, 33)",
        "(691, 511)",
        "(830, 878)",
        "(128, 755)",
        "(979, 512)",
        "(490, 544)",
        "(840, 573)",
        "(586, 137)",
        "(688, 484)",
        "(416, 844)",
        "(880, 737)",
        "(660, 72)",
        "(774, 21)",
        "(304, 773)",
        "(798, 930)",
        "(580, 778)",
        "(270, 426)",
        "(408, 118)",
        "(717, 477)",
        "(588, 620)",
        "(82, 573)",
        "(743, 250)",
        "(390, 253)",
        "(913, 405)",
        "(816, 364)",
        "(541, 470)"
    ],
    "(153, 160)": [
        "(798, 930)",
        "(743, 250)",
        "(88, 298)",
        "(138, 848)",
        "(408, 118)",
        "(466, 92)",
        "(830, 878)",
        "(869, 42)",
        "(490, 544)",
        "(336, 713)",
        "(514, 923)",
        "(64, 390)",
        "(725, 47)",
        "(978, 920)",
        "(880, 737)",
        "(426, 10)",
        "(660, 72)",
        "(774, 21)",
        "(901, 12)",
        "(306, 815)",
        "(434, 660)",
        "(393, 77)",
        "(588, 620)",
        "(688, 484)",
        "(717, 477)",
        "(270, 426)",
        "(298, 622)",
        "(390, 253)",
        "(816, 364)",
        "(1, 940)",
        "(304, 773)",
        "(425, 33)",
        "(742, 816)",
        "(288, 384)",
        "(304, 325)",
        "(214, 761)"
    ],
    "(128, 755)": [
        "(270, 426)",
        "(725, 47)",
        "(660, 72)",
        "(288, 384)",
        "(190, 743)",
        "(416, 844)",
        "(10, 308)",
        "(324, 908)",
        "(830, 878)",
        "(214, 761)",
        "(434, 660)",
        "(933, 244)",
        "(304, 773)",
        "(490, 544)",
        "(390, 253)",
        "(408, 118)",
        "(98, 78)",
        "(880, 737)",
        "(82, 573)",
        "(717, 477)",
        "(691, 511)",
        "(978, 920)",
        "(798, 254)",
        "(183, 753)",
        "(1, 940)",
        "(671, 769)",
        "(514, 923)",
        "(743, 250)",
        "(466, 92)",
        "(425, 33)",
        "(86, 563)",
        "(336, 713)",
        "(298, 622)"
    ],
    "(586, 137)": [
        "(798, 930)",
        "(426, 10)",
        "(466, 92)",
        "(660, 72)",
        "(425, 33)",
        "(816, 364)",
        "(336, 713)",
        "(541, 470)",
        "(179, 201)",
        "(214, 761)",
        "(691, 511)",
        "(742, 816)",
        "(933, 244)",
        "(856, 695)",
        "(390, 253)",
        "(368, 124)",
        "(742, 444)",
        "(588, 620)",
        "(169, 96)",
        "(774, 21)",
        "(743, 250)",
        "(352, 619)",
        "(86, 563)",
        "(190, 743)",
        "(239, 152)",
        "(798, 254)",
        "(979, 512)",
        "(183, 753)",
        "(304, 773)",
        "(88, 298)",
        "(580, 778)",
        "(304, 325)",
        "(82, 573)",
        "(393, 77)",
        "(1, 940)"
    ],
    "(541, 470)": [
        "(979, 512)",
        "(925, 448)",
        "(588, 620)",
        "(183, 753)",
        "(214, 761)",
        "(298, 622)",
        "(1, 940)",
        "(691, 511)",
        "(304, 325)",
        "(239, 152)",
        "(586, 137)",
        "(671, 769)",
        "(390, 253)",
        "(138, 848)",
        "(434, 660)",
        "(580, 778)",
        "(82, 573)",
        "(742, 816)",
        "(490, 544)",
        "(304, 773)",
        "(880, 737)",
        "(55, 978)",
        "(179, 201)",
        "(514, 923)",
        "(717, 477)",
        "(393, 77)",
        "(324, 908)",
        "(64, 390)",
        "(840, 573)",
        "(725, 47)",
        "(270, 426)",
        "(306, 815)",
        "(408, 118)",
        "(169, 96)",
        "(933, 244)"
    ],
    "(64, 390)": [
        "(856, 695)",
        "(840, 573)",
        "(390, 253)",
        "(725, 47)",
        "(324, 908)",
        "(153, 160)",
        "(214, 761)",
        "(798, 254)",
        "(913, 405)",
        "(416, 844)",
        "(541, 470)",
        "(408, 118)",
        "(473, 269)",
        "(774, 21)",
        "(684, 514)",
        "(691, 511)",
        "(88, 298)",
        "(368, 124)",
        "(1, 940)",
        "(901, 12)"
    ],
    "(978, 920)": [
        "(88, 298)",
        "(725, 47)",
        "(684, 514)",
        "(856, 695)",
        "(880, 737)",
        "(183, 753)",
        "(840, 573)",
        "(434, 660)",
        "(688, 484)",
        "(901, 12)",
        "(153, 160)",
        "(660, 72)",
        "(717, 477)",
        "(214, 761)",
        "(390, 253)",
        "(270, 426)",
        "(473, 269)",
        "(816, 364)",
        "(304, 325)",
        "(55, 978)",
        "(691, 511)",
        "(416, 844)",
        "(298, 622)",
        "(466, 92)",
        "(979, 512)",
        "(774, 21)",
        "(288, 384)",
        "(925, 448)",
        "(98, 78)",
        "(128, 755)",
        "(425, 33)",
        "(86, 563)",
        "(408, 118)"
    ],
    "(288, 384)": [
        "(190, 743)",
        "(324, 908)",
        "(798, 254)",
        "(169, 96)",
        "(717, 477)",
        "(743, 250)",
        "(304, 773)",
        "(580, 778)",
        "(128, 755)",
        "(138, 848)",
        "(426, 10)",
        "(368, 124)",
        "(82, 573)",
        "(688, 484)",
        "(10, 308)",
        "(183, 753)",
        "(490, 544)",
        "(691, 511)",
        "(98, 78)",
        "(393, 77)",
        "(88, 298)",
        "(901, 12)",
        "(742, 444)",
        "(416, 844)",
        "(978, 920)",
        "(840, 573)",
        "(816, 364)",
        "(473, 269)",
        "(214, 761)",
        "(270, 426)",
        "(671, 769)",
        "(725, 47)",
        "(913, 405)",
        "(153, 160)"
    ],
    "(324, 908)": [
        "(288, 384)",
        "(466, 92)",
        "(798, 254)",
        "(1, 940)",
        "(880, 737)",
        "(688, 484)",
        "(64, 390)",
        "(426, 10)",
        "(128, 755)",
        "(190, 743)",
        "(10, 308)",
        "(183, 753)",
        "(490, 544)",
        "(798, 930)",
        "(55, 978)",
        "(169, 96)",
        "(742, 444)",
        "(86, 563)",
        "(306, 815)",
        "(270, 426)",
        "(869, 42)",
        "(743, 250)",
        "(830, 878)",
        "(416, 844)",
        "(514, 923)",
        "(368, 124)",
        "(901, 12)",
        "(742, 816)",
        "(239, 152)",
        "(138, 848)",
        "(541, 470)",
        "(671, 769)",
        "(588, 620)",
        "(774, 21)",
        "(82, 573)",
        "(725, 47)",
        "(856, 695)"
    ],
    "(466, 92)": [
        "(586, 137)",
        "(324, 908)",
        "(901, 12)",
        "(183, 753)",
        "(742, 816)",
        "(393, 77)",
        "(153, 160)",
        "(684, 514)",
        "(913, 405)",
        "(434, 660)",
        "(82, 573)",
        "(688, 484)",
        "(190, 743)",
        "(270, 426)",
        "(671, 769)",
        "(798, 254)",
        "(239, 152)",
        "(426, 10)",
        "(856, 695)",
        "(10, 308)",
        "(816, 364)",
        "(978, 920)",
        "(88, 298)",
        "(580, 778)",
        "(98, 78)",
        "(514, 923)",
        "(725, 47)",
        "(660, 72)",
        "(169, 96)",
        "(416, 844)",
        "(717, 477)",
        "(774, 21)",
        "(128, 755)",
        "(869, 42)"
    ],
    "(1, 940)": [
        "(214, 761)",
        "(671, 769)",
        "(324, 908)",
        "(55, 978)",
        "(88, 298)",
        "(82, 573)",
        "(541, 470)",
        "(473, 269)",
        "(239, 152)",
        "(138, 848)",
        "(434, 660)",
        "(298, 622)",
        "(304, 325)",
        "(588, 620)",
        "(742, 444)",
        "(816, 364)",
        "(86, 563)",
        "(416, 844)",
        "(774, 21)",
        "(426, 10)",
        "(742, 816)",
        "(270, 426)",
        "(169, 96)",
        "(190, 743)",
        "(306, 815)",
        "(128, 755)",
        "(684, 514)",
        "(153, 160)",
        "(64, 390)",
        "(913, 405)",
        "(586, 137)",
        "(514, 923)"
    ],
    "(869, 42)": [
        "(434, 660)",
        "(86, 563)",
        "(901, 12)",
        "(742, 816)",
        "(352, 619)",
        "(425, 33)",
        "(153, 160)",
        "(671, 769)",
        "(717, 477)",
        "(82, 573)",
        "(368, 124)",
        "(55, 978)",
        "(691, 511)",
        "(98, 78)",
        "(304, 773)",
        "(324, 908)",
        "(798, 254)",
        "(88, 298)",
        "(179, 201)",
        "(416, 844)",
        "(684, 514)",
        "(925, 448)",
        "(408, 118)",
        "(830, 878)",
        "(913, 405)",
        "(214, 761)",
        "(580, 778)",
        "(725, 47)",
        "(774, 21)",
        "(490, 544)",
        "(466, 92)",
        "(514, 923)",
        "(840, 573)",
        "(10, 308)",
        "(306, 815)",
        "(169, 96)",
        "(138, 848)"
    ],
    "(671, 769)": [
        "(798, 930)",
        "(393, 77)",
        "(588, 620)",
        "(1, 940)",
        "(82, 573)",
        "(869, 42)",
        "(434, 660)",
        "(688, 484)",
        "(541, 470)",
        "(490, 544)",
        "(183, 753)",
        "(466, 92)",
        "(270, 426)",
        "(138, 848)",
        "(190, 743)",
        "(426, 10)",
        "(742, 816)",
        "(717, 477)",
        "(324, 908)",
        "(913, 405)",
        "(306, 815)",
        "(725, 47)",
        "(925, 448)",
        "(580, 778)",
        "(128, 755)",
        "(288, 384)",
        "(408, 118)",
        "(742, 444)",
        "(352, 619)",
        "(830, 878)",
        "(416, 844)",
        "(425, 33)",
        "(390, 253)",
        "(473, 269)"
    ],
    "(179, 201)": [
        "(717, 477)",
        "(660, 72)",
        "(138, 848)",
        "(743, 250)",
        "(304, 325)",
        "(298, 622)",
        "(586, 137)",
        "(588, 620)",
        "(82, 573)",
        "(88, 298)",
        "(856, 695)",
        "(725, 47)",
        "(190, 743)",
        "(869, 42)",
        "(393, 77)",
        "(434, 660)",
        "(541, 470)",
        "(336, 713)",
        "(774, 21)",
        "(742, 816)",
        "(270, 426)",
        "(816, 364)",
        "(425, 33)",
        "(691, 511)",
        "(98, 78)",
        "(925, 448)",
        "(352, 619)",
        "(514, 923)",
        "(580, 778)"
    ],
    "(352, 619)": [
        "(684, 514)",
        "(856, 695)",
        "(514, 923)",
        "(304, 773)",
        "(55, 978)",
        "(869, 42)",
        "(840, 573)",
        "(298, 622)",
        "(913, 405)",
        "(688, 484)",
        "(214, 761)",
        "(580, 778)",
        "(717, 477)",
        "(901, 12)",
        "(830, 878)",
        "(10, 308)",
        "(979, 512)",
        "(426, 10)",
        "(190, 743)",
        "(742, 816)",
        "(586, 137)",
        "(774, 21)",
        "(183, 753)",
        "(816, 364)",
        "(336, 713)",
        "(86, 563)",
        "(82, 573)",
        "(742, 444)",
        "(304, 325)",
        "(393, 77)",
        "(179, 201)",
        "(671, 769)",
        "(725, 47)",
        "(434, 660)"
    ],
    "(743, 250)": [
        "(214, 761)",
        "(684, 514)",
        "(304, 325)",
        "(306, 815)",
        "(153, 160)",
        "(288, 384)",
        "(179, 201)",
        "(856, 695)",
        "(88, 298)",
        "(183, 753)",
        "(390, 253)",
        "(925, 448)",
        "(580, 778)",
        "(324, 908)",
        "(190, 743)",
        "(660, 72)",
        "(514, 923)",
        "(586, 137)",
        "(933, 244)",
        "(408, 118)",
        "(913, 405)",
        "(774, 21)",
        "(426, 10)",
        "(425, 33)",
        "(742, 816)",
        "(368, 124)",
        "(128, 755)",
        "(304, 773)",
        "(798, 930)",
        "(55, 978)",
        "(82, 573)"
    ],
    "(830, 878)": [
        "(408, 118)",
        "(169, 96)",
        "(925, 448)",
        "(138, 848)",
        "(434, 660)",
        "(153, 160)",
        "(368, 124)",
        "(55, 978)",
        "(128, 755)",
        "(933, 244)",
        "(913, 405)",
        "(82, 573)",
        "(901, 12)",
        "(270, 426)",
        "(352, 619)",
        "(514, 923)",
        "(324, 908)",
        "(880, 737)",
        "(393, 77)",
        "(816, 364)",
        "(869, 42)",
        "(856, 695)",
        "(688, 484)",
        "(416, 844)",
        "(717, 477)",
        "(588, 620)",
        "(10, 308)",
        "(684, 514)",
        "(671, 769)",
        "(798, 254)"
    ],
    "(473, 269)": [
        "(138, 848)",
        "(86, 563)",
        "(798, 254)",
        "(390, 253)",
        "(169, 96)",
        "(239, 152)",
        "(1, 940)",
        "(190, 743)",
        "(416, 844)",
        "(408, 118)",
        "(774, 21)",
        "(798, 930)",
        "(425, 33)",
        "(183, 753)",
        "(978, 920)",
        "(434, 660)",
        "(214, 761)",
        "(393, 77)",
        "(742, 444)",
        "(304, 325)",
        "(288, 384)",
        "(64, 390)",
        "(856, 695)",
        "(98, 78)",
        "(270, 426)",
        "(840, 573)",
        "(717, 477)",
        "(979, 512)",
        "(901, 12)",
        "(671, 769)"
    ],
    "(408, 118)": [
        "(830, 878)",
        "(304, 325)",
        "(153, 160)",
        "(717, 477)",
        "(742, 816)",
        "(98, 78)",
        "(691, 511)",
        "(88, 298)",
        "(688, 484)",
        "(86, 563)",
        "(588, 620)",
        "(473, 269)",
        "(979, 512)",
        "(856, 695)",
        "(393, 77)",
        "(336, 713)",
        "(298, 622)",
        "(128, 755)",
        "(304, 773)",
        "(214, 761)",
        "(933, 244)",
        "(183, 753)",
        "(869, 42)",
        "(368, 124)",
        "(743, 250)",
        "(64, 390)",
        "(840, 573)",
        "(10, 308)",
        "(671, 769)",
        "(416, 844)",
        "(978, 920)",
        "(541, 470)"
    ],
    "(901, 12)": [
        "(925, 448)",
        "(466, 92)",
        "(393, 77)",
        "(869, 42)",
        "(98, 78)",
        "(214, 761)",
        "(190, 743)",
        "(426, 10)",
        "(856, 695)",
        "(691, 511)",
        "(416, 844)",
        "(978, 920)",
        "(830, 878)",
        "(352, 619)",
        "(979, 512)",
        "(153, 160)",
        "(514, 923)",
        "(304, 325)",
        "(88, 298)",
        "(336, 713)",
        "(288, 384)",
        "(324, 908)",
        "(138, 848)",
        "(660, 72)",
        "(425, 33)",
        "(742, 816)",
        "(86, 563)",
        "(298, 622)",
        "(304, 773)",
        "(270, 426)",
        "(64, 390)",
        "(816, 364)",
        "(82, 573)",
        "(473, 269)",
        "(880, 737)"
    ],
    "(742, 816)": [
        "(183, 753)",
        "(88, 298)",
        "(393, 77)",
        "(466, 92)",
        "(434, 660)",
        "(416, 844)",
        "(869, 42)",
        "(408, 118)",
        "(798, 254)",
        "(55, 978)",
        "(856, 695)",
        "(586, 137)",
        "(774, 21)",
        "(588, 620)",
        "(138, 848)",
        "(86, 563)",
        "(798, 930)",
        "(671, 769)",
        "(541, 470)",
        "(239, 152)",
        "(691, 511)",
        "(304, 325)",
        "(352, 619)",
        "(742, 444)",
        "(324, 908)",
        "(214, 761)",
        "(10, 308)",
        "(298, 622)",
        "(901, 12)",
        "(1, 940)",
        "(179, 201)",
        "(743, 250)",
        "(979, 512)",
        "(660, 72)",
        "(98, 78)",
        "(153, 160)",
        "(880, 737)",
        "(336, 713)"
    ],
    "(684, 514)": [
        "(336, 713)",
        "(352, 619)",
        "(691, 511)",
        "(743, 250)",
        "(978, 920)",
        "(742, 444)",
        "(55, 978)",
        "(466, 92)",
        "(434, 660)",
        "(390, 253)",
        "(660, 72)",
        "(304, 325)",
        "(880, 737)",
        "(717, 477)",
        "(913, 405)",
        "(816, 364)",
        "(856, 695)",
        "(416, 844)",
        "(298, 622)",
        "(869, 42)",
        "(580, 778)",
        "(979, 512)",
        "(82, 573)",
        "(840, 573)",
        "(688, 484)",
        "(1, 940)",
        "(588, 620)",
        "(830, 878)",
        "(64, 390)",
        "(270, 426)",
        "(798, 930)"
    ],
    "(304, 325)": [
        "(743, 250)",
        "(408, 118)",
        "(190, 743)",
        "(88, 298)",
        "(368, 124)",
        "(660, 72)",
        "(179, 201)",
        "(684, 514)",
        "(541, 470)",
        "(688, 484)",
        "(717, 477)",
        "(416, 844)",
        "(1, 940)",
        "(55, 978)",
        "(239, 152)",
        "(425, 33)",
        "(725, 47)",
        "(856, 695)",
        "(742, 816)",
        "(774, 21)",
        "(901, 12)",
        "(978, 920)",
        "(925, 448)",
        "(306, 815)",
        "(82, 573)",
        "(304, 773)",
        "(473, 269)",
        "(352, 619)",
        "(514, 923)",
        "(586, 137)",
        "(153, 160)"
    ],
    "(393, 77)": [
        "(671, 769)",
        "(901, 12)",
        "(742, 816)",
        "(466, 92)",
        "(490, 544)",
        "(856, 695)",
        "(239, 152)",
        "(214, 761)",
        "(798, 254)",
        "(183, 753)",
        "(270, 426)",
        "(408, 118)",
        "(840, 573)",
        "(88, 298)",
        "(390, 253)",
        "(98, 78)",
        "(830, 878)",
        "(288, 384)",
        "(179, 201)",
        "(153, 160)",
        "(190, 743)",
        "(880, 737)",
        "(473, 269)",
        "(688, 484)",
        "(368, 124)",
        "(541, 470)",
        "(798, 930)",
        "(925, 448)",
        "(434, 660)",
        "(352, 619)",
        "(913, 405)",
        "(514, 923)",
        "(717, 477)",
        "(586, 137)",
        "(10, 308)"
    ],
    "(270, 426)": [
        "(128, 755)",
        "(239, 152)",
        "(580, 778)",
        "(10, 308)",
        "(98, 78)",
        "(880, 737)",
        "(466, 92)",
        "(393, 77)",
        "(830, 878)",
        "(671, 769)",
        "(86, 563)",
        "(324, 908)",
        "(725, 47)",
        "(978, 920)",
        "(514, 923)",
        "(933, 244)",
        "(390, 253)",
        "(306, 815)",
        "(55, 978)",
        "(416, 844)",
        "(691, 511)",
        "(153, 160)",
        "(473, 269)",
        "(179, 201)",
        "(816, 364)",
        "(798, 930)",
        "(1, 940)",
        "(688, 484)",
        "(425, 33)",
        "(288, 384)",
        "(541, 470)",
        "(901, 12)",
        "(774, 21)",
        "(684, 514)",
        "(304, 773)",
        "(82, 573)"
    ],
    "(336, 713)": [
        "(684, 514)",
        "(10, 308)",
        "(742, 444)",
        "(239, 152)",
        "(416, 844)",
        "(82, 573)",
        "(586, 137)",
        "(169, 96)",
        "(153, 160)",
        "(840, 573)",
        "(390, 253)",
        "(425, 33)",
        "(408, 118)",
        "(979, 512)",
        "(298, 622)",
        "(816, 364)",
        "(901, 12)",
        "(688, 484)",
        "(352, 619)",
        "(725, 47)",
        "(179, 201)",
        "(368, 124)",
        "(856, 695)",
        "(426, 10)",
        "(660, 72)",
        "(798, 254)",
        "(717, 477)",
        "(88, 298)",
        "(183, 753)",
        "(128, 755)",
        "(742, 816)",
        "(913, 405)"
    ],
    "(190, 743)": [
        "(288, 384)",
        "(304, 325)",
        "(214, 761)",
        "(86, 563)",
        "(82, 573)",
        "(128, 755)",
        "(901, 12)",
        "(183, 753)",
        "(10, 308)",
        "(473, 269)",
        "(324, 908)",
        "(466, 92)",
        "(434, 660)",
        "(671, 769)",
        "(306, 815)",
        "(743, 250)",
        "(352, 619)",
        "(179, 201)",
        "(55, 978)",
        "(88, 298)",
        "(742, 444)",
        "(393, 77)",
        "(586, 137)",
        "(425, 33)",
        "(688, 484)",
        "(514, 923)",
        "(1, 940)",
        "(304, 773)",
        "(717, 477)",
        "(169, 96)",
        "(588, 620)"
    ],
    "(514, 923)": [
        "(10, 308)",
        "(717, 477)",
        "(169, 96)",
        "(352, 619)",
        "(82, 573)",
        "(925, 448)",
        "(688, 484)",
        "(183, 753)",
        "(86, 563)",
        "(153, 160)",
        "(691, 511)",
        "(88, 298)",
        "(368, 124)",
        "(840, 573)",
        "(830, 878)",
        "(660, 72)",
        "(901, 12)",
        "(743, 250)",
        "(270, 426)",
        "(324, 908)",
        "(55, 978)",
        "(588, 620)",
        "(798, 930)",
        "(298, 622)",
        "(541, 470)",
        "(466, 92)",
        "(98, 78)",
        "(190, 743)",
        "(306, 815)",
        "(138, 848)",
        "(128, 755)",
        "(304, 325)",
        "(393, 77)",
        "(869, 42)",
        "(179, 201)",
        "(1, 940)"
    ],
    "(55, 978)": [
        "(416, 844)",
        "(352, 619)",
        "(684, 514)",
        "(1, 940)",
        "(183, 753)",
        "(214, 761)",
        "(742, 816)",
        "(830, 878)",
        "(86, 563)",
        "(660, 72)",
        "(869, 42)",
        "(324, 908)",
        "(304, 325)",
        "(979, 512)",
        "(298, 622)",
        "(190, 743)",
        "(978, 920)",
        "(514, 923)",
        "(774, 21)",
        "(434, 660)",
        "(541, 470)",
        "(688, 484)",
        "(368, 124)",
        "(425, 33)",
        "(816, 364)",
        "(490, 544)",
        "(840, 573)",
        "(270, 426)",
        "(588, 620)",
        "(743, 250)",
        "(88, 298)",
        "(798, 930)",
        "(239, 152)"
    ],
    "(688, 484)": [
        "(913, 405)",
        "(183, 753)",
        "(856, 695)",
        "(660, 72)",
        "(306, 815)",
        "(514, 923)",
        "(324, 908)",
        "(671, 769)",
        "(304, 325)",
        "(466, 92)",
        "(352, 619)",
        "(288, 384)",
        "(978, 920)",
        "(408, 118)",
        "(933, 244)",
        "(368, 124)",
        "(979, 512)",
        "(588, 620)",
        "(298, 622)",
        "(86, 563)",
        "(580, 778)",
        "(153, 160)",
        "(55, 978)",
        "(336, 713)",
        "(393, 77)",
        "(830, 878)",
        "(190, 743)",
        "(490, 544)",
        "(684, 514)",
        "(270, 426)",
        "(416, 844)",
        "(10, 308)",
        "(798, 254)"
    ],
    "(138, 848)": [
        "(473, 269)",
        "(933, 244)",
        "(179, 201)",
        "(98, 78)",
        "(856, 695)",
        "(774, 21)",
        "(153, 160)",
        "(830, 878)",
        "(214, 761)",
        "(288, 384)",
        "(798, 930)",
        "(239, 152)",
        "(798, 254)",
        "(298, 622)",
        "(86, 563)",
        "(1, 940)",
        "(541, 470)",
        "(742, 444)",
        "(925, 448)",
        "(816, 364)",
        "(390, 253)",
        "(742, 816)",
        "(671, 769)",
        "(717, 477)",
        "(426, 10)",
        "(660, 72)",
        "(901, 12)",
        "(580, 778)",
        "(304, 773)",
        "(324, 908)",
        "(514, 923)",
        "(183, 753)",
        "(913, 405)",
        "(588, 620)",
        "(869, 42)"
    ],
    "(490, 544)": [
        "(691, 511)",
        "(86, 563)",
        "(725, 47)",
        "(390, 253)",
        "(774, 21)",
        "(393, 77)",
        "(153, 160)",
        "(580, 778)",
        "(933, 244)",
        "(671, 769)",
        "(324, 908)",
        "(82, 573)",
        "(426, 10)",
        "(288, 384)",
        "(913, 405)",
        "(128, 755)",
        "(541, 470)",
        "(10, 308)",
        "(434, 660)",
        "(55, 978)",
        "(742, 444)",
        "(688, 484)",
        "(214, 761)",
        "(869, 42)",
        "(798, 930)",
        "(98, 78)"
    ],
    "(304, 773)": [
        "(352, 619)",
        "(816, 364)",
        "(288, 384)",
        "(425, 33)",
        "(913, 405)",
        "(426, 10)",
        "(880, 737)",
        "(925, 448)",
        "(869, 42)",
        "(128, 755)",
        "(840, 573)",
        "(169, 96)",
        "(933, 244)",
        "(306, 815)",
        "(541, 470)",
        "(717, 477)",
        "(774, 21)",
        "(86, 563)",
        "(408, 118)",
        "(798, 254)",
        "(434, 660)",
        "(138, 848)",
        "(304, 325)",
        "(390, 253)",
        "(588, 620)",
        "(190, 743)",
        "(586, 137)",
        "(901, 12)",
        "(743, 250)",
        "(660, 72)",
        "(153, 160)",
        "(183, 753)",
        "(270, 426)"
    ],
    "(588, 620)": [
        "(671, 769)",
        "(541, 470)",
        "(368, 124)",
        "(179, 201)",
        "(408, 118)",
        "(214, 761)",
        "(1, 940)",
        "(88, 298)",
        "(742, 816)",
        "(798, 930)",
        "(816, 364)",
        "(660, 72)",
        "(688, 484)",
        "(586, 137)",
        "(86, 563)",
        "(933, 244)",
        "(153, 160)",
        "(514, 923)",
        "(183, 753)",
        "(324, 908)",
        "(304, 773)",
        "(725, 47)",
        "(913, 405)",
        "(830, 878)",
        "(979, 512)",
        "(856, 695)",
        "(717, 477)",
        "(684, 514)",
        "(55, 978)",
        "(434, 660)",
        "(138, 848)",
        "(190, 743)"
    ],
    "(183, 753)": [
        "(742, 816)",
        "(688, 484)",
        "(466, 92)",
        "(742, 444)",
        "(541, 470)",
        "(978, 920)",
        "(169, 96)",
        "(55, 978)",
        "(717, 477)",
        "(214, 761)",
        "(190, 743)",
        "(840, 573)",
        "(514, 923)",
        "(856, 695)",
        "(324, 908)",
        "(743, 250)",
        "(393, 77)",
        "(671, 769)",
        "(580, 778)",
        "(925, 448)",
        "(288, 384)",
        "(239, 152)",
        "(816, 364)",
        "(473, 269)",
        "(352, 619)",
        "(408, 118)",
        "(660, 72)",
        "(725, 47)",
        "(98, 78)",
        "(588, 620)",
        "(880, 737)",
        "(128, 755)",
        "(586, 137)",
        "(416, 844)",
        "(138, 848)",
        "(913, 405)",
        "(304, 773)",
        "(798, 930)",
        "(336, 713)"
    ],
    "(691, 511)": [
        "(684, 514)",
        "(490, 544)",
        "(856, 695)",
        "(933, 244)",
        "(434, 660)",
        "(717, 477)",
        "(541, 470)",
        "(368, 124)",
        "(408, 118)",
        "(901, 12)",
        "(88, 298)",
        "(586, 137)",
        "(869, 42)",
        "(514, 923)",
        "(169, 96)",
        "(214, 761)",
        "(880, 737)",
        "(288, 384)",
        "(390, 253)",
        "(742, 816)",
        "(774, 21)",
        "(306, 815)",
        "(978, 920)",
        "(128, 755)",
        "(816, 364)",
        "(270, 426)",
        "(298, 622)",
        "(179, 201)",
        "(913, 405)",
        "(86, 563)",
        "(82, 573)",
        "(64, 390)",
        "(798, 930)"
    ],
    "(979, 512)": [
        "(541, 470)",
        "(798, 930)",
        "(82, 573)",
        "(98, 78)",
        "(816, 364)",
        "(933, 244)",
        "(169, 96)",
        "(725, 47)",
        "(408, 118)",
        "(901, 12)",
        "(742, 444)",
        "(86, 563)",
        "(298, 622)",
        "(880, 737)",
        "(352, 619)",
        "(306, 815)",
        "(55, 978)",
        "(688, 484)",
        "(336, 713)",
        "(239, 152)",
        "(368, 124)",
        "(978, 920)",
        "(434, 660)",
        "(684, 514)",
        "(580, 778)",
        "(586, 137)",
        "(742, 816)",
        "(798, 254)",
        "(840, 573)",
        "(588, 620)",
        "(390, 253)",
        "(660, 72)",
        "(717, 477)",
        "(426, 10)",
        "(473, 269)"
    ],
    "(913, 405)": [
        "(688, 484)",
        "(82, 573)",
        "(856, 695)",
        "(304, 773)",
        "(416, 844)",
        "(840, 573)",
        "(466, 92)",
        "(774, 21)",
        "(352, 619)",
        "(368, 124)",
        "(10, 308)",
        "(830, 878)",
        "(684, 514)",
        "(490, 544)",
        "(660, 72)",
        "(64, 390)",
        "(239, 152)",
        "(869, 42)",
        "(816, 364)",
        "(743, 250)",
        "(671, 769)",
        "(306, 815)",
        "(588, 620)",
        "(691, 511)",
        "(880, 737)",
        "(393, 77)",
        "(183, 753)",
        "(933, 244)",
        "(798, 254)",
        "(138, 848)",
        "(1, 940)",
        "(426, 10)",
        "(288, 384)",
        "(169, 96)",
        "(336, 713)"
    ],
    "(86, 563)": [
        "(82, 573)",
        "(933, 244)",
        "(473, 269)",
        "(869, 42)",
        "(490, 544)",
        "(190, 743)",
        "(725, 47)",
        "(717, 477)",
        "(798, 930)",
        "(840, 573)",
        "(138, 848)",
        "(514, 923)",
        "(55, 978)",
        "(816, 364)",
        "(408, 118)",
        "(324, 908)",
        "(979, 512)",
        "(270, 426)",
        "(742, 816)",
        "(1, 940)",
        "(214, 761)",
        "(434, 660)",
        "(304, 773)",
        "(688, 484)",
        "(588, 620)",
        "(880, 737)",
        "(586, 137)",
        "(352, 619)",
        "(901, 12)",
        "(742, 444)",
        "(691, 511)",
        "(978, 920)",
        "(128, 755)",
        "(416, 844)",
        "(925, 448)"
    ],
    "(717, 477)": [
        "(179, 201)",
        "(514, 923)",
        "(288, 384)",
        "(660, 72)",
        "(580, 778)",
        "(86, 563)",
        "(408, 118)",
        "(691, 511)",
        "(925, 448)",
        "(725, 47)",
        "(183, 753)",
        "(869, 42)",
        "(880, 737)",
        "(304, 325)",
        "(856, 695)",
        "(684, 514)",
        "(352, 619)",
        "(978, 920)",
        "(798, 254)",
        "(88, 298)",
        "(816, 364)",
        "(138, 848)",
        "(304, 773)",
        "(933, 244)",
        "(840, 573)",
        "(128, 755)",
        "(671, 769)",
        "(541, 470)",
        "(153, 160)",
        "(798, 930)",
        "(425, 33)",
        "(830, 878)",
        "(239, 152)",
        "(466, 92)",
        "(473, 269)",
        "(588, 620)",
        "(190, 743)",
        "(393, 77)",
        "(979, 512)",
        "(336, 713)",
        "(306, 815)"
    ],
    "(660, 72)": [
        "(179, 201)",
        "(586, 137)",
        "(717, 477)",
        "(840, 573)",
        "(128, 755)",
        "(688, 484)",
        "(304, 325)",
        "(684, 514)",
        "(880, 737)",
        "(55, 978)",
        "(416, 844)",
        "(306, 815)",
        "(580, 778)",
        "(978, 920)",
        "(169, 96)",
        "(214, 761)",
        "(933, 244)",
        "(153, 160)",
        "(925, 448)",
        "(588, 620)",
        "(514, 923)",
        "(913, 405)",
        "(743, 250)",
        "(138, 848)",
        "(725, 47)",
        "(434, 660)",
        "(183, 753)",
        "(10, 308)",
        "(901, 12)",
        "(390, 253)",
        "(466, 92)",
        "(742, 816)",
        "(336, 713)",
        "(979, 512)",
        "(304, 773)"
    ],
    "(742, 444)": [
        "(10, 308)",
        "(88, 298)",
        "(336, 713)",
        "(684, 514)",
        "(434, 660)",
        "(183, 753)",
        "(306, 815)",
        "(880, 737)",
        "(138, 848)",
        "(324, 908)",
        "(425, 33)",
        "(979, 512)",
        "(798, 930)",
        "(1, 940)",
        "(82, 573)",
        "(98, 78)",
        "(586, 137)",
        "(742, 816)",
        "(190, 743)",
        "(426, 10)",
        "(798, 254)",
        "(169, 96)",
        "(473, 269)",
        "(490, 544)",
        "(288, 384)",
        "(774, 21)",
        "(352, 619)",
        "(86, 563)",
        "(840, 573)",
        "(671, 769)"
    ],
    "(425, 33)": [
        "(933, 244)",
        "(586, 137)",
        "(214, 761)",
        "(298, 622)",
        "(798, 254)",
        "(869, 42)",
        "(304, 773)",
        "(880, 737)",
        "(10, 308)",
        "(742, 444)",
        "(416, 844)",
        "(336, 713)",
        "(304, 325)",
        "(473, 269)",
        "(798, 930)",
        "(856, 695)",
        "(426, 10)",
        "(55, 978)",
        "(434, 660)",
        "(239, 152)",
        "(169, 96)",
        "(901, 12)",
        "(725, 47)",
        "(190, 743)",
        "(743, 250)",
        "(717, 477)",
        "(179, 201)",
        "(978, 920)",
        "(270, 426)",
        "(925, 448)",
        "(128, 755)",
        "(153, 160)",
        "(671, 769)"
    ],
    "(98, 78)": [
        "(390, 253)",
        "(138, 848)",
        "(901, 12)",
        "(408, 118)",
        "(979, 512)",
        "(82, 573)",
        "(270, 426)",
        "(725, 47)",
        "(869, 42)",
        "(580, 778)",
        "(426, 10)",
        "(742, 444)",
        "(393, 77)",
        "(169, 96)",
        "(288, 384)",
        "(128, 755)",
        "(298, 622)",
        "(840, 573)",
        "(466, 92)",
        "(183, 753)",
        "(514, 923)",
        "(473, 269)",
        "(978, 920)",
        "(880, 737)",
        "(179, 201)",
        "(742, 816)",
        "(88, 298)",
        "(490, 544)"
    ],
    "(880, 737)": [
        "(298, 622)",
        "(978, 920)",
        "(840, 573)",
        "(425, 33)",
        "(324, 908)",
        "(10, 308)",
        "(717, 477)",
        "(684, 514)",
        "(580, 778)",
        "(660, 72)",
        "(925, 448)",
        "(304, 773)",
        "(416, 844)",
        "(270, 426)",
        "(153, 160)",
        "(742, 444)",
        "(933, 244)",
        "(979, 512)",
        "(691, 511)",
        "(239, 152)",
        "(830, 878)",
        "(541, 470)",
        "(128, 755)",
        "(86, 563)",
        "(393, 77)",
        "(82, 573)",
        "(856, 695)",
        "(183, 753)",
        "(98, 78)",
        "(913, 405)",
        "(368, 124)",
        "(742, 816)",
        "(901, 12)",
        "(426, 10)"
    ],
    "(214, 761)": [
        "(743, 250)",
        "(190, 743)",
        "(1, 940)",
        "(425, 33)",
        "(138, 848)",
        "(541, 470)",
        "(901, 12)",
        "(55, 978)",
        "(183, 753)",
        "(10, 308)",
        "(128, 755)",
        "(298, 622)",
        "(352, 619)",
        "(393, 77)",
        "(798, 930)",
        "(586, 137)",
        "(306, 815)",
        "(588, 620)",
        "(82, 573)",
        "(64, 390)",
        "(978, 920)",
        "(660, 72)",
        "(691, 511)",
        "(368, 124)",
        "(86, 563)",
        "(408, 118)",
        "(473, 269)",
        "(774, 21)",
        "(742, 816)",
        "(725, 47)",
        "(798, 254)",
        "(869, 42)",
        "(925, 448)",
        "(288, 384)",
        "(490, 544)",
        "(153, 160)"
    ],
    "(816, 364)": [
        "(82, 573)",
        "(239, 152)",
        "(586, 137)",
        "(304, 773)",
        "(798, 930)",
        "(925, 448)",
        "(774, 21)",
        "(979, 512)",
        "(86, 563)",
        "(588, 620)",
        "(1, 940)",
        "(138, 848)",
        "(684, 514)",
        "(717, 477)",
        "(725, 47)",
        "(840, 573)",
        "(183, 753)",
        "(336, 713)",
        "(830, 878)",
        "(978, 920)",
        "(466, 92)",
        "(10, 308)",
        "(352, 619)",
        "(55, 978)",
        "(913, 405)",
        "(691, 511)",
        "(288, 384)",
        "(179, 201)",
        "(270, 426)",
        "(153, 160)",
        "(856, 695)",
        "(901, 12)",
        "(933, 244)"
    ],
    "(426, 10)": [
        "(586, 137)",
        "(306, 815)",
        "(901, 12)",
        "(288, 384)",
        "(304, 773)",
        "(324, 908)",
        "(298, 622)",
        "(490, 544)",
        "(153, 160)",
        "(798, 254)",
        "(466, 92)",
        "(98, 78)",
        "(925, 448)",
        "(671, 769)",
        "(352, 619)",
        "(138, 848)",
        "(725, 47)",
        "(742, 444)",
        "(425, 33)",
        "(416, 844)",
        "(1, 940)",
        "(743, 250)",
        "(856, 695)",
        "(336, 713)",
        "(913, 405)",
        "(979, 512)",
        "(580, 778)",
        "(880, 737)"
    ],
    "(856, 695)": [
        "(64, 390)",
        "(352, 619)",
        "(691, 511)",
        "(688, 484)",
        "(138, 848)",
        "(978, 920)",
        "(913, 405)",
        "(901, 12)",
        "(743, 250)",
        "(742, 816)",
        "(393, 77)",
        "(183, 753)",
        "(717, 477)",
        "(586, 137)",
        "(408, 118)",
        "(179, 201)",
        "(466, 92)",
        "(304, 325)",
        "(684, 514)",
        "(239, 152)",
        "(425, 33)",
        "(434, 660)",
        "(830, 878)",
        "(88, 298)",
        "(426, 10)",
        "(473, 269)",
        "(880, 737)",
        "(10, 308)",
        "(336, 713)",
        "(588, 620)",
        "(580, 778)",
        "(816, 364)",
        "(324, 908)",
        "(774, 21)"
    ],
    "(88, 298)": [
        "(742, 444)",
        "(978, 920)",
        "(742, 816)",
        "(153, 160)",
        "(304, 325)",
        "(1, 940)",
        "(580, 778)",
        "(743, 250)",
        "(925, 448)",
        "(408, 118)",
        "(179, 201)",
        "(691, 511)",
        "(416, 844)",
        "(588, 620)",
        "(514, 923)",
        "(393, 77)",
        "(774, 21)",
        "(717, 477)",
        "(190, 743)",
        "(169, 96)",
        "(869, 42)",
        "(288, 384)",
        "(901, 12)",
        "(466, 92)",
        "(856, 695)",
        "(798, 254)",
        "(10, 308)",
        "(368, 124)",
        "(586, 137)",
        "(64, 390)",
        "(55, 978)",
        "(336, 713)",
        "(98, 78)"
    ],
    "(298, 622)": [
        "(880, 737)",
        "(425, 33)",
        "(541, 470)",
        "(10, 308)",
        "(352, 619)",
        "(179, 201)",
        "(138, 848)",
        "(214, 761)",
        "(169, 96)",
        "(306, 815)",
        "(798, 254)",
        "(1, 940)",
        "(426, 10)",
        "(979, 512)",
        "(774, 21)",
        "(408, 118)",
        "(725, 47)",
        "(368, 124)",
        "(55, 978)",
        "(336, 713)",
        "(688, 484)",
        "(82, 573)",
        "(978, 920)",
        "(684, 514)",
        "(742, 816)",
        "(514, 923)",
        "(98, 78)",
        "(901, 12)",
        "(691, 511)",
        "(153, 160)",
        "(390, 253)",
        "(840, 573)",
        "(128, 755)"
    ],
    "(82, 573)": [
        "(774, 21)",
        "(816, 364)",
        "(86, 563)",
        "(798, 930)",
        "(979, 512)",
        "(913, 405)",
        "(190, 743)",
        "(390, 253)",
        "(514, 923)",
        "(98, 78)",
        "(1, 940)",
        "(671, 769)",
        "(434, 660)",
        "(336, 713)",
        "(466, 92)",
        "(869, 42)",
        "(179, 201)",
        "(288, 384)",
        "(830, 878)",
        "(490, 544)",
        "(214, 761)",
        "(742, 444)",
        "(239, 152)",
        "(541, 470)",
        "(298, 622)",
        "(169, 96)",
        "(128, 755)",
        "(933, 244)",
        "(416, 844)",
        "(880, 737)",
        "(304, 325)",
        "(352, 619)",
        "(684, 514)",
        "(691, 511)",
        "(324, 908)",
        "(925, 448)",
        "(586, 137)",
        "(743, 250)",
        "(901, 12)",
        "(270, 426)",
        "(368, 124)"
    ],
    "(774, 21)": [
        "(82, 573)",
        "(138, 848)",
        "(169, 96)",
        "(490, 544)",
        "(816, 364)",
        "(306, 815)",
        "(368, 124)",
        "(913, 405)",
        "(742, 816)",
        "(473, 269)",
        "(88, 298)",
        "(153, 160)",
        "(725, 47)",
        "(298, 622)",
        "(933, 244)",
        "(304, 773)",
        "(691, 511)",
        "(586, 137)",
        "(304, 325)",
        "(1, 940)",
        "(352, 619)",
        "(214, 761)",
        "(55, 978)",
        "(416, 844)",
        "(978, 920)",
        "(179, 201)",
        "(743, 250)",
        "(64, 390)",
        "(742, 444)",
        "(324, 908)",
        "(466, 92)",
        "(869, 42)",
        "(270, 426)",
        "(10, 308)",
        "(390, 253)",
        "(856, 695)"
    ],
    "(239, 152)": [
        "(306, 815)",
        "(816, 364)",
        "(270, 426)",
        "(336, 713)",
        "(473, 269)",
        "(541, 470)",
        "(1, 940)",
        "(138, 848)",
        "(393, 77)",
        "(798, 254)",
        "(10, 308)",
        "(304, 325)",
        "(466, 92)",
        "(82, 573)",
        "(742, 816)",
        "(183, 753)",
        "(434, 660)",
        "(880, 737)",
        "(979, 512)",
        "(913, 405)",
        "(856, 695)",
        "(324, 908)",
        "(425, 33)",
        "(586, 137)",
        "(717, 477)",
        "(55, 978)"
    ],
    "(798, 254)": [
        "(288, 384)",
        "(473, 269)",
        "(324, 908)",
        "(368, 124)",
        "(425, 33)",
        "(742, 816)",
        "(138, 848)",
        "(925, 448)",
        "(393, 77)",
        "(298, 622)",
        "(725, 47)",
        "(239, 152)",
        "(10, 308)",
        "(64, 390)",
        "(717, 477)",
        "(466, 92)",
        "(426, 10)",
        "(580, 778)",
        "(869, 42)",
        "(304, 773)",
        "(742, 444)",
        "(214, 761)",
        "(88, 298)",
        "(586, 137)",
        "(979, 512)",
        "(128, 755)",
        "(336, 713)",
        "(830, 878)",
        "(913, 405)",
        "(688, 484)"
    ]
}