{
    "(276, 536)": [
        "(44, 41)",
        "(950, 679)",
        "(434, 699)",
        "(68, 382)",
        "(715, 527)",
        "(777, 203)",
        "(345, 453)",
        "(49, 670)",
        "(201, 520)",
        "(290, 230)",
        "(583, 340)",
        "(382, 545)",
        "(116, 409)",
        "(792, 74)"
    ],
    "(240, 536)": [
        "(583, 340)",
        "(792, 74)",
        "(69, 339)",
        "(81, 124)",
        "(777, 203)",
        "(226, 956)",
        "(49, 670)",
        "(44, 41)",
        "(683, 523)",
        "(307, 144)",
        "(851, 741)",
        "(950, 679)",
        "(896, 966)",
        "(367, 5)",
        "(857, 74)",
        "(346, 145)"
    ],
    "(307, 144)": [
        "(843, 878)",
        "(367, 5)",
        "(60, 333)",
        "(44, 41)",
        "(201, 520)",
        "(116, 409)",
        "(226, 956)",
        "(240, 536)",
        "(683, 523)",
        "(896, 966)",
        "(583, 340)",
        "(777, 203)",
        "(81, 124)",
        "(950, 679)",
        "(715, 527)",
        "(345, 453)",
        "(227, 98)"
    ],
    "(896, 966)": [
        "(367, 5)",
        "(81, 124)",
        "(290, 230)",
        "(250, 542)",
        "(851, 741)",
        "(60, 333)",
        "(240, 536)",
        "(307, 144)",
        "(792, 74)",
        "(645, 337)",
        "(715, 527)",
        "(583, 340)",
        "(777, 203)"
    ],
    "(851, 741)": [
        "(345, 453)",
        "(290, 230)",
        "(792, 74)",
        "(434, 699)",
        "(896, 966)",
        "(645, 337)",
        "(69, 339)",
        "(683, 523)",
        "(715, 527)",
        "(240, 536)",
        "(49, 670)",
        "(843, 878)",
        "(950, 679)",
        "(382, 545)",
        "(227, 98)",
        "(250, 542)",
        "(367, 5)"
    ],
    "(60, 333)": [
        "(290, 230)",
        "(792, 74)",
        "(346, 145)",
        "(116, 409)",
        "(683, 523)",
        "(307, 144)",
        "(345, 453)",
        "(950, 679)",
        "(69, 339)",
        "(896, 966)",
        "(68, 382)",
        "(715, 527)",
        "(367, 5)",
        "(382, 545)",
        "(434, 699)",
        "(250, 542)",
        "(843, 878)"
    ],
    "(44, 41)": [
        "(276, 536)",
        "(857, 74)",
        "(346, 145)",
        "(290, 230)",
        "(777, 203)",
        "(226, 956)",
        "(201, 520)",
        "(307, 144)",
        "(645, 337)",
        "(843, 878)",
        "(69, 339)",
        "(227, 98)",
        "(240, 536)",
        "(345, 453)",
        "(250, 542)",
        "(367, 5)",
        "(49, 670)",
        "(81, 124)",
        "(68, 382)",
        "(583, 340)"
    ],
    "(346, 145)": [
        "(44, 41)",
        "(60, 333)",
        "(49, 670)",
        "(81, 124)",
        "(777, 203)",
        "(683, 523)",
        "(583, 340)",
        "(345, 453)",
        "(226, 956)",
        "(367, 5)",
        "(290, 230)",
        "(434, 699)",
        "(240, 536)",
        "(116, 409)",
        "(950, 679)"
    ],
    "(227, 98)": [
        "(715, 527)",
        "(49, 670)",
        "(116, 409)",
        "(201, 520)",
        "(250, 542)",
        "(583, 340)",
        "(777, 203)",
        "(950, 679)",
        "(683, 523)",
        "(44, 41)",
        "(290, 230)",
        "(226, 956)",
        "(792, 74)",
        "(851, 741)",
        "(857, 74)",
        "(307, 144)"
    ],
    "(201, 520)": [
        "(116, 409)",
        "(250, 542)",
        "(227, 98)",
        "(44, 41)",
        "(307, 144)",
        "(68, 382)",
        "(583, 340)",
        "(276, 536)",
        "(857, 74)",
        "(367, 5)",
        "(290, 230)",
        "(950, 679)",
        "(49, 670)",
        "(434, 699)"
    ],
    "(683, 523)": [
        "(367, 5)",
        "(49, 670)",
        "(382, 545)",
        "(60, 333)",
        "(950, 679)",
        "(345, 453)",
        "(792, 74)",
        "(227, 98)",
        "(434, 699)",
        "(116, 409)",
        "(346, 145)",
        "(240, 536)",
        "(851, 741)",
        "(307, 144)",
        "(250, 542)",
        "(715, 527)"
    ],
    "(950, 679)": [
        "(226, 956)",
        "(276, 536)",
        "(683, 523)",
        "(250, 542)",
        "(227, 98)",
        "(857, 74)",
        "(60, 333)",
        "(240, 536)",
        "(851, 741)",
        "(792, 74)",
        "(583, 340)",
        "(307, 144)",
        "(382, 545)",
        "(346, 145)",
        "(201, 520)"
    ],
    "(367, 5)": [
        "(683, 523)",
        "(896, 966)",
        "(857, 74)",
        "(307, 144)",
        "(583, 340)",
        "(434, 699)",
        "(49, 670)",
        "(290, 230)",
        "(346, 145)",
        "(240, 536)",
        "(44, 41)",
        "(60, 333)",
        "(851, 741)",
        "(68, 382)",
        "(201, 520)",
        "(226, 956)"
    ],
    "(81, 124)": [
        "(645, 337)",
        "(896, 966)",
        "(69, 339)",
        "(240, 536)",
        "(346, 145)",
        "(290, 230)",
        "(715, 527)",
        "(857, 74)",
        "(434, 699)",
        "(307, 144)",
        "(44, 41)",
        "(345, 453)",
        "(68, 382)"
    ],
    "(382, 545)": [
        "(683, 523)",
        "(843, 878)",
        "(857, 74)",
        "(49, 670)",
        "(715, 527)",
        "(250, 542)",
        "(290, 230)",
        "(69, 339)",
        "(851, 741)",
        "(345, 453)",
        "(276, 536)",
        "(60, 333)",
        "(226, 956)",
        "(950, 679)",
        "(792, 74)"
    ],
    "(250, 542)": [
        "(201, 520)",
        "(49, 670)",
        "(227, 98)",
        "(345, 453)",
        "(896, 966)",
        "(950, 679)",
        "(715, 527)",
        "(68, 382)",
        "(69, 339)",
        "(382, 545)",
        "(290, 230)",
        "(683, 523)",
        "(44, 41)",
        "(777, 203)",
        "(851, 741)",
        "(857, 74)",
        "(60, 333)",
        "(116, 409)"
    ],
    "(583, 340)": [
        "(240, 536)",
        "(367, 5)",
        "(49, 670)",
        "(227, 98)",
        "(290, 230)",
        "(226, 956)",
        "(346, 145)",
        "(201, 520)",
        "(276, 536)",
        "(307, 144)",
        "(843, 878)",
        "(857, 74)",
        "(950, 679)",
        "(896, 966)",
        "(44, 41)"
    ],
    "(792, 74)": [
        "(240, 536)",
        "(60, 333)",
        "(851, 741)",
        "(715, 527)",
        "(434, 699)",
        "(290, 230)",
        "(683, 523)",
        "(896, 966)",
        "(950, 679)",
        "(227, 98)",
        "(777, 203)",
        "(843, 878)",
        "(382, 545)",
        "(276, 536)"
    ],
    "(777, 203)": [
        "(44, 41)",
        "(240, 536)",
        "(68, 382)",
        "(346, 145)",
        "(227, 98)",
        "(49, 670)",
        "(276, 536)",
        "(290, 230)",
        "(250, 542)",
        "(307, 144)",
        "(792, 74)",
        "(896, 966)"
    ],
    "(116, 409)": [
        "(201, 520)",
        "(60, 333)",
        "(69, 339)",
        "(227, 98)",
        "(290, 230)",
        "(307, 144)",
        "(683, 523)",
        "(68, 382)",
        "(346, 145)",
        "(715, 527)",
        "(857, 74)",
        "(276, 536)",
        "(250, 542)"
    ],
    "(226, 956)": [
        "(645, 337)",
        "(950, 679)",
        "(44, 41)",
        "(240, 536)",
        "(290, 230)",
        "(857, 74)",
        "(307, 144)",
        "(583, 340)",
        "(227, 98)",
        "(346, 145)",
        "(68, 382)",
        "(434, 699)",
        "(382, 545)",
        "(69, 339)",
        "(843, 878)",
        "(367, 5)"
    ],
    "(69, 339)": [
        "(434, 699)",
        "(240, 536)",
        "(116, 409)",
        "(81, 124)",
        "(44, 41)",
        "(250, 542)",
        "(60, 333)",
        "(851, 741)",
        "(382, 545)",
        "(226, 956)"
    ],
    "(857, 74)": [
        "(44, 41)",
        "(367, 5)",
        "(382, 545)",
        "(68, 382)",
        "(434, 699)",
        "(950, 679)",
        "(226, 956)",
        "(81, 124)",
        "(645, 337)",
        "(240, 536)",
        "(250, 542)",
        "(583, 340)",
        "(201, 520)",
        "(227, 98)",
        "(116, 409)"
    ],
    "(290, 230)": [
        "(60, 333)",
        "(851, 741)",
        "(44, 41)",
        "(645, 337)",
        "(896, 966)",
        "(583, 340)",
        "(81, 124)",
        "(226, 956)",
        "(116, 409)",
        "(792, 74)",
        "(367, 5)",
        "(345, 453)",
        "(382, 545)",
        "(227, 98)",
        "(777, 203)",
        "(250, 542)",
        "(346, 145)",
        "(49, 670)",
        "(276, 536)",
        "(843, 878)",
        "(201, 520)"
    ],
    "(434, 699)": [
        "(69, 339)",
        "(276, 536)",
        "(792, 74)",
        "(857, 74)",
        "(843, 878)",
        "(851, 741)",
        "(367, 5)",
        "(683, 523)",
        "(81, 124)",
        "(346, 145)",
        "(226, 956)",
        "(60, 333)",
        "(201, 520)"
    ],
    "(843, 878)": [
        "(307, 144)",
        "(382, 545)",
        "(434, 699)",
        "(44, 41)",
        "(851, 741)",
        "(49, 670)",
        "(68, 382)",
        "(290, 230)",
        "(583, 340)",
        "(792, 74)",
        "(226, 956)",
        "(60, 333)"
    ],
    "(68, 382)": [
        "(715, 527)",
        "(857, 74)",
        "(345, 453)",
        "(276, 536)",
        "(777, 203)",
        "(250, 542)",
        "(60, 333)",
        "(116, 409)",
        "(201, 520)",
        "(226, 956)",
        "(843, 878)",
        "(367, 5)",
        "(44, 41)",
        "(81, 124)"
    ],
    "(645, 337)": [
        "(226, 956)",
        "(49, 670)",
        "(290, 230)",
        "(81, 124)",
        "(715, 527)",
        "(44, 41)",
        "(851, 741)",
        "(857, 74)",
        "(345, 453)",
        "(896, 966)"
    ],
    "(49, 670)": [
        "(683, 523)",
        "(645, 337)",
        "(227, 98)",
        "(715, 527)",
        "(250, 542)",
        "(346, 145)",
        "(382, 545)",
        "(583, 340)",
        "(367, 5)",
        "(240, 536)",
        "(777, 203)",
        "(276, 536)",
        "(851, 741)",
        "(290, 230)",
        "(843, 878)",
        "(44, 41)",
        "(201, 520)"
    ],
    "(345, 453)": [
        "(851, 741)",
        "(68, 382)",
        "(250, 542)",
        "(715, 527)",
        "(60, 333)",
        "(683, 523)",
        "(290, 230)",
        "(44, 41)",
        "(346, 145)",
        "(276, 536)",
        "(645, 337)",
        "(382, 545)",
        "(81, 124)",
        "(307, 144)"
    ],
    "(715, 527)": [
        "(68, 382)",
        "(227, 98)",
        "(792, 74)",
        "(49, 670)",
        "(345, 453)",
        "(645, 337)",
        "(250, 542)",
        "(81, 124)",
        "(276, 536)",
        "(382, 545)",
        "(851, 741)",
        "(60, 333)",
        "(896, 966)",
        "(116, 409)",
        "(307, 144)",
        "(683, 523)"
    ]
}