{
    "(795, 13)": [
        "(605, 333)",
        "(405, 833)",
        "(769, 101)",
        "(232, 987)",
        "(952, 617)",
        "(5, 338)",
        "(107, 532)",
        "(982, 239)",
        "(518, 465)",
        "(876, 269)",
        "(458, 242)",
        "(200, 352)",
        "(53, 283)",
        "(865, 628)",
        "(353, 207)",
        "(315, 537)",
        "(412, 812)",
        "(630, 512)",
        "(919, 92)",
        "(507, 180)",
        "(484, 19)",
        "(111, 860)",
        "(298, 270)",
        "(402, 66)",
        "(77, 56)",
        "(218, 974)",
        "(317, 890)",
        "(605, 146)",
        "(804, 275)",
        "(397, 418)",
        "(670, 668)",
        "(908, 297)",
        "(387, 877)",
        "(674, 119)",
        "(532, 100)"
    ],
    "(605, 333)": [
        "(795, 13)",
        "(679, 681)",
        "(596, 928)",
        "(769, 101)",
        "(674, 119)",
        "(428, 203)",
        "(5, 338)",
        "(314, 818)",
        "(518, 465)",
        "(798, 242)",
        "(648, 398)",
        "(187, 36)",
        "(232, 987)",
        "(45, 608)",
        "(484, 19)",
        "(37, 654)",
        "(315, 537)",
        "(628, 102)",
        "(317, 890)",
        "(919, 92)",
        "(393, 620)",
        "(606, 675)",
        "(908, 297)",
        "(298, 270)",
        "(353, 207)",
        "(412, 812)",
        "(319, 618)",
        "(477, 680)",
        "(740, 792)",
        "(111, 860)",
        "(949, 978)",
        "(64, 86)",
        "(532, 100)",
        "(107, 532)",
        "(804, 275)",
        "(502, 528)",
        "(631, 50)",
        "(319, 519)",
        "(483, 765)"
    ],
    "(397, 418)": [
        "(283, 310)",
        "(605, 146)",
        "(415, 482)",
        "(187, 36)",
        "(405, 833)",
        "(314, 818)",
        "(908, 297)",
        "(393, 620)",
        "(865, 628)",
        "(5, 338)",
        "(674, 119)",
        "(630, 512)",
        "(315, 537)",
        "(539, 155)",
        "(116, 455)",
        "(392, 106)",
        "(458, 242)",
        "(851, 197)",
        "(596, 928)",
        "(77, 56)",
        "(740, 792)",
        "(518, 465)",
        "(984, 395)",
        "(387, 877)",
        "(154, 277)",
        "(107, 532)",
        "(795, 13)",
        "(952, 617)",
        "(45, 608)",
        "(952, 245)",
        "(730, 597)",
        "(606, 675)",
        "(483, 765)",
        "(919, 92)",
        "(200, 352)",
        "(319, 519)",
        "(402, 66)",
        "(804, 275)"
    ],
    "(865, 628)": [
        "(319, 519)",
        "(477, 680)",
        "(77, 56)",
        "(187, 36)",
        "(314, 818)",
        "(116, 455)",
        "(200, 352)",
        "(397, 418)",
        "(876, 269)",
        "(730, 597)",
        "(539, 155)",
        "(283, 310)",
        "(111, 860)",
        "(648, 398)",
        "(507, 180)",
        "(984, 395)",
        "(795, 13)",
        "(605, 146)",
        "(631, 50)",
        "(798, 242)",
        "(317, 890)",
        "(458, 242)",
        "(405, 833)",
        "(125, 371)",
        "(107, 532)",
        "(908, 297)",
        "(941, 113)",
        "(154, 277)",
        "(647, 493)",
        "(64, 86)",
        "(387, 877)",
        "(412, 812)",
        "(5, 338)",
        "(982, 239)",
        "(218, 974)",
        "(740, 792)",
        "(679, 681)",
        "(670, 668)",
        "(856, 43)"
    ],
    "(412, 812)": [
        "(458, 242)",
        "(908, 297)",
        "(483, 765)",
        "(125, 371)",
        "(315, 537)",
        "(730, 597)",
        "(37, 654)",
        "(740, 792)",
        "(393, 620)",
        "(154, 277)",
        "(5, 338)",
        "(298, 270)",
        "(64, 86)",
        "(428, 203)",
        "(53, 283)",
        "(477, 680)",
        "(769, 101)",
        "(982, 239)",
        "(77, 56)",
        "(795, 13)",
        "(306, 9)",
        "(539, 155)",
        "(679, 681)",
        "(116, 455)",
        "(851, 197)",
        "(952, 245)",
        "(856, 43)",
        "(605, 333)",
        "(984, 395)",
        "(392, 106)",
        "(387, 877)",
        "(353, 207)",
        "(200, 352)",
        "(865, 628)",
        "(314, 818)",
        "(415, 482)",
        "(952, 617)",
        "(674, 119)",
        "(596, 928)",
        "(941, 113)"
    ],
    "(116, 455)": [
        "(647, 493)",
        "(37, 654)",
        "(539, 155)",
        "(393, 620)",
        "(402, 66)",
        "(64, 86)",
        "(77, 56)",
        "(952, 245)",
        "(507, 180)",
        "(865, 628)",
        "(876, 269)",
        "(125, 371)",
        "(679, 681)",
        "(984, 395)",
        "(200, 352)",
        "(670, 668)",
        "(856, 43)",
        "(740, 792)",
        "(397, 418)",
        "(484, 19)",
        "(648, 398)",
        "(405, 833)",
        "(605, 146)",
        "(502, 528)",
        "(919, 92)",
        "(630, 512)",
        "(412, 812)",
        "(319, 618)",
        "(631, 50)",
        "(187, 36)",
        "(458, 242)",
        "(315, 537)",
        "(804, 275)",
        "(319, 519)",
        "(483, 765)",
        "(769, 101)"
    ],
    "(458, 242)": [
        "(412, 812)",
        "(769, 101)",
        "(730, 597)",
        "(982, 239)",
        "(596, 928)",
        "(405, 833)",
        "(952, 617)",
        "(647, 493)",
        "(795, 13)",
        "(107, 532)",
        "(397, 418)",
        "(679, 681)",
        "(353, 207)",
        "(865, 628)",
        "(798, 242)",
        "(45, 608)",
        "(851, 197)",
        "(392, 106)",
        "(605, 146)",
        "(393, 620)",
        "(670, 668)",
        "(116, 455)",
        "(952, 245)",
        "(518, 465)",
        "(298, 270)",
        "(306, 9)",
        "(477, 680)",
        "(740, 792)",
        "(64, 86)"
    ],
    "(941, 113)": [
        "(315, 537)",
        "(502, 528)",
        "(984, 395)",
        "(630, 512)",
        "(232, 987)",
        "(477, 680)",
        "(405, 833)",
        "(730, 597)",
        "(53, 283)",
        "(200, 352)",
        "(606, 675)",
        "(647, 493)",
        "(393, 620)",
        "(670, 668)",
        "(77, 56)",
        "(952, 245)",
        "(428, 203)",
        "(218, 974)",
        "(631, 50)",
        "(605, 146)",
        "(37, 654)",
        "(187, 36)",
        "(982, 239)",
        "(674, 119)",
        "(648, 398)",
        "(483, 765)",
        "(402, 66)",
        "(5, 338)",
        "(908, 297)",
        "(865, 628)",
        "(628, 102)",
        "(317, 890)",
        "(851, 197)",
        "(798, 242)",
        "(283, 310)",
        "(769, 101)",
        "(412, 812)",
        "(45, 608)",
        "(484, 19)",
        "(298, 270)",
        "(539, 155)"
    ],
    "(405, 833)": [
        "(795, 13)",
        "(64, 86)",
        "(232, 987)",
        "(949, 978)",
        "(402, 66)",
        "(941, 113)",
        "(387, 877)",
        "(397, 418)",
        "(532, 100)",
        "(952, 617)",
        "(458, 242)",
        "(908, 297)",
        "(77, 56)",
        "(37, 654)",
        "(804, 275)",
        "(200, 352)",
        "(116, 455)",
        "(679, 681)",
        "(674, 119)",
        "(984, 395)",
        "(283, 310)",
        "(393, 620)",
        "(865, 628)",
        "(518, 465)",
        "(628, 102)",
        "(125, 371)",
        "(740, 792)",
        "(483, 765)",
        "(630, 512)"
    ],
    "(908, 297)": [
        "(628, 102)",
        "(45, 608)",
        "(412, 812)",
        "(111, 860)",
        "(397, 418)",
        "(298, 270)",
        "(949, 978)",
        "(769, 101)",
        "(353, 207)",
        "(405, 833)",
        "(53, 283)",
        "(804, 275)",
        "(798, 242)",
        "(477, 680)",
        "(125, 371)",
        "(876, 269)",
        "(319, 618)",
        "(596, 928)",
        "(605, 333)",
        "(187, 36)",
        "(865, 628)",
        "(402, 66)",
        "(941, 113)",
        "(856, 43)",
        "(314, 818)",
        "(387, 877)",
        "(200, 352)",
        "(5, 338)",
        "(605, 146)",
        "(428, 203)",
        "(648, 398)",
        "(740, 792)",
        "(795, 13)",
        "(631, 50)",
        "(502, 528)",
        "(393, 620)",
        "(984, 395)",
        "(315, 537)"
    ],
    "(740, 792)": [
        "(952, 617)",
        "(769, 101)",
        "(507, 180)",
        "(605, 146)",
        "(804, 275)",
        "(648, 398)",
        "(679, 681)",
        "(412, 812)",
        "(314, 818)",
        "(116, 455)",
        "(392, 106)",
        "(232, 987)",
        "(107, 532)",
        "(393, 620)",
        "(218, 974)",
        "(402, 66)",
        "(397, 418)",
        "(45, 608)",
        "(64, 86)",
        "(353, 207)",
        "(37, 654)",
        "(518, 465)",
        "(484, 19)",
        "(319, 618)",
        "(428, 203)",
        "(539, 155)",
        "(631, 50)",
        "(502, 528)",
        "(605, 333)",
        "(949, 978)",
        "(405, 833)",
        "(908, 297)",
        "(876, 269)",
        "(628, 102)",
        "(865, 628)",
        "(477, 680)",
        "(415, 482)",
        "(458, 242)"
    ],
    "(232, 987)": [
        "(405, 833)",
        "(674, 119)",
        "(984, 395)",
        "(876, 269)",
        "(415, 482)",
        "(154, 277)",
        "(941, 113)",
        "(804, 275)",
        "(795, 13)",
        "(319, 519)",
        "(483, 765)",
        "(856, 43)",
        "(37, 654)",
        "(630, 512)",
        "(605, 333)",
        "(631, 50)",
        "(605, 146)",
        "(740, 792)",
        "(45, 608)",
        "(218, 974)",
        "(851, 197)",
        "(306, 9)",
        "(317, 890)",
        "(353, 207)",
        "(187, 36)",
        "(679, 681)",
        "(64, 86)",
        "(111, 860)",
        "(298, 270)",
        "(484, 19)",
        "(507, 180)",
        "(107, 532)",
        "(392, 106)",
        "(606, 675)"
    ],
    "(628, 102)": [
        "(679, 681)",
        "(107, 532)",
        "(908, 297)",
        "(483, 765)",
        "(798, 242)",
        "(730, 597)",
        "(606, 675)",
        "(769, 101)",
        "(5, 338)",
        "(315, 537)",
        "(314, 818)",
        "(428, 203)",
        "(648, 398)",
        "(37, 654)",
        "(484, 19)",
        "(532, 100)",
        "(631, 50)",
        "(984, 395)",
        "(674, 119)",
        "(876, 269)",
        "(804, 275)",
        "(187, 36)",
        "(952, 245)",
        "(982, 239)",
        "(596, 928)",
        "(353, 207)",
        "(605, 333)",
        "(200, 352)",
        "(415, 482)",
        "(283, 310)",
        "(218, 974)",
        "(402, 66)",
        "(477, 680)",
        "(405, 833)",
        "(45, 608)",
        "(941, 113)",
        "(111, 860)",
        "(319, 618)",
        "(502, 528)",
        "(740, 792)",
        "(125, 371)"
    ],
    "(77, 56)": [
        "(392, 106)",
        "(865, 628)",
        "(949, 978)",
        "(317, 890)",
        "(116, 455)",
        "(539, 155)",
        "(984, 395)",
        "(283, 310)",
        "(674, 119)",
        "(319, 519)",
        "(670, 668)",
        "(484, 19)",
        "(415, 482)",
        "(507, 180)",
        "(405, 833)",
        "(502, 528)",
        "(319, 618)",
        "(428, 203)",
        "(154, 277)",
        "(941, 113)",
        "(45, 608)",
        "(412, 812)",
        "(397, 418)",
        "(518, 465)",
        "(798, 242)",
        "(53, 283)",
        "(631, 50)",
        "(630, 512)",
        "(402, 66)",
        "(107, 532)",
        "(5, 338)",
        "(795, 13)",
        "(393, 620)",
        "(769, 101)",
        "(730, 597)",
        "(679, 681)",
        "(64, 86)",
        "(952, 245)",
        "(876, 269)",
        "(37, 654)",
        "(851, 197)"
    ],
    "(45, 608)": [
        "(392, 106)",
        "(908, 297)",
        "(856, 43)",
        "(952, 617)",
        "(984, 395)",
        "(851, 197)",
        "(532, 100)",
        "(315, 537)",
        "(605, 333)",
        "(804, 275)",
        "(353, 207)",
        "(232, 987)",
        "(218, 974)",
        "(484, 19)",
        "(679, 681)",
        "(283, 310)",
        "(77, 56)",
        "(428, 203)",
        "(919, 92)",
        "(740, 792)",
        "(606, 675)",
        "(596, 928)",
        "(458, 242)",
        "(518, 465)",
        "(648, 398)",
        "(949, 978)",
        "(982, 239)",
        "(477, 680)",
        "(628, 102)",
        "(200, 352)",
        "(539, 155)",
        "(397, 418)",
        "(111, 860)",
        "(483, 765)",
        "(952, 245)",
        "(154, 277)",
        "(941, 113)",
        "(630, 512)",
        "(393, 620)",
        "(306, 9)"
    ],
    "(353, 207)": [
        "(428, 203)",
        "(507, 180)",
        "(596, 928)",
        "(984, 395)",
        "(402, 66)",
        "(908, 297)",
        "(154, 277)",
        "(539, 155)",
        "(45, 608)",
        "(606, 675)",
        "(317, 890)",
        "(795, 13)",
        "(674, 119)",
        "(628, 102)",
        "(458, 242)",
        "(876, 269)",
        "(952, 245)",
        "(740, 792)",
        "(232, 987)",
        "(483, 765)",
        "(200, 352)",
        "(107, 532)",
        "(605, 333)",
        "(630, 512)",
        "(306, 9)",
        "(319, 618)",
        "(412, 812)",
        "(314, 818)",
        "(647, 493)",
        "(605, 146)",
        "(37, 654)",
        "(218, 974)",
        "(798, 242)",
        "(387, 877)",
        "(484, 19)",
        "(5, 338)",
        "(919, 92)",
        "(502, 528)"
    ],
    "(596, 928)": [
        "(949, 978)",
        "(605, 333)",
        "(107, 532)",
        "(283, 310)",
        "(679, 681)",
        "(458, 242)",
        "(353, 207)",
        "(648, 398)",
        "(518, 465)",
        "(111, 860)",
        "(952, 245)",
        "(200, 352)",
        "(674, 119)",
        "(804, 275)",
        "(393, 620)",
        "(428, 203)",
        "(397, 418)",
        "(628, 102)",
        "(298, 270)",
        "(477, 680)",
        "(984, 395)",
        "(45, 608)",
        "(908, 297)",
        "(605, 146)",
        "(387, 877)",
        "(484, 19)",
        "(317, 890)",
        "(670, 668)",
        "(314, 818)",
        "(306, 9)",
        "(606, 675)",
        "(919, 92)",
        "(502, 528)",
        "(64, 86)",
        "(154, 277)",
        "(412, 812)",
        "(982, 239)",
        "(631, 50)",
        "(730, 597)"
    ],
    "(319, 519)": [
        "(674, 119)",
        "(865, 628)",
        "(298, 270)",
        "(984, 395)",
        "(319, 618)",
        "(647, 493)",
        "(306, 9)",
        "(804, 275)",
        "(232, 987)",
        "(415, 482)",
        "(77, 56)",
        "(982, 239)",
        "(392, 106)",
        "(5, 338)",
        "(949, 978)",
        "(605, 146)",
        "(876, 269)",
        "(125, 371)",
        "(317, 890)",
        "(730, 597)",
        "(507, 180)",
        "(952, 617)",
        "(856, 43)",
        "(387, 877)",
        "(111, 860)",
        "(532, 100)",
        "(393, 620)",
        "(218, 974)",
        "(37, 654)",
        "(502, 528)",
        "(116, 455)",
        "(428, 203)",
        "(605, 333)",
        "(484, 19)",
        "(397, 418)",
        "(518, 465)"
    ],
    "(483, 765)": [
        "(532, 100)",
        "(628, 102)",
        "(402, 66)",
        "(393, 620)",
        "(952, 617)",
        "(412, 812)",
        "(232, 987)",
        "(5, 338)",
        "(306, 9)",
        "(415, 482)",
        "(730, 597)",
        "(317, 890)",
        "(154, 277)",
        "(484, 19)",
        "(605, 146)",
        "(283, 310)",
        "(648, 398)",
        "(428, 203)",
        "(64, 86)",
        "(851, 197)",
        "(679, 681)",
        "(674, 119)",
        "(982, 239)",
        "(353, 207)",
        "(941, 113)",
        "(769, 101)",
        "(798, 242)",
        "(670, 668)",
        "(606, 675)",
        "(45, 608)",
        "(314, 818)",
        "(952, 245)",
        "(116, 455)",
        "(397, 418)",
        "(405, 833)",
        "(605, 333)"
    ],
    "(730, 597)": [
        "(200, 352)",
        "(679, 681)",
        "(628, 102)",
        "(315, 537)",
        "(458, 242)",
        "(919, 92)",
        "(283, 310)",
        "(941, 113)",
        "(412, 812)",
        "(865, 628)",
        "(483, 765)",
        "(317, 890)",
        "(539, 155)",
        "(804, 275)",
        "(319, 519)",
        "(630, 512)",
        "(647, 493)",
        "(402, 66)",
        "(798, 242)",
        "(314, 818)",
        "(484, 19)",
        "(111, 860)",
        "(670, 668)",
        "(37, 654)",
        "(77, 56)",
        "(5, 338)",
        "(397, 418)",
        "(674, 119)",
        "(982, 239)",
        "(428, 203)",
        "(596, 928)"
    ],
    "(647, 493)": [
        "(116, 455)",
        "(64, 86)",
        "(798, 242)",
        "(502, 528)",
        "(319, 519)",
        "(315, 537)",
        "(415, 482)",
        "(679, 681)",
        "(941, 113)",
        "(984, 395)",
        "(458, 242)",
        "(670, 668)",
        "(507, 180)",
        "(314, 818)",
        "(769, 101)",
        "(319, 618)",
        "(730, 597)",
        "(605, 146)",
        "(631, 50)",
        "(630, 512)",
        "(539, 155)",
        "(428, 203)",
        "(200, 352)",
        "(392, 106)",
        "(53, 283)",
        "(306, 9)",
        "(865, 628)",
        "(317, 890)",
        "(393, 620)",
        "(518, 465)",
        "(353, 207)",
        "(37, 654)",
        "(606, 675)",
        "(283, 310)",
        "(107, 532)",
        "(218, 974)",
        "(674, 119)"
    ],
    "(314, 818)": [
        "(670, 668)",
        "(919, 92)",
        "(154, 277)",
        "(532, 100)",
        "(865, 628)",
        "(283, 310)",
        "(605, 333)",
        "(317, 890)",
        "(397, 418)",
        "(952, 245)",
        "(218, 974)",
        "(393, 620)",
        "(200, 352)",
        "(628, 102)",
        "(740, 792)",
        "(982, 239)",
        "(952, 617)",
        "(306, 9)",
        "(53, 283)",
        "(647, 493)",
        "(631, 50)",
        "(5, 338)",
        "(605, 146)",
        "(856, 43)",
        "(484, 19)",
        "(730, 597)",
        "(64, 86)",
        "(315, 537)",
        "(851, 197)",
        "(37, 654)",
        "(908, 297)",
        "(596, 928)",
        "(353, 207)",
        "(412, 812)",
        "(984, 395)",
        "(483, 765)",
        "(648, 398)",
        "(415, 482)",
        "(502, 528)",
        "(876, 269)"
    ],
    "(670, 668)": [
        "(314, 818)",
        "(53, 283)",
        "(428, 203)",
        "(5, 338)",
        "(315, 537)",
        "(200, 352)",
        "(116, 455)",
        "(77, 56)",
        "(941, 113)",
        "(647, 493)",
        "(507, 180)",
        "(111, 860)",
        "(539, 155)",
        "(804, 275)",
        "(502, 528)",
        "(949, 978)",
        "(483, 765)",
        "(596, 928)",
        "(458, 242)",
        "(730, 597)",
        "(679, 681)",
        "(795, 13)",
        "(154, 277)",
        "(865, 628)",
        "(393, 620)",
        "(125, 371)",
        "(648, 398)"
    ],
    "(107, 532)": [
        "(387, 877)",
        "(628, 102)",
        "(949, 978)",
        "(804, 275)",
        "(596, 928)",
        "(187, 36)",
        "(393, 620)",
        "(502, 528)",
        "(315, 537)",
        "(795, 13)",
        "(37, 654)",
        "(298, 270)",
        "(306, 9)",
        "(919, 92)",
        "(518, 465)",
        "(458, 242)",
        "(740, 792)",
        "(477, 680)",
        "(769, 101)",
        "(111, 860)",
        "(402, 66)",
        "(865, 628)",
        "(353, 207)",
        "(77, 56)",
        "(952, 245)",
        "(397, 418)",
        "(631, 50)",
        "(232, 987)",
        "(317, 890)",
        "(605, 333)",
        "(647, 493)",
        "(484, 19)",
        "(606, 675)",
        "(64, 86)",
        "(876, 269)"
    ],
    "(53, 283)": [
        "(428, 203)",
        "(319, 618)",
        "(670, 668)",
        "(315, 537)",
        "(798, 242)",
        "(605, 146)",
        "(111, 860)",
        "(387, 877)",
        "(941, 113)",
        "(908, 297)",
        "(314, 818)",
        "(795, 13)",
        "(412, 812)",
        "(856, 43)",
        "(539, 155)",
        "(876, 269)",
        "(37, 654)",
        "(200, 352)",
        "(507, 180)",
        "(631, 50)",
        "(5, 338)",
        "(77, 56)",
        "(647, 493)",
        "(306, 9)",
        "(952, 617)",
        "(630, 512)",
        "(919, 92)",
        "(502, 528)",
        "(769, 101)",
        "(674, 119)"
    ],
    "(484, 19)": [
        "(428, 203)",
        "(532, 100)",
        "(630, 512)",
        "(539, 155)",
        "(402, 66)",
        "(415, 482)",
        "(982, 239)",
        "(949, 978)",
        "(628, 102)",
        "(483, 765)",
        "(856, 43)",
        "(77, 56)",
        "(116, 455)",
        "(605, 333)",
        "(804, 275)",
        "(45, 608)",
        "(648, 398)",
        "(317, 890)",
        "(769, 101)",
        "(952, 245)",
        "(314, 818)",
        "(730, 597)",
        "(795, 13)",
        "(596, 928)",
        "(740, 792)",
        "(679, 681)",
        "(315, 537)",
        "(232, 987)",
        "(674, 119)",
        "(606, 675)",
        "(107, 532)",
        "(941, 113)",
        "(984, 395)",
        "(64, 86)",
        "(111, 860)",
        "(631, 50)",
        "(353, 207)",
        "(298, 270)",
        "(319, 519)"
    ],
    "(154, 277)": [
        "(314, 818)",
        "(428, 203)",
        "(605, 146)",
        "(232, 987)",
        "(387, 877)",
        "(415, 482)",
        "(200, 352)",
        "(630, 512)",
        "(306, 9)",
        "(483, 765)",
        "(393, 620)",
        "(125, 371)",
        "(353, 207)",
        "(412, 812)",
        "(502, 528)",
        "(77, 56)",
        "(319, 618)",
        "(518, 465)",
        "(392, 106)",
        "(876, 269)",
        "(397, 418)",
        "(804, 275)",
        "(865, 628)",
        "(851, 197)",
        "(952, 245)",
        "(5, 338)",
        "(670, 668)",
        "(596, 928)",
        "(45, 608)",
        "(64, 86)",
        "(606, 675)"
    ],
    "(218, 974)": [
        "(949, 978)",
        "(64, 86)",
        "(5, 338)",
        "(314, 818)",
        "(37, 654)",
        "(532, 100)",
        "(982, 239)",
        "(984, 395)",
        "(45, 608)",
        "(740, 792)",
        "(232, 987)",
        "(941, 113)",
        "(518, 465)",
        "(298, 270)",
        "(769, 101)",
        "(628, 102)",
        "(605, 146)",
        "(798, 242)",
        "(402, 66)",
        "(679, 681)",
        "(111, 860)",
        "(795, 13)",
        "(804, 275)",
        "(125, 371)",
        "(315, 537)",
        "(392, 106)",
        "(319, 519)",
        "(865, 628)",
        "(353, 207)",
        "(647, 493)",
        "(387, 877)"
    ],
    "(64, 86)": [
        "(405, 833)",
        "(502, 528)",
        "(647, 493)",
        "(298, 270)",
        "(218, 974)",
        "(116, 455)",
        "(532, 100)",
        "(631, 50)",
        "(37, 654)",
        "(306, 9)",
        "(679, 681)",
        "(428, 203)",
        "(111, 860)",
        "(125, 371)",
        "(483, 765)",
        "(412, 812)",
        "(952, 245)",
        "(317, 890)",
        "(674, 119)",
        "(319, 618)",
        "(740, 792)",
        "(314, 818)",
        "(402, 66)",
        "(630, 512)",
        "(539, 155)",
        "(283, 310)",
        "(232, 987)",
        "(187, 36)",
        "(804, 275)",
        "(949, 978)",
        "(865, 628)",
        "(518, 465)",
        "(605, 333)",
        "(387, 877)",
        "(596, 928)",
        "(77, 56)",
        "(154, 277)",
        "(5, 338)",
        "(484, 19)",
        "(107, 532)",
        "(606, 675)",
        "(507, 180)",
        "(392, 106)",
        "(458, 242)",
        "(477, 680)"
    ],
    "(605, 146)": [
        "(769, 101)",
        "(111, 860)",
        "(631, 50)",
        "(397, 418)",
        "(154, 277)",
        "(53, 283)",
        "(740, 792)",
        "(502, 528)",
        "(315, 537)",
        "(483, 765)",
        "(232, 987)",
        "(319, 519)",
        "(477, 680)",
        "(5, 338)",
        "(314, 818)",
        "(116, 455)",
        "(647, 493)",
        "(851, 197)",
        "(306, 9)",
        "(865, 628)",
        "(876, 269)",
        "(941, 113)",
        "(518, 465)",
        "(596, 928)",
        "(187, 36)",
        "(218, 974)",
        "(539, 155)",
        "(458, 242)",
        "(795, 13)",
        "(919, 92)",
        "(908, 297)",
        "(507, 180)",
        "(353, 207)",
        "(283, 310)",
        "(630, 512)",
        "(415, 482)",
        "(428, 203)"
    ],
    "(298, 270)": [
        "(851, 197)",
        "(319, 519)",
        "(64, 86)",
        "(919, 92)",
        "(507, 180)",
        "(908, 297)",
        "(856, 43)",
        "(107, 532)",
        "(982, 239)",
        "(412, 812)",
        "(111, 860)",
        "(415, 482)",
        "(283, 310)",
        "(596, 928)",
        "(218, 974)",
        "(679, 681)",
        "(387, 877)",
        "(532, 100)",
        "(200, 352)",
        "(795, 13)",
        "(605, 333)",
        "(232, 987)",
        "(306, 9)",
        "(804, 275)",
        "(952, 617)",
        "(502, 528)",
        "(458, 242)",
        "(984, 395)",
        "(674, 119)",
        "(484, 19)",
        "(941, 113)",
        "(876, 269)",
        "(518, 465)"
    ],
    "(5, 338)": [
        "(804, 275)",
        "(876, 269)",
        "(218, 974)",
        "(605, 333)",
        "(670, 668)",
        "(795, 13)",
        "(483, 765)",
        "(628, 102)",
        "(319, 618)",
        "(392, 106)",
        "(397, 418)",
        "(507, 180)",
        "(125, 371)",
        "(415, 482)",
        "(319, 519)",
        "(412, 812)",
        "(605, 146)",
        "(532, 100)",
        "(314, 818)",
        "(674, 119)",
        "(952, 245)",
        "(187, 36)",
        "(851, 197)",
        "(402, 66)",
        "(53, 283)",
        "(606, 675)",
        "(941, 113)",
        "(77, 56)",
        "(283, 310)",
        "(908, 297)",
        "(865, 628)",
        "(154, 277)",
        "(730, 597)",
        "(64, 86)",
        "(37, 654)",
        "(353, 207)",
        "(518, 465)"
    ],
    "(856, 43)": [
        "(631, 50)",
        "(876, 269)",
        "(45, 608)",
        "(507, 180)",
        "(232, 987)",
        "(298, 270)",
        "(477, 680)",
        "(283, 310)",
        "(484, 19)",
        "(116, 455)",
        "(319, 618)",
        "(53, 283)",
        "(982, 239)",
        "(314, 818)",
        "(648, 398)",
        "(919, 92)",
        "(387, 877)",
        "(37, 654)",
        "(319, 519)",
        "(393, 620)",
        "(428, 203)",
        "(415, 482)",
        "(908, 297)",
        "(412, 812)",
        "(984, 395)",
        "(679, 681)",
        "(539, 155)",
        "(804, 275)",
        "(306, 9)",
        "(518, 465)",
        "(630, 512)",
        "(865, 628)"
    ],
    "(428, 203)": [
        "(53, 283)",
        "(484, 19)",
        "(154, 277)",
        "(353, 207)",
        "(605, 333)",
        "(315, 537)",
        "(670, 668)",
        "(532, 100)",
        "(283, 310)",
        "(628, 102)",
        "(64, 86)",
        "(317, 890)",
        "(919, 92)",
        "(539, 155)",
        "(125, 371)",
        "(952, 617)",
        "(483, 765)",
        "(77, 56)",
        "(412, 812)",
        "(502, 528)",
        "(45, 608)",
        "(596, 928)",
        "(941, 113)",
        "(984, 395)",
        "(647, 493)",
        "(187, 36)",
        "(392, 106)",
        "(952, 245)",
        "(856, 43)",
        "(387, 877)",
        "(740, 792)",
        "(518, 465)",
        "(908, 297)",
        "(769, 101)",
        "(111, 860)",
        "(477, 680)",
        "(319, 519)",
        "(730, 597)",
        "(605, 146)"
    ],
    "(125, 371)": [
        "(532, 100)",
        "(949, 978)",
        "(306, 9)",
        "(502, 528)",
        "(606, 675)",
        "(200, 352)",
        "(412, 812)",
        "(116, 455)",
        "(851, 197)",
        "(5, 338)",
        "(631, 50)",
        "(154, 277)",
        "(919, 92)",
        "(111, 860)",
        "(428, 203)",
        "(315, 537)",
        "(64, 86)",
        "(769, 101)",
        "(630, 512)",
        "(319, 519)",
        "(952, 245)",
        "(674, 119)",
        "(908, 297)",
        "(477, 680)",
        "(679, 681)",
        "(865, 628)",
        "(876, 269)",
        "(518, 465)",
        "(405, 833)",
        "(648, 398)",
        "(317, 890)",
        "(804, 275)",
        "(218, 974)",
        "(37, 654)",
        "(187, 36)",
        "(670, 668)",
        "(628, 102)",
        "(984, 395)"
    ],
    "(306, 9)": [
        "(952, 617)",
        "(125, 371)",
        "(187, 36)",
        "(319, 519)",
        "(851, 197)",
        "(64, 86)",
        "(631, 50)",
        "(483, 765)",
        "(154, 277)",
        "(539, 155)",
        "(949, 978)",
        "(984, 395)",
        "(952, 245)",
        "(314, 818)",
        "(107, 532)",
        "(532, 100)",
        "(317, 890)",
        "(605, 146)",
        "(412, 812)",
        "(232, 987)",
        "(518, 465)",
        "(876, 269)",
        "(392, 106)",
        "(353, 207)",
        "(647, 493)",
        "(319, 618)",
        "(596, 928)",
        "(298, 270)",
        "(53, 283)",
        "(856, 43)",
        "(415, 482)",
        "(648, 398)",
        "(402, 66)",
        "(458, 242)",
        "(45, 608)",
        "(111, 860)"
    ],
    "(200, 352)": [
        "(392, 106)",
        "(730, 597)",
        "(125, 371)",
        "(154, 277)",
        "(865, 628)",
        "(670, 668)",
        "(502, 528)",
        "(314, 818)",
        "(648, 398)",
        "(941, 113)",
        "(116, 455)",
        "(315, 537)",
        "(769, 101)",
        "(405, 833)",
        "(596, 928)",
        "(795, 13)",
        "(539, 155)",
        "(53, 283)",
        "(628, 102)",
        "(952, 245)",
        "(647, 493)",
        "(298, 270)",
        "(353, 207)",
        "(283, 310)",
        "(387, 877)",
        "(319, 618)",
        "(679, 681)",
        "(37, 654)",
        "(45, 608)",
        "(908, 297)",
        "(415, 482)",
        "(412, 812)",
        "(984, 395)",
        "(630, 512)",
        "(982, 239)",
        "(397, 418)"
    ],
    "(415, 482)": [
        "(606, 675)",
        "(952, 617)",
        "(876, 269)",
        "(232, 987)",
        "(397, 418)",
        "(154, 277)",
        "(679, 681)",
        "(319, 519)",
        "(484, 19)",
        "(483, 765)",
        "(647, 493)",
        "(5, 338)",
        "(77, 56)",
        "(648, 398)",
        "(298, 270)",
        "(628, 102)",
        "(317, 890)",
        "(631, 50)",
        "(502, 528)",
        "(387, 877)",
        "(507, 180)",
        "(856, 43)",
        "(674, 119)",
        "(200, 352)",
        "(630, 512)",
        "(412, 812)",
        "(306, 9)",
        "(314, 818)",
        "(37, 654)",
        "(740, 792)",
        "(605, 146)"
    ],
    "(502, 528)": [
        "(64, 86)",
        "(941, 113)",
        "(125, 371)",
        "(647, 493)",
        "(605, 146)",
        "(107, 532)",
        "(200, 352)",
        "(606, 675)",
        "(798, 242)",
        "(77, 56)",
        "(154, 277)",
        "(428, 203)",
        "(116, 455)",
        "(919, 92)",
        "(518, 465)",
        "(670, 668)",
        "(415, 482)",
        "(631, 50)",
        "(804, 275)",
        "(648, 398)",
        "(769, 101)",
        "(952, 245)",
        "(740, 792)",
        "(393, 620)",
        "(674, 119)",
        "(596, 928)",
        "(283, 310)",
        "(628, 102)",
        "(111, 860)",
        "(298, 270)",
        "(319, 519)",
        "(908, 297)",
        "(314, 818)",
        "(319, 618)",
        "(187, 36)",
        "(605, 333)",
        "(876, 269)",
        "(53, 283)",
        "(353, 207)",
        "(949, 978)"
    ],
    "(798, 242)": [
        "(628, 102)",
        "(647, 493)",
        "(53, 283)",
        "(648, 398)",
        "(605, 333)",
        "(876, 269)",
        "(187, 36)",
        "(502, 528)",
        "(949, 978)",
        "(630, 512)",
        "(769, 101)",
        "(908, 297)",
        "(387, 877)",
        "(606, 675)",
        "(730, 597)",
        "(77, 56)",
        "(865, 628)",
        "(392, 106)",
        "(458, 242)",
        "(283, 310)",
        "(218, 974)",
        "(483, 765)",
        "(393, 620)",
        "(984, 395)",
        "(631, 50)",
        "(941, 113)",
        "(402, 66)",
        "(353, 207)",
        "(507, 180)"
    ],
    "(606, 675)": [
        "(415, 482)",
        "(628, 102)",
        "(125, 371)",
        "(402, 66)",
        "(674, 119)",
        "(941, 113)",
        "(952, 245)",
        "(502, 528)",
        "(315, 537)",
        "(187, 36)",
        "(353, 207)",
        "(111, 860)",
        "(798, 242)",
        "(477, 680)",
        "(45, 608)",
        "(393, 620)",
        "(605, 333)",
        "(5, 338)",
        "(630, 512)",
        "(919, 92)",
        "(596, 928)",
        "(483, 765)",
        "(507, 180)",
        "(484, 19)",
        "(37, 654)",
        "(647, 493)",
        "(107, 532)",
        "(397, 418)",
        "(64, 86)",
        "(283, 310)",
        "(154, 277)",
        "(232, 987)",
        "(317, 890)",
        "(949, 978)",
        "(532, 100)"
    ],
    "(518, 465)": [
        "(982, 239)",
        "(387, 877)",
        "(605, 333)",
        "(477, 680)",
        "(37, 654)",
        "(769, 101)",
        "(532, 100)",
        "(596, 928)",
        "(795, 13)",
        "(107, 532)",
        "(402, 66)",
        "(77, 56)",
        "(218, 974)",
        "(154, 277)",
        "(397, 418)",
        "(605, 146)",
        "(502, 528)",
        "(405, 833)",
        "(851, 197)",
        "(740, 792)",
        "(283, 310)",
        "(45, 608)",
        "(306, 9)",
        "(125, 371)",
        "(319, 618)",
        "(428, 203)",
        "(64, 86)",
        "(647, 493)",
        "(856, 43)",
        "(458, 242)",
        "(392, 106)",
        "(539, 155)",
        "(5, 338)",
        "(319, 519)",
        "(298, 270)"
    ],
    "(679, 681)": [
        "(628, 102)",
        "(605, 333)",
        "(730, 597)",
        "(507, 180)",
        "(37, 654)",
        "(187, 36)",
        "(596, 928)",
        "(415, 482)",
        "(116, 455)",
        "(631, 50)",
        "(740, 792)",
        "(402, 66)",
        "(64, 86)",
        "(647, 493)",
        "(315, 537)",
        "(952, 617)",
        "(405, 833)",
        "(876, 269)",
        "(45, 608)",
        "(483, 765)",
        "(458, 242)",
        "(298, 270)",
        "(851, 197)",
        "(648, 398)",
        "(125, 371)",
        "(412, 812)",
        "(804, 275)",
        "(477, 680)",
        "(232, 987)",
        "(218, 974)",
        "(200, 352)",
        "(856, 43)",
        "(484, 19)",
        "(670, 668)",
        "(77, 56)",
        "(865, 628)",
        "(317, 890)",
        "(949, 978)"
    ],
    "(319, 618)": [
        "(53, 283)",
        "(319, 519)",
        "(5, 338)",
        "(315, 537)",
        "(532, 100)",
        "(630, 512)",
        "(77, 56)",
        "(856, 43)",
        "(392, 106)",
        "(477, 680)",
        "(647, 493)",
        "(154, 277)",
        "(387, 877)",
        "(64, 86)",
        "(908, 297)",
        "(919, 92)",
        "(283, 310)",
        "(116, 455)",
        "(200, 352)",
        "(740, 792)",
        "(518, 465)",
        "(605, 333)",
        "(631, 50)",
        "(984, 395)",
        "(353, 207)",
        "(306, 9)",
        "(628, 102)",
        "(507, 180)",
        "(952, 617)",
        "(502, 528)",
        "(539, 155)"
    ],
    "(392, 106)": [
        "(77, 56)",
        "(45, 608)",
        "(200, 352)",
        "(984, 395)",
        "(5, 338)",
        "(37, 654)",
        "(851, 197)",
        "(982, 239)",
        "(319, 519)",
        "(740, 792)",
        "(630, 512)",
        "(397, 418)",
        "(319, 618)",
        "(648, 398)",
        "(154, 277)",
        "(798, 242)",
        "(393, 620)",
        "(647, 493)",
        "(428, 203)",
        "(952, 617)",
        "(306, 9)",
        "(317, 890)",
        "(458, 242)",
        "(412, 812)",
        "(232, 987)",
        "(218, 974)",
        "(532, 100)",
        "(518, 465)",
        "(64, 86)"
    ],
    "(387, 877)": [
        "(187, 36)",
        "(107, 532)",
        "(769, 101)",
        "(477, 680)",
        "(518, 465)",
        "(53, 283)",
        "(507, 180)",
        "(952, 617)",
        "(154, 277)",
        "(405, 833)",
        "(648, 398)",
        "(402, 66)",
        "(798, 242)",
        "(631, 50)",
        "(319, 618)",
        "(876, 269)",
        "(856, 43)",
        "(298, 270)",
        "(984, 395)",
        "(397, 418)",
        "(415, 482)",
        "(319, 519)",
        "(200, 352)",
        "(674, 119)",
        "(596, 928)",
        "(428, 203)",
        "(539, 155)",
        "(283, 310)",
        "(908, 297)",
        "(982, 239)",
        "(412, 812)",
        "(37, 654)",
        "(865, 628)",
        "(64, 86)",
        "(317, 890)",
        "(795, 13)",
        "(315, 537)",
        "(353, 207)",
        "(532, 100)",
        "(218, 974)"
    ],
    "(876, 269)": [
        "(415, 482)",
        "(919, 92)",
        "(5, 338)",
        "(856, 43)",
        "(949, 978)",
        "(232, 987)",
        "(116, 455)",
        "(865, 628)",
        "(798, 242)",
        "(952, 617)",
        "(648, 398)",
        "(795, 13)",
        "(628, 102)",
        "(319, 519)",
        "(804, 275)",
        "(679, 681)",
        "(53, 283)",
        "(605, 146)",
        "(387, 877)",
        "(353, 207)",
        "(908, 297)",
        "(154, 277)",
        "(393, 620)",
        "(125, 371)",
        "(674, 119)",
        "(306, 9)",
        "(532, 100)",
        "(631, 50)",
        "(740, 792)",
        "(77, 56)",
        "(314, 818)",
        "(502, 528)",
        "(107, 532)",
        "(298, 270)"
    ],
    "(283, 310)": [
        "(397, 418)",
        "(314, 818)",
        "(730, 597)",
        "(596, 928)",
        "(37, 654)",
        "(532, 100)",
        "(804, 275)",
        "(77, 56)",
        "(428, 203)",
        "(952, 617)",
        "(674, 119)",
        "(856, 43)",
        "(952, 245)",
        "(865, 628)",
        "(539, 155)",
        "(483, 765)",
        "(851, 197)",
        "(984, 395)",
        "(45, 608)",
        "(405, 833)",
        "(298, 270)",
        "(769, 101)",
        "(628, 102)",
        "(507, 180)",
        "(319, 618)",
        "(477, 680)",
        "(518, 465)",
        "(200, 352)",
        "(64, 86)",
        "(798, 242)",
        "(5, 338)",
        "(387, 877)",
        "(502, 528)",
        "(941, 113)",
        "(393, 620)",
        "(647, 493)",
        "(605, 146)",
        "(982, 239)",
        "(606, 675)"
    ],
    "(851, 197)": [
        "(187, 36)",
        "(298, 270)",
        "(631, 50)",
        "(984, 395)",
        "(949, 978)",
        "(630, 512)",
        "(45, 608)",
        "(306, 9)",
        "(648, 398)",
        "(125, 371)",
        "(392, 106)",
        "(283, 310)",
        "(982, 239)",
        "(919, 92)",
        "(483, 765)",
        "(397, 418)",
        "(605, 146)",
        "(232, 987)",
        "(5, 338)",
        "(539, 155)",
        "(679, 681)",
        "(532, 100)",
        "(518, 465)",
        "(393, 620)",
        "(412, 812)",
        "(458, 242)",
        "(314, 818)",
        "(952, 617)",
        "(154, 277)",
        "(315, 537)",
        "(941, 113)",
        "(674, 119)",
        "(507, 180)",
        "(77, 56)"
    ],
    "(402, 66)": [
        "(483, 765)",
        "(393, 620)",
        "(769, 101)",
        "(405, 833)",
        "(116, 455)",
        "(539, 155)",
        "(606, 675)",
        "(484, 19)",
        "(679, 681)",
        "(353, 207)",
        "(315, 537)",
        "(387, 877)",
        "(518, 465)",
        "(740, 792)",
        "(730, 597)",
        "(5, 338)",
        "(37, 654)",
        "(64, 86)",
        "(107, 532)",
        "(628, 102)",
        "(77, 56)",
        "(941, 113)",
        "(908, 297)",
        "(218, 974)",
        "(795, 13)",
        "(798, 242)",
        "(306, 9)",
        "(952, 617)",
        "(397, 418)"
    ],
    "(477, 680)": [
        "(317, 890)",
        "(37, 654)",
        "(865, 628)",
        "(648, 398)",
        "(387, 877)",
        "(941, 113)",
        "(315, 537)",
        "(518, 465)",
        "(984, 395)",
        "(539, 155)",
        "(856, 43)",
        "(605, 146)",
        "(412, 812)",
        "(319, 618)",
        "(908, 297)",
        "(107, 532)",
        "(596, 928)",
        "(606, 675)",
        "(125, 371)",
        "(949, 978)",
        "(628, 102)",
        "(679, 681)",
        "(283, 310)",
        "(630, 512)",
        "(45, 608)",
        "(507, 180)",
        "(952, 245)",
        "(605, 333)",
        "(428, 203)",
        "(458, 242)",
        "(740, 792)",
        "(64, 86)"
    ],
    "(315, 537)": [
        "(941, 113)",
        "(53, 283)",
        "(428, 203)",
        "(730, 597)",
        "(477, 680)",
        "(984, 395)",
        "(647, 493)",
        "(670, 668)",
        "(412, 812)",
        "(107, 532)",
        "(605, 146)",
        "(628, 102)",
        "(45, 608)",
        "(507, 180)",
        "(319, 618)",
        "(402, 66)",
        "(679, 681)",
        "(397, 418)",
        "(200, 352)",
        "(606, 675)",
        "(125, 371)",
        "(769, 101)",
        "(605, 333)",
        "(630, 512)",
        "(795, 13)",
        "(648, 398)",
        "(314, 818)",
        "(982, 239)",
        "(484, 19)",
        "(111, 860)",
        "(317, 890)",
        "(851, 197)",
        "(218, 974)",
        "(116, 455)",
        "(532, 100)",
        "(674, 119)",
        "(387, 877)",
        "(908, 297)",
        "(539, 155)"
    ],
    "(769, 101)": [
        "(648, 398)",
        "(605, 146)",
        "(740, 792)",
        "(387, 877)",
        "(458, 242)",
        "(605, 333)",
        "(402, 66)",
        "(795, 13)",
        "(949, 978)",
        "(628, 102)",
        "(908, 297)",
        "(518, 465)",
        "(200, 352)",
        "(125, 371)",
        "(315, 537)",
        "(647, 493)",
        "(412, 812)",
        "(798, 242)",
        "(107, 532)",
        "(283, 310)",
        "(919, 92)",
        "(484, 19)",
        "(218, 974)",
        "(532, 100)",
        "(111, 860)",
        "(502, 528)",
        "(483, 765)",
        "(984, 395)",
        "(77, 56)",
        "(428, 203)",
        "(941, 113)",
        "(116, 455)",
        "(53, 283)"
    ],
    "(952, 617)": [
        "(740, 792)",
        "(306, 9)",
        "(415, 482)",
        "(630, 512)",
        "(111, 860)",
        "(483, 765)",
        "(45, 608)",
        "(387, 877)",
        "(795, 13)",
        "(405, 833)",
        "(876, 269)",
        "(283, 310)",
        "(532, 100)",
        "(314, 818)",
        "(458, 242)",
        "(952, 245)",
        "(317, 890)",
        "(428, 203)",
        "(679, 681)",
        "(319, 519)",
        "(392, 106)",
        "(851, 197)",
        "(539, 155)",
        "(397, 418)",
        "(53, 283)",
        "(298, 270)",
        "(412, 812)",
        "(187, 36)",
        "(319, 618)",
        "(402, 66)",
        "(919, 92)"
    ],
    "(111, 860)": [
        "(393, 620)",
        "(605, 146)",
        "(952, 617)",
        "(507, 180)",
        "(53, 283)",
        "(908, 297)",
        "(532, 100)",
        "(125, 371)",
        "(64, 86)",
        "(596, 928)",
        "(670, 668)",
        "(865, 628)",
        "(298, 270)",
        "(984, 395)",
        "(606, 675)",
        "(107, 532)",
        "(982, 239)",
        "(37, 654)",
        "(769, 101)",
        "(795, 13)",
        "(218, 974)",
        "(319, 519)",
        "(730, 597)",
        "(232, 987)",
        "(315, 537)",
        "(605, 333)",
        "(45, 608)",
        "(628, 102)",
        "(502, 528)",
        "(428, 203)",
        "(484, 19)",
        "(306, 9)"
    ],
    "(952, 245)": [
        "(631, 50)",
        "(116, 455)",
        "(314, 818)",
        "(283, 310)",
        "(37, 654)",
        "(606, 675)",
        "(306, 9)",
        "(952, 617)",
        "(984, 395)",
        "(804, 275)",
        "(596, 928)",
        "(982, 239)",
        "(64, 86)",
        "(5, 338)",
        "(125, 371)",
        "(628, 102)",
        "(941, 113)",
        "(200, 352)",
        "(484, 19)",
        "(353, 207)",
        "(412, 812)",
        "(919, 92)",
        "(428, 203)",
        "(502, 528)",
        "(107, 532)",
        "(477, 680)",
        "(154, 277)",
        "(539, 155)",
        "(458, 242)",
        "(397, 418)",
        "(45, 608)",
        "(483, 765)",
        "(77, 56)",
        "(393, 620)",
        "(187, 36)"
    ],
    "(37, 654)": [
        "(116, 455)",
        "(477, 680)",
        "(679, 681)",
        "(283, 310)",
        "(64, 86)",
        "(218, 974)",
        "(412, 812)",
        "(232, 987)",
        "(518, 465)",
        "(107, 532)",
        "(392, 106)",
        "(952, 245)",
        "(628, 102)",
        "(982, 239)",
        "(405, 833)",
        "(648, 398)",
        "(605, 333)",
        "(53, 283)",
        "(941, 113)",
        "(402, 66)",
        "(740, 792)",
        "(111, 860)",
        "(856, 43)",
        "(630, 512)",
        "(314, 818)",
        "(200, 352)",
        "(949, 978)",
        "(387, 877)",
        "(393, 620)",
        "(984, 395)",
        "(125, 371)",
        "(730, 597)",
        "(353, 207)",
        "(539, 155)",
        "(319, 519)",
        "(647, 493)",
        "(606, 675)",
        "(415, 482)",
        "(507, 180)",
        "(5, 338)",
        "(77, 56)"
    ],
    "(317, 890)": [
        "(477, 680)",
        "(648, 398)",
        "(77, 56)",
        "(314, 818)",
        "(483, 765)",
        "(804, 275)",
        "(507, 180)",
        "(730, 597)",
        "(428, 203)",
        "(952, 617)",
        "(674, 119)",
        "(319, 519)",
        "(353, 207)",
        "(306, 9)",
        "(64, 86)",
        "(484, 19)",
        "(605, 333)",
        "(393, 620)",
        "(415, 482)",
        "(865, 628)",
        "(232, 987)",
        "(982, 239)",
        "(949, 978)",
        "(392, 106)",
        "(596, 928)",
        "(795, 13)",
        "(125, 371)",
        "(647, 493)",
        "(315, 537)",
        "(941, 113)",
        "(387, 877)",
        "(107, 532)",
        "(631, 50)",
        "(679, 681)",
        "(606, 675)"
    ],
    "(393, 620)": [
        "(111, 860)",
        "(116, 455)",
        "(483, 765)",
        "(402, 66)",
        "(107, 532)",
        "(397, 418)",
        "(648, 398)",
        "(314, 818)",
        "(630, 512)",
        "(154, 277)",
        "(941, 113)",
        "(412, 812)",
        "(532, 100)",
        "(740, 792)",
        "(405, 833)",
        "(596, 928)",
        "(606, 675)",
        "(317, 890)",
        "(605, 333)",
        "(392, 106)",
        "(876, 269)",
        "(851, 197)",
        "(856, 43)",
        "(77, 56)",
        "(502, 528)",
        "(458, 242)",
        "(798, 242)",
        "(37, 654)",
        "(647, 493)",
        "(319, 519)",
        "(539, 155)",
        "(187, 36)",
        "(283, 310)",
        "(908, 297)",
        "(670, 668)",
        "(952, 245)",
        "(45, 608)"
    ],
    "(507, 180)": [
        "(674, 119)",
        "(111, 860)",
        "(856, 43)",
        "(949, 978)",
        "(353, 207)",
        "(740, 792)",
        "(679, 681)",
        "(387, 877)",
        "(116, 455)",
        "(298, 270)",
        "(982, 239)",
        "(532, 100)",
        "(187, 36)",
        "(315, 537)",
        "(5, 338)",
        "(317, 890)",
        "(77, 56)",
        "(670, 668)",
        "(647, 493)",
        "(865, 628)",
        "(53, 283)",
        "(319, 519)",
        "(283, 310)",
        "(795, 13)",
        "(415, 482)",
        "(477, 680)",
        "(232, 987)",
        "(605, 146)",
        "(319, 618)",
        "(606, 675)",
        "(804, 275)",
        "(37, 654)",
        "(798, 242)",
        "(64, 86)",
        "(851, 197)"
    ],
    "(630, 512)": [
        "(952, 617)",
        "(941, 113)",
        "(484, 19)",
        "(851, 197)",
        "(154, 277)",
        "(393, 620)",
        "(232, 987)",
        "(397, 418)",
        "(319, 618)",
        "(392, 106)",
        "(125, 371)",
        "(798, 242)",
        "(730, 597)",
        "(315, 537)",
        "(795, 13)",
        "(647, 493)",
        "(64, 86)",
        "(77, 56)",
        "(116, 455)",
        "(606, 675)",
        "(477, 680)",
        "(37, 654)",
        "(804, 275)",
        "(187, 36)",
        "(353, 207)",
        "(631, 50)",
        "(415, 482)",
        "(53, 283)",
        "(45, 608)",
        "(200, 352)",
        "(605, 146)",
        "(405, 833)",
        "(532, 100)",
        "(856, 43)"
    ],
    "(919, 92)": [
        "(314, 818)",
        "(876, 269)",
        "(730, 597)",
        "(298, 270)",
        "(674, 119)",
        "(428, 203)",
        "(125, 371)",
        "(107, 532)",
        "(804, 275)",
        "(851, 197)",
        "(45, 608)",
        "(769, 101)",
        "(856, 43)",
        "(502, 528)",
        "(795, 13)",
        "(187, 36)",
        "(605, 333)",
        "(982, 239)",
        "(116, 455)",
        "(319, 618)",
        "(952, 245)",
        "(605, 146)",
        "(606, 675)",
        "(596, 928)",
        "(631, 50)",
        "(952, 617)",
        "(53, 283)",
        "(353, 207)",
        "(397, 418)"
    ],
    "(648, 398)": [
        "(769, 101)",
        "(317, 890)",
        "(477, 680)",
        "(798, 242)",
        "(740, 792)",
        "(187, 36)",
        "(605, 333)",
        "(393, 620)",
        "(387, 877)",
        "(804, 275)",
        "(631, 50)",
        "(851, 197)",
        "(200, 352)",
        "(628, 102)",
        "(876, 269)",
        "(596, 928)",
        "(37, 654)",
        "(483, 765)",
        "(116, 455)",
        "(865, 628)",
        "(415, 482)",
        "(484, 19)",
        "(392, 106)",
        "(539, 155)",
        "(856, 43)",
        "(315, 537)",
        "(679, 681)",
        "(941, 113)",
        "(45, 608)",
        "(502, 528)",
        "(982, 239)",
        "(125, 371)",
        "(908, 297)",
        "(314, 818)",
        "(306, 9)",
        "(670, 668)"
    ],
    "(984, 395)": [
        "(319, 519)",
        "(851, 197)",
        "(232, 987)",
        "(941, 113)",
        "(315, 537)",
        "(45, 608)",
        "(477, 680)",
        "(77, 56)",
        "(116, 455)",
        "(353, 207)",
        "(532, 100)",
        "(392, 106)",
        "(647, 493)",
        "(306, 9)",
        "(628, 102)",
        "(539, 155)",
        "(283, 310)",
        "(952, 245)",
        "(949, 978)",
        "(218, 974)",
        "(865, 628)",
        "(405, 833)",
        "(804, 275)",
        "(111, 860)",
        "(187, 36)",
        "(596, 928)",
        "(428, 203)",
        "(387, 877)",
        "(397, 418)",
        "(631, 50)",
        "(856, 43)",
        "(412, 812)",
        "(769, 101)",
        "(319, 618)",
        "(798, 242)",
        "(37, 654)",
        "(314, 818)",
        "(484, 19)",
        "(298, 270)",
        "(200, 352)",
        "(908, 297)",
        "(125, 371)"
    ],
    "(532, 100)": [
        "(483, 765)",
        "(125, 371)",
        "(314, 818)",
        "(484, 19)",
        "(64, 86)",
        "(949, 978)",
        "(405, 833)",
        "(283, 310)",
        "(428, 203)",
        "(507, 180)",
        "(111, 860)",
        "(45, 608)",
        "(984, 395)",
        "(518, 465)",
        "(218, 974)",
        "(952, 617)",
        "(628, 102)",
        "(804, 275)",
        "(187, 36)",
        "(319, 618)",
        "(393, 620)",
        "(5, 338)",
        "(306, 9)",
        "(298, 270)",
        "(769, 101)",
        "(851, 197)",
        "(319, 519)",
        "(876, 269)",
        "(315, 537)",
        "(605, 333)",
        "(674, 119)",
        "(392, 106)",
        "(631, 50)",
        "(387, 877)",
        "(630, 512)",
        "(795, 13)",
        "(606, 675)"
    ],
    "(539, 155)": [
        "(116, 455)",
        "(982, 239)",
        "(402, 66)",
        "(77, 56)",
        "(484, 19)",
        "(477, 680)",
        "(306, 9)",
        "(865, 628)",
        "(730, 597)",
        "(428, 203)",
        "(397, 418)",
        "(283, 310)",
        "(353, 207)",
        "(984, 395)",
        "(670, 668)",
        "(53, 283)",
        "(200, 352)",
        "(648, 398)",
        "(631, 50)",
        "(412, 812)",
        "(851, 197)",
        "(647, 493)",
        "(64, 86)",
        "(605, 146)",
        "(674, 119)",
        "(387, 877)",
        "(740, 792)",
        "(952, 617)",
        "(949, 978)",
        "(856, 43)",
        "(45, 608)",
        "(952, 245)",
        "(37, 654)",
        "(393, 620)",
        "(319, 618)",
        "(518, 465)",
        "(315, 537)",
        "(941, 113)"
    ],
    "(982, 239)": [
        "(518, 465)",
        "(539, 155)",
        "(458, 242)",
        "(507, 180)",
        "(804, 275)",
        "(484, 19)",
        "(37, 654)",
        "(314, 818)",
        "(319, 519)",
        "(795, 13)",
        "(392, 106)",
        "(298, 270)",
        "(218, 974)",
        "(851, 197)",
        "(952, 245)",
        "(856, 43)",
        "(412, 812)",
        "(628, 102)",
        "(483, 765)",
        "(111, 860)",
        "(919, 92)",
        "(941, 113)",
        "(317, 890)",
        "(315, 537)",
        "(45, 608)",
        "(648, 398)",
        "(387, 877)",
        "(865, 628)",
        "(730, 597)",
        "(596, 928)",
        "(200, 352)",
        "(283, 310)"
    ],
    "(804, 275)": [
        "(5, 338)",
        "(187, 36)",
        "(107, 532)",
        "(232, 987)",
        "(740, 792)",
        "(319, 519)",
        "(283, 310)",
        "(648, 398)",
        "(982, 239)",
        "(317, 890)",
        "(532, 100)",
        "(730, 597)",
        "(45, 608)",
        "(405, 833)",
        "(484, 19)",
        "(919, 92)",
        "(952, 245)",
        "(876, 269)",
        "(631, 50)",
        "(628, 102)",
        "(596, 928)",
        "(670, 668)",
        "(908, 297)",
        "(984, 395)",
        "(679, 681)",
        "(502, 528)",
        "(630, 512)",
        "(154, 277)",
        "(795, 13)",
        "(218, 974)",
        "(64, 86)",
        "(125, 371)",
        "(298, 270)",
        "(856, 43)",
        "(116, 455)",
        "(507, 180)",
        "(605, 333)",
        "(397, 418)"
    ],
    "(949, 978)": [
        "(596, 928)",
        "(405, 833)",
        "(218, 974)",
        "(125, 371)",
        "(77, 56)",
        "(107, 532)",
        "(876, 269)",
        "(769, 101)",
        "(507, 180)",
        "(851, 197)",
        "(532, 100)",
        "(908, 297)",
        "(484, 19)",
        "(306, 9)",
        "(319, 519)",
        "(984, 395)",
        "(798, 242)",
        "(477, 680)",
        "(45, 608)",
        "(317, 890)",
        "(670, 668)",
        "(37, 654)",
        "(539, 155)",
        "(64, 86)",
        "(740, 792)",
        "(605, 333)",
        "(187, 36)",
        "(606, 675)",
        "(502, 528)",
        "(679, 681)"
    ],
    "(187, 36)": [
        "(387, 877)",
        "(851, 197)",
        "(865, 628)",
        "(804, 275)",
        "(107, 532)",
        "(306, 9)",
        "(397, 418)",
        "(679, 681)",
        "(648, 398)",
        "(798, 242)",
        "(507, 180)",
        "(605, 333)",
        "(532, 100)",
        "(606, 675)",
        "(628, 102)",
        "(5, 338)",
        "(984, 395)",
        "(919, 92)",
        "(941, 113)",
        "(428, 203)",
        "(908, 297)",
        "(605, 146)",
        "(232, 987)",
        "(116, 455)",
        "(630, 512)",
        "(64, 86)",
        "(393, 620)",
        "(952, 617)",
        "(125, 371)",
        "(949, 978)",
        "(502, 528)",
        "(952, 245)"
    ],
    "(631, 50)": [
        "(851, 197)",
        "(856, 43)",
        "(605, 146)",
        "(952, 245)",
        "(64, 86)",
        "(306, 9)",
        "(648, 398)",
        "(679, 681)",
        "(232, 987)",
        "(125, 371)",
        "(628, 102)",
        "(314, 818)",
        "(804, 275)",
        "(647, 493)",
        "(387, 877)",
        "(941, 113)",
        "(865, 628)",
        "(539, 155)",
        "(415, 482)",
        "(53, 283)",
        "(984, 395)",
        "(77, 56)",
        "(502, 528)",
        "(116, 455)",
        "(674, 119)",
        "(740, 792)",
        "(319, 618)",
        "(107, 532)",
        "(630, 512)",
        "(798, 242)",
        "(876, 269)",
        "(908, 297)",
        "(919, 92)",
        "(532, 100)",
        "(484, 19)",
        "(596, 928)",
        "(605, 333)",
        "(317, 890)"
    ],
    "(674, 119)": [
        "(319, 519)",
        "(232, 987)",
        "(507, 180)",
        "(605, 333)",
        "(77, 56)",
        "(919, 92)",
        "(606, 675)",
        "(283, 310)",
        "(397, 418)",
        "(628, 102)",
        "(317, 890)",
        "(596, 928)",
        "(405, 833)",
        "(5, 338)",
        "(483, 765)",
        "(353, 207)",
        "(125, 371)",
        "(64, 86)",
        "(941, 113)",
        "(876, 269)",
        "(387, 877)",
        "(539, 155)",
        "(631, 50)",
        "(415, 482)",
        "(502, 528)",
        "(484, 19)",
        "(412, 812)",
        "(315, 537)",
        "(532, 100)",
        "(730, 597)",
        "(851, 197)",
        "(795, 13)",
        "(298, 270)",
        "(647, 493)",
        "(53, 283)"
    ]
}