{
    "(759, 141)": [],
    "(435, 448)": [],
    "(781, 58)": [
        "(209, 236)",
        "(617, 400)"
    ],
    "(454, 408)": [
        "(698, 745)"
    ],
    "(385, 307)": [
        "(118, 709)",
        "(997, 331)"
    ],
    "(118, 709)": [
        "(385, 307)",
        "(764, 491)"
    ],
    "(209, 236)": [
        "(781, 58)"
    ],
    "(764, 491)": [
        "(118, 709)"
    ],
    "(698, 745)": [
        "(454, 408)"
    ],
    "(997, 331)": [
        "(385, 307)"
    ],
    "(617, 400)": [
        "(781, 58)"
    ]
}