{
    "(2, 412)": [
        "(739, 580)",
        "(306, 810)",
        "(34, 875)",
        "(205, 602)",
        "(374, 232)",
        "(740, 795)",
        "(111, 223)"
    ],
    "(753, 513)": [
        "(205, 602)",
        "(725, 446)",
        "(147, 816)",
        "(302, 221)",
        "(212, 780)",
        "(75, 124)",
        "(309, 173)",
        "(465, 237)",
        "(34, 875)",
        "(765, 824)",
        "(101, 867)",
        "(760, 742)",
        "(759, 219)",
        "(831, 991)",
        "(930, 660)",
        "(798, 274)"
    ],
    "(537, 786)": [
        "(445, 917)",
        "(796, 528)",
        "(935, 766)",
        "(302, 221)",
        "(465, 237)",
        "(753, 954)",
        "(494, 436)",
        "(798, 274)",
        "(140, 568)",
        "(765, 824)",
        "(959, 441)",
        "(18, 114)",
        "(657, 496)"
    ],
    "(954, 763)": [
        "(759, 219)",
        "(246, 369)",
        "(147, 816)",
        "(959, 441)",
        "(309, 173)",
        "(212, 780)",
        "(708, 259)",
        "(753, 954)"
    ],
    "(465, 237)": [
        "(205, 602)",
        "(212, 780)",
        "(670, 903)",
        "(930, 660)",
        "(537, 786)",
        "(75, 124)",
        "(753, 513)",
        "(185, 362)",
        "(739, 580)",
        "(899, 645)",
        "(959, 441)"
    ],
    "(205, 602)": [
        "(753, 513)",
        "(465, 237)",
        "(670, 903)",
        "(445, 917)",
        "(2, 412)",
        "(740, 795)",
        "(75, 124)",
        "(765, 824)"
    ],
    "(309, 173)": [
        "(903, 986)",
        "(753, 954)",
        "(753, 513)",
        "(670, 903)",
        "(831, 991)",
        "(374, 232)",
        "(34, 875)",
        "(75, 124)",
        "(954, 763)",
        "(158, 447)",
        "(759, 219)",
        "(246, 369)",
        "(111, 223)"
    ],
    "(753, 954)": [
        "(111, 223)",
        "(185, 362)",
        "(309, 173)",
        "(899, 645)",
        "(670, 903)",
        "(537, 786)",
        "(831, 991)",
        "(765, 824)",
        "(374, 232)",
        "(739, 580)",
        "(34, 875)",
        "(954, 763)"
    ],
    "(657, 496)": [
        "(725, 446)",
        "(158, 447)",
        "(738, 251)",
        "(831, 991)",
        "(740, 795)",
        "(18, 114)",
        "(494, 436)",
        "(101, 867)",
        "(930, 660)",
        "(34, 875)",
        "(329, 426)",
        "(374, 232)",
        "(391, 981)",
        "(959, 441)",
        "(306, 810)",
        "(537, 786)",
        "(759, 219)"
    ],
    "(765, 824)": [
        "(101, 867)",
        "(302, 221)",
        "(374, 232)",
        "(796, 528)",
        "(899, 645)",
        "(753, 954)",
        "(205, 602)",
        "(537, 786)",
        "(740, 795)",
        "(753, 513)",
        "(147, 816)",
        "(329, 426)",
        "(725, 446)",
        "(739, 580)",
        "(738, 251)",
        "(930, 660)"
    ],
    "(899, 645)": [
        "(18, 114)",
        "(738, 251)",
        "(753, 954)",
        "(765, 824)",
        "(140, 568)",
        "(760, 742)",
        "(798, 274)",
        "(306, 810)",
        "(465, 237)",
        "(670, 903)",
        "(391, 981)",
        "(374, 232)",
        "(111, 223)",
        "(246, 369)"
    ],
    "(374, 232)": [
        "(670, 903)",
        "(101, 867)",
        "(2, 412)",
        "(765, 824)",
        "(309, 173)",
        "(185, 362)",
        "(246, 369)",
        "(657, 496)",
        "(740, 795)",
        "(75, 124)",
        "(753, 954)",
        "(899, 645)",
        "(111, 223)",
        "(158, 447)"
    ],
    "(959, 441)": [
        "(212, 780)",
        "(147, 816)",
        "(725, 446)",
        "(796, 528)",
        "(954, 763)",
        "(158, 447)",
        "(537, 786)",
        "(657, 496)",
        "(465, 237)",
        "(739, 580)"
    ],
    "(796, 528)": [
        "(708, 259)",
        "(537, 786)",
        "(935, 766)",
        "(391, 981)",
        "(903, 986)",
        "(111, 223)",
        "(765, 824)",
        "(959, 441)",
        "(158, 447)",
        "(302, 221)",
        "(740, 795)"
    ],
    "(798, 274)": [
        "(158, 447)",
        "(75, 124)",
        "(760, 742)",
        "(302, 221)",
        "(101, 867)",
        "(670, 903)",
        "(537, 786)",
        "(899, 645)",
        "(930, 660)",
        "(212, 780)",
        "(753, 513)"
    ],
    "(494, 436)": [
        "(228, 899)",
        "(185, 362)",
        "(657, 496)",
        "(537, 786)",
        "(725, 446)",
        "(302, 221)",
        "(759, 219)"
    ],
    "(101, 867)": [
        "(329, 426)",
        "(212, 780)",
        "(765, 824)",
        "(374, 232)",
        "(798, 274)",
        "(657, 496)",
        "(140, 568)",
        "(185, 362)",
        "(306, 810)",
        "(34, 875)",
        "(753, 513)"
    ],
    "(725, 446)": [
        "(753, 513)",
        "(657, 496)",
        "(959, 441)",
        "(306, 810)",
        "(494, 436)",
        "(765, 824)",
        "(738, 251)"
    ],
    "(759, 219)": [
        "(739, 580)",
        "(954, 763)",
        "(738, 251)",
        "(302, 221)",
        "(445, 917)",
        "(930, 660)",
        "(309, 173)",
        "(740, 795)",
        "(147, 816)",
        "(657, 496)",
        "(753, 513)",
        "(494, 436)"
    ],
    "(246, 369)": [
        "(954, 763)",
        "(930, 660)",
        "(903, 986)",
        "(738, 251)",
        "(760, 742)",
        "(185, 362)",
        "(374, 232)",
        "(140, 568)",
        "(306, 810)",
        "(309, 173)",
        "(158, 447)",
        "(212, 780)",
        "(899, 645)"
    ],
    "(329, 426)": [
        "(101, 867)",
        "(739, 580)",
        "(18, 114)",
        "(657, 496)",
        "(765, 824)",
        "(391, 981)",
        "(302, 221)",
        "(158, 447)",
        "(212, 780)",
        "(34, 875)"
    ],
    "(740, 795)": [
        "(205, 602)",
        "(657, 496)",
        "(445, 917)",
        "(2, 412)",
        "(831, 991)",
        "(75, 124)",
        "(374, 232)",
        "(765, 824)",
        "(140, 568)",
        "(212, 780)",
        "(759, 219)",
        "(306, 810)",
        "(796, 528)",
        "(228, 899)"
    ],
    "(445, 917)": [
        "(185, 362)",
        "(537, 786)",
        "(75, 124)",
        "(212, 780)",
        "(205, 602)",
        "(740, 795)",
        "(708, 259)",
        "(759, 219)",
        "(18, 114)"
    ],
    "(831, 991)": [
        "(34, 875)",
        "(657, 496)",
        "(309, 173)",
        "(753, 954)",
        "(930, 660)",
        "(740, 795)",
        "(212, 780)",
        "(739, 580)",
        "(302, 221)",
        "(391, 981)",
        "(903, 986)",
        "(753, 513)"
    ],
    "(738, 251)": [
        "(657, 496)",
        "(111, 223)",
        "(899, 645)",
        "(759, 219)",
        "(246, 369)",
        "(725, 446)",
        "(185, 362)",
        "(212, 780)",
        "(391, 981)",
        "(765, 824)",
        "(147, 816)"
    ],
    "(75, 124)": [
        "(302, 221)",
        "(158, 447)",
        "(445, 917)",
        "(798, 274)",
        "(205, 602)",
        "(753, 513)",
        "(465, 237)",
        "(185, 362)",
        "(740, 795)",
        "(708, 259)",
        "(309, 173)",
        "(374, 232)",
        "(34, 875)",
        "(391, 981)"
    ],
    "(212, 780)": [
        "(391, 981)",
        "(959, 441)",
        "(101, 867)",
        "(465, 237)",
        "(445, 917)",
        "(753, 513)",
        "(140, 568)",
        "(831, 991)",
        "(740, 795)",
        "(954, 763)",
        "(798, 274)",
        "(738, 251)",
        "(329, 426)",
        "(246, 369)"
    ],
    "(185, 362)": [
        "(445, 917)",
        "(34, 875)",
        "(753, 954)",
        "(903, 986)",
        "(494, 436)",
        "(670, 903)",
        "(246, 369)",
        "(75, 124)",
        "(374, 232)",
        "(465, 237)",
        "(101, 867)",
        "(738, 251)"
    ],
    "(708, 259)": [
        "(796, 528)",
        "(302, 221)",
        "(903, 986)",
        "(445, 917)",
        "(75, 124)",
        "(954, 763)"
    ],
    "(18, 114)": [
        "(899, 645)",
        "(329, 426)",
        "(930, 660)",
        "(657, 496)",
        "(158, 447)",
        "(445, 917)",
        "(537, 786)",
        "(903, 986)"
    ],
    "(158, 447)": [
        "(75, 124)",
        "(798, 274)",
        "(34, 875)",
        "(657, 496)",
        "(306, 810)",
        "(959, 441)",
        "(796, 528)",
        "(228, 899)",
        "(18, 114)",
        "(309, 173)",
        "(329, 426)",
        "(246, 369)",
        "(374, 232)"
    ],
    "(302, 221)": [
        "(670, 903)",
        "(75, 124)",
        "(765, 824)",
        "(798, 274)",
        "(753, 513)",
        "(537, 786)",
        "(708, 259)",
        "(759, 219)",
        "(930, 660)",
        "(760, 742)",
        "(796, 528)",
        "(329, 426)",
        "(494, 436)",
        "(147, 816)",
        "(831, 991)"
    ],
    "(739, 580)": [
        "(329, 426)",
        "(2, 412)",
        "(759, 219)",
        "(465, 237)",
        "(831, 991)",
        "(753, 954)",
        "(765, 824)",
        "(959, 441)"
    ],
    "(903, 986)": [
        "(309, 173)",
        "(246, 369)",
        "(140, 568)",
        "(185, 362)",
        "(796, 528)",
        "(708, 259)",
        "(18, 114)",
        "(760, 742)",
        "(831, 991)"
    ],
    "(760, 742)": [
        "(147, 816)",
        "(140, 568)",
        "(798, 274)",
        "(930, 660)",
        "(246, 369)",
        "(391, 981)",
        "(111, 223)",
        "(899, 645)",
        "(302, 221)",
        "(228, 899)",
        "(903, 986)",
        "(753, 513)"
    ],
    "(670, 903)": [
        "(302, 221)",
        "(374, 232)",
        "(205, 602)",
        "(465, 237)",
        "(753, 954)",
        "(798, 274)",
        "(309, 173)",
        "(185, 362)",
        "(899, 645)"
    ],
    "(111, 223)": [
        "(753, 954)",
        "(738, 251)",
        "(796, 528)",
        "(391, 981)",
        "(760, 742)",
        "(374, 232)",
        "(306, 810)",
        "(309, 173)",
        "(2, 412)",
        "(899, 645)"
    ],
    "(930, 660)": [
        "(147, 816)",
        "(246, 369)",
        "(465, 237)",
        "(18, 114)",
        "(760, 742)",
        "(34, 875)",
        "(657, 496)",
        "(831, 991)",
        "(302, 221)",
        "(759, 219)",
        "(798, 274)",
        "(753, 513)",
        "(765, 824)"
    ],
    "(147, 816)": [
        "(760, 742)",
        "(959, 441)",
        "(930, 660)",
        "(140, 568)",
        "(753, 513)",
        "(954, 763)",
        "(34, 875)",
        "(765, 824)",
        "(302, 221)",
        "(759, 219)",
        "(738, 251)"
    ],
    "(935, 766)": [
        "(796, 528)",
        "(537, 786)",
        "(306, 810)"
    ],
    "(140, 568)": [
        "(760, 742)",
        "(306, 810)",
        "(147, 816)",
        "(903, 986)",
        "(212, 780)",
        "(101, 867)",
        "(899, 645)",
        "(246, 369)",
        "(537, 786)",
        "(740, 795)"
    ],
    "(34, 875)": [
        "(185, 362)",
        "(158, 447)",
        "(2, 412)",
        "(831, 991)",
        "(930, 660)",
        "(657, 496)",
        "(309, 173)",
        "(147, 816)",
        "(753, 513)",
        "(75, 124)",
        "(101, 867)",
        "(753, 954)",
        "(329, 426)"
    ],
    "(391, 981)": [
        "(212, 780)",
        "(796, 528)",
        "(760, 742)",
        "(111, 223)",
        "(306, 810)",
        "(657, 496)",
        "(329, 426)",
        "(899, 645)",
        "(738, 251)",
        "(831, 991)",
        "(75, 124)"
    ],
    "(228, 899)": [
        "(494, 436)",
        "(158, 447)",
        "(760, 742)",
        "(740, 795)"
    ],
    "(306, 810)": [
        "(140, 568)",
        "(2, 412)",
        "(158, 447)",
        "(725, 446)",
        "(391, 981)",
        "(935, 766)",
        "(657, 496)",
        "(101, 867)",
        "(899, 645)",
        "(246, 369)",
        "(740, 795)",
        "(111, 223)"
    ]
}