{
    "(502, 310)": [
        "(166, 85)",
        "(784, 41)",
        "(549, 264)",
        "(807, 871)",
        "(217, 907)",
        "(682, 532)",
        "(572, 218)",
        "(545, 632)",
        "(526, 678)",
        "(484, 854)",
        "(883, 391)",
        "(262, 799)",
        "(1, 48)",
        "(601, 855)",
        "(292, 723)",
        "(632, 106)",
        "(208, 859)",
        "(65, 35)",
        "(202, 768)",
        "(462, 827)",
        "(659, 259)",
        "(67, 255)",
        "(731, 857)",
        "(118, 967)",
        "(198, 507)",
        "(128, 624)",
        "(570, 965)",
        "(823, 872)",
        "(491, 183)",
        "(770, 801)",
        "(227, 966)",
        "(761, 123)",
        "(775, 198)",
        "(338, 105)",
        "(329, 852)"
    ],
    "(1, 48)": [
        "(682, 532)",
        "(883, 391)",
        "(9, 388)",
        "(678, 220)",
        "(809, 234)",
        "(338, 105)",
        "(502, 310)",
        "(549, 264)",
        "(526, 678)",
        "(784, 41)",
        "(746, 604)",
        "(64, 64)",
        "(978, 795)",
        "(150, 306)",
        "(248, 721)",
        "(761, 123)",
        "(184, 883)",
        "(934, 161)",
        "(336, 131)",
        "(329, 852)",
        "(659, 259)",
        "(797, 942)",
        "(491, 183)",
        "(731, 857)",
        "(262, 799)",
        "(484, 854)",
        "(227, 966)",
        "(65, 35)",
        "(572, 218)",
        "(807, 871)",
        "(208, 859)"
    ],
    "(417, 315)": [
        "(660, 823)",
        "(227, 966)",
        "(555, 542)",
        "(118, 967)",
        "(733, 807)",
        "(202, 768)",
        "(807, 871)",
        "(153, 629)",
        "(64, 64)",
        "(632, 106)",
        "(217, 907)",
        "(731, 857)",
        "(775, 198)",
        "(678, 220)",
        "(526, 678)",
        "(166, 85)",
        "(292, 723)",
        "(549, 264)",
        "(682, 532)",
        "(484, 854)",
        "(184, 883)",
        "(30, 594)",
        "(784, 41)",
        "(338, 105)",
        "(9, 388)"
    ],
    "(678, 220)": [
        "(227, 966)",
        "(9, 388)",
        "(809, 234)",
        "(999, 698)",
        "(823, 872)",
        "(978, 795)",
        "(65, 35)",
        "(660, 823)",
        "(64, 64)",
        "(784, 41)",
        "(1, 48)",
        "(601, 855)",
        "(549, 264)",
        "(807, 871)",
        "(797, 942)",
        "(417, 315)",
        "(484, 854)",
        "(153, 629)",
        "(338, 105)",
        "(128, 624)",
        "(659, 259)",
        "(731, 857)",
        "(733, 807)",
        "(248, 721)",
        "(30, 594)",
        "(217, 907)",
        "(545, 632)",
        "(682, 532)",
        "(572, 218)",
        "(329, 852)",
        "(292, 723)",
        "(67, 255)",
        "(118, 967)"
    ],
    "(659, 259)": [
        "(572, 218)",
        "(484, 854)",
        "(999, 698)",
        "(65, 35)",
        "(978, 795)",
        "(761, 123)",
        "(118, 967)",
        "(746, 604)",
        "(526, 678)",
        "(166, 85)",
        "(797, 942)",
        "(30, 594)",
        "(67, 255)",
        "(338, 105)",
        "(202, 768)",
        "(678, 220)",
        "(549, 264)",
        "(682, 532)",
        "(502, 310)",
        "(153, 629)",
        "(775, 198)",
        "(982, 465)",
        "(807, 871)",
        "(1, 48)",
        "(809, 234)",
        "(731, 857)",
        "(462, 827)",
        "(883, 391)",
        "(227, 966)",
        "(292, 723)",
        "(198, 507)",
        "(150, 306)",
        "(217, 907)"
    ],
    "(660, 823)": [
        "(417, 315)",
        "(678, 220)",
        "(570, 965)",
        "(775, 198)",
        "(823, 872)",
        "(883, 391)",
        "(26, 424)",
        "(1, 188)",
        "(784, 41)",
        "(545, 632)",
        "(797, 942)",
        "(184, 883)",
        "(636, 757)",
        "(248, 721)",
        "(128, 624)",
        "(262, 799)",
        "(761, 123)",
        "(682, 532)",
        "(484, 854)",
        "(150, 306)",
        "(549, 264)",
        "(632, 106)",
        "(118, 967)",
        "(336, 131)",
        "(202, 768)",
        "(9, 388)"
    ],
    "(570, 965)": [
        "(746, 604)",
        "(978, 795)",
        "(67, 255)",
        "(338, 105)",
        "(682, 532)",
        "(660, 823)",
        "(491, 183)",
        "(809, 234)",
        "(775, 198)",
        "(549, 264)",
        "(484, 854)",
        "(202, 768)",
        "(797, 942)",
        "(526, 678)",
        "(572, 218)",
        "(198, 507)",
        "(336, 131)",
        "(329, 852)",
        "(883, 391)",
        "(248, 721)",
        "(761, 123)",
        "(128, 624)",
        "(150, 306)",
        "(217, 907)",
        "(502, 310)",
        "(64, 64)",
        "(733, 807)",
        "(153, 629)",
        "(555, 542)",
        "(118, 967)",
        "(65, 35)"
    ],
    "(807, 871)": [
        "(484, 854)",
        "(65, 35)",
        "(64, 64)",
        "(632, 106)",
        "(198, 507)",
        "(248, 721)",
        "(761, 123)",
        "(770, 801)",
        "(262, 799)",
        "(823, 872)",
        "(502, 310)",
        "(217, 907)",
        "(227, 966)",
        "(417, 315)",
        "(601, 855)",
        "(775, 198)",
        "(678, 220)",
        "(292, 723)",
        "(338, 105)",
        "(153, 629)",
        "(549, 264)",
        "(26, 424)",
        "(682, 532)",
        "(462, 827)",
        "(659, 259)",
        "(184, 883)",
        "(9, 388)",
        "(746, 604)",
        "(545, 632)",
        "(30, 594)",
        "(982, 465)",
        "(526, 678)",
        "(1, 48)"
    ],
    "(770, 801)": [
        "(198, 507)",
        "(784, 41)",
        "(775, 198)",
        "(807, 871)",
        "(9, 388)",
        "(601, 855)",
        "(150, 306)",
        "(67, 255)",
        "(65, 35)",
        "(462, 827)",
        "(761, 123)",
        "(733, 807)",
        "(336, 131)",
        "(338, 105)",
        "(202, 768)",
        "(572, 218)",
        "(555, 542)",
        "(883, 391)",
        "(731, 857)",
        "(502, 310)",
        "(999, 698)",
        "(248, 721)",
        "(217, 907)"
    ],
    "(784, 41)": [
        "(502, 310)",
        "(770, 801)",
        "(682, 532)",
        "(733, 807)",
        "(809, 234)",
        "(462, 827)",
        "(65, 35)",
        "(678, 220)",
        "(775, 198)",
        "(292, 723)",
        "(660, 823)",
        "(823, 872)",
        "(202, 768)",
        "(166, 85)",
        "(1, 48)",
        "(797, 942)",
        "(982, 465)",
        "(999, 698)",
        "(978, 795)",
        "(329, 852)",
        "(545, 632)",
        "(484, 854)",
        "(632, 106)",
        "(417, 315)",
        "(64, 64)",
        "(30, 594)"
    ],
    "(202, 768)": [
        "(761, 123)",
        "(982, 465)",
        "(336, 131)",
        "(166, 85)",
        "(417, 315)",
        "(883, 391)",
        "(570, 965)",
        "(784, 41)",
        "(775, 198)",
        "(746, 604)",
        "(491, 183)",
        "(208, 859)",
        "(227, 966)",
        "(632, 106)",
        "(26, 424)",
        "(659, 259)",
        "(184, 883)",
        "(502, 310)",
        "(978, 795)",
        "(484, 854)",
        "(770, 801)",
        "(733, 807)",
        "(526, 678)",
        "(153, 629)",
        "(601, 855)",
        "(262, 799)",
        "(217, 907)",
        "(999, 698)",
        "(934, 161)",
        "(809, 234)",
        "(797, 942)",
        "(660, 823)"
    ],
    "(9, 388)": [
        "(678, 220)",
        "(30, 594)",
        "(761, 123)",
        "(1, 48)",
        "(292, 723)",
        "(150, 306)",
        "(555, 542)",
        "(731, 857)",
        "(770, 801)",
        "(632, 106)",
        "(549, 264)",
        "(65, 35)",
        "(809, 234)",
        "(227, 966)",
        "(545, 632)",
        "(338, 105)",
        "(166, 85)",
        "(601, 855)",
        "(26, 424)",
        "(184, 883)",
        "(682, 532)",
        "(67, 255)",
        "(999, 698)",
        "(153, 629)",
        "(491, 183)",
        "(208, 859)",
        "(636, 757)",
        "(807, 871)",
        "(526, 678)",
        "(982, 465)",
        "(118, 967)",
        "(329, 852)",
        "(572, 218)",
        "(746, 604)",
        "(660, 823)",
        "(417, 315)"
    ],
    "(978, 795)": [
        "(570, 965)",
        "(761, 123)",
        "(338, 105)",
        "(153, 629)",
        "(678, 220)",
        "(484, 854)",
        "(659, 259)",
        "(184, 883)",
        "(797, 942)",
        "(526, 678)",
        "(823, 872)",
        "(1, 48)",
        "(934, 161)",
        "(636, 757)",
        "(292, 723)",
        "(202, 768)",
        "(784, 41)",
        "(682, 532)",
        "(166, 85)",
        "(731, 857)",
        "(150, 306)",
        "(809, 234)",
        "(632, 106)",
        "(118, 967)",
        "(1, 188)",
        "(746, 604)",
        "(64, 64)",
        "(248, 721)",
        "(227, 966)"
    ],
    "(746, 604)": [
        "(484, 854)",
        "(570, 965)",
        "(555, 542)",
        "(934, 161)",
        "(26, 424)",
        "(731, 857)",
        "(227, 966)",
        "(202, 768)",
        "(659, 259)",
        "(338, 105)",
        "(208, 859)",
        "(1, 48)",
        "(775, 198)",
        "(67, 255)",
        "(572, 218)",
        "(982, 465)",
        "(150, 306)",
        "(248, 721)",
        "(807, 871)",
        "(217, 907)",
        "(9, 388)",
        "(809, 234)",
        "(978, 795)",
        "(153, 629)",
        "(292, 723)"
    ],
    "(491, 183)": [
        "(217, 907)",
        "(570, 965)",
        "(1, 188)",
        "(128, 624)",
        "(184, 883)",
        "(202, 768)",
        "(262, 799)",
        "(601, 855)",
        "(248, 721)",
        "(153, 629)",
        "(545, 632)",
        "(9, 388)",
        "(883, 391)",
        "(329, 852)",
        "(26, 424)",
        "(336, 131)",
        "(64, 64)",
        "(775, 198)",
        "(1, 48)",
        "(555, 542)",
        "(999, 698)",
        "(462, 827)",
        "(502, 310)",
        "(733, 807)",
        "(934, 161)",
        "(67, 255)",
        "(30, 594)",
        "(731, 857)"
    ],
    "(64, 64)": [
        "(775, 198)",
        "(555, 542)",
        "(999, 698)",
        "(150, 306)",
        "(807, 871)",
        "(682, 532)",
        "(292, 723)",
        "(462, 827)",
        "(678, 220)",
        "(1, 188)",
        "(934, 161)",
        "(217, 907)",
        "(417, 315)",
        "(338, 105)",
        "(1, 48)",
        "(166, 85)",
        "(484, 854)",
        "(731, 857)",
        "(761, 123)",
        "(601, 855)",
        "(526, 678)",
        "(545, 632)",
        "(227, 966)",
        "(248, 721)",
        "(67, 255)",
        "(733, 807)",
        "(491, 183)",
        "(570, 965)",
        "(982, 465)",
        "(784, 41)",
        "(208, 859)",
        "(978, 795)",
        "(883, 391)",
        "(572, 218)",
        "(153, 629)"
    ],
    "(682, 532)": [
        "(823, 872)",
        "(1, 48)",
        "(784, 41)",
        "(64, 64)",
        "(184, 883)",
        "(570, 965)",
        "(502, 310)",
        "(545, 632)",
        "(999, 698)",
        "(775, 198)",
        "(227, 966)",
        "(166, 85)",
        "(462, 827)",
        "(329, 852)",
        "(9, 388)",
        "(118, 967)",
        "(731, 857)",
        "(797, 942)",
        "(660, 823)",
        "(65, 35)",
        "(807, 871)",
        "(978, 795)",
        "(659, 259)",
        "(128, 624)",
        "(417, 315)",
        "(636, 757)",
        "(336, 131)",
        "(678, 220)",
        "(26, 424)",
        "(484, 854)",
        "(526, 678)",
        "(761, 123)",
        "(338, 105)",
        "(150, 306)",
        "(549, 264)"
    ],
    "(883, 391)": [
        "(934, 161)",
        "(1, 48)",
        "(65, 35)",
        "(660, 823)",
        "(153, 629)",
        "(128, 624)",
        "(208, 859)",
        "(999, 698)",
        "(636, 757)",
        "(797, 942)",
        "(502, 310)",
        "(202, 768)",
        "(733, 807)",
        "(292, 723)",
        "(248, 721)",
        "(570, 965)",
        "(336, 131)",
        "(555, 542)",
        "(491, 183)",
        "(601, 855)",
        "(526, 678)",
        "(731, 857)",
        "(770, 801)",
        "(659, 259)",
        "(64, 64)",
        "(329, 852)",
        "(1, 188)",
        "(227, 966)"
    ],
    "(462, 827)": [
        "(65, 35)",
        "(632, 106)",
        "(184, 883)",
        "(784, 41)",
        "(64, 64)",
        "(227, 966)",
        "(262, 799)",
        "(166, 85)",
        "(682, 532)",
        "(775, 198)",
        "(770, 801)",
        "(572, 218)",
        "(338, 105)",
        "(934, 161)",
        "(502, 310)",
        "(67, 255)",
        "(733, 807)",
        "(807, 871)",
        "(555, 542)",
        "(248, 721)",
        "(809, 234)",
        "(659, 259)",
        "(491, 183)"
    ],
    "(292, 723)": [
        "(526, 678)",
        "(982, 465)",
        "(150, 306)",
        "(9, 388)",
        "(64, 64)",
        "(797, 942)",
        "(248, 721)",
        "(784, 41)",
        "(184, 883)",
        "(823, 872)",
        "(262, 799)",
        "(761, 123)",
        "(883, 391)",
        "(336, 131)",
        "(632, 106)",
        "(502, 310)",
        "(545, 632)",
        "(733, 807)",
        "(153, 629)",
        "(775, 198)",
        "(807, 871)",
        "(978, 795)",
        "(198, 507)",
        "(417, 315)",
        "(217, 907)",
        "(934, 161)",
        "(30, 594)",
        "(678, 220)",
        "(128, 624)",
        "(659, 259)",
        "(746, 604)"
    ],
    "(262, 799)": [
        "(761, 123)",
        "(67, 255)",
        "(733, 807)",
        "(26, 424)",
        "(807, 871)",
        "(153, 629)",
        "(982, 465)",
        "(809, 234)",
        "(823, 872)",
        "(198, 507)",
        "(462, 827)",
        "(502, 310)",
        "(292, 723)",
        "(217, 907)",
        "(491, 183)",
        "(660, 823)",
        "(338, 105)",
        "(248, 721)",
        "(30, 594)",
        "(572, 218)",
        "(545, 632)",
        "(202, 768)",
        "(128, 624)",
        "(184, 883)",
        "(1, 48)",
        "(999, 698)"
    ],
    "(26, 424)": [
        "(733, 807)",
        "(338, 105)",
        "(208, 859)",
        "(262, 799)",
        "(999, 698)",
        "(746, 604)",
        "(660, 823)",
        "(632, 106)",
        "(227, 966)",
        "(65, 35)",
        "(329, 852)",
        "(217, 907)",
        "(9, 388)",
        "(202, 768)",
        "(150, 306)",
        "(198, 507)",
        "(807, 871)",
        "(491, 183)",
        "(682, 532)",
        "(731, 857)"
    ],
    "(555, 542)": [
        "(118, 967)",
        "(64, 64)",
        "(823, 872)",
        "(982, 465)",
        "(417, 315)",
        "(9, 388)",
        "(153, 629)",
        "(208, 859)",
        "(746, 604)",
        "(632, 106)",
        "(166, 85)",
        "(883, 391)",
        "(30, 594)",
        "(775, 198)",
        "(227, 966)",
        "(336, 131)",
        "(462, 827)",
        "(770, 801)",
        "(545, 632)",
        "(484, 854)",
        "(636, 757)",
        "(491, 183)",
        "(248, 721)",
        "(999, 698)",
        "(733, 807)",
        "(329, 852)",
        "(570, 965)"
    ],
    "(166, 85)": [
        "(502, 310)",
        "(761, 123)",
        "(526, 678)",
        "(198, 507)",
        "(775, 198)",
        "(202, 768)",
        "(30, 594)",
        "(462, 827)",
        "(601, 855)",
        "(784, 41)",
        "(682, 532)",
        "(184, 883)",
        "(9, 388)",
        "(659, 259)",
        "(731, 857)",
        "(64, 64)",
        "(417, 315)",
        "(555, 542)",
        "(329, 852)",
        "(978, 795)",
        "(999, 698)",
        "(934, 161)",
        "(248, 721)",
        "(128, 624)",
        "(227, 966)",
        "(632, 106)"
    ],
    "(601, 855)": [
        "(632, 106)",
        "(775, 198)",
        "(770, 801)",
        "(678, 220)",
        "(526, 678)",
        "(166, 85)",
        "(807, 871)",
        "(502, 310)",
        "(733, 807)",
        "(9, 388)",
        "(248, 721)",
        "(491, 183)",
        "(1, 188)",
        "(484, 854)",
        "(128, 624)",
        "(731, 857)",
        "(64, 64)",
        "(883, 391)",
        "(797, 942)",
        "(202, 768)",
        "(572, 218)",
        "(65, 35)",
        "(982, 465)",
        "(809, 234)",
        "(198, 507)"
    ],
    "(484, 854)": [
        "(807, 871)",
        "(746, 604)",
        "(823, 872)",
        "(659, 259)",
        "(632, 106)",
        "(978, 795)",
        "(217, 907)",
        "(502, 310)",
        "(809, 234)",
        "(570, 965)",
        "(545, 632)",
        "(636, 757)",
        "(775, 198)",
        "(797, 942)",
        "(678, 220)",
        "(67, 255)",
        "(601, 855)",
        "(64, 64)",
        "(202, 768)",
        "(208, 859)",
        "(65, 35)",
        "(982, 465)",
        "(660, 823)",
        "(417, 315)",
        "(555, 542)",
        "(784, 41)",
        "(30, 594)",
        "(184, 883)",
        "(118, 967)",
        "(682, 532)",
        "(1, 48)",
        "(934, 161)",
        "(329, 852)"
    ],
    "(208, 859)": [
        "(26, 424)",
        "(982, 465)",
        "(731, 857)",
        "(555, 542)",
        "(883, 391)",
        "(184, 883)",
        "(549, 264)",
        "(30, 594)",
        "(202, 768)",
        "(746, 604)",
        "(823, 872)",
        "(502, 310)",
        "(526, 678)",
        "(733, 807)",
        "(65, 35)",
        "(118, 967)",
        "(248, 721)",
        "(484, 854)",
        "(9, 388)",
        "(572, 218)",
        "(338, 105)",
        "(336, 131)",
        "(775, 198)",
        "(64, 64)",
        "(797, 942)",
        "(1, 48)",
        "(632, 106)",
        "(128, 624)"
    ],
    "(549, 264)": [
        "(329, 852)",
        "(761, 123)",
        "(502, 310)",
        "(934, 161)",
        "(982, 465)",
        "(184, 883)",
        "(150, 306)",
        "(9, 388)",
        "(570, 965)",
        "(338, 105)",
        "(208, 859)",
        "(67, 255)",
        "(217, 907)",
        "(1, 48)",
        "(198, 507)",
        "(678, 220)",
        "(336, 131)",
        "(227, 966)",
        "(823, 872)",
        "(807, 871)",
        "(659, 259)",
        "(248, 721)",
        "(417, 315)",
        "(526, 678)",
        "(1, 188)",
        "(775, 198)",
        "(660, 823)",
        "(118, 967)",
        "(682, 532)"
    ],
    "(823, 872)": [
        "(682, 532)",
        "(484, 854)",
        "(555, 542)",
        "(678, 220)",
        "(660, 823)",
        "(807, 871)",
        "(338, 105)",
        "(262, 799)",
        "(784, 41)",
        "(292, 723)",
        "(208, 859)",
        "(1, 188)",
        "(978, 795)",
        "(809, 234)",
        "(982, 465)",
        "(65, 35)",
        "(549, 264)",
        "(636, 757)",
        "(761, 123)",
        "(329, 852)",
        "(198, 507)",
        "(502, 310)",
        "(731, 857)",
        "(797, 942)",
        "(632, 106)",
        "(336, 131)",
        "(128, 624)",
        "(934, 161)"
    ],
    "(184, 883)": [
        "(545, 632)",
        "(198, 507)",
        "(682, 532)",
        "(462, 827)",
        "(549, 264)",
        "(208, 859)",
        "(978, 795)",
        "(336, 131)",
        "(292, 723)",
        "(491, 183)",
        "(166, 85)",
        "(660, 823)",
        "(761, 123)",
        "(9, 388)",
        "(934, 161)",
        "(636, 757)",
        "(202, 768)",
        "(1, 48)",
        "(807, 871)",
        "(65, 35)",
        "(227, 966)",
        "(417, 315)",
        "(484, 854)",
        "(733, 807)",
        "(999, 698)",
        "(797, 942)",
        "(262, 799)",
        "(67, 255)",
        "(1, 188)",
        "(217, 907)",
        "(775, 198)",
        "(118, 967)"
    ],
    "(217, 907)": [
        "(491, 183)",
        "(502, 310)",
        "(807, 871)",
        "(484, 854)",
        "(549, 264)",
        "(809, 234)",
        "(64, 64)",
        "(262, 799)",
        "(1, 188)",
        "(417, 315)",
        "(545, 632)",
        "(65, 35)",
        "(526, 678)",
        "(26, 424)",
        "(934, 161)",
        "(731, 857)",
        "(761, 123)",
        "(733, 807)",
        "(292, 723)",
        "(678, 220)",
        "(336, 131)",
        "(570, 965)",
        "(248, 721)",
        "(202, 768)",
        "(153, 629)",
        "(746, 604)",
        "(982, 465)",
        "(30, 594)",
        "(184, 883)",
        "(636, 757)",
        "(659, 259)",
        "(770, 801)"
    ],
    "(797, 942)": [
        "(67, 255)",
        "(636, 757)",
        "(292, 723)",
        "(883, 391)",
        "(572, 218)",
        "(761, 123)",
        "(660, 823)",
        "(570, 965)",
        "(978, 795)",
        "(784, 41)",
        "(484, 854)",
        "(678, 220)",
        "(659, 259)",
        "(1, 188)",
        "(128, 624)",
        "(248, 721)",
        "(682, 532)",
        "(30, 594)",
        "(227, 966)",
        "(150, 306)",
        "(601, 855)",
        "(632, 106)",
        "(338, 105)",
        "(336, 131)",
        "(153, 629)",
        "(1, 48)",
        "(733, 807)",
        "(775, 198)",
        "(184, 883)",
        "(823, 872)",
        "(526, 678)",
        "(982, 465)",
        "(202, 768)",
        "(208, 859)",
        "(118, 967)"
    ],
    "(30, 594)": [
        "(9, 388)",
        "(733, 807)",
        "(166, 85)",
        "(208, 859)",
        "(227, 966)",
        "(636, 757)",
        "(248, 721)",
        "(150, 306)",
        "(659, 259)",
        "(797, 942)",
        "(555, 542)",
        "(678, 220)",
        "(262, 799)",
        "(153, 629)",
        "(292, 723)",
        "(809, 234)",
        "(775, 198)",
        "(484, 854)",
        "(417, 315)",
        "(807, 871)",
        "(1, 188)",
        "(217, 907)",
        "(198, 507)",
        "(128, 624)",
        "(784, 41)",
        "(491, 183)"
    ],
    "(761, 123)": [
        "(166, 85)",
        "(338, 105)",
        "(978, 795)",
        "(549, 264)",
        "(9, 388)",
        "(202, 768)",
        "(262, 799)",
        "(807, 871)",
        "(150, 306)",
        "(797, 942)",
        "(659, 259)",
        "(292, 723)",
        "(65, 35)",
        "(982, 465)",
        "(128, 624)",
        "(184, 883)",
        "(770, 801)",
        "(248, 721)",
        "(660, 823)",
        "(329, 852)",
        "(1, 48)",
        "(227, 966)",
        "(217, 907)",
        "(823, 872)",
        "(64, 64)",
        "(570, 965)",
        "(153, 629)",
        "(733, 807)",
        "(526, 678)",
        "(999, 698)",
        "(502, 310)",
        "(682, 532)",
        "(636, 757)"
    ],
    "(733, 807)": [
        "(26, 424)",
        "(784, 41)",
        "(30, 594)",
        "(262, 799)",
        "(227, 966)",
        "(526, 678)",
        "(417, 315)",
        "(883, 391)",
        "(150, 306)",
        "(601, 855)",
        "(198, 507)",
        "(292, 723)",
        "(128, 624)",
        "(572, 218)",
        "(118, 967)",
        "(770, 801)",
        "(329, 852)",
        "(208, 859)",
        "(809, 234)",
        "(678, 220)",
        "(761, 123)",
        "(217, 907)",
        "(462, 827)",
        "(202, 768)",
        "(64, 64)",
        "(797, 942)",
        "(570, 965)",
        "(775, 198)",
        "(184, 883)",
        "(153, 629)",
        "(555, 542)",
        "(491, 183)",
        "(67, 255)",
        "(338, 105)"
    ],
    "(545, 632)": [
        "(184, 883)",
        "(198, 507)",
        "(248, 721)",
        "(682, 532)",
        "(636, 757)",
        "(502, 310)",
        "(128, 624)",
        "(660, 823)",
        "(484, 854)",
        "(775, 198)",
        "(9, 388)",
        "(982, 465)",
        "(217, 907)",
        "(292, 723)",
        "(336, 131)",
        "(491, 183)",
        "(731, 857)",
        "(64, 64)",
        "(150, 306)",
        "(999, 698)",
        "(262, 799)",
        "(678, 220)",
        "(555, 542)",
        "(784, 41)",
        "(227, 966)",
        "(807, 871)",
        "(65, 35)"
    ],
    "(338, 105)": [
        "(982, 465)",
        "(761, 123)",
        "(26, 424)",
        "(978, 795)",
        "(570, 965)",
        "(823, 872)",
        "(67, 255)",
        "(329, 852)",
        "(549, 264)",
        "(1, 48)",
        "(636, 757)",
        "(64, 64)",
        "(9, 388)",
        "(746, 604)",
        "(1, 188)",
        "(659, 259)",
        "(775, 198)",
        "(462, 827)",
        "(770, 801)",
        "(678, 220)",
        "(807, 871)",
        "(262, 799)",
        "(934, 161)",
        "(248, 721)",
        "(797, 942)",
        "(208, 859)",
        "(417, 315)",
        "(733, 807)",
        "(502, 310)",
        "(526, 678)",
        "(682, 532)"
    ],
    "(65, 35)": [
        "(462, 827)",
        "(807, 871)",
        "(883, 391)",
        "(678, 220)",
        "(784, 41)",
        "(659, 259)",
        "(9, 388)",
        "(329, 852)",
        "(26, 424)",
        "(775, 198)",
        "(761, 123)",
        "(153, 629)",
        "(198, 507)",
        "(217, 907)",
        "(770, 801)",
        "(632, 106)",
        "(1, 188)",
        "(823, 872)",
        "(208, 859)",
        "(502, 310)",
        "(682, 532)",
        "(118, 967)",
        "(484, 854)",
        "(184, 883)",
        "(601, 855)",
        "(545, 632)",
        "(1, 48)",
        "(731, 857)",
        "(999, 698)",
        "(570, 965)"
    ],
    "(982, 465)": [
        "(338, 105)",
        "(336, 131)",
        "(208, 859)",
        "(292, 723)",
        "(555, 542)",
        "(202, 768)",
        "(1, 188)",
        "(999, 698)",
        "(549, 264)",
        "(262, 799)",
        "(934, 161)",
        "(153, 629)",
        "(150, 306)",
        "(545, 632)",
        "(761, 123)",
        "(784, 41)",
        "(823, 872)",
        "(227, 966)",
        "(746, 604)",
        "(484, 854)",
        "(659, 259)",
        "(248, 721)",
        "(9, 388)",
        "(64, 64)",
        "(601, 855)",
        "(526, 678)",
        "(217, 907)",
        "(807, 871)",
        "(329, 852)",
        "(797, 942)",
        "(731, 857)"
    ],
    "(572, 218)": [
        "(659, 259)",
        "(118, 967)",
        "(1, 188)",
        "(248, 721)",
        "(67, 255)",
        "(731, 857)",
        "(502, 310)",
        "(797, 942)",
        "(570, 965)",
        "(733, 807)",
        "(746, 604)",
        "(462, 827)",
        "(999, 698)",
        "(128, 624)",
        "(770, 801)",
        "(262, 799)",
        "(150, 306)",
        "(198, 507)",
        "(208, 859)",
        "(601, 855)",
        "(678, 220)",
        "(9, 388)",
        "(64, 64)",
        "(1, 48)"
    ],
    "(227, 966)": [
        "(678, 220)",
        "(118, 967)",
        "(417, 315)",
        "(632, 106)",
        "(733, 807)",
        "(462, 827)",
        "(807, 871)",
        "(682, 532)",
        "(9, 388)",
        "(746, 604)",
        "(775, 198)",
        "(30, 594)",
        "(26, 424)",
        "(329, 852)",
        "(549, 264)",
        "(731, 857)",
        "(202, 768)",
        "(761, 123)",
        "(64, 64)",
        "(555, 542)",
        "(982, 465)",
        "(797, 942)",
        "(999, 698)",
        "(184, 883)",
        "(545, 632)",
        "(659, 259)",
        "(198, 507)",
        "(502, 310)",
        "(1, 48)",
        "(978, 795)",
        "(166, 85)",
        "(248, 721)",
        "(883, 391)"
    ],
    "(632, 106)": [
        "(462, 827)",
        "(601, 855)",
        "(807, 871)",
        "(227, 966)",
        "(9, 388)",
        "(484, 854)",
        "(153, 629)",
        "(336, 131)",
        "(26, 424)",
        "(417, 315)",
        "(292, 723)",
        "(502, 310)",
        "(65, 35)",
        "(555, 542)",
        "(202, 768)",
        "(128, 624)",
        "(809, 234)",
        "(636, 757)",
        "(797, 942)",
        "(526, 678)",
        "(198, 507)",
        "(978, 795)",
        "(660, 823)",
        "(1, 188)",
        "(784, 41)",
        "(999, 698)",
        "(823, 872)",
        "(208, 859)",
        "(166, 85)"
    ],
    "(934, 161)": [
        "(883, 391)",
        "(549, 264)",
        "(746, 604)",
        "(982, 465)",
        "(64, 64)",
        "(118, 967)",
        "(329, 852)",
        "(217, 907)",
        "(978, 795)",
        "(462, 827)",
        "(184, 883)",
        "(338, 105)",
        "(150, 306)",
        "(1, 48)",
        "(292, 723)",
        "(166, 85)",
        "(202, 768)",
        "(484, 854)",
        "(999, 698)",
        "(491, 183)",
        "(823, 872)"
    ],
    "(731, 857)": [
        "(208, 859)",
        "(775, 198)",
        "(9, 388)",
        "(572, 218)",
        "(746, 604)",
        "(329, 852)",
        "(417, 315)",
        "(227, 966)",
        "(166, 85)",
        "(601, 855)",
        "(128, 624)",
        "(64, 64)",
        "(682, 532)",
        "(153, 629)",
        "(217, 907)",
        "(545, 632)",
        "(678, 220)",
        "(978, 795)",
        "(502, 310)",
        "(883, 391)",
        "(809, 234)",
        "(659, 259)",
        "(770, 801)",
        "(248, 721)",
        "(1, 48)",
        "(26, 424)",
        "(823, 872)",
        "(636, 757)",
        "(65, 35)",
        "(982, 465)",
        "(491, 183)"
    ],
    "(809, 234)": [
        "(678, 220)",
        "(784, 41)",
        "(570, 965)",
        "(128, 624)",
        "(262, 799)",
        "(484, 854)",
        "(775, 198)",
        "(1, 48)",
        "(636, 757)",
        "(217, 907)",
        "(9, 388)",
        "(336, 131)",
        "(823, 872)",
        "(999, 698)",
        "(632, 106)",
        "(733, 807)",
        "(978, 795)",
        "(30, 594)",
        "(731, 857)",
        "(659, 259)",
        "(462, 827)",
        "(202, 768)",
        "(746, 604)",
        "(601, 855)"
    ],
    "(1, 188)": [
        "(572, 218)",
        "(982, 465)",
        "(491, 183)",
        "(660, 823)",
        "(64, 64)",
        "(217, 907)",
        "(601, 855)",
        "(797, 942)",
        "(338, 105)",
        "(329, 852)",
        "(823, 872)",
        "(65, 35)",
        "(67, 255)",
        "(999, 698)",
        "(775, 198)",
        "(549, 264)",
        "(632, 106)",
        "(978, 795)",
        "(30, 594)",
        "(184, 883)",
        "(883, 391)"
    ],
    "(128, 624)": [
        "(150, 306)",
        "(883, 391)",
        "(809, 234)",
        "(198, 507)",
        "(545, 632)",
        "(491, 183)",
        "(761, 123)",
        "(660, 823)",
        "(733, 807)",
        "(601, 855)",
        "(797, 942)",
        "(632, 106)",
        "(999, 698)",
        "(731, 857)",
        "(678, 220)",
        "(570, 965)",
        "(636, 757)",
        "(682, 532)",
        "(572, 218)",
        "(502, 310)",
        "(262, 799)",
        "(30, 594)",
        "(166, 85)",
        "(292, 723)",
        "(67, 255)",
        "(823, 872)",
        "(208, 859)"
    ],
    "(636, 757)": [
        "(797, 942)",
        "(883, 391)",
        "(545, 632)",
        "(526, 678)",
        "(809, 234)",
        "(484, 854)",
        "(338, 105)",
        "(30, 594)",
        "(660, 823)",
        "(329, 852)",
        "(978, 795)",
        "(248, 721)",
        "(184, 883)",
        "(150, 306)",
        "(823, 872)",
        "(67, 255)",
        "(128, 624)",
        "(632, 106)",
        "(9, 388)",
        "(682, 532)",
        "(336, 131)",
        "(555, 542)",
        "(731, 857)",
        "(761, 123)",
        "(217, 907)",
        "(198, 507)"
    ],
    "(999, 698)": [
        "(64, 64)",
        "(678, 220)",
        "(659, 259)",
        "(26, 424)",
        "(982, 465)",
        "(883, 391)",
        "(682, 532)",
        "(336, 131)",
        "(809, 234)",
        "(128, 624)",
        "(784, 41)",
        "(9, 388)",
        "(545, 632)",
        "(572, 218)",
        "(775, 198)",
        "(1, 188)",
        "(150, 306)",
        "(166, 85)",
        "(227, 966)",
        "(761, 123)",
        "(491, 183)",
        "(248, 721)",
        "(555, 542)",
        "(329, 852)",
        "(632, 106)",
        "(184, 883)",
        "(526, 678)",
        "(202, 768)",
        "(934, 161)",
        "(770, 801)",
        "(262, 799)",
        "(65, 35)"
    ],
    "(150, 306)": [
        "(526, 678)",
        "(64, 64)",
        "(128, 624)",
        "(292, 723)",
        "(9, 388)",
        "(761, 123)",
        "(549, 264)",
        "(982, 465)",
        "(733, 807)",
        "(770, 801)",
        "(30, 594)",
        "(1, 48)",
        "(26, 424)",
        "(636, 757)",
        "(934, 161)",
        "(775, 198)",
        "(545, 632)",
        "(978, 795)",
        "(797, 942)",
        "(572, 218)",
        "(999, 698)",
        "(570, 965)",
        "(746, 604)",
        "(660, 823)",
        "(682, 532)",
        "(659, 259)"
    ],
    "(775, 198)": [
        "(64, 64)",
        "(731, 857)",
        "(770, 801)",
        "(660, 823)",
        "(67, 255)",
        "(118, 967)",
        "(166, 85)",
        "(601, 855)",
        "(570, 965)",
        "(784, 41)",
        "(682, 532)",
        "(809, 234)",
        "(545, 632)",
        "(202, 768)",
        "(227, 966)",
        "(484, 854)",
        "(65, 35)",
        "(807, 871)",
        "(417, 315)",
        "(462, 827)",
        "(746, 604)",
        "(292, 723)",
        "(338, 105)",
        "(329, 852)",
        "(555, 542)",
        "(150, 306)",
        "(999, 698)",
        "(659, 259)",
        "(491, 183)",
        "(30, 594)",
        "(1, 188)",
        "(733, 807)",
        "(208, 859)",
        "(549, 264)",
        "(797, 942)",
        "(526, 678)",
        "(502, 310)",
        "(184, 883)"
    ],
    "(198, 507)": [
        "(770, 801)",
        "(545, 632)",
        "(184, 883)",
        "(807, 871)",
        "(166, 85)",
        "(118, 967)",
        "(128, 624)",
        "(262, 799)",
        "(549, 264)",
        "(733, 807)",
        "(65, 35)",
        "(570, 965)",
        "(26, 424)",
        "(292, 723)",
        "(572, 218)",
        "(632, 106)",
        "(823, 872)",
        "(248, 721)",
        "(502, 310)",
        "(67, 255)",
        "(227, 966)",
        "(153, 629)",
        "(30, 594)",
        "(601, 855)",
        "(636, 757)",
        "(659, 259)"
    ],
    "(118, 967)": [
        "(555, 542)",
        "(572, 218)",
        "(227, 966)",
        "(417, 315)",
        "(198, 507)",
        "(775, 198)",
        "(336, 131)",
        "(659, 259)",
        "(934, 161)",
        "(733, 807)",
        "(682, 532)",
        "(208, 859)",
        "(526, 678)",
        "(65, 35)",
        "(502, 310)",
        "(67, 255)",
        "(9, 388)",
        "(978, 795)",
        "(484, 854)",
        "(549, 264)",
        "(660, 823)",
        "(678, 220)",
        "(570, 965)",
        "(184, 883)",
        "(797, 942)"
    ],
    "(526, 678)": [
        "(150, 306)",
        "(292, 723)",
        "(166, 85)",
        "(636, 757)",
        "(733, 807)",
        "(502, 310)",
        "(248, 721)",
        "(601, 855)",
        "(978, 795)",
        "(570, 965)",
        "(1, 48)",
        "(659, 259)",
        "(336, 131)",
        "(217, 907)",
        "(417, 315)",
        "(208, 859)",
        "(64, 64)",
        "(118, 967)",
        "(549, 264)",
        "(883, 391)",
        "(9, 388)",
        "(202, 768)",
        "(632, 106)",
        "(761, 123)",
        "(999, 698)",
        "(982, 465)",
        "(775, 198)",
        "(797, 942)",
        "(682, 532)",
        "(807, 871)",
        "(338, 105)"
    ],
    "(248, 721)": [
        "(572, 218)",
        "(545, 632)",
        "(807, 871)",
        "(292, 723)",
        "(526, 678)",
        "(30, 594)",
        "(883, 391)",
        "(601, 855)",
        "(660, 823)",
        "(491, 183)",
        "(761, 123)",
        "(797, 942)",
        "(570, 965)",
        "(636, 757)",
        "(1, 48)",
        "(262, 799)",
        "(208, 859)",
        "(549, 264)",
        "(678, 220)",
        "(338, 105)",
        "(64, 64)",
        "(982, 465)",
        "(462, 827)",
        "(746, 604)",
        "(198, 507)",
        "(166, 85)",
        "(731, 857)",
        "(217, 907)",
        "(999, 698)",
        "(555, 542)",
        "(336, 131)",
        "(67, 255)",
        "(978, 795)",
        "(227, 966)",
        "(770, 801)"
    ],
    "(336, 131)": [
        "(982, 465)",
        "(202, 768)",
        "(118, 967)",
        "(184, 883)",
        "(999, 698)",
        "(632, 106)",
        "(292, 723)",
        "(526, 678)",
        "(549, 264)",
        "(67, 255)",
        "(570, 965)",
        "(809, 234)",
        "(883, 391)",
        "(770, 801)",
        "(545, 632)",
        "(555, 542)",
        "(1, 48)",
        "(217, 907)",
        "(682, 532)",
        "(797, 942)",
        "(491, 183)",
        "(636, 757)",
        "(208, 859)",
        "(248, 721)",
        "(660, 823)",
        "(823, 872)",
        "(153, 629)"
    ],
    "(67, 255)": [
        "(797, 942)",
        "(570, 965)",
        "(262, 799)",
        "(153, 629)",
        "(572, 218)",
        "(775, 198)",
        "(338, 105)",
        "(549, 264)",
        "(336, 131)",
        "(770, 801)",
        "(484, 854)",
        "(746, 604)",
        "(659, 259)",
        "(9, 388)",
        "(462, 827)",
        "(636, 757)",
        "(1, 188)",
        "(502, 310)",
        "(64, 64)",
        "(118, 967)",
        "(248, 721)",
        "(198, 507)",
        "(733, 807)",
        "(184, 883)",
        "(678, 220)",
        "(128, 624)",
        "(491, 183)"
    ],
    "(329, 852)": [
        "(549, 264)",
        "(338, 105)",
        "(731, 857)",
        "(65, 35)",
        "(682, 532)",
        "(227, 966)",
        "(636, 757)",
        "(26, 424)",
        "(1, 188)",
        "(570, 965)",
        "(934, 161)",
        "(733, 807)",
        "(761, 123)",
        "(775, 198)",
        "(166, 85)",
        "(784, 41)",
        "(1, 48)",
        "(491, 183)",
        "(823, 872)",
        "(999, 698)",
        "(9, 388)",
        "(678, 220)",
        "(982, 465)",
        "(153, 629)",
        "(555, 542)",
        "(484, 854)",
        "(502, 310)",
        "(883, 391)"
    ],
    "(153, 629)": [
        "(978, 795)",
        "(67, 255)",
        "(262, 799)",
        "(555, 542)",
        "(883, 391)",
        "(632, 106)",
        "(417, 315)",
        "(982, 465)",
        "(65, 35)",
        "(292, 723)",
        "(491, 183)",
        "(678, 220)",
        "(731, 857)",
        "(807, 871)",
        "(9, 388)",
        "(761, 123)",
        "(659, 259)",
        "(30, 594)",
        "(202, 768)",
        "(797, 942)",
        "(217, 907)",
        "(570, 965)",
        "(733, 807)",
        "(198, 507)",
        "(329, 852)",
        "(746, 604)",
        "(64, 64)",
        "(336, 131)"
    ]
}