{
    "(436, 258)": [
        "(339, 708)",
        "(208, 922)",
        "(139, 66)",
        "(261, 301)",
        "(385, 103)",
        "(886, 849)",
        "(65, 669)",
        "(538, 874)",
        "(850, 35)"
    ],
    "(339, 708)": [
        "(436, 258)",
        "(208, 922)",
        "(850, 35)",
        "(385, 103)",
        "(538, 874)",
        "(261, 301)",
        "(139, 66)"
    ],
    "(261, 301)": [
        "(538, 874)",
        "(850, 35)",
        "(436, 258)",
        "(385, 103)",
        "(485, 397)",
        "(139, 66)",
        "(339, 708)",
        "(65, 669)",
        "(886, 849)"
    ],
    "(385, 103)": [
        "(538, 874)",
        "(850, 35)",
        "(208, 922)",
        "(485, 397)",
        "(436, 258)",
        "(339, 708)",
        "(261, 301)",
        "(65, 669)",
        "(139, 66)"
    ],
    "(538, 874)": [
        "(261, 301)",
        "(385, 103)",
        "(850, 35)",
        "(339, 708)",
        "(208, 922)",
        "(436, 258)",
        "(485, 397)",
        "(886, 849)"
    ],
    "(850, 35)": [
        "(261, 301)",
        "(385, 103)",
        "(485, 397)",
        "(339, 708)",
        "(538, 874)",
        "(208, 922)",
        "(436, 258)"
    ],
    "(485, 397)": [
        "(385, 103)",
        "(65, 669)",
        "(850, 35)",
        "(886, 849)",
        "(261, 301)",
        "(538, 874)",
        "(139, 66)"
    ],
    "(65, 669)": [
        "(485, 397)",
        "(385, 103)",
        "(436, 258)",
        "(886, 849)",
        "(261, 301)"
    ],
    "(208, 922)": [
        "(139, 66)",
        "(339, 708)",
        "(436, 258)",
        "(385, 103)",
        "(850, 35)",
        "(538, 874)",
        "(886, 849)"
    ],
    "(886, 849)": [
        "(436, 258)",
        "(485, 397)",
        "(65, 669)",
        "(538, 874)",
        "(139, 66)",
        "(261, 301)",
        "(208, 922)"
    ],
    "(139, 66)": [
        "(208, 922)",
        "(436, 258)",
        "(261, 301)",
        "(385, 103)",
        "(485, 397)",
        "(339, 708)",
        "(886, 849)"
    ]
}