{
    "(353, 303)": [
        "(372, 833)",
        "(803, 52)",
        "(545, 437)",
        "(94, 97)",
        "(125, 198)",
        "(957, 389)",
        "(47, 138)",
        "(546, 982)",
        "(906, 938)",
        "(289, 716)",
        "(307, 969)",
        "(743, 439)",
        "(488, 336)",
        "(679, 608)",
        "(802, 445)",
        "(673, 100)",
        "(859, 480)",
        "(214, 686)"
    ],
    "(357, 254)": [
        "(906, 938)",
        "(284, 845)",
        "(652, 488)",
        "(773, 191)",
        "(47, 138)",
        "(94, 97)",
        "(859, 480)",
        "(511, 419)",
        "(463, 21)",
        "(289, 716)",
        "(679, 608)",
        "(425, 881)",
        "(803, 52)",
        "(488, 336)",
        "(11, 916)",
        "(124, 718)",
        "(957, 389)",
        "(84, 762)"
    ],
    "(773, 191)": [
        "(906, 938)",
        "(125, 198)",
        "(357, 254)",
        "(679, 608)",
        "(11, 916)",
        "(802, 445)",
        "(289, 716)",
        "(425, 881)",
        "(47, 138)",
        "(673, 100)",
        "(124, 718)",
        "(372, 833)",
        "(463, 21)",
        "(652, 488)",
        "(284, 845)",
        "(84, 762)",
        "(545, 437)",
        "(488, 336)",
        "(94, 97)"
    ],
    "(897, 680)": [
        "(84, 762)",
        "(372, 833)",
        "(679, 608)",
        "(803, 52)",
        "(307, 969)",
        "(125, 198)",
        "(957, 389)",
        "(11, 916)",
        "(327, 595)",
        "(463, 21)"
    ],
    "(284, 845)": [
        "(289, 716)",
        "(125, 198)",
        "(99, 361)",
        "(357, 254)",
        "(214, 686)",
        "(511, 419)",
        "(193, 639)",
        "(679, 608)",
        "(425, 881)",
        "(94, 97)",
        "(673, 100)",
        "(803, 52)",
        "(124, 718)",
        "(957, 389)",
        "(802, 445)",
        "(463, 21)",
        "(773, 191)",
        "(546, 982)"
    ],
    "(463, 21)": [
        "(803, 52)",
        "(673, 100)",
        "(307, 969)",
        "(906, 938)",
        "(214, 686)",
        "(94, 97)",
        "(327, 595)",
        "(511, 419)",
        "(289, 716)",
        "(357, 254)",
        "(743, 439)",
        "(124, 718)",
        "(125, 198)",
        "(284, 845)",
        "(679, 608)",
        "(773, 191)",
        "(897, 680)"
    ],
    "(679, 608)": [
        "(11, 916)",
        "(743, 439)",
        "(193, 639)",
        "(773, 191)",
        "(803, 52)",
        "(546, 982)",
        "(897, 680)",
        "(284, 845)",
        "(906, 938)",
        "(859, 480)",
        "(372, 833)",
        "(289, 716)",
        "(94, 97)",
        "(357, 254)",
        "(957, 389)",
        "(463, 21)",
        "(353, 303)"
    ],
    "(673, 100)": [
        "(463, 21)",
        "(545, 437)",
        "(803, 52)",
        "(125, 198)",
        "(425, 881)",
        "(47, 138)",
        "(859, 480)",
        "(546, 982)",
        "(488, 336)",
        "(284, 845)",
        "(124, 718)",
        "(773, 191)",
        "(372, 833)",
        "(193, 639)",
        "(11, 916)",
        "(743, 439)",
        "(307, 969)",
        "(353, 303)",
        "(957, 389)"
    ],
    "(652, 488)": [
        "(357, 254)",
        "(803, 52)",
        "(11, 916)",
        "(743, 439)",
        "(193, 639)",
        "(125, 198)",
        "(859, 480)",
        "(372, 833)",
        "(47, 138)",
        "(906, 938)",
        "(773, 191)",
        "(802, 445)"
    ],
    "(47, 138)": [
        "(488, 336)",
        "(372, 833)",
        "(803, 52)",
        "(124, 718)",
        "(327, 595)",
        "(11, 916)",
        "(357, 254)",
        "(673, 100)",
        "(193, 639)",
        "(353, 303)",
        "(773, 191)",
        "(957, 389)",
        "(859, 480)",
        "(125, 198)",
        "(652, 488)",
        "(802, 445)",
        "(94, 97)"
    ],
    "(859, 480)": [
        "(289, 716)",
        "(124, 718)",
        "(357, 254)",
        "(673, 100)",
        "(906, 938)",
        "(679, 608)",
        "(546, 982)",
        "(125, 198)",
        "(425, 881)",
        "(47, 138)",
        "(307, 969)",
        "(743, 439)",
        "(652, 488)",
        "(94, 97)",
        "(353, 303)"
    ],
    "(307, 969)": [
        "(463, 21)",
        "(897, 680)",
        "(425, 881)",
        "(289, 716)",
        "(353, 303)",
        "(859, 480)",
        "(125, 198)",
        "(193, 639)",
        "(673, 100)",
        "(94, 97)",
        "(99, 361)",
        "(546, 982)"
    ],
    "(802, 445)": [
        "(214, 686)",
        "(425, 881)",
        "(803, 52)",
        "(84, 762)",
        "(957, 389)",
        "(546, 982)",
        "(372, 833)",
        "(773, 191)",
        "(743, 439)",
        "(284, 845)",
        "(289, 716)",
        "(327, 595)",
        "(193, 639)",
        "(488, 336)",
        "(353, 303)",
        "(47, 138)",
        "(652, 488)",
        "(511, 419)"
    ],
    "(99, 361)": [
        "(284, 845)",
        "(511, 419)",
        "(488, 336)",
        "(546, 982)",
        "(803, 52)",
        "(743, 439)",
        "(214, 686)",
        "(957, 389)",
        "(124, 718)",
        "(125, 198)",
        "(193, 639)",
        "(307, 969)"
    ],
    "(289, 716)": [
        "(425, 881)",
        "(125, 198)",
        "(488, 336)",
        "(193, 639)",
        "(284, 845)",
        "(327, 595)",
        "(859, 480)",
        "(743, 439)",
        "(372, 833)",
        "(773, 191)",
        "(307, 969)",
        "(353, 303)",
        "(214, 686)",
        "(463, 21)",
        "(124, 718)",
        "(11, 916)",
        "(679, 608)",
        "(357, 254)",
        "(511, 419)",
        "(802, 445)",
        "(906, 938)",
        "(803, 52)",
        "(546, 982)",
        "(957, 389)"
    ],
    "(425, 881)": [
        "(289, 716)",
        "(802, 445)",
        "(957, 389)",
        "(803, 52)",
        "(84, 762)",
        "(488, 336)",
        "(673, 100)",
        "(124, 718)",
        "(307, 969)",
        "(284, 845)",
        "(773, 191)",
        "(94, 97)",
        "(859, 480)",
        "(357, 254)",
        "(372, 833)",
        "(193, 639)",
        "(327, 595)"
    ],
    "(906, 938)": [
        "(546, 982)",
        "(773, 191)",
        "(357, 254)",
        "(463, 21)",
        "(545, 437)",
        "(859, 480)",
        "(679, 608)",
        "(353, 303)",
        "(511, 419)",
        "(289, 716)",
        "(193, 639)",
        "(11, 916)",
        "(652, 488)",
        "(125, 198)"
    ],
    "(193, 639)": [
        "(289, 716)",
        "(94, 97)",
        "(511, 419)",
        "(803, 52)",
        "(214, 686)",
        "(679, 608)",
        "(47, 138)",
        "(284, 845)",
        "(84, 762)",
        "(652, 488)",
        "(673, 100)",
        "(546, 982)",
        "(906, 938)",
        "(802, 445)",
        "(11, 916)",
        "(307, 969)",
        "(425, 881)",
        "(99, 361)",
        "(124, 718)"
    ],
    "(545, 437)": [
        "(84, 762)",
        "(673, 100)",
        "(94, 97)",
        "(353, 303)",
        "(906, 938)",
        "(372, 833)",
        "(488, 336)",
        "(214, 686)",
        "(773, 191)"
    ],
    "(124, 718)": [
        "(488, 336)",
        "(47, 138)",
        "(84, 762)",
        "(94, 97)",
        "(859, 480)",
        "(425, 881)",
        "(327, 595)",
        "(284, 845)",
        "(289, 716)",
        "(673, 100)",
        "(463, 21)",
        "(773, 191)",
        "(372, 833)",
        "(99, 361)",
        "(357, 254)",
        "(193, 639)"
    ],
    "(511, 419)": [
        "(193, 639)",
        "(99, 361)",
        "(957, 389)",
        "(125, 198)",
        "(284, 845)",
        "(463, 21)",
        "(906, 938)",
        "(357, 254)",
        "(214, 686)",
        "(289, 716)",
        "(802, 445)"
    ],
    "(11, 916)": [
        "(743, 439)",
        "(47, 138)",
        "(679, 608)",
        "(957, 389)",
        "(652, 488)",
        "(773, 191)",
        "(84, 762)",
        "(897, 680)",
        "(546, 982)",
        "(289, 716)",
        "(803, 52)",
        "(372, 833)",
        "(906, 938)",
        "(193, 639)",
        "(673, 100)",
        "(357, 254)"
    ],
    "(214, 686)": [
        "(802, 445)",
        "(327, 595)",
        "(193, 639)",
        "(957, 389)",
        "(463, 21)",
        "(546, 982)",
        "(284, 845)",
        "(289, 716)",
        "(99, 361)",
        "(511, 419)",
        "(84, 762)",
        "(545, 437)",
        "(488, 336)",
        "(94, 97)",
        "(743, 439)",
        "(353, 303)"
    ],
    "(546, 982)": [
        "(906, 938)",
        "(99, 361)",
        "(84, 762)",
        "(802, 445)",
        "(214, 686)",
        "(679, 608)",
        "(673, 100)",
        "(353, 303)",
        "(743, 439)",
        "(859, 480)",
        "(11, 916)",
        "(193, 639)",
        "(94, 97)",
        "(289, 716)",
        "(307, 969)",
        "(284, 845)"
    ],
    "(84, 762)": [
        "(545, 437)",
        "(897, 680)",
        "(802, 445)",
        "(124, 718)",
        "(425, 881)",
        "(546, 982)",
        "(125, 198)",
        "(193, 639)",
        "(11, 916)",
        "(743, 439)",
        "(957, 389)",
        "(214, 686)",
        "(372, 833)",
        "(773, 191)",
        "(357, 254)"
    ],
    "(488, 336)": [
        "(289, 716)",
        "(47, 138)",
        "(124, 718)",
        "(957, 389)",
        "(99, 361)",
        "(425, 881)",
        "(673, 100)",
        "(545, 437)",
        "(214, 686)",
        "(802, 445)",
        "(357, 254)",
        "(353, 303)",
        "(803, 52)",
        "(773, 191)"
    ],
    "(327, 595)": [
        "(803, 52)",
        "(47, 138)",
        "(214, 686)",
        "(372, 833)",
        "(289, 716)",
        "(463, 21)",
        "(124, 718)",
        "(802, 445)",
        "(897, 680)",
        "(425, 881)"
    ],
    "(743, 439)": [
        "(11, 916)",
        "(679, 608)",
        "(99, 361)",
        "(289, 716)",
        "(546, 982)",
        "(802, 445)",
        "(84, 762)",
        "(652, 488)",
        "(463, 21)",
        "(803, 52)",
        "(353, 303)",
        "(372, 833)",
        "(859, 480)",
        "(957, 389)",
        "(673, 100)",
        "(94, 97)",
        "(214, 686)"
    ],
    "(125, 198)": [
        "(289, 716)",
        "(957, 389)",
        "(284, 845)",
        "(773, 191)",
        "(511, 419)",
        "(84, 762)",
        "(673, 100)",
        "(372, 833)",
        "(353, 303)",
        "(897, 680)",
        "(859, 480)",
        "(652, 488)",
        "(463, 21)",
        "(47, 138)",
        "(307, 969)",
        "(99, 361)",
        "(906, 938)"
    ],
    "(94, 97)": [
        "(193, 639)",
        "(545, 437)",
        "(353, 303)",
        "(124, 718)",
        "(463, 21)",
        "(357, 254)",
        "(284, 845)",
        "(425, 881)",
        "(803, 52)",
        "(679, 608)",
        "(546, 982)",
        "(859, 480)",
        "(743, 439)",
        "(214, 686)",
        "(47, 138)",
        "(307, 969)",
        "(773, 191)"
    ],
    "(372, 833)": [
        "(47, 138)",
        "(353, 303)",
        "(327, 595)",
        "(802, 445)",
        "(803, 52)",
        "(897, 680)",
        "(125, 198)",
        "(545, 437)",
        "(289, 716)",
        "(679, 608)",
        "(673, 100)",
        "(425, 881)",
        "(84, 762)",
        "(743, 439)",
        "(11, 916)",
        "(773, 191)",
        "(652, 488)",
        "(124, 718)"
    ],
    "(803, 52)": [
        "(327, 595)",
        "(463, 21)",
        "(47, 138)",
        "(802, 445)",
        "(193, 639)",
        "(425, 881)",
        "(673, 100)",
        "(652, 488)",
        "(372, 833)",
        "(99, 361)",
        "(353, 303)",
        "(679, 608)",
        "(897, 680)",
        "(957, 389)",
        "(284, 845)",
        "(94, 97)",
        "(743, 439)",
        "(11, 916)",
        "(357, 254)",
        "(289, 716)",
        "(488, 336)"
    ],
    "(957, 389)": [
        "(125, 198)",
        "(425, 881)",
        "(488, 336)",
        "(511, 419)",
        "(214, 686)",
        "(802, 445)",
        "(11, 916)",
        "(353, 303)",
        "(803, 52)",
        "(897, 680)",
        "(84, 762)",
        "(284, 845)",
        "(47, 138)",
        "(99, 361)",
        "(679, 608)",
        "(743, 439)",
        "(357, 254)",
        "(673, 100)",
        "(289, 716)"
    ]
}