{
    "(703, 45)": [
        "(345, 341)",
        "(246, 22)",
        "(493, 71)",
        "(500, 542)",
        "(601, 266)",
        "(537, 724)",
        "(549, 834)",
        "(164, 601)",
        "(830, 768)",
        "(298, 317)",
        "(672, 264)",
        "(473, 459)",
        "(293, 404)",
        "(473, 376)"
    ],
    "(715, 442)": [
        "(473, 376)",
        "(665, 538)",
        "(991, 31)",
        "(298, 317)",
        "(301, 552)",
        "(298, 370)",
        "(739, 178)",
        "(328, 962)",
        "(273, 945)",
        "(992, 448)",
        "(745, 502)",
        "(680, 930)",
        "(149, 600)",
        "(249, 797)",
        "(164, 601)"
    ],
    "(601, 266)": [
        "(639, 65)",
        "(583, 541)",
        "(703, 45)",
        "(473, 459)",
        "(28, 961)",
        "(328, 962)",
        "(739, 178)",
        "(400, 92)",
        "(374, 236)",
        "(146, 362)",
        "(830, 768)",
        "(865, 344)",
        "(149, 600)",
        "(680, 930)",
        "(559, 699)"
    ],
    "(739, 178)": [
        "(152, 905)",
        "(792, 101)",
        "(992, 448)",
        "(727, 923)",
        "(825, 505)",
        "(559, 699)",
        "(804, 986)",
        "(374, 236)",
        "(989, 714)",
        "(737, 496)",
        "(69, 54)",
        "(715, 442)",
        "(601, 266)",
        "(865, 182)",
        "(493, 71)",
        "(402, 585)",
        "(222, 974)",
        "(140, 693)",
        "(549, 834)",
        "(149, 600)",
        "(537, 724)",
        "(708, 301)"
    ],
    "(374, 236)": [
        "(865, 344)",
        "(493, 71)",
        "(739, 178)",
        "(69, 54)",
        "(293, 404)",
        "(708, 301)",
        "(989, 714)",
        "(665, 538)",
        "(140, 693)",
        "(132, 266)",
        "(298, 317)",
        "(406, 259)",
        "(601, 266)",
        "(149, 600)",
        "(825, 505)",
        "(244, 730)",
        "(473, 459)",
        "(301, 552)",
        "(787, 834)"
    ],
    "(164, 601)": [
        "(825, 505)",
        "(246, 22)",
        "(149, 600)",
        "(400, 248)",
        "(830, 768)",
        "(244, 730)",
        "(703, 45)",
        "(708, 301)",
        "(140, 693)",
        "(132, 266)",
        "(298, 317)",
        "(989, 714)",
        "(727, 923)",
        "(715, 442)",
        "(583, 541)",
        "(22, 425)",
        "(298, 370)",
        "(119, 430)"
    ],
    "(745, 502)": [
        "(639, 65)",
        "(146, 362)",
        "(22, 425)",
        "(769, 988)",
        "(249, 797)",
        "(658, 678)",
        "(991, 31)",
        "(90, 73)",
        "(672, 264)",
        "(715, 442)",
        "(152, 905)",
        "(328, 962)",
        "(452, 65)",
        "(559, 699)",
        "(119, 430)",
        "(549, 834)",
        "(493, 71)",
        "(989, 714)"
    ],
    "(991, 31)": [
        "(140, 693)",
        "(246, 22)",
        "(715, 442)",
        "(500, 542)",
        "(132, 266)",
        "(400, 92)",
        "(792, 101)",
        "(300, 136)",
        "(537, 724)",
        "(727, 923)",
        "(680, 930)",
        "(745, 502)",
        "(639, 65)",
        "(69, 54)",
        "(28, 961)",
        "(665, 538)",
        "(452, 65)",
        "(865, 182)",
        "(298, 317)",
        "(293, 404)",
        "(152, 905)",
        "(583, 541)"
    ],
    "(146, 362)": [
        "(944, 159)",
        "(293, 404)",
        "(745, 502)",
        "(473, 459)",
        "(500, 542)",
        "(69, 54)",
        "(575, 941)",
        "(90, 73)",
        "(804, 986)",
        "(672, 264)",
        "(119, 430)",
        "(601, 266)",
        "(727, 923)",
        "(298, 317)",
        "(989, 714)",
        "(400, 92)",
        "(537, 724)",
        "(22, 425)"
    ],
    "(293, 404)": [
        "(665, 538)",
        "(406, 259)",
        "(146, 362)",
        "(328, 962)",
        "(374, 236)",
        "(935, 228)",
        "(708, 301)",
        "(28, 961)",
        "(825, 505)",
        "(703, 45)",
        "(991, 31)",
        "(473, 376)",
        "(473, 459)",
        "(500, 542)"
    ],
    "(149, 600)": [
        "(575, 941)",
        "(164, 601)",
        "(865, 344)",
        "(825, 505)",
        "(473, 376)",
        "(395, 124)",
        "(246, 22)",
        "(400, 92)",
        "(140, 693)",
        "(708, 301)",
        "(989, 714)",
        "(374, 236)",
        "(715, 442)",
        "(537, 724)",
        "(119, 430)",
        "(601, 266)",
        "(739, 178)",
        "(298, 370)",
        "(549, 834)"
    ],
    "(249, 797)": [
        "(559, 699)",
        "(140, 693)",
        "(119, 430)",
        "(246, 22)",
        "(244, 730)",
        "(830, 768)",
        "(745, 502)",
        "(804, 986)",
        "(865, 344)",
        "(406, 259)",
        "(452, 65)",
        "(935, 228)",
        "(537, 724)",
        "(715, 442)",
        "(792, 101)",
        "(22, 425)"
    ],
    "(152, 905)": [
        "(119, 430)",
        "(739, 178)",
        "(992, 448)",
        "(583, 541)",
        "(825, 505)",
        "(658, 678)",
        "(830, 768)",
        "(745, 502)",
        "(804, 986)",
        "(991, 31)"
    ],
    "(792, 101)": [
        "(739, 178)",
        "(830, 768)",
        "(132, 266)",
        "(140, 693)",
        "(865, 182)",
        "(452, 65)",
        "(804, 986)",
        "(406, 259)",
        "(991, 31)",
        "(298, 317)",
        "(865, 344)",
        "(737, 496)",
        "(727, 923)",
        "(559, 699)",
        "(301, 552)",
        "(583, 541)",
        "(249, 797)",
        "(402, 585)"
    ],
    "(28, 961)": [
        "(825, 505)",
        "(300, 136)",
        "(601, 266)",
        "(727, 923)",
        "(132, 266)",
        "(293, 404)",
        "(473, 376)",
        "(345, 341)",
        "(658, 678)",
        "(991, 31)",
        "(549, 834)"
    ],
    "(665, 538)": [
        "(293, 404)",
        "(715, 442)",
        "(549, 834)",
        "(244, 730)",
        "(132, 266)",
        "(400, 92)",
        "(69, 54)",
        "(865, 182)",
        "(374, 236)",
        "(944, 159)",
        "(991, 31)",
        "(989, 714)",
        "(395, 124)"
    ],
    "(244, 730)": [
        "(22, 425)",
        "(935, 228)",
        "(300, 136)",
        "(575, 941)",
        "(164, 601)",
        "(132, 266)",
        "(665, 538)",
        "(249, 797)",
        "(639, 65)",
        "(804, 986)",
        "(140, 693)",
        "(246, 22)",
        "(708, 301)",
        "(992, 448)",
        "(989, 714)",
        "(769, 988)",
        "(374, 236)",
        "(222, 974)",
        "(680, 930)"
    ],
    "(298, 317)": [
        "(90, 73)",
        "(493, 71)",
        "(402, 585)",
        "(715, 442)",
        "(246, 22)",
        "(792, 101)",
        "(374, 236)",
        "(298, 370)",
        "(703, 45)",
        "(804, 986)",
        "(452, 65)",
        "(164, 601)",
        "(549, 834)",
        "(991, 31)",
        "(146, 362)",
        "(639, 65)",
        "(140, 693)",
        "(69, 54)"
    ],
    "(273, 945)": [
        "(658, 678)",
        "(830, 768)",
        "(400, 248)",
        "(825, 505)",
        "(944, 159)",
        "(549, 834)",
        "(992, 448)",
        "(222, 974)",
        "(715, 442)",
        "(328, 962)",
        "(559, 699)",
        "(769, 988)",
        "(402, 585)",
        "(473, 376)"
    ],
    "(537, 724)": [
        "(452, 65)",
        "(703, 45)",
        "(119, 430)",
        "(549, 834)",
        "(991, 31)",
        "(140, 693)",
        "(301, 552)",
        "(328, 962)",
        "(935, 228)",
        "(992, 448)",
        "(249, 797)",
        "(69, 54)",
        "(149, 600)",
        "(402, 585)",
        "(989, 714)",
        "(739, 178)",
        "(146, 362)",
        "(680, 930)",
        "(493, 71)"
    ],
    "(119, 430)": [
        "(152, 905)",
        "(249, 797)",
        "(865, 182)",
        "(537, 724)",
        "(727, 923)",
        "(345, 341)",
        "(672, 264)",
        "(473, 459)",
        "(559, 699)",
        "(865, 344)",
        "(146, 362)",
        "(575, 941)",
        "(745, 502)",
        "(90, 73)",
        "(500, 542)",
        "(149, 600)",
        "(164, 601)"
    ],
    "(575, 941)": [
        "(149, 600)",
        "(787, 834)",
        "(244, 730)",
        "(639, 65)",
        "(246, 22)",
        "(22, 425)",
        "(140, 693)",
        "(865, 344)",
        "(146, 362)",
        "(473, 376)",
        "(737, 496)",
        "(559, 699)",
        "(119, 430)"
    ],
    "(222, 974)": [
        "(680, 930)",
        "(246, 22)",
        "(300, 136)",
        "(549, 834)",
        "(559, 699)",
        "(830, 768)",
        "(708, 301)",
        "(69, 54)",
        "(400, 92)",
        "(400, 248)",
        "(989, 714)",
        "(273, 945)",
        "(825, 505)",
        "(406, 259)",
        "(328, 962)",
        "(739, 178)",
        "(244, 730)"
    ],
    "(493, 71)": [
        "(703, 45)",
        "(944, 159)",
        "(374, 236)",
        "(298, 317)",
        "(672, 264)",
        "(739, 178)",
        "(708, 301)",
        "(69, 54)",
        "(402, 585)",
        "(727, 923)",
        "(745, 502)",
        "(537, 724)"
    ],
    "(787, 834)": [
        "(575, 941)",
        "(473, 376)",
        "(298, 370)",
        "(406, 259)",
        "(132, 266)",
        "(374, 236)"
    ],
    "(402, 585)": [
        "(658, 678)",
        "(90, 73)",
        "(737, 496)",
        "(69, 54)",
        "(298, 317)",
        "(549, 834)",
        "(559, 699)",
        "(769, 988)",
        "(328, 962)",
        "(395, 124)",
        "(298, 370)",
        "(345, 341)",
        "(944, 159)",
        "(739, 178)",
        "(537, 724)",
        "(493, 71)",
        "(792, 101)",
        "(273, 945)"
    ],
    "(140, 693)": [
        "(991, 31)",
        "(249, 797)",
        "(792, 101)",
        "(90, 73)",
        "(374, 236)",
        "(244, 730)",
        "(944, 159)",
        "(149, 600)",
        "(500, 542)",
        "(537, 724)",
        "(575, 941)",
        "(769, 988)",
        "(246, 22)",
        "(164, 601)",
        "(400, 92)",
        "(739, 178)",
        "(69, 54)",
        "(298, 370)",
        "(298, 317)"
    ],
    "(473, 376)": [
        "(672, 264)",
        "(715, 442)",
        "(400, 248)",
        "(149, 600)",
        "(452, 65)",
        "(825, 505)",
        "(28, 961)",
        "(575, 941)",
        "(787, 834)",
        "(406, 259)",
        "(293, 404)",
        "(703, 45)",
        "(273, 945)"
    ],
    "(865, 344)": [
        "(374, 236)",
        "(559, 699)",
        "(944, 159)",
        "(149, 600)",
        "(992, 448)",
        "(727, 923)",
        "(400, 92)",
        "(249, 797)",
        "(792, 101)",
        "(575, 941)",
        "(473, 459)",
        "(119, 430)",
        "(658, 678)",
        "(601, 266)",
        "(737, 496)"
    ],
    "(300, 136)": [
        "(244, 730)",
        "(639, 65)",
        "(222, 974)",
        "(90, 73)",
        "(28, 961)",
        "(400, 248)",
        "(727, 923)",
        "(991, 31)",
        "(400, 92)",
        "(549, 834)",
        "(452, 65)"
    ],
    "(549, 834)": [
        "(665, 538)",
        "(222, 974)",
        "(537, 724)",
        "(402, 585)",
        "(703, 45)",
        "(559, 699)",
        "(246, 22)",
        "(944, 159)",
        "(273, 945)",
        "(935, 228)",
        "(583, 541)",
        "(500, 542)",
        "(300, 136)",
        "(298, 317)",
        "(739, 178)",
        "(745, 502)",
        "(825, 505)",
        "(28, 961)",
        "(149, 600)"
    ],
    "(737, 496)": [
        "(639, 65)",
        "(402, 585)",
        "(658, 678)",
        "(739, 178)",
        "(680, 930)",
        "(452, 65)",
        "(727, 923)",
        "(792, 101)",
        "(672, 264)",
        "(575, 941)",
        "(132, 266)",
        "(406, 259)",
        "(400, 248)",
        "(992, 448)",
        "(825, 505)",
        "(246, 22)",
        "(865, 344)"
    ],
    "(328, 962)": [
        "(293, 404)",
        "(345, 341)",
        "(559, 699)",
        "(301, 552)",
        "(992, 448)",
        "(452, 65)",
        "(601, 266)",
        "(402, 585)",
        "(537, 724)",
        "(715, 442)",
        "(804, 986)",
        "(222, 974)",
        "(745, 502)",
        "(273, 945)"
    ],
    "(452, 65)": [
        "(537, 724)",
        "(769, 988)",
        "(792, 101)",
        "(400, 92)",
        "(825, 505)",
        "(944, 159)",
        "(473, 376)",
        "(328, 962)",
        "(737, 496)",
        "(249, 797)",
        "(132, 266)",
        "(395, 124)",
        "(22, 425)",
        "(406, 259)",
        "(298, 317)",
        "(345, 341)",
        "(500, 542)",
        "(991, 31)",
        "(745, 502)",
        "(300, 136)",
        "(804, 986)"
    ],
    "(727, 923)": [
        "(739, 178)",
        "(69, 54)",
        "(119, 430)",
        "(300, 136)",
        "(28, 961)",
        "(865, 344)",
        "(991, 31)",
        "(90, 73)",
        "(400, 92)",
        "(737, 496)",
        "(792, 101)",
        "(298, 370)",
        "(146, 362)",
        "(164, 601)",
        "(680, 930)",
        "(493, 71)"
    ],
    "(989, 714)": [
        "(559, 699)",
        "(639, 65)",
        "(739, 178)",
        "(374, 236)",
        "(672, 264)",
        "(222, 974)",
        "(149, 600)",
        "(298, 370)",
        "(244, 730)",
        "(345, 341)",
        "(164, 601)",
        "(665, 538)",
        "(146, 362)",
        "(537, 724)",
        "(745, 502)"
    ],
    "(298, 370)": [
        "(406, 259)",
        "(301, 552)",
        "(639, 65)",
        "(400, 92)",
        "(715, 442)",
        "(402, 585)",
        "(298, 317)",
        "(989, 714)",
        "(727, 923)",
        "(787, 834)",
        "(473, 459)",
        "(140, 693)",
        "(149, 600)",
        "(164, 601)"
    ],
    "(935, 228)": [
        "(992, 448)",
        "(244, 730)",
        "(293, 404)",
        "(345, 341)",
        "(132, 266)",
        "(549, 834)",
        "(537, 724)",
        "(400, 92)",
        "(672, 264)",
        "(249, 797)",
        "(473, 459)"
    ],
    "(22, 425)": [
        "(244, 730)",
        "(500, 542)",
        "(583, 541)",
        "(825, 505)",
        "(745, 502)",
        "(575, 941)",
        "(944, 159)",
        "(395, 124)",
        "(452, 65)",
        "(69, 54)",
        "(249, 797)",
        "(164, 601)",
        "(146, 362)"
    ],
    "(400, 248)": [
        "(164, 601)",
        "(473, 376)",
        "(90, 73)",
        "(992, 448)",
        "(301, 552)",
        "(300, 136)",
        "(273, 945)",
        "(222, 974)",
        "(132, 266)",
        "(737, 496)",
        "(825, 505)"
    ],
    "(559, 699)": [
        "(406, 259)",
        "(944, 159)",
        "(989, 714)",
        "(132, 266)",
        "(249, 797)",
        "(90, 73)",
        "(865, 344)",
        "(739, 178)",
        "(328, 962)",
        "(222, 974)",
        "(402, 585)",
        "(549, 834)",
        "(708, 301)",
        "(792, 101)",
        "(119, 430)",
        "(865, 182)",
        "(992, 448)",
        "(804, 986)",
        "(345, 341)",
        "(246, 22)",
        "(745, 502)",
        "(273, 945)",
        "(575, 941)",
        "(658, 678)",
        "(500, 542)",
        "(601, 266)",
        "(769, 988)"
    ],
    "(90, 73)": [
        "(992, 448)",
        "(298, 317)",
        "(559, 699)",
        "(400, 248)",
        "(345, 341)",
        "(402, 585)",
        "(140, 693)",
        "(639, 65)",
        "(300, 136)",
        "(825, 505)",
        "(727, 923)",
        "(146, 362)",
        "(745, 502)",
        "(658, 678)",
        "(119, 430)",
        "(680, 930)",
        "(804, 986)"
    ],
    "(769, 988)": [
        "(246, 22)",
        "(452, 65)",
        "(992, 448)",
        "(745, 502)",
        "(345, 341)",
        "(402, 585)",
        "(400, 92)",
        "(140, 693)",
        "(865, 182)",
        "(244, 730)",
        "(273, 945)",
        "(804, 986)",
        "(559, 699)"
    ],
    "(345, 341)": [
        "(703, 45)",
        "(90, 73)",
        "(328, 962)",
        "(119, 430)",
        "(935, 228)",
        "(804, 986)",
        "(132, 266)",
        "(769, 988)",
        "(672, 264)",
        "(992, 448)",
        "(28, 961)",
        "(402, 585)",
        "(989, 714)",
        "(452, 65)",
        "(246, 22)",
        "(559, 699)",
        "(865, 182)"
    ],
    "(944, 159)": [
        "(865, 182)",
        "(559, 699)",
        "(146, 362)",
        "(493, 71)",
        "(865, 344)",
        "(22, 425)",
        "(452, 65)",
        "(140, 693)",
        "(273, 945)",
        "(665, 538)",
        "(549, 834)",
        "(473, 459)",
        "(402, 585)",
        "(132, 266)",
        "(395, 124)",
        "(500, 542)"
    ],
    "(400, 92)": [
        "(69, 54)",
        "(865, 182)",
        "(500, 542)",
        "(991, 31)",
        "(452, 65)",
        "(665, 538)",
        "(298, 370)",
        "(149, 600)",
        "(769, 988)",
        "(865, 344)",
        "(222, 974)",
        "(727, 923)",
        "(601, 266)",
        "(935, 228)",
        "(300, 136)",
        "(992, 448)",
        "(140, 693)",
        "(146, 362)",
        "(639, 65)",
        "(246, 22)"
    ],
    "(406, 259)": [
        "(559, 699)",
        "(293, 404)",
        "(298, 370)",
        "(804, 986)",
        "(830, 768)",
        "(583, 541)",
        "(246, 22)",
        "(473, 459)",
        "(792, 101)",
        "(249, 797)",
        "(374, 236)",
        "(452, 65)",
        "(222, 974)",
        "(69, 54)",
        "(473, 376)",
        "(672, 264)",
        "(787, 834)",
        "(737, 496)",
        "(658, 678)"
    ],
    "(804, 986)": [
        "(865, 182)",
        "(406, 259)",
        "(739, 178)",
        "(345, 341)",
        "(244, 730)",
        "(583, 541)",
        "(792, 101)",
        "(249, 797)",
        "(328, 962)",
        "(298, 317)",
        "(146, 362)",
        "(559, 699)",
        "(992, 448)",
        "(152, 905)",
        "(769, 988)",
        "(246, 22)",
        "(452, 65)",
        "(90, 73)"
    ],
    "(639, 65)": [
        "(745, 502)",
        "(601, 266)",
        "(246, 22)",
        "(300, 136)",
        "(298, 370)",
        "(575, 941)",
        "(737, 496)",
        "(989, 714)",
        "(90, 73)",
        "(680, 930)",
        "(244, 730)",
        "(991, 31)",
        "(301, 552)",
        "(672, 264)",
        "(400, 92)",
        "(298, 317)"
    ],
    "(69, 54)": [
        "(400, 92)",
        "(727, 923)",
        "(402, 585)",
        "(374, 236)",
        "(146, 362)",
        "(665, 538)",
        "(739, 178)",
        "(222, 974)",
        "(991, 31)",
        "(406, 259)",
        "(395, 124)",
        "(537, 724)",
        "(493, 71)",
        "(22, 425)",
        "(140, 693)",
        "(298, 317)"
    ],
    "(246, 22)": [
        "(703, 45)",
        "(991, 31)",
        "(164, 601)",
        "(639, 65)",
        "(575, 941)",
        "(769, 988)",
        "(222, 974)",
        "(708, 301)",
        "(406, 259)",
        "(249, 797)",
        "(149, 600)",
        "(680, 930)",
        "(244, 730)",
        "(992, 448)",
        "(298, 317)",
        "(549, 834)",
        "(672, 264)",
        "(395, 124)",
        "(140, 693)",
        "(825, 505)",
        "(345, 341)",
        "(559, 699)",
        "(500, 542)",
        "(804, 986)",
        "(737, 496)",
        "(400, 92)"
    ],
    "(395, 124)": [
        "(149, 600)",
        "(658, 678)",
        "(402, 585)",
        "(246, 22)",
        "(680, 930)",
        "(22, 425)",
        "(452, 65)",
        "(69, 54)",
        "(944, 159)",
        "(708, 301)",
        "(665, 538)"
    ],
    "(672, 264)": [
        "(473, 376)",
        "(865, 182)",
        "(493, 71)",
        "(830, 768)",
        "(119, 430)",
        "(989, 714)",
        "(246, 22)",
        "(345, 341)",
        "(737, 496)",
        "(703, 45)",
        "(745, 502)",
        "(935, 228)",
        "(146, 362)",
        "(639, 65)",
        "(406, 259)",
        "(658, 678)",
        "(708, 301)"
    ],
    "(825, 505)": [
        "(164, 601)",
        "(865, 182)",
        "(739, 178)",
        "(149, 600)",
        "(22, 425)",
        "(28, 961)",
        "(452, 65)",
        "(90, 73)",
        "(152, 905)",
        "(132, 266)",
        "(273, 945)",
        "(473, 376)",
        "(222, 974)",
        "(293, 404)",
        "(246, 22)",
        "(374, 236)",
        "(473, 459)",
        "(400, 248)",
        "(549, 834)",
        "(737, 496)"
    ],
    "(830, 768)": [
        "(164, 601)",
        "(792, 101)",
        "(406, 259)",
        "(672, 264)",
        "(222, 974)",
        "(273, 945)",
        "(249, 797)",
        "(703, 45)",
        "(152, 905)",
        "(601, 266)"
    ],
    "(680, 930)": [
        "(222, 974)",
        "(301, 552)",
        "(639, 65)",
        "(246, 22)",
        "(132, 266)",
        "(737, 496)",
        "(991, 31)",
        "(395, 124)",
        "(715, 442)",
        "(583, 541)",
        "(727, 923)",
        "(601, 266)",
        "(90, 73)",
        "(537, 724)",
        "(244, 730)"
    ],
    "(658, 678)": [
        "(402, 585)",
        "(273, 945)",
        "(737, 496)",
        "(152, 905)",
        "(745, 502)",
        "(395, 124)",
        "(28, 961)",
        "(90, 73)",
        "(865, 344)",
        "(559, 699)",
        "(406, 259)",
        "(672, 264)",
        "(473, 459)"
    ],
    "(301, 552)": [
        "(680, 930)",
        "(298, 370)",
        "(400, 248)",
        "(328, 962)",
        "(715, 442)",
        "(708, 301)",
        "(537, 724)",
        "(639, 65)",
        "(792, 101)",
        "(583, 541)",
        "(374, 236)"
    ],
    "(583, 541)": [
        "(152, 905)",
        "(601, 266)",
        "(22, 425)",
        "(406, 259)",
        "(804, 986)",
        "(865, 182)",
        "(549, 834)",
        "(680, 930)",
        "(792, 101)",
        "(164, 601)",
        "(991, 31)",
        "(301, 552)"
    ],
    "(865, 182)": [
        "(944, 159)",
        "(400, 92)",
        "(804, 986)",
        "(825, 505)",
        "(672, 264)",
        "(792, 101)",
        "(119, 430)",
        "(665, 538)",
        "(583, 541)",
        "(769, 988)",
        "(559, 699)",
        "(739, 178)",
        "(991, 31)",
        "(345, 341)",
        "(473, 459)"
    ],
    "(473, 459)": [
        "(146, 362)",
        "(601, 266)",
        "(500, 542)",
        "(406, 259)",
        "(119, 430)",
        "(944, 159)",
        "(865, 344)",
        "(703, 45)",
        "(132, 266)",
        "(935, 228)",
        "(374, 236)",
        "(825, 505)",
        "(298, 370)",
        "(293, 404)",
        "(865, 182)",
        "(658, 678)"
    ],
    "(708, 301)": [
        "(500, 542)",
        "(246, 22)",
        "(374, 236)",
        "(222, 974)",
        "(301, 552)",
        "(293, 404)",
        "(149, 600)",
        "(992, 448)",
        "(244, 730)",
        "(559, 699)",
        "(164, 601)",
        "(493, 71)",
        "(395, 124)",
        "(739, 178)",
        "(672, 264)"
    ],
    "(132, 266)": [
        "(559, 699)",
        "(792, 101)",
        "(244, 730)",
        "(991, 31)",
        "(665, 538)",
        "(935, 228)",
        "(345, 341)",
        "(825, 505)",
        "(680, 930)",
        "(374, 236)",
        "(28, 961)",
        "(452, 65)",
        "(400, 248)",
        "(164, 601)",
        "(473, 459)",
        "(737, 496)",
        "(944, 159)",
        "(787, 834)",
        "(500, 542)"
    ],
    "(500, 542)": [
        "(708, 301)",
        "(991, 31)",
        "(703, 45)",
        "(22, 425)",
        "(400, 92)",
        "(146, 362)",
        "(473, 459)",
        "(992, 448)",
        "(140, 693)",
        "(452, 65)",
        "(246, 22)",
        "(549, 834)",
        "(119, 430)",
        "(944, 159)",
        "(559, 699)",
        "(293, 404)",
        "(132, 266)"
    ],
    "(992, 448)": [
        "(90, 73)",
        "(935, 228)",
        "(152, 905)",
        "(739, 178)",
        "(400, 248)",
        "(769, 988)",
        "(500, 542)",
        "(865, 344)",
        "(328, 962)",
        "(246, 22)",
        "(708, 301)",
        "(345, 341)",
        "(244, 730)",
        "(273, 945)",
        "(715, 442)",
        "(537, 724)",
        "(559, 699)",
        "(804, 986)",
        "(400, 92)",
        "(737, 496)"
    ]
}