{
    "(394, 692)": [
        "(510, 974)",
        "(469, 915)",
        "(811, 113)",
        "(688, 761)",
        "(154, 748)",
        "(413, 136)",
        "(716, 782)",
        "(79, 493)",
        "(342, 526)",
        "(954, 187)",
        "(346, 109)",
        "(777, 872)",
        "(373, 831)",
        "(552, 457)",
        "(15, 125)",
        "(3, 710)",
        "(379, 343)",
        "(296, 659)",
        "(32, 118)",
        "(602, 702)",
        "(663, 333)",
        "(654, 355)",
        "(939, 225)",
        "(220, 517)",
        "(753, 217)",
        "(27, 227)"
    ],
    "(510, 974)": [
        "(394, 692)",
        "(32, 118)",
        "(373, 831)",
        "(379, 343)",
        "(663, 333)",
        "(777, 872)",
        "(342, 526)",
        "(811, 113)",
        "(716, 782)",
        "(154, 748)",
        "(475, 238)",
        "(939, 225)",
        "(654, 355)",
        "(346, 109)",
        "(394, 323)",
        "(210, 772)",
        "(442, 831)",
        "(469, 915)",
        "(679, 306)",
        "(552, 457)",
        "(15, 125)",
        "(753, 217)",
        "(688, 761)",
        "(33, 710)",
        "(296, 659)",
        "(600, 813)"
    ],
    "(777, 872)": [
        "(939, 225)",
        "(510, 974)",
        "(379, 343)",
        "(342, 526)",
        "(811, 113)",
        "(663, 333)",
        "(654, 355)",
        "(346, 109)",
        "(79, 493)",
        "(210, 772)",
        "(373, 831)",
        "(600, 813)",
        "(413, 136)",
        "(394, 692)",
        "(688, 761)",
        "(469, 915)",
        "(602, 702)",
        "(32, 118)",
        "(679, 306)",
        "(513, 427)",
        "(154, 748)",
        "(552, 457)",
        "(27, 227)",
        "(716, 782)",
        "(15, 125)",
        "(33, 710)"
    ],
    "(413, 136)": [
        "(33, 710)",
        "(469, 915)",
        "(15, 125)",
        "(663, 333)",
        "(220, 517)",
        "(394, 692)",
        "(602, 702)",
        "(3, 710)",
        "(600, 813)",
        "(373, 831)",
        "(154, 748)",
        "(954, 187)",
        "(552, 457)",
        "(777, 872)",
        "(475, 238)",
        "(346, 109)",
        "(79, 493)",
        "(379, 343)",
        "(811, 113)",
        "(513, 427)",
        "(210, 772)",
        "(27, 227)",
        "(32, 118)",
        "(939, 225)"
    ],
    "(552, 457)": [
        "(346, 109)",
        "(939, 225)",
        "(602, 702)",
        "(296, 659)",
        "(33, 710)",
        "(27, 227)",
        "(811, 113)",
        "(3, 710)",
        "(32, 118)",
        "(220, 517)",
        "(688, 761)",
        "(413, 136)",
        "(513, 427)",
        "(600, 813)",
        "(716, 782)",
        "(394, 692)",
        "(510, 974)",
        "(210, 772)",
        "(15, 125)",
        "(777, 872)",
        "(753, 217)",
        "(442, 831)",
        "(654, 355)",
        "(379, 343)"
    ],
    "(296, 659)": [
        "(688, 761)",
        "(600, 813)",
        "(210, 772)",
        "(442, 831)",
        "(346, 109)",
        "(475, 238)",
        "(552, 457)",
        "(79, 493)",
        "(373, 831)",
        "(469, 915)",
        "(3, 710)",
        "(220, 517)",
        "(394, 323)",
        "(394, 692)",
        "(954, 187)",
        "(342, 526)",
        "(379, 343)",
        "(602, 702)",
        "(753, 217)",
        "(27, 227)",
        "(15, 125)",
        "(716, 782)",
        "(510, 974)",
        "(679, 306)"
    ],
    "(346, 109)": [
        "(552, 457)",
        "(716, 782)",
        "(27, 227)",
        "(342, 526)",
        "(296, 659)",
        "(32, 118)",
        "(220, 517)",
        "(79, 493)",
        "(15, 125)",
        "(510, 974)",
        "(469, 915)",
        "(513, 427)",
        "(394, 692)",
        "(777, 872)",
        "(413, 136)",
        "(663, 333)",
        "(602, 702)",
        "(33, 710)",
        "(475, 238)",
        "(600, 813)",
        "(394, 323)",
        "(154, 748)",
        "(654, 355)",
        "(442, 831)",
        "(210, 772)",
        "(688, 761)",
        "(373, 831)",
        "(954, 187)",
        "(3, 710)"
    ],
    "(954, 187)": [
        "(602, 702)",
        "(27, 227)",
        "(15, 125)",
        "(373, 831)",
        "(79, 493)",
        "(753, 217)",
        "(469, 915)",
        "(663, 333)",
        "(716, 782)",
        "(600, 813)",
        "(394, 692)",
        "(394, 323)",
        "(379, 343)",
        "(413, 136)",
        "(475, 238)",
        "(679, 306)",
        "(811, 113)",
        "(210, 772)",
        "(296, 659)",
        "(3, 710)",
        "(513, 427)",
        "(442, 831)",
        "(346, 109)"
    ],
    "(373, 831)": [
        "(602, 702)",
        "(679, 306)",
        "(513, 427)",
        "(510, 974)",
        "(811, 113)",
        "(600, 813)",
        "(954, 187)",
        "(154, 748)",
        "(716, 782)",
        "(475, 238)",
        "(939, 225)",
        "(33, 710)",
        "(296, 659)",
        "(753, 217)",
        "(413, 136)",
        "(688, 761)",
        "(15, 125)",
        "(394, 323)",
        "(777, 872)",
        "(394, 692)",
        "(210, 772)",
        "(469, 915)",
        "(32, 118)",
        "(79, 493)",
        "(346, 109)",
        "(654, 355)",
        "(663, 333)",
        "(379, 343)",
        "(442, 831)"
    ],
    "(469, 915)": [
        "(154, 748)",
        "(394, 692)",
        "(379, 343)",
        "(413, 136)",
        "(600, 813)",
        "(954, 187)",
        "(79, 493)",
        "(513, 427)",
        "(296, 659)",
        "(346, 109)",
        "(510, 974)",
        "(15, 125)",
        "(394, 323)",
        "(27, 227)",
        "(777, 872)",
        "(373, 831)",
        "(663, 333)",
        "(3, 710)",
        "(716, 782)",
        "(33, 710)",
        "(811, 113)",
        "(475, 238)",
        "(688, 761)"
    ],
    "(15, 125)": [
        "(27, 227)",
        "(688, 761)",
        "(954, 187)",
        "(413, 136)",
        "(654, 355)",
        "(33, 710)",
        "(346, 109)",
        "(3, 710)",
        "(32, 118)",
        "(373, 831)",
        "(513, 427)",
        "(469, 915)",
        "(442, 831)",
        "(220, 517)",
        "(939, 225)",
        "(394, 692)",
        "(154, 748)",
        "(210, 772)",
        "(510, 974)",
        "(552, 457)",
        "(753, 217)",
        "(394, 323)",
        "(79, 493)",
        "(679, 306)",
        "(296, 659)",
        "(777, 872)",
        "(602, 702)",
        "(475, 238)"
    ],
    "(210, 772)": [
        "(600, 813)",
        "(296, 659)",
        "(688, 761)",
        "(654, 355)",
        "(679, 306)",
        "(663, 333)",
        "(79, 493)",
        "(475, 238)",
        "(510, 974)",
        "(777, 872)",
        "(954, 187)",
        "(373, 831)",
        "(552, 457)",
        "(15, 125)",
        "(154, 748)",
        "(716, 782)",
        "(379, 343)",
        "(413, 136)",
        "(346, 109)",
        "(32, 118)",
        "(27, 227)",
        "(220, 517)"
    ],
    "(154, 748)": [
        "(469, 915)",
        "(373, 831)",
        "(394, 692)",
        "(510, 974)",
        "(475, 238)",
        "(753, 217)",
        "(342, 526)",
        "(413, 136)",
        "(27, 227)",
        "(654, 355)",
        "(15, 125)",
        "(602, 702)",
        "(3, 710)",
        "(379, 343)",
        "(346, 109)",
        "(777, 872)",
        "(210, 772)",
        "(220, 517)",
        "(394, 323)",
        "(442, 831)",
        "(716, 782)",
        "(79, 493)",
        "(688, 761)",
        "(663, 333)"
    ],
    "(679, 306)": [
        "(342, 526)",
        "(654, 355)",
        "(373, 831)",
        "(210, 772)",
        "(3, 710)",
        "(442, 831)",
        "(475, 238)",
        "(379, 343)",
        "(811, 113)",
        "(954, 187)",
        "(33, 710)",
        "(510, 974)",
        "(939, 225)",
        "(394, 323)",
        "(513, 427)",
        "(777, 872)",
        "(602, 702)",
        "(27, 227)",
        "(688, 761)",
        "(753, 217)",
        "(220, 517)",
        "(15, 125)",
        "(79, 493)",
        "(296, 659)"
    ],
    "(3, 710)": [
        "(32, 118)",
        "(79, 493)",
        "(939, 225)",
        "(679, 306)",
        "(413, 136)",
        "(15, 125)",
        "(296, 659)",
        "(552, 457)",
        "(442, 831)",
        "(600, 813)",
        "(394, 323)",
        "(654, 355)",
        "(475, 238)",
        "(342, 526)",
        "(220, 517)",
        "(394, 692)",
        "(154, 748)",
        "(663, 333)",
        "(27, 227)",
        "(954, 187)",
        "(513, 427)",
        "(469, 915)",
        "(716, 782)",
        "(753, 217)",
        "(688, 761)",
        "(346, 109)"
    ],
    "(32, 118)": [
        "(716, 782)",
        "(3, 710)",
        "(510, 974)",
        "(33, 710)",
        "(342, 526)",
        "(346, 109)",
        "(600, 813)",
        "(442, 831)",
        "(15, 125)",
        "(811, 113)",
        "(552, 457)",
        "(939, 225)",
        "(777, 872)",
        "(373, 831)",
        "(394, 692)",
        "(379, 343)",
        "(602, 702)",
        "(654, 355)",
        "(663, 333)",
        "(79, 493)",
        "(210, 772)",
        "(413, 136)",
        "(475, 238)",
        "(688, 761)",
        "(394, 323)",
        "(513, 427)"
    ],
    "(394, 323)": [
        "(220, 517)",
        "(442, 831)",
        "(753, 217)",
        "(716, 782)",
        "(510, 974)",
        "(600, 813)",
        "(954, 187)",
        "(373, 831)",
        "(513, 427)",
        "(3, 710)",
        "(469, 915)",
        "(296, 659)",
        "(679, 306)",
        "(342, 526)",
        "(346, 109)",
        "(15, 125)",
        "(154, 748)",
        "(33, 710)",
        "(32, 118)",
        "(654, 355)",
        "(811, 113)",
        "(379, 343)"
    ],
    "(79, 493)": [
        "(3, 710)",
        "(954, 187)",
        "(296, 659)",
        "(346, 109)",
        "(688, 761)",
        "(469, 915)",
        "(210, 772)",
        "(394, 692)",
        "(777, 872)",
        "(413, 136)",
        "(716, 782)",
        "(475, 238)",
        "(33, 710)",
        "(663, 333)",
        "(753, 217)",
        "(15, 125)",
        "(811, 113)",
        "(442, 831)",
        "(373, 831)",
        "(32, 118)",
        "(342, 526)",
        "(379, 343)",
        "(220, 517)",
        "(154, 748)",
        "(679, 306)"
    ],
    "(753, 217)": [
        "(654, 355)",
        "(602, 702)",
        "(379, 343)",
        "(954, 187)",
        "(688, 761)",
        "(154, 748)",
        "(342, 526)",
        "(373, 831)",
        "(394, 323)",
        "(442, 831)",
        "(475, 238)",
        "(220, 517)",
        "(939, 225)",
        "(600, 813)",
        "(15, 125)",
        "(552, 457)",
        "(79, 493)",
        "(510, 974)",
        "(3, 710)",
        "(679, 306)",
        "(296, 659)",
        "(394, 692)",
        "(811, 113)",
        "(716, 782)",
        "(27, 227)",
        "(513, 427)",
        "(663, 333)"
    ],
    "(716, 782)": [
        "(688, 761)",
        "(32, 118)",
        "(939, 225)",
        "(346, 109)",
        "(600, 813)",
        "(373, 831)",
        "(342, 526)",
        "(654, 355)",
        "(510, 974)",
        "(394, 692)",
        "(379, 343)",
        "(954, 187)",
        "(394, 323)",
        "(475, 238)",
        "(513, 427)",
        "(552, 457)",
        "(79, 493)",
        "(602, 702)",
        "(210, 772)",
        "(3, 710)",
        "(811, 113)",
        "(777, 872)",
        "(469, 915)",
        "(663, 333)",
        "(154, 748)",
        "(753, 217)",
        "(296, 659)"
    ],
    "(939, 225)": [
        "(552, 457)",
        "(716, 782)",
        "(663, 333)",
        "(654, 355)",
        "(3, 710)",
        "(777, 872)",
        "(688, 761)",
        "(342, 526)",
        "(373, 831)",
        "(510, 974)",
        "(27, 227)",
        "(602, 702)",
        "(442, 831)",
        "(32, 118)",
        "(753, 217)",
        "(679, 306)",
        "(379, 343)",
        "(15, 125)",
        "(811, 113)",
        "(33, 710)",
        "(394, 692)",
        "(413, 136)"
    ],
    "(654, 355)": [
        "(679, 306)",
        "(513, 427)",
        "(939, 225)",
        "(753, 217)",
        "(15, 125)",
        "(602, 702)",
        "(210, 772)",
        "(716, 782)",
        "(510, 974)",
        "(33, 710)",
        "(777, 872)",
        "(154, 748)",
        "(27, 227)",
        "(3, 710)",
        "(220, 517)",
        "(663, 333)",
        "(379, 343)",
        "(394, 692)",
        "(32, 118)",
        "(346, 109)",
        "(552, 457)",
        "(442, 831)",
        "(373, 831)",
        "(394, 323)"
    ],
    "(220, 517)": [
        "(342, 526)",
        "(600, 813)",
        "(688, 761)",
        "(413, 136)",
        "(346, 109)",
        "(394, 323)",
        "(379, 343)",
        "(475, 238)",
        "(602, 702)",
        "(552, 457)",
        "(753, 217)",
        "(654, 355)",
        "(296, 659)",
        "(15, 125)",
        "(663, 333)",
        "(3, 710)",
        "(442, 831)",
        "(27, 227)",
        "(154, 748)",
        "(679, 306)",
        "(394, 692)",
        "(79, 493)",
        "(210, 772)",
        "(811, 113)"
    ],
    "(513, 427)": [
        "(654, 355)",
        "(373, 831)",
        "(811, 113)",
        "(469, 915)",
        "(475, 238)",
        "(442, 831)",
        "(342, 526)",
        "(346, 109)",
        "(15, 125)",
        "(552, 457)",
        "(688, 761)",
        "(394, 323)",
        "(716, 782)",
        "(663, 333)",
        "(679, 306)",
        "(777, 872)",
        "(3, 710)",
        "(954, 187)",
        "(602, 702)",
        "(413, 136)",
        "(379, 343)",
        "(753, 217)",
        "(32, 118)",
        "(27, 227)"
    ],
    "(602, 702)": [
        "(373, 831)",
        "(954, 187)",
        "(811, 113)",
        "(753, 217)",
        "(552, 457)",
        "(654, 355)",
        "(663, 333)",
        "(413, 136)",
        "(220, 517)",
        "(939, 225)",
        "(346, 109)",
        "(777, 872)",
        "(379, 343)",
        "(154, 748)",
        "(342, 526)",
        "(716, 782)",
        "(600, 813)",
        "(32, 118)",
        "(394, 692)",
        "(33, 710)",
        "(688, 761)",
        "(679, 306)",
        "(513, 427)",
        "(296, 659)",
        "(27, 227)",
        "(15, 125)"
    ],
    "(27, 227)": [
        "(954, 187)",
        "(15, 125)",
        "(342, 526)",
        "(346, 109)",
        "(552, 457)",
        "(939, 225)",
        "(154, 748)",
        "(654, 355)",
        "(442, 831)",
        "(469, 915)",
        "(663, 333)",
        "(3, 710)",
        "(33, 710)",
        "(220, 517)",
        "(475, 238)",
        "(679, 306)",
        "(777, 872)",
        "(811, 113)",
        "(379, 343)",
        "(413, 136)",
        "(602, 702)",
        "(296, 659)",
        "(394, 692)",
        "(210, 772)",
        "(688, 761)",
        "(753, 217)",
        "(600, 813)",
        "(513, 427)"
    ],
    "(811, 113)": [
        "(663, 333)",
        "(602, 702)",
        "(513, 427)",
        "(373, 831)",
        "(394, 692)",
        "(510, 974)",
        "(379, 343)",
        "(442, 831)",
        "(552, 457)",
        "(32, 118)",
        "(777, 872)",
        "(679, 306)",
        "(954, 187)",
        "(475, 238)",
        "(342, 526)",
        "(688, 761)",
        "(600, 813)",
        "(939, 225)",
        "(413, 136)",
        "(27, 227)",
        "(716, 782)",
        "(79, 493)",
        "(469, 915)",
        "(753, 217)",
        "(220, 517)",
        "(394, 323)"
    ],
    "(33, 710)": [
        "(688, 761)",
        "(379, 343)",
        "(32, 118)",
        "(413, 136)",
        "(342, 526)",
        "(552, 457)",
        "(15, 125)",
        "(373, 831)",
        "(654, 355)",
        "(442, 831)",
        "(679, 306)",
        "(475, 238)",
        "(663, 333)",
        "(346, 109)",
        "(79, 493)",
        "(27, 227)",
        "(602, 702)",
        "(939, 225)",
        "(600, 813)",
        "(469, 915)",
        "(394, 323)",
        "(510, 974)",
        "(777, 872)"
    ],
    "(600, 813)": [
        "(220, 517)",
        "(210, 772)",
        "(296, 659)",
        "(716, 782)",
        "(373, 831)",
        "(469, 915)",
        "(32, 118)",
        "(688, 761)",
        "(413, 136)",
        "(342, 526)",
        "(954, 187)",
        "(394, 323)",
        "(663, 333)",
        "(3, 710)",
        "(552, 457)",
        "(777, 872)",
        "(379, 343)",
        "(442, 831)",
        "(475, 238)",
        "(811, 113)",
        "(346, 109)",
        "(602, 702)",
        "(753, 217)",
        "(33, 710)",
        "(510, 974)",
        "(27, 227)"
    ],
    "(442, 831)": [
        "(688, 761)",
        "(296, 659)",
        "(342, 526)",
        "(394, 323)",
        "(679, 306)",
        "(32, 118)",
        "(811, 113)",
        "(753, 217)",
        "(513, 427)",
        "(939, 225)",
        "(3, 710)",
        "(33, 710)",
        "(510, 974)",
        "(15, 125)",
        "(27, 227)",
        "(600, 813)",
        "(220, 517)",
        "(379, 343)",
        "(552, 457)",
        "(154, 748)",
        "(954, 187)",
        "(346, 109)",
        "(79, 493)",
        "(654, 355)",
        "(373, 831)",
        "(663, 333)"
    ],
    "(688, 761)": [
        "(33, 710)",
        "(296, 659)",
        "(716, 782)",
        "(15, 125)",
        "(442, 831)",
        "(394, 692)",
        "(210, 772)",
        "(379, 343)",
        "(220, 517)",
        "(939, 225)",
        "(79, 493)",
        "(753, 217)",
        "(600, 813)",
        "(663, 333)",
        "(373, 831)",
        "(552, 457)",
        "(513, 427)",
        "(811, 113)",
        "(777, 872)",
        "(475, 238)",
        "(602, 702)",
        "(510, 974)",
        "(679, 306)",
        "(346, 109)",
        "(3, 710)",
        "(32, 118)",
        "(154, 748)",
        "(27, 227)",
        "(469, 915)"
    ],
    "(379, 343)": [
        "(33, 710)",
        "(510, 974)",
        "(469, 915)",
        "(688, 761)",
        "(811, 113)",
        "(753, 217)",
        "(663, 333)",
        "(777, 872)",
        "(716, 782)",
        "(679, 306)",
        "(220, 517)",
        "(954, 187)",
        "(600, 813)",
        "(939, 225)",
        "(342, 526)",
        "(602, 702)",
        "(654, 355)",
        "(394, 692)",
        "(154, 748)",
        "(32, 118)",
        "(413, 136)",
        "(442, 831)",
        "(296, 659)",
        "(210, 772)",
        "(27, 227)",
        "(513, 427)",
        "(475, 238)",
        "(79, 493)",
        "(373, 831)",
        "(552, 457)",
        "(394, 323)"
    ],
    "(663, 333)": [
        "(811, 113)",
        "(939, 225)",
        "(510, 974)",
        "(413, 136)",
        "(602, 702)",
        "(210, 772)",
        "(379, 343)",
        "(954, 187)",
        "(688, 761)",
        "(777, 872)",
        "(600, 813)",
        "(513, 427)",
        "(346, 109)",
        "(33, 710)",
        "(220, 517)",
        "(654, 355)",
        "(27, 227)",
        "(469, 915)",
        "(3, 710)",
        "(79, 493)",
        "(394, 692)",
        "(716, 782)",
        "(32, 118)",
        "(373, 831)",
        "(342, 526)",
        "(154, 748)",
        "(753, 217)",
        "(442, 831)"
    ],
    "(475, 238)": [
        "(296, 659)",
        "(373, 831)",
        "(510, 974)",
        "(154, 748)",
        "(679, 306)",
        "(513, 427)",
        "(220, 517)",
        "(210, 772)",
        "(716, 782)",
        "(753, 217)",
        "(954, 187)",
        "(342, 526)",
        "(413, 136)",
        "(811, 113)",
        "(33, 710)",
        "(600, 813)",
        "(3, 710)",
        "(79, 493)",
        "(346, 109)",
        "(688, 761)",
        "(27, 227)",
        "(379, 343)",
        "(32, 118)",
        "(469, 915)",
        "(15, 125)"
    ],
    "(342, 526)": [
        "(679, 306)",
        "(220, 517)",
        "(27, 227)",
        "(32, 118)",
        "(346, 109)",
        "(442, 831)",
        "(33, 710)",
        "(510, 974)",
        "(716, 782)",
        "(939, 225)",
        "(753, 217)",
        "(600, 813)",
        "(777, 872)",
        "(154, 748)",
        "(394, 692)",
        "(513, 427)",
        "(475, 238)",
        "(811, 113)",
        "(379, 343)",
        "(3, 710)",
        "(394, 323)",
        "(602, 702)",
        "(296, 659)",
        "(79, 493)",
        "(663, 333)"
    ]
}