{
    "(614, 502)": [
        "(771, 585)",
        "(885, 230)",
        "(247, 685)",
        "(432, 580)",
        "(705, 536)"
    ],
    "(432, 580)": [
        "(614, 502)"
    ],
    "(247, 685)": [
        "(705, 536)",
        "(614, 502)"
    ],
    "(355, 588)": [
        "(885, 230)"
    ],
    "(598, 503)": [],
    "(969, 607)": [
        "(771, 585)",
        "(885, 230)"
    ],
    "(705, 536)": [
        "(715, 265)",
        "(247, 685)",
        "(614, 502)",
        "(771, 585)"
    ],
    "(771, 585)": [
        "(614, 502)",
        "(969, 607)",
        "(705, 536)"
    ],
    "(885, 230)": [
        "(355, 588)",
        "(614, 502)",
        "(969, 607)"
    ],
    "(715, 265)": [
        "(705, 536)"
    ]
}