{
    "(712, 849)": [
        "(763, 465)",
        "(142, 253)",
        "(289, 501)",
        "(23, 310)",
        "(147, 710)",
        "(50, 2)",
        "(488, 259)",
        "(316, 351)",
        "(602, 309)",
        "(786, 954)",
        "(43, 204)"
    ],
    "(386, 635)": [
        "(378, 364)",
        "(488, 259)",
        "(289, 501)",
        "(237, 205)",
        "(23, 310)",
        "(513, 537)",
        "(50, 2)",
        "(921, 715)",
        "(412, 753)",
        "(142, 253)"
    ],
    "(316, 351)": [
        "(142, 253)",
        "(763, 465)",
        "(412, 753)",
        "(870, 767)",
        "(23, 310)",
        "(513, 537)",
        "(786, 954)",
        "(108, 208)",
        "(289, 501)",
        "(602, 309)",
        "(147, 710)",
        "(712, 849)"
    ],
    "(120, 890)": [
        "(147, 710)",
        "(142, 253)",
        "(378, 364)",
        "(23, 310)",
        "(763, 465)",
        "(237, 205)"
    ],
    "(108, 208)": [
        "(237, 205)",
        "(763, 465)",
        "(289, 501)",
        "(513, 537)",
        "(142, 253)",
        "(316, 351)",
        "(43, 204)",
        "(325, 53)",
        "(786, 954)",
        "(488, 259)",
        "(870, 767)"
    ],
    "(142, 253)": [
        "(316, 351)",
        "(602, 309)",
        "(763, 465)",
        "(120, 890)",
        "(513, 537)",
        "(712, 849)",
        "(23, 310)",
        "(870, 767)",
        "(108, 208)",
        "(386, 635)",
        "(378, 364)",
        "(325, 53)",
        "(786, 954)",
        "(412, 753)",
        "(237, 205)"
    ],
    "(378, 364)": [
        "(763, 465)",
        "(386, 635)",
        "(921, 715)",
        "(120, 890)",
        "(870, 767)",
        "(513, 537)",
        "(289, 501)",
        "(142, 253)"
    ],
    "(921, 715)": [
        "(325, 53)",
        "(378, 364)",
        "(386, 635)",
        "(289, 501)",
        "(513, 537)",
        "(50, 2)",
        "(488, 259)",
        "(147, 710)"
    ],
    "(23, 310)": [
        "(316, 351)",
        "(120, 890)",
        "(325, 53)",
        "(386, 635)",
        "(43, 204)",
        "(142, 253)",
        "(50, 2)",
        "(712, 849)",
        "(513, 537)",
        "(488, 259)",
        "(870, 767)",
        "(289, 501)"
    ],
    "(289, 501)": [
        "(602, 309)",
        "(786, 954)",
        "(108, 208)",
        "(386, 635)",
        "(712, 849)",
        "(237, 205)",
        "(921, 715)",
        "(378, 364)",
        "(316, 351)",
        "(147, 710)",
        "(513, 537)",
        "(23, 310)",
        "(870, 767)"
    ],
    "(43, 204)": [
        "(325, 53)",
        "(23, 310)",
        "(513, 537)",
        "(763, 465)",
        "(108, 208)",
        "(237, 205)",
        "(712, 849)"
    ],
    "(488, 259)": [
        "(513, 537)",
        "(237, 205)",
        "(386, 635)",
        "(147, 710)",
        "(712, 849)",
        "(50, 2)",
        "(921, 715)",
        "(108, 208)",
        "(23, 310)",
        "(602, 309)"
    ],
    "(147, 710)": [
        "(50, 2)",
        "(786, 954)",
        "(120, 890)",
        "(412, 753)",
        "(602, 309)",
        "(488, 259)",
        "(325, 53)",
        "(712, 849)",
        "(289, 501)",
        "(316, 351)",
        "(921, 715)",
        "(513, 537)",
        "(237, 205)"
    ],
    "(325, 53)": [
        "(513, 537)",
        "(921, 715)",
        "(786, 954)",
        "(602, 309)",
        "(237, 205)",
        "(23, 310)",
        "(43, 204)",
        "(147, 710)",
        "(108, 208)",
        "(763, 465)",
        "(142, 253)"
    ],
    "(870, 767)": [
        "(513, 537)",
        "(412, 753)",
        "(316, 351)",
        "(142, 253)",
        "(378, 364)",
        "(50, 2)",
        "(23, 310)",
        "(602, 309)",
        "(108, 208)",
        "(289, 501)"
    ],
    "(50, 2)": [
        "(147, 710)",
        "(513, 537)",
        "(386, 635)",
        "(23, 310)",
        "(921, 715)",
        "(712, 849)",
        "(488, 259)",
        "(870, 767)"
    ],
    "(412, 753)": [
        "(147, 710)",
        "(316, 351)",
        "(237, 205)",
        "(870, 767)",
        "(513, 537)",
        "(386, 635)",
        "(786, 954)",
        "(142, 253)"
    ],
    "(513, 537)": [
        "(870, 767)",
        "(602, 309)",
        "(325, 53)",
        "(488, 259)",
        "(142, 253)",
        "(50, 2)",
        "(108, 208)",
        "(316, 351)",
        "(386, 635)",
        "(43, 204)",
        "(378, 364)",
        "(23, 310)",
        "(921, 715)",
        "(412, 753)",
        "(237, 205)",
        "(147, 710)",
        "(289, 501)"
    ],
    "(786, 954)": [
        "(147, 710)",
        "(289, 501)",
        "(325, 53)",
        "(602, 309)",
        "(316, 351)",
        "(108, 208)",
        "(412, 753)",
        "(712, 849)",
        "(142, 253)"
    ],
    "(763, 465)": [
        "(378, 364)",
        "(316, 351)",
        "(142, 253)",
        "(108, 208)",
        "(712, 849)",
        "(120, 890)",
        "(237, 205)",
        "(43, 204)",
        "(325, 53)"
    ],
    "(237, 205)": [
        "(108, 208)",
        "(488, 259)",
        "(412, 753)",
        "(386, 635)",
        "(325, 53)",
        "(763, 465)",
        "(120, 890)",
        "(289, 501)",
        "(513, 537)",
        "(43, 204)",
        "(142, 253)",
        "(147, 710)"
    ],
    "(602, 309)": [
        "(289, 501)",
        "(513, 537)",
        "(142, 253)",
        "(786, 954)",
        "(147, 710)",
        "(325, 53)",
        "(316, 351)",
        "(712, 849)",
        "(488, 259)",
        "(870, 767)"
    ]
}