{
    "(9, 88)": [
        "(313, 714)",
        "(697, 793)",
        "(25, 622)"
    ],
    "(25, 622)": [
        "(697, 793)",
        "(12, 617)",
        "(425, 854)",
        "(638, 680)",
        "(9, 88)"
    ],
    "(12, 617)": [
        "(425, 854)",
        "(313, 714)",
        "(25, 622)",
        "(638, 680)",
        "(697, 793)"
    ],
    "(425, 854)": [
        "(12, 617)",
        "(925, 349)",
        "(313, 714)",
        "(697, 793)",
        "(638, 680)",
        "(25, 622)"
    ],
    "(697, 793)": [
        "(25, 622)",
        "(9, 88)",
        "(425, 854)",
        "(12, 617)"
    ],
    "(638, 680)": [
        "(509, 813)",
        "(313, 714)",
        "(425, 854)",
        "(12, 617)",
        "(925, 349)",
        "(25, 622)"
    ],
    "(313, 714)": [
        "(9, 88)",
        "(12, 617)",
        "(425, 854)",
        "(638, 680)"
    ],
    "(509, 813)": [
        "(638, 680)"
    ],
    "(925, 349)": [
        "(425, 854)",
        "(638, 680)"
    ]
}