{
    "(632, 331)": [
        "(585, 280)",
        "(597, 44)",
        "(694, 978)",
        "(653, 822)",
        "(737, 942)",
        "(251, 204)",
        "(303, 451)",
        "(379, 850)",
        "(855, 578)",
        "(310, 647)",
        "(146, 665)",
        "(711, 301)",
        "(106, 755)",
        "(812, 28)",
        "(703, 936)",
        "(922, 598)",
        "(152, 55)",
        "(869, 725)",
        "(443, 420)",
        "(290, 977)",
        "(31, 733)",
        "(783, 199)",
        "(231, 464)",
        "(130, 990)",
        "(628, 186)",
        "(805, 69)",
        "(42, 382)",
        "(799, 873)",
        "(448, 685)",
        "(977, 267)",
        "(707, 150)",
        "(967, 454)",
        "(936, 98)",
        "(732, 609)",
        "(402, 609)",
        "(617, 927)",
        "(985, 968)",
        "(553, 133)",
        "(127, 381)"
    ],
    "(967, 454)": [
        "(152, 55)",
        "(102, 845)",
        "(31, 733)",
        "(780, 935)",
        "(575, 753)",
        "(357, 834)",
        "(711, 301)",
        "(783, 199)",
        "(805, 69)",
        "(873, 778)",
        "(231, 464)",
        "(585, 280)",
        "(412, 365)",
        "(799, 873)",
        "(127, 381)",
        "(357, 564)",
        "(120, 999)",
        "(883, 371)",
        "(225, 403)",
        "(985, 968)",
        "(26, 130)",
        "(196, 582)",
        "(42, 382)",
        "(869, 725)",
        "(327, 935)",
        "(357, 92)",
        "(812, 28)",
        "(863, 256)",
        "(617, 927)",
        "(251, 204)",
        "(628, 186)",
        "(746, 459)",
        "(146, 665)",
        "(438, 920)",
        "(632, 331)",
        "(870, 621)",
        "(694, 562)",
        "(883, 71)",
        "(303, 451)",
        "(703, 936)",
        "(529, 664)",
        "(195, 100)",
        "(379, 850)",
        "(694, 978)",
        "(443, 420)"
    ],
    "(759, 837)": [
        "(379, 850)",
        "(984, 292)",
        "(575, 753)",
        "(922, 598)",
        "(36, 223)",
        "(130, 990)",
        "(290, 977)",
        "(289, 959)",
        "(195, 100)",
        "(653, 822)",
        "(313, 364)",
        "(863, 256)",
        "(402, 609)",
        "(251, 204)",
        "(357, 92)",
        "(275, 577)",
        "(225, 403)",
        "(936, 98)",
        "(412, 365)",
        "(42, 382)",
        "(732, 609)",
        "(711, 301)",
        "(152, 55)",
        "(812, 28)",
        "(198, 115)",
        "(31, 733)",
        "(883, 371)",
        "(741, 967)",
        "(873, 778)",
        "(188, 361)",
        "(855, 578)",
        "(596, 708)",
        "(805, 69)",
        "(327, 935)",
        "(780, 935)",
        "(196, 582)",
        "(393, 649)",
        "(985, 968)",
        "(883, 71)",
        "(628, 186)",
        "(204, 574)",
        "(631, 645)"
    ],
    "(130, 990)": [
        "(289, 959)",
        "(290, 977)",
        "(575, 753)",
        "(628, 186)",
        "(694, 562)",
        "(737, 942)",
        "(759, 837)",
        "(799, 873)",
        "(653, 822)",
        "(812, 28)",
        "(26, 130)",
        "(529, 664)",
        "(602, 356)",
        "(873, 778)",
        "(443, 420)",
        "(781, 472)",
        "(379, 850)",
        "(231, 464)",
        "(869, 725)",
        "(855, 578)",
        "(310, 647)",
        "(412, 365)",
        "(357, 92)",
        "(632, 331)",
        "(863, 256)",
        "(448, 685)",
        "(732, 609)",
        "(883, 71)",
        "(225, 403)",
        "(746, 459)",
        "(31, 733)",
        "(694, 978)",
        "(245, 26)",
        "(102, 845)",
        "(327, 935)",
        "(195, 100)",
        "(22, 424)",
        "(617, 927)",
        "(985, 968)",
        "(204, 574)",
        "(596, 708)",
        "(707, 150)",
        "(936, 98)",
        "(693, 641)",
        "(251, 204)",
        "(2, 788)",
        "(524, 13)"
    ],
    "(694, 562)": [
        "(746, 459)",
        "(524, 13)",
        "(602, 356)",
        "(628, 186)",
        "(275, 577)",
        "(130, 990)",
        "(936, 98)",
        "(26, 130)",
        "(855, 578)",
        "(195, 100)",
        "(127, 381)",
        "(303, 451)",
        "(2, 788)",
        "(781, 472)",
        "(799, 873)",
        "(133, 481)",
        "(438, 920)",
        "(289, 959)",
        "(196, 582)",
        "(922, 598)",
        "(120, 999)",
        "(313, 364)",
        "(780, 935)",
        "(693, 641)",
        "(327, 935)",
        "(631, 645)",
        "(783, 199)",
        "(357, 834)",
        "(863, 256)",
        "(102, 845)",
        "(737, 942)",
        "(529, 664)",
        "(883, 371)",
        "(245, 26)",
        "(152, 55)",
        "(870, 621)",
        "(597, 44)",
        "(967, 454)",
        "(812, 28)",
        "(42, 382)",
        "(36, 223)",
        "(146, 665)",
        "(585, 280)",
        "(22, 424)",
        "(596, 708)",
        "(225, 403)",
        "(443, 420)"
    ],
    "(812, 28)": [
        "(883, 71)",
        "(359, 89)",
        "(36, 223)",
        "(585, 280)",
        "(26, 130)",
        "(393, 649)",
        "(130, 990)",
        "(711, 301)",
        "(737, 942)",
        "(707, 150)",
        "(438, 920)",
        "(632, 331)",
        "(245, 26)",
        "(106, 755)",
        "(732, 609)",
        "(133, 481)",
        "(869, 725)",
        "(402, 609)",
        "(204, 574)",
        "(873, 778)",
        "(977, 267)",
        "(602, 356)",
        "(628, 186)",
        "(231, 464)",
        "(443, 420)",
        "(746, 459)",
        "(985, 968)",
        "(783, 199)",
        "(653, 822)",
        "(967, 454)",
        "(22, 424)",
        "(759, 837)",
        "(863, 256)",
        "(327, 935)",
        "(781, 472)",
        "(694, 562)",
        "(631, 645)",
        "(290, 977)",
        "(984, 292)",
        "(694, 978)",
        "(693, 641)"
    ],
    "(310, 647)": [
        "(693, 641)",
        "(402, 609)",
        "(781, 472)",
        "(127, 381)",
        "(275, 577)",
        "(602, 356)",
        "(393, 649)",
        "(694, 978)",
        "(632, 331)",
        "(196, 582)",
        "(2, 788)",
        "(553, 133)",
        "(596, 708)",
        "(617, 927)",
        "(146, 665)",
        "(357, 834)",
        "(392, 191)",
        "(529, 664)",
        "(130, 990)",
        "(631, 645)",
        "(575, 753)",
        "(732, 609)",
        "(707, 150)",
        "(438, 920)",
        "(863, 256)",
        "(936, 98)",
        "(198, 115)",
        "(412, 365)",
        "(204, 574)",
        "(870, 621)",
        "(703, 936)",
        "(106, 755)",
        "(597, 44)",
        "(120, 999)",
        "(443, 420)",
        "(746, 459)",
        "(628, 186)",
        "(102, 845)",
        "(195, 100)",
        "(741, 967)",
        "(31, 733)",
        "(855, 578)"
    ],
    "(152, 55)": [
        "(737, 942)",
        "(967, 454)",
        "(741, 967)",
        "(42, 382)",
        "(438, 920)",
        "(863, 256)",
        "(393, 649)",
        "(2, 788)",
        "(529, 664)",
        "(204, 574)",
        "(195, 100)",
        "(313, 364)",
        "(855, 578)",
        "(870, 621)",
        "(412, 365)",
        "(196, 582)",
        "(632, 331)",
        "(746, 459)",
        "(617, 927)",
        "(628, 186)",
        "(631, 645)",
        "(146, 665)",
        "(597, 44)",
        "(653, 822)",
        "(873, 778)",
        "(22, 424)",
        "(225, 403)",
        "(759, 837)",
        "(922, 598)",
        "(26, 130)",
        "(57, 822)",
        "(694, 562)",
        "(357, 834)",
        "(231, 464)",
        "(357, 564)",
        "(127, 381)",
        "(102, 845)",
        "(251, 204)",
        "(936, 98)",
        "(783, 199)",
        "(977, 267)",
        "(780, 935)"
    ],
    "(198, 115)": [
        "(596, 708)",
        "(188, 361)",
        "(359, 89)",
        "(936, 98)",
        "(438, 920)",
        "(357, 834)",
        "(597, 44)",
        "(195, 100)",
        "(873, 778)",
        "(57, 822)",
        "(357, 564)",
        "(799, 873)",
        "(22, 424)",
        "(42, 382)",
        "(703, 936)",
        "(977, 267)",
        "(855, 578)",
        "(711, 301)",
        "(310, 647)",
        "(146, 665)",
        "(985, 968)",
        "(759, 837)",
        "(984, 292)",
        "(225, 403)",
        "(869, 725)",
        "(127, 381)",
        "(737, 942)",
        "(392, 191)",
        "(290, 977)",
        "(781, 472)",
        "(732, 609)",
        "(303, 451)",
        "(443, 420)",
        "(628, 186)"
    ],
    "(977, 267)": [
        "(443, 420)",
        "(22, 424)",
        "(102, 845)",
        "(196, 582)",
        "(529, 664)",
        "(873, 778)",
        "(303, 451)",
        "(617, 927)",
        "(357, 92)",
        "(393, 649)",
        "(746, 459)",
        "(883, 371)",
        "(438, 920)",
        "(327, 935)",
        "(694, 978)",
        "(106, 755)",
        "(412, 365)",
        "(741, 967)",
        "(984, 292)",
        "(812, 28)",
        "(245, 26)",
        "(251, 204)",
        "(198, 115)",
        "(780, 935)",
        "(632, 331)",
        "(869, 725)",
        "(275, 577)",
        "(870, 621)",
        "(225, 403)",
        "(703, 936)",
        "(653, 822)",
        "(855, 578)",
        "(152, 55)",
        "(120, 999)"
    ],
    "(741, 967)": [
        "(694, 978)",
        "(152, 55)",
        "(438, 920)",
        "(251, 204)",
        "(693, 641)",
        "(922, 598)",
        "(443, 420)",
        "(290, 977)",
        "(379, 850)",
        "(799, 873)",
        "(289, 959)",
        "(245, 26)",
        "(120, 999)",
        "(869, 725)",
        "(2, 788)",
        "(553, 133)",
        "(31, 733)",
        "(357, 92)",
        "(412, 365)",
        "(628, 186)",
        "(977, 267)",
        "(585, 280)",
        "(57, 822)",
        "(133, 481)",
        "(732, 609)",
        "(196, 582)",
        "(653, 822)",
        "(596, 708)",
        "(357, 834)",
        "(127, 381)",
        "(359, 89)",
        "(204, 574)",
        "(759, 837)",
        "(195, 100)",
        "(873, 778)",
        "(102, 845)",
        "(231, 464)",
        "(275, 577)",
        "(781, 472)",
        "(357, 564)",
        "(936, 98)",
        "(711, 301)",
        "(310, 647)",
        "(392, 191)",
        "(617, 927)",
        "(313, 364)"
    ],
    "(585, 280)": [
        "(632, 331)",
        "(936, 98)",
        "(26, 130)",
        "(870, 621)",
        "(631, 645)",
        "(448, 685)",
        "(812, 28)",
        "(357, 564)",
        "(251, 204)",
        "(146, 665)",
        "(57, 822)",
        "(967, 454)",
        "(799, 873)",
        "(883, 371)",
        "(855, 578)",
        "(438, 920)",
        "(327, 935)",
        "(741, 967)",
        "(42, 382)",
        "(863, 256)",
        "(984, 292)",
        "(529, 664)",
        "(703, 936)",
        "(653, 822)",
        "(379, 850)",
        "(617, 927)",
        "(780, 935)",
        "(707, 150)",
        "(524, 13)",
        "(22, 424)",
        "(188, 361)",
        "(303, 451)",
        "(392, 191)",
        "(204, 574)",
        "(746, 459)",
        "(553, 133)",
        "(357, 834)",
        "(443, 420)",
        "(694, 562)"
    ],
    "(443, 420)": [
        "(977, 267)",
        "(732, 609)",
        "(303, 451)",
        "(741, 967)",
        "(275, 577)",
        "(42, 382)",
        "(985, 968)",
        "(631, 645)",
        "(130, 990)",
        "(204, 574)",
        "(245, 26)",
        "(869, 725)",
        "(597, 44)",
        "(632, 331)",
        "(694, 978)",
        "(799, 873)",
        "(863, 256)",
        "(22, 424)",
        "(781, 472)",
        "(812, 28)",
        "(936, 98)",
        "(883, 371)",
        "(984, 292)",
        "(438, 920)",
        "(873, 778)",
        "(628, 186)",
        "(855, 578)",
        "(524, 13)",
        "(529, 664)",
        "(231, 464)",
        "(357, 834)",
        "(310, 647)",
        "(313, 364)",
        "(585, 280)",
        "(703, 936)",
        "(198, 115)",
        "(26, 130)",
        "(967, 454)",
        "(694, 562)"
    ],
    "(22, 424)": [
        "(231, 464)",
        "(357, 92)",
        "(225, 403)",
        "(870, 621)",
        "(977, 267)",
        "(617, 927)",
        "(596, 708)",
        "(711, 301)",
        "(102, 845)",
        "(251, 204)",
        "(146, 665)",
        "(188, 361)",
        "(524, 13)",
        "(379, 850)",
        "(883, 371)",
        "(780, 935)",
        "(553, 133)",
        "(799, 873)",
        "(36, 223)",
        "(873, 778)",
        "(746, 459)",
        "(204, 574)",
        "(936, 98)",
        "(198, 115)",
        "(628, 186)",
        "(133, 481)",
        "(443, 420)",
        "(313, 364)",
        "(781, 472)",
        "(438, 920)",
        "(152, 55)",
        "(196, 582)",
        "(812, 28)",
        "(597, 44)",
        "(26, 130)",
        "(245, 26)",
        "(984, 292)",
        "(585, 280)",
        "(359, 89)",
        "(130, 990)",
        "(805, 69)",
        "(693, 641)",
        "(393, 649)",
        "(863, 256)",
        "(707, 150)",
        "(303, 451)",
        "(694, 562)",
        "(529, 664)",
        "(985, 968)"
    ],
    "(985, 968)": [
        "(327, 935)",
        "(597, 44)",
        "(863, 256)",
        "(290, 977)",
        "(379, 850)",
        "(393, 649)",
        "(711, 301)",
        "(703, 936)",
        "(799, 873)",
        "(443, 420)",
        "(529, 664)",
        "(524, 13)",
        "(357, 92)",
        "(251, 204)",
        "(313, 364)",
        "(873, 778)",
        "(553, 133)",
        "(707, 150)",
        "(936, 98)",
        "(231, 464)",
        "(967, 454)",
        "(855, 578)",
        "(812, 28)",
        "(198, 115)",
        "(357, 564)",
        "(737, 942)",
        "(196, 582)",
        "(883, 71)",
        "(303, 451)",
        "(106, 755)",
        "(26, 130)",
        "(130, 990)",
        "(392, 191)",
        "(632, 331)",
        "(57, 822)",
        "(628, 186)",
        "(448, 685)",
        "(759, 837)",
        "(357, 834)",
        "(22, 424)",
        "(617, 927)"
    ],
    "(707, 150)": [
        "(746, 459)",
        "(529, 664)",
        "(36, 223)",
        "(524, 13)",
        "(146, 665)",
        "(188, 361)",
        "(812, 28)",
        "(617, 927)",
        "(575, 753)",
        "(985, 968)",
        "(799, 873)",
        "(883, 371)",
        "(357, 834)",
        "(2, 788)",
        "(357, 92)",
        "(310, 647)",
        "(275, 577)",
        "(597, 44)",
        "(870, 621)",
        "(585, 280)",
        "(653, 822)",
        "(42, 382)",
        "(628, 186)",
        "(869, 725)",
        "(632, 331)",
        "(693, 641)",
        "(26, 130)",
        "(694, 978)",
        "(732, 609)",
        "(130, 990)",
        "(448, 685)",
        "(204, 574)",
        "(290, 977)",
        "(22, 424)",
        "(936, 98)",
        "(120, 999)",
        "(412, 365)"
    ],
    "(402, 609)": [
        "(883, 371)",
        "(313, 364)",
        "(780, 935)",
        "(26, 130)",
        "(133, 481)",
        "(310, 647)",
        "(653, 822)",
        "(870, 621)",
        "(869, 725)",
        "(146, 665)",
        "(231, 464)",
        "(984, 292)",
        "(759, 837)",
        "(2, 788)",
        "(357, 834)",
        "(631, 645)",
        "(694, 978)",
        "(873, 778)",
        "(812, 28)",
        "(245, 26)",
        "(693, 641)",
        "(327, 935)",
        "(448, 685)",
        "(57, 822)",
        "(922, 598)",
        "(392, 191)",
        "(393, 649)",
        "(746, 459)",
        "(711, 301)",
        "(936, 98)",
        "(120, 999)",
        "(42, 382)",
        "(783, 199)",
        "(204, 574)",
        "(275, 577)",
        "(289, 959)",
        "(628, 186)",
        "(632, 331)",
        "(863, 256)",
        "(102, 845)",
        "(357, 564)",
        "(781, 472)",
        "(737, 942)"
    ],
    "(805, 69)": [
        "(31, 733)",
        "(553, 133)",
        "(711, 301)",
        "(631, 645)",
        "(653, 822)",
        "(597, 44)",
        "(448, 685)",
        "(967, 454)",
        "(357, 564)",
        "(204, 574)",
        "(575, 753)",
        "(127, 381)",
        "(146, 665)",
        "(188, 361)",
        "(133, 481)",
        "(42, 382)",
        "(231, 464)",
        "(984, 292)",
        "(694, 978)",
        "(120, 999)",
        "(703, 936)",
        "(225, 403)",
        "(883, 71)",
        "(26, 130)",
        "(732, 609)",
        "(2, 788)",
        "(632, 331)",
        "(799, 873)",
        "(855, 578)",
        "(251, 204)",
        "(393, 649)",
        "(783, 199)",
        "(863, 256)",
        "(196, 582)",
        "(102, 845)",
        "(693, 641)",
        "(759, 837)",
        "(22, 424)",
        "(438, 920)",
        "(327, 935)",
        "(412, 365)",
        "(780, 935)",
        "(195, 100)",
        "(359, 89)"
    ],
    "(438, 920)": [
        "(152, 55)",
        "(602, 356)",
        "(327, 935)",
        "(741, 967)",
        "(869, 725)",
        "(198, 115)",
        "(693, 641)",
        "(251, 204)",
        "(870, 621)",
        "(303, 451)",
        "(225, 403)",
        "(290, 977)",
        "(392, 191)",
        "(694, 562)",
        "(812, 28)",
        "(883, 71)",
        "(711, 301)",
        "(977, 267)",
        "(585, 280)",
        "(245, 26)",
        "(412, 365)",
        "(448, 685)",
        "(313, 364)",
        "(310, 647)",
        "(737, 942)",
        "(22, 424)",
        "(2, 788)",
        "(553, 133)",
        "(443, 420)",
        "(883, 371)",
        "(783, 199)",
        "(146, 665)",
        "(524, 13)",
        "(863, 256)",
        "(357, 564)",
        "(967, 454)",
        "(922, 598)",
        "(42, 382)",
        "(631, 645)",
        "(357, 834)",
        "(120, 999)",
        "(805, 69)",
        "(289, 959)",
        "(617, 927)",
        "(703, 936)",
        "(529, 664)",
        "(694, 978)"
    ],
    "(732, 609)": [
        "(196, 582)",
        "(57, 822)",
        "(883, 371)",
        "(922, 598)",
        "(443, 420)",
        "(120, 999)",
        "(245, 26)",
        "(863, 256)",
        "(225, 403)",
        "(290, 977)",
        "(812, 28)",
        "(799, 873)",
        "(393, 649)",
        "(231, 464)",
        "(746, 459)",
        "(310, 647)",
        "(873, 778)",
        "(553, 133)",
        "(204, 574)",
        "(357, 834)",
        "(741, 967)",
        "(805, 69)",
        "(130, 990)",
        "(759, 837)",
        "(357, 92)",
        "(869, 725)",
        "(653, 822)",
        "(2, 788)",
        "(392, 191)",
        "(632, 331)",
        "(707, 150)",
        "(102, 845)",
        "(188, 361)",
        "(42, 382)",
        "(106, 755)",
        "(198, 115)",
        "(703, 936)",
        "(448, 685)"
    ],
    "(781, 472)": [
        "(553, 133)",
        "(2, 788)",
        "(379, 850)",
        "(746, 459)",
        "(31, 733)",
        "(448, 685)",
        "(188, 361)",
        "(870, 621)",
        "(310, 647)",
        "(780, 935)",
        "(392, 191)",
        "(694, 562)",
        "(102, 845)",
        "(357, 564)",
        "(130, 990)",
        "(799, 873)",
        "(737, 942)",
        "(597, 44)",
        "(359, 89)",
        "(883, 371)",
        "(653, 822)",
        "(196, 582)",
        "(443, 420)",
        "(703, 936)",
        "(863, 256)",
        "(22, 424)",
        "(529, 664)",
        "(106, 755)",
        "(290, 977)",
        "(812, 28)",
        "(984, 292)",
        "(873, 778)",
        "(693, 641)",
        "(120, 999)",
        "(42, 382)",
        "(198, 115)",
        "(783, 199)",
        "(741, 967)",
        "(133, 481)",
        "(631, 645)",
        "(402, 609)",
        "(694, 978)",
        "(412, 365)",
        "(575, 753)"
    ],
    "(204, 574)": [
        "(251, 204)",
        "(379, 850)",
        "(780, 935)",
        "(869, 725)",
        "(596, 708)",
        "(36, 223)",
        "(805, 69)",
        "(106, 755)",
        "(152, 55)",
        "(245, 26)",
        "(529, 664)",
        "(443, 420)",
        "(448, 685)",
        "(653, 822)",
        "(746, 459)",
        "(631, 645)",
        "(628, 186)",
        "(711, 301)",
        "(188, 361)",
        "(22, 424)",
        "(812, 28)",
        "(303, 451)",
        "(694, 978)",
        "(732, 609)",
        "(412, 365)",
        "(524, 13)",
        "(883, 71)",
        "(289, 959)",
        "(146, 665)",
        "(922, 598)",
        "(863, 256)",
        "(741, 967)",
        "(310, 647)",
        "(327, 935)",
        "(597, 44)",
        "(127, 381)",
        "(402, 609)",
        "(357, 564)",
        "(130, 990)",
        "(585, 280)",
        "(707, 150)",
        "(290, 977)",
        "(759, 837)",
        "(26, 130)",
        "(737, 942)"
    ],
    "(57, 822)": [
        "(732, 609)",
        "(799, 873)",
        "(984, 292)",
        "(783, 199)",
        "(412, 365)",
        "(585, 280)",
        "(198, 115)",
        "(863, 256)",
        "(127, 381)",
        "(746, 459)",
        "(631, 645)",
        "(357, 92)",
        "(379, 850)",
        "(780, 935)",
        "(195, 100)",
        "(31, 733)",
        "(870, 621)",
        "(694, 978)",
        "(2, 788)",
        "(741, 967)",
        "(357, 564)",
        "(402, 609)",
        "(392, 191)",
        "(251, 204)",
        "(855, 578)",
        "(152, 55)",
        "(575, 753)",
        "(188, 361)",
        "(120, 999)",
        "(225, 403)",
        "(985, 968)",
        "(36, 223)",
        "(596, 708)",
        "(102, 845)",
        "(359, 89)",
        "(146, 665)",
        "(936, 98)"
    ],
    "(653, 822)": [
        "(703, 936)",
        "(805, 69)",
        "(984, 292)",
        "(632, 331)",
        "(133, 481)",
        "(524, 13)",
        "(596, 708)",
        "(402, 609)",
        "(196, 582)",
        "(231, 464)",
        "(780, 935)",
        "(130, 990)",
        "(275, 577)",
        "(759, 837)",
        "(529, 664)",
        "(313, 364)",
        "(883, 71)",
        "(36, 223)",
        "(204, 574)",
        "(245, 26)",
        "(290, 977)",
        "(195, 100)",
        "(26, 130)",
        "(922, 598)",
        "(781, 472)",
        "(855, 578)",
        "(152, 55)",
        "(585, 280)",
        "(379, 850)",
        "(812, 28)",
        "(617, 927)",
        "(741, 967)",
        "(737, 942)",
        "(707, 150)",
        "(732, 609)",
        "(127, 381)",
        "(359, 89)",
        "(42, 382)",
        "(303, 451)",
        "(883, 371)",
        "(106, 755)",
        "(225, 403)",
        "(977, 267)",
        "(602, 356)",
        "(412, 365)",
        "(873, 778)",
        "(102, 845)",
        "(799, 873)"
    ],
    "(883, 371)": [
        "(402, 609)",
        "(732, 609)",
        "(693, 641)",
        "(529, 664)",
        "(575, 753)",
        "(977, 267)",
        "(780, 935)",
        "(42, 382)",
        "(707, 150)",
        "(585, 280)",
        "(22, 424)",
        "(631, 645)",
        "(596, 708)",
        "(628, 186)",
        "(967, 454)",
        "(781, 472)",
        "(392, 191)",
        "(127, 381)",
        "(102, 845)",
        "(120, 999)",
        "(443, 420)",
        "(357, 564)",
        "(438, 920)",
        "(799, 873)",
        "(188, 361)",
        "(597, 44)",
        "(26, 130)",
        "(870, 621)",
        "(694, 562)",
        "(225, 403)",
        "(602, 356)",
        "(759, 837)",
        "(653, 822)",
        "(245, 26)",
        "(327, 935)",
        "(313, 364)",
        "(275, 577)",
        "(524, 13)",
        "(711, 301)",
        "(412, 365)",
        "(694, 978)"
    ],
    "(31, 733)": [
        "(863, 256)",
        "(805, 69)",
        "(967, 454)",
        "(290, 977)",
        "(873, 778)",
        "(855, 578)",
        "(781, 472)",
        "(42, 382)",
        "(883, 71)",
        "(392, 191)",
        "(289, 959)",
        "(703, 936)",
        "(412, 365)",
        "(936, 98)",
        "(596, 708)",
        "(146, 665)",
        "(741, 967)",
        "(799, 873)",
        "(393, 649)",
        "(694, 978)",
        "(102, 845)",
        "(245, 26)",
        "(746, 459)",
        "(783, 199)",
        "(57, 822)",
        "(870, 621)",
        "(359, 89)",
        "(632, 331)",
        "(26, 130)",
        "(553, 133)",
        "(251, 204)",
        "(922, 598)",
        "(130, 990)",
        "(711, 301)",
        "(357, 564)",
        "(759, 837)",
        "(780, 935)",
        "(737, 942)",
        "(617, 927)",
        "(379, 850)",
        "(231, 464)",
        "(575, 753)",
        "(631, 645)",
        "(133, 481)",
        "(310, 647)"
    ],
    "(448, 685)": [
        "(869, 725)",
        "(585, 280)",
        "(628, 186)",
        "(805, 69)",
        "(303, 451)",
        "(524, 13)",
        "(781, 472)",
        "(36, 223)",
        "(922, 598)",
        "(357, 834)",
        "(290, 977)",
        "(106, 755)",
        "(529, 664)",
        "(26, 130)",
        "(597, 44)",
        "(204, 574)",
        "(188, 361)",
        "(883, 71)",
        "(617, 927)",
        "(289, 959)",
        "(873, 778)",
        "(553, 133)",
        "(438, 920)",
        "(402, 609)",
        "(102, 845)",
        "(133, 481)",
        "(130, 990)",
        "(596, 708)",
        "(870, 621)",
        "(251, 204)",
        "(392, 191)",
        "(275, 577)",
        "(737, 942)",
        "(936, 98)",
        "(357, 564)",
        "(127, 381)",
        "(632, 331)",
        "(245, 26)",
        "(231, 464)",
        "(711, 301)",
        "(120, 999)",
        "(783, 199)",
        "(707, 150)",
        "(985, 968)",
        "(196, 582)",
        "(327, 935)",
        "(42, 382)",
        "(732, 609)"
    ],
    "(102, 845)": [
        "(967, 454)",
        "(977, 267)",
        "(869, 725)",
        "(799, 873)",
        "(22, 424)",
        "(412, 365)",
        "(393, 649)",
        "(781, 472)",
        "(31, 733)",
        "(597, 44)",
        "(357, 834)",
        "(26, 130)",
        "(628, 186)",
        "(106, 755)",
        "(289, 959)",
        "(290, 977)",
        "(448, 685)",
        "(984, 292)",
        "(883, 371)",
        "(694, 978)",
        "(196, 582)",
        "(694, 562)",
        "(529, 664)",
        "(780, 935)",
        "(711, 301)",
        "(130, 990)",
        "(524, 13)",
        "(2, 788)",
        "(741, 967)",
        "(805, 69)",
        "(617, 927)",
        "(188, 361)",
        "(402, 609)",
        "(225, 403)",
        "(732, 609)",
        "(152, 55)",
        "(310, 647)",
        "(922, 598)",
        "(42, 382)",
        "(57, 822)",
        "(653, 822)",
        "(783, 199)",
        "(575, 753)"
    ],
    "(870, 621)": [
        "(617, 927)",
        "(585, 280)",
        "(22, 424)",
        "(36, 223)",
        "(251, 204)",
        "(781, 472)",
        "(402, 609)",
        "(438, 920)",
        "(152, 55)",
        "(922, 598)",
        "(863, 256)",
        "(196, 582)",
        "(57, 822)",
        "(31, 733)",
        "(575, 753)",
        "(799, 873)",
        "(596, 708)",
        "(631, 645)",
        "(737, 942)",
        "(359, 89)",
        "(448, 685)",
        "(707, 150)",
        "(127, 381)",
        "(357, 834)",
        "(936, 98)",
        "(883, 371)",
        "(553, 133)",
        "(883, 71)",
        "(310, 647)",
        "(869, 725)",
        "(977, 267)",
        "(967, 454)",
        "(412, 365)",
        "(694, 562)",
        "(984, 292)",
        "(855, 578)",
        "(783, 199)"
    ],
    "(42, 382)": [
        "(392, 191)",
        "(596, 708)",
        "(152, 55)",
        "(31, 733)",
        "(575, 753)",
        "(36, 223)",
        "(133, 481)",
        "(251, 204)",
        "(984, 292)",
        "(443, 420)",
        "(379, 850)",
        "(799, 873)",
        "(883, 371)",
        "(2, 788)",
        "(805, 69)",
        "(780, 935)",
        "(524, 13)",
        "(290, 977)",
        "(585, 280)",
        "(198, 115)",
        "(967, 454)",
        "(597, 44)",
        "(869, 725)",
        "(759, 837)",
        "(855, 578)",
        "(922, 598)",
        "(632, 331)",
        "(693, 641)",
        "(188, 361)",
        "(707, 150)",
        "(617, 927)",
        "(402, 609)",
        "(553, 133)",
        "(653, 822)",
        "(313, 364)",
        "(357, 92)",
        "(781, 472)",
        "(438, 920)",
        "(303, 451)",
        "(106, 755)",
        "(694, 562)",
        "(732, 609)",
        "(102, 845)",
        "(327, 935)",
        "(359, 89)",
        "(448, 685)"
    ],
    "(922, 598)": [
        "(597, 44)",
        "(553, 133)",
        "(780, 935)",
        "(759, 837)",
        "(732, 609)",
        "(741, 967)",
        "(357, 834)",
        "(289, 959)",
        "(936, 98)",
        "(448, 685)",
        "(984, 292)",
        "(617, 927)",
        "(2, 788)",
        "(290, 977)",
        "(602, 356)",
        "(869, 725)",
        "(231, 464)",
        "(694, 978)",
        "(870, 621)",
        "(632, 331)",
        "(188, 361)",
        "(694, 562)",
        "(653, 822)",
        "(529, 664)",
        "(402, 609)",
        "(313, 364)",
        "(575, 753)",
        "(42, 382)",
        "(31, 733)",
        "(855, 578)",
        "(693, 641)",
        "(737, 942)",
        "(196, 582)",
        "(628, 186)",
        "(204, 574)",
        "(152, 55)",
        "(393, 649)",
        "(799, 873)",
        "(438, 920)",
        "(245, 26)",
        "(863, 256)",
        "(524, 13)",
        "(379, 850)",
        "(102, 845)"
    ],
    "(694, 978)": [
        "(412, 365)",
        "(120, 999)",
        "(741, 967)",
        "(632, 331)",
        "(26, 130)",
        "(783, 199)",
        "(529, 664)",
        "(289, 959)",
        "(855, 578)",
        "(310, 647)",
        "(31, 733)",
        "(36, 223)",
        "(313, 364)",
        "(106, 755)",
        "(922, 598)",
        "(805, 69)",
        "(402, 609)",
        "(977, 267)",
        "(57, 822)",
        "(195, 100)",
        "(443, 420)",
        "(231, 464)",
        "(617, 927)",
        "(204, 574)",
        "(251, 204)",
        "(102, 845)",
        "(984, 292)",
        "(127, 381)",
        "(357, 564)",
        "(130, 990)",
        "(553, 133)",
        "(602, 356)",
        "(133, 481)",
        "(303, 451)",
        "(883, 71)",
        "(936, 98)",
        "(196, 582)",
        "(393, 649)",
        "(707, 150)",
        "(781, 472)",
        "(524, 13)",
        "(967, 454)",
        "(812, 28)",
        "(883, 371)",
        "(711, 301)",
        "(438, 920)"
    ],
    "(195, 100)": [
        "(936, 98)",
        "(737, 942)",
        "(251, 204)",
        "(855, 578)",
        "(694, 562)",
        "(863, 256)",
        "(198, 115)",
        "(759, 837)",
        "(379, 850)",
        "(357, 92)",
        "(275, 577)",
        "(152, 55)",
        "(553, 133)",
        "(57, 822)",
        "(783, 199)",
        "(225, 403)",
        "(653, 822)",
        "(694, 978)",
        "(529, 664)",
        "(628, 186)",
        "(303, 451)",
        "(780, 935)",
        "(597, 44)",
        "(231, 464)",
        "(127, 381)",
        "(741, 967)",
        "(130, 990)",
        "(310, 647)",
        "(746, 459)",
        "(967, 454)",
        "(805, 69)",
        "(693, 641)",
        "(290, 977)"
    ],
    "(225, 403)": [
        "(357, 92)",
        "(711, 301)",
        "(22, 424)",
        "(529, 664)",
        "(693, 641)",
        "(313, 364)",
        "(392, 191)",
        "(883, 71)",
        "(290, 977)",
        "(703, 936)",
        "(303, 451)",
        "(438, 920)",
        "(575, 753)",
        "(127, 381)",
        "(732, 609)",
        "(597, 44)",
        "(195, 100)",
        "(805, 69)",
        "(967, 454)",
        "(759, 837)",
        "(936, 98)",
        "(799, 873)",
        "(869, 725)",
        "(412, 365)",
        "(251, 204)",
        "(130, 990)",
        "(152, 55)",
        "(188, 361)",
        "(146, 665)",
        "(198, 115)",
        "(883, 371)",
        "(359, 89)",
        "(737, 942)",
        "(653, 822)",
        "(977, 267)",
        "(57, 822)",
        "(102, 845)",
        "(275, 577)",
        "(553, 133)",
        "(694, 562)"
    ],
    "(357, 564)": [
        "(780, 935)",
        "(289, 959)",
        "(585, 280)",
        "(2, 788)",
        "(693, 641)",
        "(805, 69)",
        "(781, 472)",
        "(198, 115)",
        "(597, 44)",
        "(36, 223)",
        "(529, 664)",
        "(245, 26)",
        "(357, 834)",
        "(133, 481)",
        "(967, 454)",
        "(936, 98)",
        "(799, 873)",
        "(57, 822)",
        "(883, 71)",
        "(196, 582)",
        "(251, 204)",
        "(883, 371)",
        "(985, 968)",
        "(694, 978)",
        "(448, 685)",
        "(31, 733)",
        "(596, 708)",
        "(438, 920)",
        "(204, 574)",
        "(412, 365)",
        "(303, 451)",
        "(783, 199)",
        "(553, 133)",
        "(152, 55)",
        "(402, 609)",
        "(741, 967)",
        "(869, 725)",
        "(393, 649)",
        "(984, 292)"
    ],
    "(799, 873)": [
        "(245, 26)",
        "(57, 822)",
        "(106, 755)",
        "(251, 204)",
        "(102, 845)",
        "(130, 990)",
        "(741, 967)",
        "(379, 850)",
        "(737, 942)",
        "(985, 968)",
        "(357, 92)",
        "(289, 959)",
        "(694, 562)",
        "(631, 645)",
        "(31, 733)",
        "(585, 280)",
        "(42, 382)",
        "(883, 71)",
        "(707, 150)",
        "(198, 115)",
        "(596, 708)",
        "(553, 133)",
        "(781, 472)",
        "(967, 454)",
        "(22, 424)",
        "(732, 609)",
        "(443, 420)",
        "(357, 564)",
        "(412, 365)",
        "(870, 621)",
        "(303, 451)",
        "(225, 403)",
        "(196, 582)",
        "(805, 69)",
        "(883, 371)",
        "(127, 381)",
        "(529, 664)",
        "(632, 331)",
        "(188, 361)",
        "(922, 598)",
        "(984, 292)",
        "(628, 186)",
        "(393, 649)",
        "(602, 356)",
        "(524, 13)",
        "(231, 464)",
        "(703, 936)",
        "(653, 822)"
    ],
    "(327, 935)": [
        "(36, 223)",
        "(985, 968)",
        "(711, 301)",
        "(855, 578)",
        "(438, 920)",
        "(127, 381)",
        "(631, 645)",
        "(575, 753)",
        "(393, 649)",
        "(596, 708)",
        "(289, 959)",
        "(26, 130)",
        "(977, 267)",
        "(585, 280)",
        "(120, 999)",
        "(967, 454)",
        "(402, 609)",
        "(694, 562)",
        "(746, 459)",
        "(873, 778)",
        "(133, 481)",
        "(602, 356)",
        "(303, 451)",
        "(146, 665)",
        "(392, 191)",
        "(130, 990)",
        "(617, 927)",
        "(204, 574)",
        "(984, 292)",
        "(812, 28)",
        "(883, 371)",
        "(357, 92)",
        "(759, 837)",
        "(805, 69)",
        "(106, 755)",
        "(524, 13)",
        "(529, 664)",
        "(628, 186)",
        "(42, 382)",
        "(448, 685)",
        "(412, 365)"
    ],
    "(313, 364)": [
        "(984, 292)",
        "(245, 26)",
        "(133, 481)",
        "(402, 609)",
        "(146, 665)",
        "(106, 755)",
        "(602, 356)",
        "(188, 361)",
        "(26, 130)",
        "(225, 403)",
        "(120, 999)",
        "(596, 708)",
        "(759, 837)",
        "(985, 968)",
        "(617, 927)",
        "(152, 55)",
        "(36, 223)",
        "(653, 822)",
        "(694, 978)",
        "(780, 935)",
        "(628, 186)",
        "(694, 562)",
        "(553, 133)",
        "(746, 459)",
        "(737, 942)",
        "(711, 301)",
        "(438, 920)",
        "(529, 664)",
        "(231, 464)",
        "(22, 424)",
        "(922, 598)",
        "(863, 256)",
        "(693, 641)",
        "(42, 382)",
        "(290, 977)",
        "(883, 371)",
        "(869, 725)",
        "(289, 959)",
        "(393, 649)",
        "(443, 420)",
        "(524, 13)",
        "(741, 967)"
    ],
    "(127, 381)": [
        "(106, 755)",
        "(289, 959)",
        "(984, 292)",
        "(694, 562)",
        "(231, 464)",
        "(310, 647)",
        "(693, 641)",
        "(529, 664)",
        "(327, 935)",
        "(225, 403)",
        "(805, 69)",
        "(57, 822)",
        "(26, 130)",
        "(146, 665)",
        "(737, 942)",
        "(967, 454)",
        "(883, 371)",
        "(855, 578)",
        "(694, 978)",
        "(628, 186)",
        "(799, 873)",
        "(870, 621)",
        "(448, 685)",
        "(741, 967)",
        "(653, 822)",
        "(195, 100)",
        "(2, 788)",
        "(198, 115)",
        "(204, 574)",
        "(524, 13)",
        "(245, 26)",
        "(357, 834)",
        "(120, 999)",
        "(597, 44)",
        "(602, 356)",
        "(152, 55)",
        "(632, 331)",
        "(379, 850)",
        "(575, 753)",
        "(133, 481)",
        "(359, 89)",
        "(869, 725)"
    ],
    "(392, 191)": [
        "(42, 382)",
        "(412, 365)",
        "(596, 708)",
        "(225, 403)",
        "(31, 733)",
        "(781, 472)",
        "(855, 578)",
        "(780, 935)",
        "(438, 920)",
        "(703, 936)",
        "(289, 959)",
        "(711, 301)",
        "(310, 647)",
        "(188, 361)",
        "(737, 942)",
        "(883, 371)",
        "(57, 822)",
        "(402, 609)",
        "(448, 685)",
        "(303, 451)",
        "(327, 935)",
        "(746, 459)",
        "(863, 256)",
        "(732, 609)",
        "(2, 788)",
        "(597, 44)",
        "(783, 199)",
        "(379, 850)",
        "(231, 464)",
        "(198, 115)",
        "(585, 280)",
        "(985, 968)",
        "(553, 133)",
        "(393, 649)",
        "(741, 967)"
    ],
    "(188, 361)": [
        "(198, 115)",
        "(290, 977)",
        "(146, 665)",
        "(780, 935)",
        "(529, 664)",
        "(359, 89)",
        "(313, 364)",
        "(781, 472)",
        "(22, 424)",
        "(707, 150)",
        "(196, 582)",
        "(120, 999)",
        "(805, 69)",
        "(448, 685)",
        "(922, 598)",
        "(631, 645)",
        "(392, 191)",
        "(379, 850)",
        "(984, 292)",
        "(204, 574)",
        "(303, 451)",
        "(133, 481)",
        "(42, 382)",
        "(883, 371)",
        "(225, 403)",
        "(26, 130)",
        "(357, 834)",
        "(553, 133)",
        "(799, 873)",
        "(863, 256)",
        "(575, 753)",
        "(289, 959)",
        "(412, 365)",
        "(759, 837)",
        "(703, 936)",
        "(57, 822)",
        "(585, 280)",
        "(524, 13)",
        "(936, 98)",
        "(102, 845)",
        "(596, 708)",
        "(617, 927)",
        "(732, 609)",
        "(783, 199)",
        "(711, 301)"
    ],
    "(379, 850)": [
        "(759, 837)",
        "(781, 472)",
        "(245, 26)",
        "(204, 574)",
        "(985, 968)",
        "(741, 967)",
        "(799, 873)",
        "(855, 578)",
        "(632, 331)",
        "(984, 292)",
        "(195, 100)",
        "(42, 382)",
        "(575, 753)",
        "(22, 424)",
        "(936, 98)",
        "(412, 365)",
        "(130, 990)",
        "(57, 822)",
        "(188, 361)",
        "(524, 13)",
        "(617, 927)",
        "(251, 204)",
        "(653, 822)",
        "(585, 280)",
        "(146, 665)",
        "(628, 186)",
        "(31, 733)",
        "(392, 191)",
        "(922, 598)",
        "(127, 381)",
        "(967, 454)",
        "(869, 725)"
    ],
    "(2, 788)": [
        "(781, 472)",
        "(290, 977)",
        "(357, 564)",
        "(275, 577)",
        "(152, 55)",
        "(694, 562)",
        "(863, 256)",
        "(741, 967)",
        "(553, 133)",
        "(922, 598)",
        "(524, 13)",
        "(597, 44)",
        "(711, 301)",
        "(42, 382)",
        "(310, 647)",
        "(737, 942)",
        "(196, 582)",
        "(402, 609)",
        "(707, 150)",
        "(57, 822)",
        "(780, 935)",
        "(438, 920)",
        "(805, 69)",
        "(245, 26)",
        "(631, 645)",
        "(617, 927)",
        "(412, 365)",
        "(732, 609)",
        "(127, 381)",
        "(855, 578)",
        "(575, 753)",
        "(102, 845)",
        "(392, 191)",
        "(303, 451)",
        "(936, 98)",
        "(289, 959)",
        "(146, 665)",
        "(130, 990)",
        "(36, 223)"
    ],
    "(289, 959)": [
        "(106, 755)",
        "(617, 927)",
        "(36, 223)",
        "(130, 990)",
        "(357, 564)",
        "(127, 381)",
        "(231, 464)",
        "(196, 582)",
        "(922, 598)",
        "(694, 978)",
        "(741, 967)",
        "(759, 837)",
        "(984, 292)",
        "(31, 733)",
        "(799, 873)",
        "(631, 645)",
        "(575, 753)",
        "(869, 725)",
        "(392, 191)",
        "(327, 935)",
        "(694, 562)",
        "(412, 365)",
        "(357, 834)",
        "(448, 685)",
        "(102, 845)",
        "(204, 574)",
        "(188, 361)",
        "(529, 664)",
        "(290, 977)",
        "(402, 609)",
        "(359, 89)",
        "(553, 133)",
        "(711, 301)",
        "(313, 364)",
        "(2, 788)",
        "(438, 920)",
        "(251, 204)",
        "(146, 665)",
        "(120, 999)"
    ],
    "(628, 186)": [
        "(631, 645)",
        "(357, 92)",
        "(130, 990)",
        "(855, 578)",
        "(694, 562)",
        "(448, 685)",
        "(602, 356)",
        "(106, 755)",
        "(617, 927)",
        "(146, 665)",
        "(693, 641)",
        "(412, 365)",
        "(120, 999)",
        "(251, 204)",
        "(780, 935)",
        "(741, 967)",
        "(204, 574)",
        "(746, 459)",
        "(313, 364)",
        "(245, 26)",
        "(883, 371)",
        "(133, 481)",
        "(102, 845)",
        "(22, 424)",
        "(883, 71)",
        "(152, 55)",
        "(195, 100)",
        "(812, 28)",
        "(632, 331)",
        "(196, 582)",
        "(127, 381)",
        "(553, 133)",
        "(967, 454)",
        "(922, 598)",
        "(707, 150)",
        "(443, 420)",
        "(984, 292)",
        "(863, 256)",
        "(379, 850)",
        "(799, 873)",
        "(737, 942)",
        "(402, 609)",
        "(575, 753)",
        "(524, 13)",
        "(310, 647)",
        "(985, 968)",
        "(759, 837)",
        "(231, 464)",
        "(327, 935)",
        "(357, 834)",
        "(303, 451)",
        "(26, 130)",
        "(198, 115)"
    ],
    "(984, 292)": [
        "(313, 364)",
        "(759, 837)",
        "(57, 822)",
        "(653, 822)",
        "(863, 256)",
        "(127, 381)",
        "(883, 71)",
        "(42, 382)",
        "(602, 356)",
        "(289, 959)",
        "(922, 598)",
        "(379, 850)",
        "(290, 977)",
        "(402, 609)",
        "(231, 464)",
        "(393, 649)",
        "(869, 725)",
        "(524, 13)",
        "(106, 755)",
        "(805, 69)",
        "(188, 361)",
        "(977, 267)",
        "(585, 280)",
        "(102, 845)",
        "(711, 301)",
        "(357, 92)",
        "(783, 199)",
        "(694, 978)",
        "(443, 420)",
        "(275, 577)",
        "(693, 641)",
        "(553, 133)",
        "(22, 424)",
        "(198, 115)",
        "(628, 186)",
        "(597, 44)",
        "(245, 26)",
        "(737, 942)",
        "(327, 935)",
        "(799, 873)",
        "(617, 927)",
        "(781, 472)",
        "(303, 451)",
        "(596, 708)",
        "(870, 621)",
        "(812, 28)",
        "(357, 564)"
    ],
    "(855, 578)": [
        "(327, 935)",
        "(628, 186)",
        "(146, 665)",
        "(31, 733)",
        "(873, 778)",
        "(26, 130)",
        "(195, 100)",
        "(863, 256)",
        "(694, 562)",
        "(392, 191)",
        "(379, 850)",
        "(245, 26)",
        "(694, 978)",
        "(632, 331)",
        "(251, 204)",
        "(152, 55)",
        "(596, 708)",
        "(529, 664)",
        "(130, 990)",
        "(585, 280)",
        "(524, 13)",
        "(597, 44)",
        "(653, 822)",
        "(985, 968)",
        "(783, 199)",
        "(359, 89)",
        "(127, 381)",
        "(602, 356)",
        "(133, 481)",
        "(412, 365)",
        "(42, 382)",
        "(198, 115)",
        "(120, 999)",
        "(922, 598)",
        "(805, 69)",
        "(936, 98)",
        "(57, 822)",
        "(443, 420)",
        "(303, 451)",
        "(2, 788)",
        "(759, 837)",
        "(780, 935)",
        "(737, 942)",
        "(275, 577)",
        "(870, 621)",
        "(977, 267)",
        "(711, 301)",
        "(290, 977)",
        "(310, 647)"
    ],
    "(703, 936)": [
        "(653, 822)",
        "(36, 223)",
        "(231, 464)",
        "(985, 968)",
        "(31, 733)",
        "(225, 403)",
        "(275, 577)",
        "(392, 191)",
        "(146, 665)",
        "(632, 331)",
        "(869, 725)",
        "(783, 199)",
        "(805, 69)",
        "(412, 365)",
        "(597, 44)",
        "(781, 472)",
        "(198, 115)",
        "(585, 280)",
        "(290, 977)",
        "(873, 778)",
        "(936, 98)",
        "(553, 133)",
        "(780, 935)",
        "(737, 942)",
        "(357, 834)",
        "(245, 26)",
        "(524, 13)",
        "(310, 647)",
        "(746, 459)",
        "(188, 361)",
        "(303, 451)",
        "(977, 267)",
        "(693, 641)",
        "(251, 204)",
        "(967, 454)",
        "(443, 420)",
        "(799, 873)",
        "(863, 256)",
        "(106, 755)",
        "(438, 920)",
        "(732, 609)"
    ],
    "(711, 301)": [
        "(275, 577)",
        "(805, 69)",
        "(327, 935)",
        "(225, 403)",
        "(863, 256)",
        "(967, 454)",
        "(869, 725)",
        "(985, 968)",
        "(617, 927)",
        "(22, 424)",
        "(812, 28)",
        "(2, 788)",
        "(632, 331)",
        "(392, 191)",
        "(438, 920)",
        "(529, 664)",
        "(204, 574)",
        "(357, 834)",
        "(631, 645)",
        "(883, 71)",
        "(602, 356)",
        "(313, 364)",
        "(303, 451)",
        "(984, 292)",
        "(198, 115)",
        "(290, 977)",
        "(231, 464)",
        "(759, 837)",
        "(102, 845)",
        "(31, 733)",
        "(936, 98)",
        "(402, 609)",
        "(746, 459)",
        "(448, 685)",
        "(289, 959)",
        "(883, 371)",
        "(783, 199)",
        "(737, 942)",
        "(741, 967)",
        "(120, 999)",
        "(855, 578)",
        "(693, 641)",
        "(694, 978)",
        "(188, 361)"
    ],
    "(869, 725)": [
        "(448, 685)",
        "(102, 845)",
        "(438, 920)",
        "(873, 778)",
        "(711, 301)",
        "(231, 464)",
        "(204, 574)",
        "(245, 26)",
        "(402, 609)",
        "(741, 967)",
        "(602, 356)",
        "(289, 959)",
        "(984, 292)",
        "(922, 598)",
        "(251, 204)",
        "(443, 420)",
        "(130, 990)",
        "(703, 936)",
        "(632, 331)",
        "(812, 28)",
        "(412, 365)",
        "(883, 71)",
        "(597, 44)",
        "(967, 454)",
        "(303, 451)",
        "(42, 382)",
        "(225, 403)",
        "(596, 708)",
        "(783, 199)",
        "(732, 609)",
        "(617, 927)",
        "(977, 267)",
        "(707, 150)",
        "(198, 115)",
        "(870, 621)",
        "(313, 364)",
        "(120, 999)",
        "(357, 564)",
        "(127, 381)",
        "(379, 850)"
    ],
    "(553, 133)": [
        "(805, 69)",
        "(922, 598)",
        "(781, 472)",
        "(303, 451)",
        "(120, 999)",
        "(106, 755)",
        "(741, 967)",
        "(196, 582)",
        "(936, 98)",
        "(2, 788)",
        "(524, 13)",
        "(985, 968)",
        "(195, 100)",
        "(310, 647)",
        "(799, 873)",
        "(22, 424)",
        "(780, 935)",
        "(597, 44)",
        "(313, 364)",
        "(275, 577)",
        "(746, 459)",
        "(448, 685)",
        "(31, 733)",
        "(357, 92)",
        "(357, 834)",
        "(732, 609)",
        "(245, 26)",
        "(438, 920)",
        "(628, 186)",
        "(596, 708)",
        "(694, 978)",
        "(703, 936)",
        "(984, 292)",
        "(188, 361)",
        "(870, 621)",
        "(42, 382)",
        "(251, 204)",
        "(26, 130)",
        "(289, 959)",
        "(357, 564)",
        "(632, 331)",
        "(585, 280)",
        "(529, 664)",
        "(225, 403)",
        "(392, 191)"
    ],
    "(529, 664)": [
        "(617, 927)",
        "(707, 150)",
        "(188, 361)",
        "(602, 356)",
        "(977, 267)",
        "(225, 403)",
        "(883, 371)",
        "(245, 26)",
        "(120, 999)",
        "(694, 978)",
        "(127, 381)",
        "(152, 55)",
        "(448, 685)",
        "(985, 968)",
        "(524, 13)",
        "(130, 990)",
        "(204, 574)",
        "(863, 256)",
        "(653, 822)",
        "(412, 365)",
        "(357, 564)",
        "(855, 578)",
        "(310, 647)",
        "(711, 301)",
        "(883, 71)",
        "(195, 100)",
        "(275, 577)",
        "(357, 92)",
        "(922, 598)",
        "(251, 204)",
        "(313, 364)",
        "(585, 280)",
        "(102, 845)",
        "(303, 451)",
        "(781, 472)",
        "(746, 459)",
        "(694, 562)",
        "(799, 873)",
        "(289, 959)",
        "(443, 420)",
        "(196, 582)",
        "(597, 44)",
        "(327, 935)",
        "(553, 133)",
        "(967, 454)",
        "(22, 424)",
        "(438, 920)"
    ],
    "(275, 577)": [
        "(711, 301)",
        "(251, 204)",
        "(863, 256)",
        "(245, 26)",
        "(694, 562)",
        "(575, 753)",
        "(2, 788)",
        "(746, 459)",
        "(443, 420)",
        "(653, 822)",
        "(310, 647)",
        "(617, 927)",
        "(195, 100)",
        "(393, 649)",
        "(703, 936)",
        "(357, 834)",
        "(631, 645)",
        "(596, 708)",
        "(780, 935)",
        "(303, 451)",
        "(783, 199)",
        "(737, 942)",
        "(759, 837)",
        "(146, 665)",
        "(553, 133)",
        "(529, 664)",
        "(412, 365)",
        "(693, 641)",
        "(707, 150)",
        "(448, 685)",
        "(602, 356)",
        "(984, 292)",
        "(977, 267)",
        "(402, 609)",
        "(883, 371)",
        "(741, 967)",
        "(855, 578)",
        "(225, 403)",
        "(883, 71)",
        "(133, 481)",
        "(936, 98)"
    ],
    "(597, 44)": [
        "(922, 598)",
        "(357, 92)",
        "(632, 331)",
        "(575, 753)",
        "(412, 365)",
        "(805, 69)",
        "(985, 968)",
        "(196, 582)",
        "(524, 13)",
        "(780, 935)",
        "(303, 451)",
        "(198, 115)",
        "(359, 89)",
        "(290, 977)",
        "(783, 199)",
        "(2, 788)",
        "(357, 564)",
        "(448, 685)",
        "(102, 845)",
        "(225, 403)",
        "(443, 420)",
        "(781, 472)",
        "(553, 133)",
        "(596, 708)",
        "(617, 927)",
        "(855, 578)",
        "(737, 942)",
        "(703, 936)",
        "(869, 725)",
        "(42, 382)",
        "(152, 55)",
        "(146, 665)",
        "(707, 150)",
        "(883, 371)",
        "(22, 424)",
        "(195, 100)",
        "(984, 292)",
        "(204, 574)",
        "(936, 98)",
        "(392, 191)",
        "(310, 647)",
        "(694, 562)",
        "(127, 381)",
        "(120, 999)",
        "(602, 356)",
        "(529, 664)",
        "(26, 130)"
    ],
    "(693, 641)": [
        "(746, 459)",
        "(310, 647)",
        "(133, 481)",
        "(741, 967)",
        "(438, 920)",
        "(883, 371)",
        "(225, 403)",
        "(357, 564)",
        "(127, 381)",
        "(628, 186)",
        "(936, 98)",
        "(196, 582)",
        "(36, 223)",
        "(617, 927)",
        "(26, 130)",
        "(737, 942)",
        "(596, 708)",
        "(402, 609)",
        "(694, 562)",
        "(275, 577)",
        "(313, 364)",
        "(922, 598)",
        "(42, 382)",
        "(984, 292)",
        "(780, 935)",
        "(245, 26)",
        "(707, 150)",
        "(106, 755)",
        "(805, 69)",
        "(781, 472)",
        "(703, 936)",
        "(251, 204)",
        "(783, 199)",
        "(357, 834)",
        "(22, 424)",
        "(130, 990)",
        "(120, 999)",
        "(812, 28)",
        "(711, 301)",
        "(195, 100)"
    ],
    "(873, 778)": [
        "(231, 464)",
        "(31, 733)",
        "(855, 578)",
        "(869, 725)",
        "(120, 999)",
        "(575, 753)",
        "(977, 267)",
        "(967, 454)",
        "(133, 481)",
        "(631, 645)",
        "(198, 115)",
        "(245, 26)",
        "(130, 990)",
        "(985, 968)",
        "(402, 609)",
        "(22, 424)",
        "(448, 685)",
        "(812, 28)",
        "(732, 609)",
        "(152, 55)",
        "(703, 936)",
        "(327, 935)",
        "(393, 649)",
        "(596, 708)",
        "(443, 420)",
        "(737, 942)",
        "(759, 837)",
        "(741, 967)",
        "(781, 472)",
        "(524, 13)",
        "(653, 822)",
        "(36, 223)",
        "(883, 71)"
    ],
    "(602, 356)": [
        "(438, 920)",
        "(694, 562)",
        "(529, 664)",
        "(313, 364)",
        "(628, 186)",
        "(631, 645)",
        "(863, 256)",
        "(596, 708)",
        "(984, 292)",
        "(869, 725)",
        "(245, 26)",
        "(310, 647)",
        "(130, 990)",
        "(303, 451)",
        "(922, 598)",
        "(231, 464)",
        "(780, 935)",
        "(746, 459)",
        "(357, 92)",
        "(251, 204)",
        "(711, 301)",
        "(812, 28)",
        "(855, 578)",
        "(393, 649)",
        "(327, 935)",
        "(275, 577)",
        "(146, 665)",
        "(26, 130)",
        "(694, 978)",
        "(883, 71)",
        "(883, 371)",
        "(936, 98)",
        "(120, 999)",
        "(412, 365)",
        "(127, 381)",
        "(799, 873)",
        "(597, 44)",
        "(653, 822)"
    ],
    "(863, 256)": [
        "(31, 733)",
        "(746, 459)",
        "(231, 464)",
        "(575, 753)",
        "(275, 577)",
        "(711, 301)",
        "(984, 292)",
        "(152, 55)",
        "(985, 968)",
        "(26, 130)",
        "(855, 578)",
        "(120, 999)",
        "(602, 356)",
        "(195, 100)",
        "(732, 609)",
        "(2, 788)",
        "(57, 822)",
        "(759, 837)",
        "(529, 664)",
        "(196, 582)",
        "(870, 621)",
        "(36, 223)",
        "(245, 26)",
        "(443, 420)",
        "(585, 280)",
        "(781, 472)",
        "(130, 990)",
        "(310, 647)",
        "(694, 562)",
        "(313, 364)",
        "(146, 665)",
        "(780, 935)",
        "(967, 454)",
        "(412, 365)",
        "(812, 28)",
        "(204, 574)",
        "(393, 649)",
        "(628, 186)",
        "(188, 361)",
        "(392, 191)",
        "(805, 69)",
        "(438, 920)",
        "(303, 451)",
        "(922, 598)",
        "(402, 609)",
        "(22, 424)",
        "(703, 936)"
    ],
    "(783, 199)": [
        "(617, 927)",
        "(967, 454)",
        "(359, 89)",
        "(57, 822)",
        "(694, 978)",
        "(146, 665)",
        "(357, 92)",
        "(780, 935)",
        "(631, 645)",
        "(597, 44)",
        "(196, 582)",
        "(195, 100)",
        "(31, 733)",
        "(703, 936)",
        "(575, 753)",
        "(275, 577)",
        "(357, 834)",
        "(106, 755)",
        "(855, 578)",
        "(632, 331)",
        "(694, 562)",
        "(984, 292)",
        "(290, 977)",
        "(812, 28)",
        "(524, 13)",
        "(133, 481)",
        "(869, 725)",
        "(883, 71)",
        "(438, 920)",
        "(805, 69)",
        "(402, 609)",
        "(392, 191)",
        "(781, 472)",
        "(448, 685)",
        "(357, 564)",
        "(711, 301)",
        "(693, 641)",
        "(936, 98)",
        "(188, 361)",
        "(870, 621)",
        "(102, 845)",
        "(152, 55)"
    ],
    "(290, 977)": [
        "(245, 26)",
        "(31, 733)",
        "(188, 361)",
        "(130, 990)",
        "(737, 942)",
        "(357, 834)",
        "(2, 788)",
        "(196, 582)",
        "(759, 837)",
        "(985, 968)",
        "(741, 967)",
        "(225, 403)",
        "(448, 685)",
        "(597, 44)",
        "(984, 292)",
        "(438, 920)",
        "(412, 365)",
        "(922, 598)",
        "(120, 999)",
        "(732, 609)",
        "(883, 71)",
        "(26, 130)",
        "(653, 822)",
        "(42, 382)",
        "(632, 331)",
        "(251, 204)",
        "(102, 845)",
        "(703, 936)",
        "(783, 199)",
        "(711, 301)",
        "(780, 935)",
        "(133, 481)",
        "(359, 89)",
        "(231, 464)",
        "(36, 223)",
        "(357, 92)",
        "(289, 959)",
        "(781, 472)",
        "(313, 364)",
        "(575, 753)",
        "(198, 115)",
        "(812, 28)",
        "(707, 150)",
        "(204, 574)",
        "(855, 578)",
        "(195, 100)"
    ],
    "(231, 464)": [
        "(36, 223)",
        "(873, 778)",
        "(22, 424)",
        "(303, 451)",
        "(863, 256)",
        "(393, 649)",
        "(289, 959)",
        "(869, 725)",
        "(703, 936)",
        "(653, 822)",
        "(127, 381)",
        "(617, 927)",
        "(245, 26)",
        "(357, 834)",
        "(967, 454)",
        "(575, 753)",
        "(402, 609)",
        "(984, 292)",
        "(602, 356)",
        "(922, 598)",
        "(805, 69)",
        "(130, 990)",
        "(985, 968)",
        "(694, 978)",
        "(596, 708)",
        "(732, 609)",
        "(632, 331)",
        "(812, 28)",
        "(313, 364)",
        "(780, 935)",
        "(711, 301)",
        "(120, 999)",
        "(146, 665)",
        "(357, 92)",
        "(448, 685)",
        "(195, 100)",
        "(290, 977)",
        "(31, 733)",
        "(443, 420)",
        "(152, 55)",
        "(392, 191)",
        "(741, 967)",
        "(799, 873)",
        "(883, 71)",
        "(628, 186)",
        "(412, 365)",
        "(133, 481)"
    ],
    "(36, 223)": [
        "(231, 464)",
        "(327, 935)",
        "(251, 204)",
        "(289, 959)",
        "(812, 28)",
        "(883, 71)",
        "(759, 837)",
        "(870, 621)",
        "(703, 936)",
        "(42, 382)",
        "(204, 574)",
        "(448, 685)",
        "(707, 150)",
        "(737, 942)",
        "(313, 364)",
        "(694, 978)",
        "(693, 641)",
        "(357, 564)",
        "(653, 822)",
        "(863, 256)",
        "(357, 834)",
        "(22, 424)",
        "(120, 999)",
        "(26, 130)",
        "(596, 708)",
        "(575, 753)",
        "(146, 665)",
        "(303, 451)",
        "(936, 98)",
        "(290, 977)",
        "(133, 481)",
        "(694, 562)",
        "(57, 822)",
        "(393, 649)",
        "(873, 778)",
        "(2, 788)"
    ],
    "(245, 26)": [
        "(290, 977)",
        "(313, 364)",
        "(799, 873)",
        "(780, 935)",
        "(275, 577)",
        "(379, 850)",
        "(732, 609)",
        "(529, 664)",
        "(26, 130)",
        "(869, 725)",
        "(231, 464)",
        "(741, 967)",
        "(617, 927)",
        "(602, 356)",
        "(855, 578)",
        "(204, 574)",
        "(873, 778)",
        "(31, 733)",
        "(443, 420)",
        "(812, 28)",
        "(653, 822)",
        "(357, 564)",
        "(628, 186)",
        "(438, 920)",
        "(146, 665)",
        "(863, 256)",
        "(402, 609)",
        "(936, 98)",
        "(977, 267)",
        "(2, 788)",
        "(631, 645)",
        "(357, 92)",
        "(737, 942)",
        "(553, 133)",
        "(130, 990)",
        "(106, 755)",
        "(22, 424)",
        "(448, 685)",
        "(524, 13)",
        "(984, 292)",
        "(693, 641)",
        "(694, 562)",
        "(703, 936)",
        "(883, 371)",
        "(127, 381)",
        "(922, 598)",
        "(393, 649)",
        "(303, 451)",
        "(251, 204)",
        "(357, 834)",
        "(412, 365)"
    ],
    "(780, 935)": [
        "(357, 564)",
        "(922, 598)",
        "(967, 454)",
        "(188, 361)",
        "(402, 609)",
        "(245, 26)",
        "(204, 574)",
        "(597, 44)",
        "(653, 822)",
        "(781, 472)",
        "(392, 191)",
        "(783, 199)",
        "(737, 942)",
        "(883, 371)",
        "(313, 364)",
        "(42, 382)",
        "(628, 186)",
        "(57, 822)",
        "(22, 424)",
        "(275, 577)",
        "(602, 356)",
        "(553, 133)",
        "(631, 645)",
        "(120, 999)",
        "(694, 562)",
        "(2, 788)",
        "(231, 464)",
        "(746, 459)",
        "(26, 130)",
        "(524, 13)",
        "(195, 100)",
        "(290, 977)",
        "(863, 256)",
        "(102, 845)",
        "(977, 267)",
        "(585, 280)",
        "(31, 733)",
        "(693, 641)",
        "(703, 936)",
        "(883, 71)",
        "(855, 578)",
        "(759, 837)",
        "(936, 98)",
        "(393, 649)",
        "(805, 69)",
        "(357, 834)",
        "(357, 92)",
        "(152, 55)"
    ],
    "(357, 834)": [
        "(146, 665)",
        "(631, 645)",
        "(967, 454)",
        "(290, 977)",
        "(198, 115)",
        "(922, 598)",
        "(596, 708)",
        "(448, 685)",
        "(231, 464)",
        "(251, 204)",
        "(359, 89)",
        "(402, 609)",
        "(275, 577)",
        "(310, 647)",
        "(36, 223)",
        "(102, 845)",
        "(357, 564)",
        "(707, 150)",
        "(524, 13)",
        "(289, 959)",
        "(711, 301)",
        "(737, 942)",
        "(783, 199)",
        "(553, 133)",
        "(732, 609)",
        "(694, 562)",
        "(133, 481)",
        "(303, 451)",
        "(870, 621)",
        "(741, 967)",
        "(188, 361)",
        "(120, 999)",
        "(703, 936)",
        "(127, 381)",
        "(152, 55)",
        "(443, 420)",
        "(438, 920)",
        "(693, 641)",
        "(357, 92)",
        "(585, 280)",
        "(985, 968)",
        "(746, 459)",
        "(628, 186)",
        "(780, 935)",
        "(245, 26)"
    ],
    "(746, 459)": [
        "(707, 150)",
        "(693, 641)",
        "(863, 256)",
        "(694, 562)",
        "(781, 472)",
        "(196, 582)",
        "(359, 89)",
        "(275, 577)",
        "(977, 267)",
        "(524, 13)",
        "(57, 822)",
        "(936, 98)",
        "(31, 733)",
        "(204, 574)",
        "(628, 186)",
        "(152, 55)",
        "(602, 356)",
        "(22, 424)",
        "(313, 364)",
        "(553, 133)",
        "(732, 609)",
        "(812, 28)",
        "(780, 935)",
        "(327, 935)",
        "(130, 990)",
        "(402, 609)",
        "(883, 71)",
        "(529, 664)",
        "(967, 454)",
        "(737, 942)",
        "(133, 481)",
        "(711, 301)",
        "(392, 191)",
        "(703, 936)",
        "(310, 647)",
        "(575, 753)",
        "(357, 92)",
        "(585, 280)",
        "(596, 708)",
        "(357, 834)",
        "(195, 100)",
        "(631, 645)",
        "(617, 927)"
    ],
    "(303, 451)": [
        "(231, 464)",
        "(553, 133)",
        "(448, 685)",
        "(443, 420)",
        "(412, 365)",
        "(977, 267)",
        "(597, 44)",
        "(120, 999)",
        "(632, 331)",
        "(694, 562)",
        "(438, 920)",
        "(225, 403)",
        "(602, 356)",
        "(196, 582)",
        "(275, 577)",
        "(251, 204)",
        "(799, 873)",
        "(204, 574)",
        "(195, 100)",
        "(359, 89)",
        "(869, 725)",
        "(711, 301)",
        "(188, 361)",
        "(392, 191)",
        "(357, 834)",
        "(529, 664)",
        "(327, 935)",
        "(36, 223)",
        "(855, 578)",
        "(653, 822)",
        "(694, 978)",
        "(863, 256)",
        "(703, 936)",
        "(985, 968)",
        "(2, 788)",
        "(585, 280)",
        "(42, 382)",
        "(357, 564)",
        "(984, 292)",
        "(245, 26)",
        "(26, 130)",
        "(967, 454)",
        "(133, 481)",
        "(628, 186)",
        "(198, 115)",
        "(22, 424)"
    ],
    "(883, 71)": [
        "(812, 28)",
        "(36, 223)",
        "(31, 733)",
        "(984, 292)",
        "(936, 98)",
        "(225, 403)",
        "(359, 89)",
        "(799, 873)",
        "(438, 920)",
        "(653, 822)",
        "(290, 977)",
        "(448, 685)",
        "(529, 664)",
        "(628, 186)",
        "(711, 301)",
        "(805, 69)",
        "(251, 204)",
        "(869, 725)",
        "(357, 564)",
        "(130, 990)",
        "(746, 459)",
        "(204, 574)",
        "(524, 13)",
        "(783, 199)",
        "(602, 356)",
        "(985, 968)",
        "(870, 621)",
        "(737, 942)",
        "(780, 935)",
        "(694, 978)",
        "(967, 454)",
        "(231, 464)",
        "(759, 837)",
        "(275, 577)",
        "(106, 755)",
        "(873, 778)"
    ],
    "(631, 645)": [
        "(357, 834)",
        "(628, 186)",
        "(805, 69)",
        "(585, 280)",
        "(602, 356)",
        "(106, 755)",
        "(289, 959)",
        "(327, 935)",
        "(443, 420)",
        "(873, 778)",
        "(799, 873)",
        "(783, 199)",
        "(57, 822)",
        "(275, 577)",
        "(402, 609)",
        "(883, 371)",
        "(204, 574)",
        "(188, 361)",
        "(780, 935)",
        "(310, 647)",
        "(711, 301)",
        "(120, 999)",
        "(152, 55)",
        "(870, 621)",
        "(694, 562)",
        "(245, 26)",
        "(2, 788)",
        "(575, 753)",
        "(251, 204)",
        "(412, 365)",
        "(596, 708)",
        "(196, 582)",
        "(438, 920)",
        "(31, 733)",
        "(812, 28)",
        "(781, 472)",
        "(746, 459)",
        "(759, 837)",
        "(617, 927)"
    ],
    "(524, 13)": [
        "(120, 999)",
        "(694, 562)",
        "(448, 685)",
        "(617, 927)",
        "(653, 822)",
        "(597, 44)",
        "(393, 649)",
        "(707, 150)",
        "(746, 459)",
        "(985, 968)",
        "(529, 664)",
        "(553, 133)",
        "(22, 424)",
        "(2, 788)",
        "(984, 292)",
        "(42, 382)",
        "(357, 834)",
        "(379, 850)",
        "(855, 578)",
        "(146, 665)",
        "(196, 582)",
        "(204, 574)",
        "(780, 935)",
        "(936, 98)",
        "(783, 199)",
        "(883, 71)",
        "(245, 26)",
        "(585, 280)",
        "(703, 936)",
        "(133, 481)",
        "(438, 920)",
        "(102, 845)",
        "(443, 420)",
        "(357, 92)",
        "(127, 381)",
        "(188, 361)",
        "(883, 371)",
        "(873, 778)",
        "(799, 873)",
        "(628, 186)",
        "(359, 89)",
        "(327, 935)",
        "(922, 598)",
        "(694, 978)",
        "(313, 364)",
        "(130, 990)"
    ],
    "(596, 708)": [
        "(198, 115)",
        "(42, 382)",
        "(22, 424)",
        "(392, 191)",
        "(653, 822)",
        "(357, 834)",
        "(204, 574)",
        "(602, 356)",
        "(313, 364)",
        "(31, 733)",
        "(310, 647)",
        "(327, 935)",
        "(855, 578)",
        "(275, 577)",
        "(799, 873)",
        "(883, 371)",
        "(597, 44)",
        "(231, 464)",
        "(26, 130)",
        "(693, 641)",
        "(870, 621)",
        "(737, 942)",
        "(36, 223)",
        "(448, 685)",
        "(936, 98)",
        "(869, 725)",
        "(873, 778)",
        "(553, 133)",
        "(741, 967)",
        "(120, 999)",
        "(357, 564)",
        "(133, 481)",
        "(631, 645)",
        "(759, 837)",
        "(188, 361)",
        "(130, 990)",
        "(984, 292)",
        "(57, 822)",
        "(746, 459)",
        "(412, 365)",
        "(694, 562)"
    ],
    "(146, 665)": [
        "(357, 834)",
        "(313, 364)",
        "(188, 361)",
        "(936, 98)",
        "(357, 92)",
        "(855, 578)",
        "(133, 481)",
        "(585, 280)",
        "(628, 186)",
        "(783, 199)",
        "(707, 150)",
        "(402, 609)",
        "(22, 424)",
        "(31, 733)",
        "(737, 942)",
        "(805, 69)",
        "(632, 331)",
        "(703, 936)",
        "(127, 381)",
        "(310, 647)",
        "(26, 130)",
        "(275, 577)",
        "(245, 26)",
        "(524, 13)",
        "(359, 89)",
        "(152, 55)",
        "(597, 44)",
        "(863, 256)",
        "(198, 115)",
        "(36, 223)",
        "(379, 850)",
        "(231, 464)",
        "(602, 356)",
        "(225, 403)",
        "(327, 935)",
        "(438, 920)",
        "(204, 574)",
        "(967, 454)",
        "(2, 788)",
        "(120, 999)",
        "(694, 562)",
        "(617, 927)",
        "(289, 959)",
        "(57, 822)"
    ],
    "(133, 481)": [
        "(313, 364)",
        "(146, 665)",
        "(693, 641)",
        "(653, 822)",
        "(402, 609)",
        "(873, 778)",
        "(42, 382)",
        "(359, 89)",
        "(737, 942)",
        "(694, 562)",
        "(805, 69)",
        "(393, 649)",
        "(357, 564)",
        "(812, 28)",
        "(628, 186)",
        "(22, 424)",
        "(741, 967)",
        "(575, 753)",
        "(617, 927)",
        "(448, 685)",
        "(855, 578)",
        "(120, 999)",
        "(327, 935)",
        "(357, 834)",
        "(188, 361)",
        "(783, 199)",
        "(746, 459)",
        "(290, 977)",
        "(694, 978)",
        "(596, 708)",
        "(524, 13)",
        "(36, 223)",
        "(781, 472)",
        "(31, 733)",
        "(303, 451)",
        "(275, 577)",
        "(231, 464)",
        "(127, 381)"
    ],
    "(936, 98)": [
        "(585, 280)",
        "(198, 115)",
        "(146, 665)",
        "(195, 100)",
        "(694, 562)",
        "(922, 598)",
        "(883, 71)",
        "(31, 733)",
        "(553, 133)",
        "(693, 641)",
        "(379, 850)",
        "(985, 968)",
        "(746, 459)",
        "(737, 942)",
        "(357, 564)",
        "(22, 424)",
        "(196, 582)",
        "(225, 403)",
        "(759, 837)",
        "(245, 26)",
        "(596, 708)",
        "(443, 420)",
        "(524, 13)",
        "(310, 647)",
        "(359, 89)",
        "(393, 649)",
        "(412, 365)",
        "(448, 685)",
        "(106, 755)",
        "(703, 936)",
        "(251, 204)",
        "(855, 578)",
        "(711, 301)",
        "(402, 609)",
        "(870, 621)",
        "(36, 223)",
        "(597, 44)",
        "(602, 356)",
        "(632, 331)",
        "(694, 978)",
        "(2, 788)",
        "(188, 361)",
        "(780, 935)",
        "(617, 927)",
        "(130, 990)",
        "(741, 967)",
        "(783, 199)",
        "(152, 55)",
        "(275, 577)",
        "(707, 150)",
        "(57, 822)"
    ],
    "(120, 999)": [
        "(357, 92)",
        "(694, 978)",
        "(524, 13)",
        "(553, 133)",
        "(873, 778)",
        "(863, 256)",
        "(732, 609)",
        "(529, 664)",
        "(303, 451)",
        "(313, 364)",
        "(741, 967)",
        "(628, 186)",
        "(188, 361)",
        "(290, 977)",
        "(359, 89)",
        "(805, 69)",
        "(694, 562)",
        "(967, 454)",
        "(106, 755)",
        "(780, 935)",
        "(631, 645)",
        "(36, 223)",
        "(327, 935)",
        "(737, 942)",
        "(883, 371)",
        "(855, 578)",
        "(133, 481)",
        "(231, 464)",
        "(596, 708)",
        "(402, 609)",
        "(357, 834)",
        "(575, 753)",
        "(57, 822)",
        "(602, 356)",
        "(781, 472)",
        "(26, 130)",
        "(448, 685)",
        "(869, 725)",
        "(310, 647)",
        "(127, 381)",
        "(438, 920)",
        "(597, 44)",
        "(146, 665)",
        "(196, 582)",
        "(711, 301)",
        "(412, 365)",
        "(693, 641)",
        "(289, 959)",
        "(707, 150)",
        "(977, 267)"
    ],
    "(357, 92)": [
        "(120, 999)",
        "(22, 424)",
        "(225, 403)",
        "(597, 44)",
        "(146, 665)",
        "(628, 186)",
        "(737, 942)",
        "(977, 267)",
        "(783, 199)",
        "(799, 873)",
        "(195, 100)",
        "(985, 968)",
        "(196, 582)",
        "(741, 967)",
        "(393, 649)",
        "(759, 837)",
        "(57, 822)",
        "(106, 755)",
        "(529, 664)",
        "(602, 356)",
        "(130, 990)",
        "(707, 150)",
        "(967, 454)",
        "(553, 133)",
        "(984, 292)",
        "(26, 130)",
        "(617, 927)",
        "(245, 26)",
        "(732, 609)",
        "(231, 464)",
        "(290, 977)",
        "(524, 13)",
        "(42, 382)",
        "(327, 935)",
        "(357, 834)",
        "(746, 459)",
        "(575, 753)",
        "(780, 935)"
    ],
    "(575, 753)": [
        "(863, 256)",
        "(597, 44)",
        "(967, 454)",
        "(130, 990)",
        "(759, 837)",
        "(873, 778)",
        "(42, 382)",
        "(275, 577)",
        "(231, 464)",
        "(196, 582)",
        "(883, 371)",
        "(225, 403)",
        "(805, 69)",
        "(289, 959)",
        "(707, 150)",
        "(379, 850)",
        "(327, 935)",
        "(783, 199)",
        "(310, 647)",
        "(870, 621)",
        "(133, 481)",
        "(36, 223)",
        "(922, 598)",
        "(737, 942)",
        "(631, 645)",
        "(57, 822)",
        "(188, 361)",
        "(2, 788)",
        "(120, 999)",
        "(251, 204)",
        "(290, 977)",
        "(31, 733)",
        "(628, 186)",
        "(746, 459)",
        "(357, 92)",
        "(127, 381)",
        "(781, 472)",
        "(102, 845)"
    ],
    "(617, 927)": [
        "(783, 199)",
        "(529, 664)",
        "(289, 959)",
        "(870, 621)",
        "(22, 424)",
        "(524, 13)",
        "(977, 267)",
        "(628, 186)",
        "(711, 301)",
        "(231, 464)",
        "(245, 26)",
        "(922, 598)",
        "(275, 577)",
        "(737, 942)",
        "(707, 150)",
        "(393, 649)",
        "(313, 364)",
        "(310, 647)",
        "(693, 641)",
        "(597, 44)",
        "(448, 685)",
        "(152, 55)",
        "(694, 978)",
        "(359, 89)",
        "(379, 850)",
        "(133, 481)",
        "(357, 92)",
        "(653, 822)",
        "(967, 454)",
        "(2, 788)",
        "(585, 280)",
        "(869, 725)",
        "(42, 382)",
        "(327, 935)",
        "(31, 733)",
        "(984, 292)",
        "(102, 845)",
        "(130, 990)",
        "(632, 331)",
        "(188, 361)",
        "(936, 98)",
        "(438, 920)",
        "(146, 665)",
        "(741, 967)",
        "(631, 645)",
        "(985, 968)",
        "(746, 459)"
    ],
    "(359, 89)": [
        "(198, 115)",
        "(812, 28)",
        "(783, 199)",
        "(188, 361)",
        "(746, 459)",
        "(133, 481)",
        "(196, 582)",
        "(597, 44)",
        "(883, 71)",
        "(357, 834)",
        "(393, 649)",
        "(120, 999)",
        "(106, 755)",
        "(781, 472)",
        "(31, 733)",
        "(617, 927)",
        "(146, 665)",
        "(855, 578)",
        "(303, 451)",
        "(870, 621)",
        "(936, 98)",
        "(290, 977)",
        "(741, 967)",
        "(251, 204)",
        "(653, 822)",
        "(225, 403)",
        "(22, 424)",
        "(289, 959)",
        "(524, 13)",
        "(737, 942)",
        "(42, 382)",
        "(57, 822)",
        "(805, 69)",
        "(127, 381)"
    ],
    "(393, 649)": [
        "(231, 464)",
        "(152, 55)",
        "(985, 968)",
        "(977, 267)",
        "(524, 13)",
        "(812, 28)",
        "(102, 845)",
        "(310, 647)",
        "(275, 577)",
        "(984, 292)",
        "(617, 927)",
        "(327, 935)",
        "(31, 733)",
        "(357, 92)",
        "(133, 481)",
        "(359, 89)",
        "(732, 609)",
        "(26, 130)",
        "(602, 356)",
        "(402, 609)",
        "(936, 98)",
        "(873, 778)",
        "(251, 204)",
        "(805, 69)",
        "(863, 256)",
        "(922, 598)",
        "(694, 978)",
        "(799, 873)",
        "(245, 26)",
        "(780, 935)",
        "(36, 223)",
        "(759, 837)",
        "(313, 364)",
        "(22, 424)",
        "(392, 191)",
        "(357, 564)"
    ],
    "(412, 365)": [
        "(694, 978)",
        "(597, 44)",
        "(392, 191)",
        "(303, 451)",
        "(57, 822)",
        "(628, 186)",
        "(31, 733)",
        "(102, 845)",
        "(290, 977)",
        "(741, 967)",
        "(379, 850)",
        "(152, 55)",
        "(529, 664)",
        "(967, 454)",
        "(196, 582)",
        "(289, 959)",
        "(703, 936)",
        "(977, 267)",
        "(869, 725)",
        "(130, 990)",
        "(275, 577)",
        "(799, 873)",
        "(438, 920)",
        "(759, 837)",
        "(204, 574)",
        "(855, 578)",
        "(225, 403)",
        "(936, 98)",
        "(26, 130)",
        "(863, 256)",
        "(2, 788)",
        "(310, 647)",
        "(188, 361)",
        "(631, 645)",
        "(870, 621)",
        "(357, 564)",
        "(602, 356)",
        "(805, 69)",
        "(883, 371)",
        "(231, 464)",
        "(653, 822)",
        "(120, 999)",
        "(596, 708)",
        "(781, 472)",
        "(245, 26)",
        "(327, 935)",
        "(707, 150)",
        "(106, 755)"
    ],
    "(737, 942)": [
        "(152, 55)",
        "(195, 100)",
        "(290, 977)",
        "(130, 990)",
        "(357, 92)",
        "(26, 130)",
        "(632, 331)",
        "(799, 873)",
        "(106, 755)",
        "(133, 481)",
        "(812, 28)",
        "(780, 935)",
        "(36, 223)",
        "(617, 927)",
        "(146, 665)",
        "(2, 788)",
        "(936, 98)",
        "(127, 381)",
        "(781, 472)",
        "(275, 577)",
        "(357, 834)",
        "(597, 44)",
        "(392, 191)",
        "(693, 641)",
        "(313, 364)",
        "(596, 708)",
        "(120, 999)",
        "(438, 920)",
        "(870, 621)",
        "(245, 26)",
        "(448, 685)",
        "(922, 598)",
        "(694, 562)",
        "(653, 822)",
        "(575, 753)",
        "(985, 968)",
        "(746, 459)",
        "(31, 733)",
        "(703, 936)",
        "(883, 71)",
        "(984, 292)",
        "(873, 778)",
        "(198, 115)",
        "(225, 403)",
        "(628, 186)",
        "(855, 578)",
        "(359, 89)",
        "(711, 301)",
        "(402, 609)",
        "(204, 574)"
    ],
    "(106, 755)": [
        "(289, 959)",
        "(127, 381)",
        "(799, 873)",
        "(313, 364)",
        "(631, 645)",
        "(628, 186)",
        "(737, 942)",
        "(448, 685)",
        "(553, 133)",
        "(204, 574)",
        "(694, 978)",
        "(984, 292)",
        "(632, 331)",
        "(812, 28)",
        "(977, 267)",
        "(357, 92)",
        "(359, 89)",
        "(120, 999)",
        "(102, 845)",
        "(783, 199)",
        "(26, 130)",
        "(936, 98)",
        "(245, 26)",
        "(781, 472)",
        "(310, 647)",
        "(653, 822)",
        "(693, 641)",
        "(985, 968)",
        "(42, 382)",
        "(327, 935)",
        "(883, 71)",
        "(732, 609)",
        "(703, 936)",
        "(412, 365)"
    ],
    "(26, 130)": [
        "(585, 280)",
        "(402, 609)",
        "(694, 978)",
        "(812, 28)",
        "(863, 256)",
        "(855, 578)",
        "(694, 562)",
        "(313, 364)",
        "(737, 942)",
        "(245, 26)",
        "(130, 990)",
        "(448, 685)",
        "(127, 381)",
        "(327, 935)",
        "(102, 845)",
        "(290, 977)",
        "(146, 665)",
        "(693, 641)",
        "(653, 822)",
        "(967, 454)",
        "(596, 708)",
        "(805, 69)",
        "(36, 223)",
        "(31, 733)",
        "(393, 649)",
        "(780, 935)",
        "(357, 92)",
        "(106, 755)",
        "(412, 365)",
        "(602, 356)",
        "(22, 424)",
        "(251, 204)",
        "(883, 371)",
        "(188, 361)",
        "(152, 55)",
        "(553, 133)",
        "(985, 968)",
        "(120, 999)",
        "(707, 150)",
        "(303, 451)",
        "(597, 44)",
        "(628, 186)",
        "(204, 574)",
        "(443, 420)"
    ],
    "(251, 204)": [
        "(275, 577)",
        "(36, 223)",
        "(204, 574)",
        "(799, 873)",
        "(195, 100)",
        "(741, 967)",
        "(196, 582)",
        "(585, 280)",
        "(870, 621)",
        "(42, 382)",
        "(438, 920)",
        "(632, 331)",
        "(22, 424)",
        "(985, 968)",
        "(357, 834)",
        "(628, 186)",
        "(855, 578)",
        "(759, 837)",
        "(869, 725)",
        "(290, 977)",
        "(602, 356)",
        "(883, 71)",
        "(303, 451)",
        "(529, 664)",
        "(379, 850)",
        "(694, 978)",
        "(57, 822)",
        "(977, 267)",
        "(31, 733)",
        "(448, 685)",
        "(225, 403)",
        "(357, 564)",
        "(805, 69)",
        "(936, 98)",
        "(967, 454)",
        "(26, 130)",
        "(393, 649)",
        "(631, 645)",
        "(359, 89)",
        "(553, 133)",
        "(575, 753)",
        "(693, 641)",
        "(245, 26)",
        "(703, 936)",
        "(130, 990)",
        "(289, 959)",
        "(152, 55)"
    ],
    "(196, 582)": [
        "(732, 609)",
        "(251, 204)",
        "(977, 267)",
        "(746, 459)",
        "(597, 44)",
        "(289, 959)",
        "(290, 977)",
        "(653, 822)",
        "(359, 89)",
        "(575, 753)",
        "(553, 133)",
        "(188, 361)",
        "(357, 92)",
        "(310, 647)",
        "(303, 451)",
        "(693, 641)",
        "(2, 788)",
        "(152, 55)",
        "(783, 199)",
        "(863, 256)",
        "(870, 621)",
        "(694, 562)",
        "(412, 365)",
        "(967, 454)",
        "(936, 98)",
        "(781, 472)",
        "(524, 13)",
        "(799, 873)",
        "(102, 845)",
        "(357, 564)",
        "(628, 186)",
        "(741, 967)",
        "(22, 424)",
        "(922, 598)",
        "(985, 968)",
        "(805, 69)",
        "(631, 645)",
        "(694, 978)",
        "(529, 664)",
        "(759, 837)",
        "(448, 685)",
        "(120, 999)"
    ]
}