{
    "(220, 472)": [
        "(300, 342)",
        "(483, 918)",
        "(4, 92)",
        "(148, 841)",
        "(15, 290)",
        "(815, 384)",
        "(160, 74)",
        "(89, 172)",
        "(982, 327)",
        "(494, 226)",
        "(322, 830)",
        "(968, 204)",
        "(723, 177)",
        "(414, 681)",
        "(438, 815)",
        "(832, 274)",
        "(955, 307)",
        "(420, 189)",
        "(799, 763)",
        "(305, 497)",
        "(441, 353)",
        "(609, 619)",
        "(440, 554)",
        "(130, 756)",
        "(627, 583)",
        "(753, 18)",
        "(555, 440)",
        "(571, 613)",
        "(248, 457)",
        "(889, 8)",
        "(943, 432)",
        "(376, 740)",
        "(938, 20)",
        "(219, 386)",
        "(805, 37)"
    ],
    "(815, 384)": [
        "(571, 613)",
        "(440, 554)",
        "(943, 432)",
        "(4, 92)",
        "(438, 815)",
        "(609, 619)",
        "(220, 472)",
        "(322, 830)",
        "(483, 918)",
        "(148, 841)",
        "(968, 204)",
        "(209, 882)",
        "(441, 353)",
        "(753, 18)",
        "(799, 763)",
        "(627, 583)",
        "(203, 518)",
        "(840, 984)",
        "(219, 430)",
        "(420, 189)",
        "(739, 724)",
        "(982, 327)",
        "(938, 20)",
        "(376, 740)",
        "(130, 756)",
        "(555, 440)",
        "(248, 457)",
        "(414, 681)",
        "(219, 386)",
        "(889, 8)",
        "(343, 922)",
        "(300, 342)"
    ],
    "(955, 307)": [
        "(987, 264)",
        "(130, 756)",
        "(203, 518)",
        "(943, 432)",
        "(483, 918)",
        "(4, 92)",
        "(322, 830)",
        "(805, 37)",
        "(438, 815)",
        "(209, 882)",
        "(889, 8)",
        "(627, 583)",
        "(555, 440)",
        "(982, 327)",
        "(148, 841)",
        "(414, 681)",
        "(840, 984)",
        "(160, 74)",
        "(739, 724)",
        "(440, 554)",
        "(420, 189)",
        "(968, 204)",
        "(220, 472)",
        "(441, 353)",
        "(219, 386)",
        "(799, 763)",
        "(15, 290)",
        "(305, 497)",
        "(832, 274)",
        "(219, 430)",
        "(494, 226)",
        "(300, 342)",
        "(609, 619)",
        "(578, 715)"
    ],
    "(203, 518)": [
        "(414, 681)",
        "(219, 386)",
        "(955, 307)",
        "(148, 841)",
        "(723, 177)",
        "(438, 815)",
        "(627, 583)",
        "(805, 37)",
        "(305, 497)",
        "(578, 715)",
        "(160, 74)",
        "(555, 440)",
        "(89, 172)",
        "(441, 353)",
        "(938, 20)",
        "(376, 740)",
        "(343, 922)",
        "(815, 384)",
        "(739, 724)",
        "(889, 8)",
        "(483, 918)",
        "(130, 756)",
        "(943, 432)",
        "(987, 264)",
        "(609, 619)",
        "(420, 189)",
        "(982, 327)",
        "(440, 554)",
        "(322, 830)",
        "(219, 430)",
        "(571, 613)"
    ],
    "(555, 440)": [
        "(627, 583)",
        "(130, 756)",
        "(889, 8)",
        "(248, 457)",
        "(420, 189)",
        "(494, 226)",
        "(203, 518)",
        "(300, 342)",
        "(571, 613)",
        "(305, 497)",
        "(955, 307)",
        "(148, 841)",
        "(15, 290)",
        "(723, 177)",
        "(943, 432)",
        "(578, 715)",
        "(322, 830)",
        "(440, 554)",
        "(938, 20)",
        "(160, 74)",
        "(805, 37)",
        "(968, 204)",
        "(840, 984)",
        "(209, 882)",
        "(987, 264)",
        "(414, 681)",
        "(441, 353)",
        "(815, 384)",
        "(343, 922)",
        "(376, 740)",
        "(219, 430)",
        "(220, 472)",
        "(832, 274)",
        "(982, 327)",
        "(483, 918)",
        "(753, 18)",
        "(4, 92)"
    ],
    "(438, 815)": [
        "(219, 430)",
        "(815, 384)",
        "(203, 518)",
        "(627, 583)",
        "(955, 307)",
        "(248, 457)",
        "(160, 74)",
        "(982, 327)",
        "(739, 724)",
        "(376, 740)",
        "(219, 386)",
        "(130, 756)",
        "(440, 554)",
        "(220, 472)",
        "(414, 681)",
        "(987, 264)",
        "(15, 290)",
        "(89, 172)",
        "(968, 204)",
        "(840, 984)",
        "(148, 841)",
        "(753, 18)",
        "(943, 432)",
        "(343, 922)",
        "(441, 353)",
        "(578, 715)"
    ],
    "(343, 922)": [
        "(987, 264)",
        "(441, 353)",
        "(130, 756)",
        "(483, 918)",
        "(219, 386)",
        "(982, 327)",
        "(889, 8)",
        "(248, 457)",
        "(494, 226)",
        "(203, 518)",
        "(160, 74)",
        "(753, 18)",
        "(968, 204)",
        "(209, 882)",
        "(219, 430)",
        "(578, 715)",
        "(148, 841)",
        "(832, 274)",
        "(420, 189)",
        "(938, 20)",
        "(438, 815)",
        "(376, 740)",
        "(555, 440)",
        "(571, 613)",
        "(943, 432)",
        "(609, 619)",
        "(4, 92)",
        "(815, 384)",
        "(414, 681)",
        "(300, 342)",
        "(723, 177)"
    ],
    "(130, 756)": [
        "(955, 307)",
        "(555, 440)",
        "(322, 830)",
        "(982, 327)",
        "(343, 922)",
        "(805, 37)",
        "(376, 740)",
        "(938, 20)",
        "(15, 290)",
        "(840, 984)",
        "(420, 189)",
        "(494, 226)",
        "(438, 815)",
        "(943, 432)",
        "(723, 177)",
        "(160, 74)",
        "(571, 613)",
        "(4, 92)",
        "(753, 18)",
        "(203, 518)",
        "(219, 386)",
        "(627, 583)",
        "(578, 715)",
        "(441, 353)",
        "(832, 274)",
        "(220, 472)",
        "(815, 384)",
        "(968, 204)",
        "(440, 554)",
        "(609, 619)",
        "(987, 264)",
        "(209, 882)",
        "(889, 8)",
        "(799, 763)",
        "(89, 172)",
        "(248, 457)"
    ],
    "(219, 430)": [
        "(441, 353)",
        "(438, 815)",
        "(889, 8)",
        "(420, 189)",
        "(968, 204)",
        "(160, 74)",
        "(723, 177)",
        "(987, 264)",
        "(805, 37)",
        "(832, 274)",
        "(609, 619)",
        "(938, 20)",
        "(799, 763)",
        "(148, 841)",
        "(343, 922)",
        "(4, 92)",
        "(815, 384)",
        "(483, 918)",
        "(739, 724)",
        "(753, 18)",
        "(627, 583)",
        "(414, 681)",
        "(322, 830)",
        "(248, 457)",
        "(840, 984)",
        "(943, 432)",
        "(955, 307)",
        "(209, 882)",
        "(555, 440)",
        "(203, 518)"
    ],
    "(4, 92)": [
        "(799, 763)",
        "(220, 472)",
        "(815, 384)",
        "(322, 830)",
        "(753, 18)",
        "(160, 74)",
        "(955, 307)",
        "(15, 290)",
        "(609, 619)",
        "(840, 984)",
        "(248, 457)",
        "(805, 37)",
        "(440, 554)",
        "(943, 432)",
        "(305, 497)",
        "(219, 430)",
        "(571, 613)",
        "(130, 756)",
        "(89, 172)",
        "(938, 20)",
        "(627, 583)",
        "(494, 226)",
        "(376, 740)",
        "(300, 342)",
        "(968, 204)",
        "(420, 189)",
        "(982, 327)",
        "(343, 922)",
        "(209, 882)",
        "(739, 724)",
        "(723, 177)",
        "(555, 440)"
    ],
    "(15, 290)": [
        "(739, 724)",
        "(494, 226)",
        "(805, 37)",
        "(943, 432)",
        "(220, 472)",
        "(4, 92)",
        "(982, 327)",
        "(440, 554)",
        "(148, 841)",
        "(248, 457)",
        "(130, 756)",
        "(89, 172)",
        "(555, 440)",
        "(483, 918)",
        "(609, 619)",
        "(832, 274)",
        "(723, 177)",
        "(209, 882)",
        "(889, 8)",
        "(300, 342)",
        "(571, 613)",
        "(438, 815)",
        "(420, 189)",
        "(441, 353)",
        "(968, 204)",
        "(938, 20)",
        "(414, 681)",
        "(955, 307)",
        "(627, 583)",
        "(160, 74)",
        "(376, 740)",
        "(753, 18)"
    ],
    "(799, 763)": [
        "(4, 92)",
        "(627, 583)",
        "(209, 882)",
        "(943, 432)",
        "(300, 342)",
        "(414, 681)",
        "(723, 177)",
        "(440, 554)",
        "(805, 37)",
        "(815, 384)",
        "(219, 430)",
        "(494, 226)",
        "(89, 172)",
        "(609, 619)",
        "(968, 204)",
        "(220, 472)",
        "(322, 830)",
        "(441, 353)",
        "(420, 189)",
        "(148, 841)",
        "(955, 307)",
        "(982, 327)",
        "(739, 724)",
        "(987, 264)",
        "(753, 18)",
        "(130, 756)",
        "(248, 457)",
        "(376, 740)"
    ],
    "(89, 172)": [
        "(982, 327)",
        "(219, 386)",
        "(420, 189)",
        "(322, 830)",
        "(220, 472)",
        "(248, 457)",
        "(840, 984)",
        "(968, 204)",
        "(832, 274)",
        "(203, 518)",
        "(15, 290)",
        "(440, 554)",
        "(889, 8)",
        "(571, 613)",
        "(300, 342)",
        "(799, 763)",
        "(441, 353)",
        "(438, 815)",
        "(4, 92)",
        "(609, 619)",
        "(739, 724)",
        "(160, 74)",
        "(723, 177)",
        "(627, 583)",
        "(376, 740)",
        "(943, 432)",
        "(414, 681)",
        "(938, 20)",
        "(987, 264)",
        "(305, 497)",
        "(130, 756)",
        "(209, 882)",
        "(578, 715)"
    ],
    "(483, 918)": [
        "(220, 472)",
        "(494, 226)",
        "(982, 327)",
        "(840, 984)",
        "(955, 307)",
        "(343, 922)",
        "(815, 384)",
        "(441, 353)",
        "(609, 619)",
        "(832, 274)",
        "(889, 8)",
        "(943, 432)",
        "(15, 290)",
        "(440, 554)",
        "(805, 37)",
        "(938, 20)",
        "(627, 583)",
        "(987, 264)",
        "(248, 457)",
        "(219, 430)",
        "(739, 724)",
        "(300, 342)",
        "(203, 518)",
        "(322, 830)",
        "(578, 715)",
        "(753, 18)",
        "(209, 882)",
        "(723, 177)",
        "(420, 189)",
        "(555, 440)",
        "(571, 613)",
        "(968, 204)"
    ],
    "(627, 583)": [
        "(799, 763)",
        "(555, 440)",
        "(203, 518)",
        "(889, 8)",
        "(805, 37)",
        "(438, 815)",
        "(938, 20)",
        "(955, 307)",
        "(322, 830)",
        "(753, 18)",
        "(494, 226)",
        "(815, 384)",
        "(609, 619)",
        "(483, 918)",
        "(376, 740)",
        "(209, 882)",
        "(160, 74)",
        "(219, 430)",
        "(987, 264)",
        "(943, 432)",
        "(130, 756)",
        "(968, 204)",
        "(4, 92)",
        "(15, 290)",
        "(89, 172)",
        "(300, 342)",
        "(723, 177)",
        "(220, 472)",
        "(148, 841)",
        "(305, 497)",
        "(420, 189)",
        "(832, 274)"
    ],
    "(805, 37)": [
        "(571, 613)",
        "(15, 290)",
        "(441, 353)",
        "(130, 756)",
        "(203, 518)",
        "(414, 681)",
        "(627, 583)",
        "(578, 715)",
        "(955, 307)",
        "(987, 264)",
        "(4, 92)",
        "(753, 18)",
        "(219, 430)",
        "(832, 274)",
        "(799, 763)",
        "(483, 918)",
        "(982, 327)",
        "(555, 440)",
        "(938, 20)",
        "(494, 226)",
        "(300, 342)",
        "(305, 497)",
        "(248, 457)",
        "(322, 830)",
        "(209, 882)",
        "(420, 189)",
        "(968, 204)",
        "(148, 841)",
        "(609, 619)",
        "(220, 472)"
    ],
    "(441, 353)": [
        "(943, 432)",
        "(209, 882)",
        "(982, 327)",
        "(219, 430)",
        "(832, 274)",
        "(420, 189)",
        "(494, 226)",
        "(343, 922)",
        "(987, 264)",
        "(805, 37)",
        "(483, 918)",
        "(968, 204)",
        "(753, 18)",
        "(815, 384)",
        "(248, 457)",
        "(889, 8)",
        "(203, 518)",
        "(955, 307)",
        "(322, 830)",
        "(578, 715)",
        "(89, 172)",
        "(15, 290)",
        "(220, 472)",
        "(799, 763)",
        "(130, 756)",
        "(555, 440)",
        "(414, 681)",
        "(938, 20)",
        "(438, 815)",
        "(305, 497)",
        "(739, 724)",
        "(571, 613)",
        "(160, 74)",
        "(723, 177)",
        "(300, 342)"
    ],
    "(889, 8)": [
        "(987, 264)",
        "(376, 740)",
        "(555, 440)",
        "(943, 432)",
        "(627, 583)",
        "(219, 430)",
        "(160, 74)",
        "(343, 922)",
        "(955, 307)",
        "(441, 353)",
        "(968, 204)",
        "(483, 918)",
        "(300, 342)",
        "(89, 172)",
        "(148, 841)",
        "(440, 554)",
        "(414, 681)",
        "(15, 290)",
        "(203, 518)",
        "(420, 189)",
        "(832, 274)",
        "(209, 882)",
        "(494, 226)",
        "(248, 457)",
        "(130, 756)",
        "(220, 472)",
        "(815, 384)",
        "(739, 724)",
        "(571, 613)",
        "(938, 20)",
        "(982, 327)"
    ],
    "(440, 554)": [
        "(815, 384)",
        "(414, 681)",
        "(15, 290)",
        "(799, 763)",
        "(723, 177)",
        "(305, 497)",
        "(4, 92)",
        "(420, 189)",
        "(483, 918)",
        "(89, 172)",
        "(943, 432)",
        "(938, 20)",
        "(889, 8)",
        "(438, 815)",
        "(982, 327)",
        "(840, 984)",
        "(955, 307)",
        "(555, 440)",
        "(753, 18)",
        "(739, 724)",
        "(248, 457)",
        "(571, 613)",
        "(987, 264)",
        "(832, 274)",
        "(220, 472)",
        "(578, 715)",
        "(160, 74)",
        "(130, 756)",
        "(203, 518)",
        "(322, 830)",
        "(609, 619)",
        "(968, 204)",
        "(148, 841)"
    ],
    "(414, 681)": [
        "(203, 518)",
        "(440, 554)",
        "(943, 432)",
        "(840, 984)",
        "(982, 327)",
        "(799, 763)",
        "(805, 37)",
        "(420, 189)",
        "(305, 497)",
        "(723, 177)",
        "(219, 386)",
        "(955, 307)",
        "(889, 8)",
        "(220, 472)",
        "(739, 724)",
        "(987, 264)",
        "(438, 815)",
        "(494, 226)",
        "(219, 430)",
        "(160, 74)",
        "(609, 619)",
        "(555, 440)",
        "(15, 290)",
        "(441, 353)",
        "(753, 18)",
        "(376, 740)",
        "(89, 172)",
        "(968, 204)",
        "(322, 830)",
        "(209, 882)",
        "(832, 274)",
        "(815, 384)",
        "(343, 922)"
    ],
    "(571, 613)": [
        "(494, 226)",
        "(815, 384)",
        "(805, 37)",
        "(987, 264)",
        "(578, 715)",
        "(943, 432)",
        "(968, 204)",
        "(305, 497)",
        "(555, 440)",
        "(209, 882)",
        "(89, 172)",
        "(938, 20)",
        "(148, 841)",
        "(248, 457)",
        "(15, 290)",
        "(322, 830)",
        "(130, 756)",
        "(4, 92)",
        "(723, 177)",
        "(440, 554)",
        "(343, 922)",
        "(220, 472)",
        "(832, 274)",
        "(441, 353)",
        "(889, 8)",
        "(203, 518)",
        "(982, 327)",
        "(300, 342)",
        "(483, 918)"
    ],
    "(494, 226)": [
        "(571, 613)",
        "(483, 918)",
        "(15, 290)",
        "(441, 353)",
        "(943, 432)",
        "(555, 440)",
        "(739, 724)",
        "(220, 472)",
        "(343, 922)",
        "(160, 74)",
        "(322, 830)",
        "(938, 20)",
        "(987, 264)",
        "(130, 756)",
        "(627, 583)",
        "(376, 740)",
        "(840, 984)",
        "(609, 619)",
        "(799, 763)",
        "(723, 177)",
        "(414, 681)",
        "(805, 37)",
        "(305, 497)",
        "(4, 92)",
        "(420, 189)",
        "(889, 8)",
        "(219, 386)",
        "(955, 307)",
        "(248, 457)",
        "(578, 715)",
        "(832, 274)"
    ],
    "(609, 619)": [
        "(219, 386)",
        "(815, 384)",
        "(483, 918)",
        "(840, 984)",
        "(4, 92)",
        "(943, 432)",
        "(322, 830)",
        "(938, 20)",
        "(219, 430)",
        "(15, 290)",
        "(627, 583)",
        "(982, 327)",
        "(248, 457)",
        "(494, 226)",
        "(300, 342)",
        "(160, 74)",
        "(799, 763)",
        "(420, 189)",
        "(832, 274)",
        "(89, 172)",
        "(414, 681)",
        "(148, 841)",
        "(203, 518)",
        "(220, 472)",
        "(987, 264)",
        "(130, 756)",
        "(343, 922)",
        "(805, 37)",
        "(440, 554)",
        "(955, 307)"
    ],
    "(739, 724)": [
        "(15, 290)",
        "(160, 74)",
        "(148, 841)",
        "(305, 497)",
        "(209, 882)",
        "(840, 984)",
        "(494, 226)",
        "(438, 815)",
        "(420, 189)",
        "(938, 20)",
        "(723, 177)",
        "(203, 518)",
        "(414, 681)",
        "(955, 307)",
        "(483, 918)",
        "(440, 554)",
        "(219, 430)",
        "(815, 384)",
        "(219, 386)",
        "(987, 264)",
        "(89, 172)",
        "(300, 342)",
        "(982, 327)",
        "(799, 763)",
        "(441, 353)",
        "(376, 740)",
        "(889, 8)",
        "(4, 92)"
    ],
    "(840, 984)": [
        "(987, 264)",
        "(483, 918)",
        "(414, 681)",
        "(723, 177)",
        "(943, 432)",
        "(609, 619)",
        "(739, 724)",
        "(305, 497)",
        "(160, 74)",
        "(89, 172)",
        "(209, 882)",
        "(4, 92)",
        "(130, 756)",
        "(148, 841)",
        "(219, 386)",
        "(955, 307)",
        "(494, 226)",
        "(440, 554)",
        "(815, 384)",
        "(322, 830)",
        "(753, 18)",
        "(555, 440)",
        "(438, 815)",
        "(219, 430)",
        "(248, 457)",
        "(420, 189)",
        "(376, 740)",
        "(938, 20)"
    ],
    "(938, 20)": [
        "(987, 264)",
        "(420, 189)",
        "(130, 756)",
        "(248, 457)",
        "(723, 177)",
        "(627, 583)",
        "(494, 226)",
        "(739, 724)",
        "(203, 518)",
        "(609, 619)",
        "(219, 430)",
        "(440, 554)",
        "(483, 918)",
        "(571, 613)",
        "(578, 715)",
        "(219, 386)",
        "(555, 440)",
        "(943, 432)",
        "(376, 740)",
        "(805, 37)",
        "(4, 92)",
        "(982, 327)",
        "(15, 290)",
        "(815, 384)",
        "(343, 922)",
        "(441, 353)",
        "(840, 984)",
        "(89, 172)",
        "(220, 472)",
        "(889, 8)"
    ],
    "(753, 18)": [
        "(148, 841)",
        "(209, 882)",
        "(4, 92)",
        "(376, 740)",
        "(441, 353)",
        "(305, 497)",
        "(805, 37)",
        "(968, 204)",
        "(815, 384)",
        "(248, 457)",
        "(627, 583)",
        "(982, 327)",
        "(343, 922)",
        "(322, 830)",
        "(832, 274)",
        "(160, 74)",
        "(440, 554)",
        "(219, 430)",
        "(130, 756)",
        "(840, 984)",
        "(219, 386)",
        "(987, 264)",
        "(420, 189)",
        "(414, 681)",
        "(578, 715)",
        "(438, 815)",
        "(483, 918)",
        "(220, 472)",
        "(799, 763)",
        "(943, 432)",
        "(15, 290)",
        "(555, 440)",
        "(723, 177)"
    ],
    "(300, 342)": [
        "(220, 472)",
        "(148, 841)",
        "(799, 763)",
        "(219, 386)",
        "(982, 327)",
        "(376, 740)",
        "(160, 74)",
        "(555, 440)",
        "(987, 264)",
        "(832, 274)",
        "(889, 8)",
        "(209, 882)",
        "(89, 172)",
        "(609, 619)",
        "(15, 290)",
        "(420, 189)",
        "(483, 918)",
        "(723, 177)",
        "(805, 37)",
        "(322, 830)",
        "(248, 457)",
        "(739, 724)",
        "(627, 583)",
        "(4, 92)",
        "(943, 432)",
        "(955, 307)",
        "(571, 613)",
        "(815, 384)",
        "(343, 922)",
        "(441, 353)"
    ],
    "(420, 189)": [
        "(943, 432)",
        "(441, 353)",
        "(938, 20)",
        "(160, 74)",
        "(89, 172)",
        "(219, 386)",
        "(219, 430)",
        "(555, 440)",
        "(248, 457)",
        "(578, 715)",
        "(982, 327)",
        "(414, 681)",
        "(739, 724)",
        "(209, 882)",
        "(376, 740)",
        "(130, 756)",
        "(987, 264)",
        "(440, 554)",
        "(322, 830)",
        "(955, 307)",
        "(968, 204)",
        "(300, 342)",
        "(815, 384)",
        "(609, 619)",
        "(889, 8)",
        "(220, 472)",
        "(15, 290)",
        "(799, 763)",
        "(148, 841)",
        "(203, 518)",
        "(343, 922)",
        "(753, 18)",
        "(494, 226)",
        "(723, 177)",
        "(805, 37)",
        "(840, 984)",
        "(832, 274)",
        "(4, 92)",
        "(483, 918)",
        "(627, 583)"
    ],
    "(305, 497)": [
        "(982, 327)",
        "(148, 841)",
        "(219, 386)",
        "(739, 724)",
        "(968, 204)",
        "(840, 984)",
        "(203, 518)",
        "(376, 740)",
        "(753, 18)",
        "(414, 681)",
        "(571, 613)",
        "(440, 554)",
        "(555, 440)",
        "(4, 92)",
        "(578, 715)",
        "(248, 457)",
        "(160, 74)",
        "(220, 472)",
        "(805, 37)",
        "(209, 882)",
        "(494, 226)",
        "(723, 177)",
        "(955, 307)",
        "(89, 172)",
        "(441, 353)",
        "(627, 583)",
        "(832, 274)"
    ],
    "(148, 841)": [
        "(753, 18)",
        "(300, 342)",
        "(376, 740)",
        "(305, 497)",
        "(220, 472)",
        "(203, 518)",
        "(739, 724)",
        "(15, 290)",
        "(815, 384)",
        "(555, 440)",
        "(840, 984)",
        "(955, 307)",
        "(889, 8)",
        "(571, 613)",
        "(578, 715)",
        "(219, 430)",
        "(219, 386)",
        "(343, 922)",
        "(799, 763)",
        "(609, 619)",
        "(209, 882)",
        "(420, 189)",
        "(723, 177)",
        "(438, 815)",
        "(968, 204)",
        "(805, 37)",
        "(943, 432)",
        "(160, 74)",
        "(627, 583)",
        "(987, 264)",
        "(440, 554)",
        "(832, 274)"
    ],
    "(376, 740)": [
        "(889, 8)",
        "(148, 841)",
        "(753, 18)",
        "(130, 756)",
        "(248, 457)",
        "(305, 497)",
        "(300, 342)",
        "(943, 432)",
        "(438, 815)",
        "(420, 189)",
        "(203, 518)",
        "(494, 226)",
        "(723, 177)",
        "(627, 583)",
        "(209, 882)",
        "(938, 20)",
        "(219, 386)",
        "(89, 172)",
        "(4, 92)",
        "(815, 384)",
        "(414, 681)",
        "(968, 204)",
        "(987, 264)",
        "(840, 984)",
        "(343, 922)",
        "(555, 440)",
        "(15, 290)",
        "(739, 724)",
        "(578, 715)",
        "(799, 763)",
        "(220, 472)",
        "(160, 74)"
    ],
    "(219, 386)": [
        "(203, 518)",
        "(578, 715)",
        "(982, 327)",
        "(968, 204)",
        "(609, 619)",
        "(305, 497)",
        "(300, 342)",
        "(89, 172)",
        "(420, 189)",
        "(343, 922)",
        "(987, 264)",
        "(723, 177)",
        "(414, 681)",
        "(438, 815)",
        "(840, 984)",
        "(148, 841)",
        "(938, 20)",
        "(739, 724)",
        "(943, 432)",
        "(955, 307)",
        "(130, 756)",
        "(753, 18)",
        "(248, 457)",
        "(376, 740)",
        "(494, 226)",
        "(815, 384)",
        "(160, 74)",
        "(209, 882)",
        "(220, 472)"
    ],
    "(982, 327)": [
        "(305, 497)",
        "(441, 353)",
        "(483, 918)",
        "(987, 264)",
        "(219, 386)",
        "(89, 172)",
        "(414, 681)",
        "(130, 756)",
        "(15, 290)",
        "(300, 342)",
        "(343, 922)",
        "(220, 472)",
        "(420, 189)",
        "(438, 815)",
        "(209, 882)",
        "(832, 274)",
        "(753, 18)",
        "(955, 307)",
        "(609, 619)",
        "(440, 554)",
        "(805, 37)",
        "(723, 177)",
        "(815, 384)",
        "(160, 74)",
        "(938, 20)",
        "(578, 715)",
        "(799, 763)",
        "(248, 457)",
        "(739, 724)",
        "(203, 518)",
        "(4, 92)",
        "(322, 830)",
        "(943, 432)",
        "(555, 440)",
        "(571, 613)",
        "(889, 8)"
    ],
    "(987, 264)": [
        "(889, 8)",
        "(955, 307)",
        "(938, 20)",
        "(840, 984)",
        "(982, 327)",
        "(343, 922)",
        "(441, 353)",
        "(832, 274)",
        "(571, 613)",
        "(943, 432)",
        "(219, 386)",
        "(805, 37)",
        "(300, 342)",
        "(219, 430)",
        "(322, 830)",
        "(494, 226)",
        "(420, 189)",
        "(160, 74)",
        "(483, 918)",
        "(414, 681)",
        "(438, 815)",
        "(739, 724)",
        "(627, 583)",
        "(203, 518)",
        "(555, 440)",
        "(753, 18)",
        "(440, 554)",
        "(376, 740)",
        "(609, 619)",
        "(968, 204)",
        "(130, 756)",
        "(89, 172)",
        "(209, 882)",
        "(799, 763)",
        "(148, 841)",
        "(723, 177)",
        "(578, 715)"
    ],
    "(322, 830)": [
        "(4, 92)",
        "(130, 756)",
        "(89, 172)",
        "(955, 307)",
        "(815, 384)",
        "(832, 274)",
        "(968, 204)",
        "(723, 177)",
        "(220, 472)",
        "(494, 226)",
        "(627, 583)",
        "(987, 264)",
        "(248, 457)",
        "(609, 619)",
        "(753, 18)",
        "(420, 189)",
        "(555, 440)",
        "(578, 715)",
        "(840, 984)",
        "(160, 74)",
        "(571, 613)",
        "(441, 353)",
        "(483, 918)",
        "(799, 763)",
        "(219, 430)",
        "(300, 342)",
        "(805, 37)",
        "(203, 518)",
        "(414, 681)",
        "(440, 554)",
        "(982, 327)"
    ],
    "(968, 204)": [
        "(219, 386)",
        "(723, 177)",
        "(305, 497)",
        "(441, 353)",
        "(815, 384)",
        "(219, 430)",
        "(248, 457)",
        "(322, 830)",
        "(89, 172)",
        "(571, 613)",
        "(220, 472)",
        "(889, 8)",
        "(753, 18)",
        "(343, 922)",
        "(832, 274)",
        "(420, 189)",
        "(955, 307)",
        "(160, 74)",
        "(555, 440)",
        "(799, 763)",
        "(438, 815)",
        "(15, 290)",
        "(627, 583)",
        "(148, 841)",
        "(130, 756)",
        "(376, 740)",
        "(4, 92)",
        "(805, 37)",
        "(943, 432)",
        "(987, 264)",
        "(414, 681)",
        "(578, 715)",
        "(440, 554)",
        "(483, 918)"
    ],
    "(723, 177)": [
        "(203, 518)",
        "(968, 204)",
        "(840, 984)",
        "(799, 763)",
        "(160, 74)",
        "(219, 386)",
        "(938, 20)",
        "(322, 830)",
        "(440, 554)",
        "(578, 715)",
        "(219, 430)",
        "(414, 681)",
        "(220, 472)",
        "(555, 440)",
        "(739, 724)",
        "(15, 290)",
        "(376, 740)",
        "(130, 756)",
        "(494, 226)",
        "(248, 457)",
        "(982, 327)",
        "(300, 342)",
        "(571, 613)",
        "(305, 497)",
        "(89, 172)",
        "(148, 841)",
        "(420, 189)",
        "(627, 583)",
        "(943, 432)",
        "(209, 882)",
        "(483, 918)",
        "(987, 264)",
        "(832, 274)",
        "(441, 353)",
        "(4, 92)",
        "(753, 18)",
        "(343, 922)"
    ],
    "(578, 715)": [
        "(832, 274)",
        "(219, 386)",
        "(571, 613)",
        "(420, 189)",
        "(805, 37)",
        "(203, 518)",
        "(723, 177)",
        "(943, 432)",
        "(148, 841)",
        "(938, 20)",
        "(555, 440)",
        "(305, 497)",
        "(322, 830)",
        "(343, 922)",
        "(441, 353)",
        "(130, 756)",
        "(982, 327)",
        "(753, 18)",
        "(160, 74)",
        "(483, 918)",
        "(248, 457)",
        "(440, 554)",
        "(494, 226)",
        "(968, 204)",
        "(376, 740)",
        "(438, 815)",
        "(987, 264)",
        "(955, 307)",
        "(89, 172)"
    ],
    "(248, 457)": [
        "(209, 882)",
        "(555, 440)",
        "(420, 189)",
        "(89, 172)",
        "(376, 740)",
        "(938, 20)",
        "(438, 815)",
        "(15, 290)",
        "(343, 922)",
        "(968, 204)",
        "(4, 92)",
        "(441, 353)",
        "(832, 274)",
        "(322, 830)",
        "(753, 18)",
        "(160, 74)",
        "(609, 619)",
        "(571, 613)",
        "(483, 918)",
        "(723, 177)",
        "(440, 554)",
        "(305, 497)",
        "(219, 430)",
        "(805, 37)",
        "(219, 386)",
        "(300, 342)",
        "(840, 984)",
        "(889, 8)",
        "(578, 715)",
        "(982, 327)",
        "(815, 384)",
        "(494, 226)",
        "(799, 763)",
        "(220, 472)",
        "(130, 756)"
    ],
    "(209, 882)": [
        "(441, 353)",
        "(753, 18)",
        "(799, 763)",
        "(248, 457)",
        "(739, 724)",
        "(815, 384)",
        "(955, 307)",
        "(840, 984)",
        "(982, 327)",
        "(420, 189)",
        "(571, 613)",
        "(300, 342)",
        "(343, 922)",
        "(15, 290)",
        "(376, 740)",
        "(627, 583)",
        "(555, 440)",
        "(305, 497)",
        "(148, 841)",
        "(889, 8)",
        "(160, 74)",
        "(805, 37)",
        "(987, 264)",
        "(130, 756)",
        "(414, 681)",
        "(219, 430)",
        "(943, 432)",
        "(483, 918)",
        "(723, 177)",
        "(219, 386)",
        "(4, 92)",
        "(89, 172)"
    ],
    "(943, 432)": [
        "(441, 353)",
        "(420, 189)",
        "(414, 681)",
        "(815, 384)",
        "(955, 307)",
        "(799, 763)",
        "(15, 290)",
        "(889, 8)",
        "(494, 226)",
        "(840, 984)",
        "(571, 613)",
        "(987, 264)",
        "(376, 740)",
        "(609, 619)",
        "(483, 918)",
        "(4, 92)",
        "(440, 554)",
        "(578, 715)",
        "(130, 756)",
        "(555, 440)",
        "(938, 20)",
        "(219, 386)",
        "(627, 583)",
        "(203, 518)",
        "(438, 815)",
        "(300, 342)",
        "(219, 430)",
        "(89, 172)",
        "(968, 204)",
        "(148, 841)",
        "(343, 922)",
        "(723, 177)",
        "(753, 18)",
        "(209, 882)",
        "(160, 74)",
        "(982, 327)",
        "(220, 472)"
    ],
    "(160, 74)": [
        "(420, 189)",
        "(739, 724)",
        "(4, 92)",
        "(220, 472)",
        "(889, 8)",
        "(723, 177)",
        "(840, 984)",
        "(438, 815)",
        "(219, 430)",
        "(203, 518)",
        "(832, 274)",
        "(494, 226)",
        "(300, 342)",
        "(343, 922)",
        "(987, 264)",
        "(248, 457)",
        "(753, 18)",
        "(955, 307)",
        "(130, 756)",
        "(627, 583)",
        "(609, 619)",
        "(322, 830)",
        "(968, 204)",
        "(555, 440)",
        "(305, 497)",
        "(982, 327)",
        "(414, 681)",
        "(209, 882)",
        "(89, 172)",
        "(578, 715)",
        "(15, 290)",
        "(440, 554)",
        "(148, 841)",
        "(943, 432)",
        "(441, 353)",
        "(219, 386)",
        "(376, 740)"
    ],
    "(832, 274)": [
        "(578, 715)",
        "(441, 353)",
        "(987, 264)",
        "(483, 918)",
        "(322, 830)",
        "(160, 74)",
        "(248, 457)",
        "(982, 327)",
        "(89, 172)",
        "(805, 37)",
        "(219, 430)",
        "(300, 342)",
        "(15, 290)",
        "(753, 18)",
        "(220, 472)",
        "(968, 204)",
        "(609, 619)",
        "(343, 922)",
        "(889, 8)",
        "(440, 554)",
        "(130, 756)",
        "(955, 307)",
        "(420, 189)",
        "(414, 681)",
        "(494, 226)",
        "(555, 440)",
        "(571, 613)",
        "(723, 177)",
        "(148, 841)",
        "(305, 497)",
        "(627, 583)"
    ]
}