{
    "(128, 771)": [
        "(591, 250)",
        "(24, 588)",
        "(813, 925)",
        "(854, 697)",
        "(598, 9)",
        "(92, 498)",
        "(349, 166)"
    ],
    "(327, 912)": [
        "(617, 425)",
        "(92, 498)",
        "(598, 9)",
        "(854, 697)"
    ],
    "(24, 588)": [
        "(854, 697)",
        "(714, 509)",
        "(128, 771)"
    ],
    "(598, 9)": [
        "(854, 697)",
        "(128, 771)",
        "(327, 912)"
    ],
    "(88, 25)": [
        "(997, 304)"
    ],
    "(622, 12)": [
        "(680, 313)",
        "(591, 250)"
    ],
    "(617, 425)": [
        "(714, 509)",
        "(327, 912)",
        "(92, 498)",
        "(680, 313)",
        "(349, 166)"
    ],
    "(854, 697)": [
        "(24, 588)",
        "(793, 638)",
        "(997, 304)",
        "(598, 9)",
        "(714, 509)",
        "(128, 771)",
        "(813, 925)",
        "(327, 912)"
    ],
    "(793, 638)": [
        "(349, 166)",
        "(854, 697)"
    ],
    "(680, 313)": [
        "(92, 498)",
        "(622, 12)",
        "(617, 425)"
    ],
    "(714, 509)": [
        "(24, 588)",
        "(617, 425)",
        "(854, 697)"
    ],
    "(813, 925)": [
        "(997, 304)",
        "(128, 771)",
        "(854, 697)"
    ],
    "(349, 166)": [
        "(793, 638)",
        "(617, 425)",
        "(128, 771)"
    ],
    "(591, 250)": [
        "(128, 771)",
        "(622, 12)",
        "(92, 498)"
    ],
    "(92, 498)": [
        "(680, 313)",
        "(997, 304)",
        "(591, 250)",
        "(617, 425)",
        "(128, 771)",
        "(327, 912)"
    ],
    "(997, 304)": [
        "(92, 498)",
        "(854, 697)",
        "(88, 25)",
        "(813, 925)"
    ]
}