{
    "(427, 602)": [
        "(227, 811)",
        "(386, 595)",
        "(333, 475)",
        "(502, 310)",
        "(761, 379)",
        "(678, 220)",
        "(146, 570)",
        "(978, 795)",
        "(770, 801)",
        "(523, 991)",
        "(597, 185)",
        "(262, 799)",
        "(238, 342)",
        "(702, 27)",
        "(64, 64)",
        "(565, 372)",
        "(570, 965)",
        "(235, 542)",
        "(784, 41)",
        "(202, 768)",
        "(656, 761)",
        "(462, 827)",
        "(234, 486)",
        "(813, 442)",
        "(682, 532)"
    ],
    "(702, 27)": [
        "(565, 372)",
        "(235, 542)",
        "(523, 991)",
        "(249, 336)",
        "(506, 768)",
        "(813, 442)",
        "(9, 388)",
        "(770, 801)",
        "(113, 33)",
        "(26, 424)",
        "(146, 570)",
        "(883, 391)",
        "(427, 602)",
        "(417, 315)",
        "(761, 379)",
        "(476, 797)",
        "(678, 220)",
        "(746, 604)",
        "(807, 871)",
        "(238, 342)",
        "(555, 542)",
        "(978, 795)",
        "(343, 663)",
        "(571, 750)",
        "(227, 811)",
        "(64, 64)",
        "(409, 529)"
    ],
    "(227, 811)": [
        "(807, 871)",
        "(427, 602)",
        "(9, 388)",
        "(386, 595)",
        "(746, 604)",
        "(1, 48)",
        "(523, 991)",
        "(417, 315)",
        "(570, 965)",
        "(64, 64)",
        "(682, 532)",
        "(113, 33)",
        "(813, 442)",
        "(660, 823)",
        "(883, 391)",
        "(235, 542)",
        "(571, 750)",
        "(761, 379)",
        "(565, 372)",
        "(678, 220)",
        "(526, 385)",
        "(831, 688)",
        "(146, 570)",
        "(702, 27)",
        "(476, 797)"
    ],
    "(113, 33)": [
        "(417, 315)",
        "(9, 388)",
        "(565, 372)",
        "(978, 795)",
        "(660, 823)",
        "(476, 797)",
        "(64, 64)",
        "(784, 41)",
        "(831, 688)",
        "(770, 801)",
        "(702, 27)",
        "(1, 48)",
        "(234, 486)",
        "(555, 542)",
        "(227, 811)",
        "(526, 385)",
        "(506, 768)",
        "(26, 424)",
        "(491, 183)",
        "(659, 259)",
        "(761, 379)",
        "(656, 761)",
        "(813, 442)",
        "(957, 132)",
        "(292, 723)"
    ],
    "(710, 600)": [
        "(386, 595)",
        "(523, 991)",
        "(555, 542)",
        "(409, 529)",
        "(249, 336)",
        "(678, 220)",
        "(238, 342)",
        "(234, 486)",
        "(26, 424)",
        "(260, 273)",
        "(1, 48)",
        "(262, 799)",
        "(202, 768)",
        "(462, 827)",
        "(813, 442)",
        "(831, 688)",
        "(656, 761)",
        "(292, 723)",
        "(235, 542)",
        "(660, 823)",
        "(597, 185)",
        "(957, 132)",
        "(526, 385)",
        "(571, 750)",
        "(570, 965)"
    ],
    "(813, 442)": [
        "(260, 273)",
        "(249, 336)",
        "(660, 823)",
        "(659, 259)",
        "(597, 185)",
        "(746, 604)",
        "(417, 315)",
        "(702, 27)",
        "(491, 183)",
        "(386, 595)",
        "(957, 132)",
        "(506, 768)",
        "(978, 795)",
        "(333, 475)",
        "(476, 797)",
        "(292, 723)",
        "(565, 372)",
        "(227, 811)",
        "(1, 48)",
        "(710, 600)",
        "(555, 542)",
        "(570, 965)",
        "(682, 532)",
        "(262, 799)",
        "(113, 33)",
        "(427, 602)",
        "(462, 827)"
    ],
    "(831, 688)": [
        "(555, 542)",
        "(249, 336)",
        "(570, 965)",
        "(343, 663)",
        "(678, 220)",
        "(234, 486)",
        "(386, 595)",
        "(262, 799)",
        "(113, 33)",
        "(526, 385)",
        "(202, 768)",
        "(770, 801)",
        "(260, 273)",
        "(659, 259)",
        "(523, 991)",
        "(710, 600)",
        "(238, 342)",
        "(476, 797)",
        "(1, 48)",
        "(235, 542)",
        "(292, 723)",
        "(491, 183)",
        "(64, 64)",
        "(227, 811)",
        "(883, 391)",
        "(26, 424)",
        "(506, 768)"
    ],
    "(761, 379)": [
        "(146, 570)",
        "(523, 991)",
        "(476, 797)",
        "(26, 424)",
        "(1, 48)",
        "(249, 336)",
        "(238, 342)",
        "(427, 602)",
        "(978, 795)",
        "(333, 475)",
        "(202, 768)",
        "(235, 542)",
        "(702, 27)",
        "(555, 542)",
        "(417, 315)",
        "(770, 801)",
        "(678, 220)",
        "(64, 64)",
        "(502, 310)",
        "(462, 827)",
        "(343, 663)",
        "(784, 41)",
        "(113, 33)",
        "(260, 273)",
        "(571, 750)",
        "(227, 811)",
        "(9, 388)",
        "(386, 595)"
    ],
    "(343, 663)": [
        "(526, 385)",
        "(234, 486)",
        "(978, 795)",
        "(746, 604)",
        "(262, 799)",
        "(502, 310)",
        "(202, 768)",
        "(678, 220)",
        "(64, 64)",
        "(831, 688)",
        "(260, 273)",
        "(235, 542)",
        "(565, 372)",
        "(807, 871)",
        "(1, 48)",
        "(555, 542)",
        "(238, 342)",
        "(523, 991)",
        "(659, 259)",
        "(761, 379)",
        "(660, 823)",
        "(491, 183)",
        "(702, 27)",
        "(784, 41)",
        "(292, 723)"
    ],
    "(333, 475)": [
        "(234, 486)",
        "(9, 388)",
        "(978, 795)",
        "(427, 602)",
        "(491, 183)",
        "(386, 595)",
        "(570, 965)",
        "(784, 41)",
        "(260, 273)",
        "(682, 532)",
        "(238, 342)",
        "(565, 372)",
        "(409, 529)",
        "(506, 768)",
        "(761, 379)",
        "(678, 220)",
        "(26, 424)",
        "(417, 315)",
        "(813, 442)",
        "(571, 750)",
        "(249, 336)",
        "(146, 570)",
        "(660, 823)"
    ],
    "(238, 342)": [
        "(571, 750)",
        "(570, 965)",
        "(883, 391)",
        "(710, 600)",
        "(682, 532)",
        "(761, 379)",
        "(333, 475)",
        "(597, 185)",
        "(565, 372)",
        "(784, 41)",
        "(656, 761)",
        "(427, 602)",
        "(770, 801)",
        "(659, 259)",
        "(9, 388)",
        "(555, 542)",
        "(64, 64)",
        "(502, 310)",
        "(702, 27)",
        "(978, 795)",
        "(343, 663)",
        "(831, 688)",
        "(292, 723)",
        "(235, 542)",
        "(506, 768)",
        "(386, 595)",
        "(26, 424)",
        "(262, 799)",
        "(678, 220)"
    ],
    "(526, 385)": [
        "(343, 663)",
        "(386, 595)",
        "(202, 768)",
        "(506, 768)",
        "(9, 388)",
        "(26, 424)",
        "(409, 529)",
        "(491, 183)",
        "(831, 688)",
        "(1, 48)",
        "(234, 486)",
        "(597, 185)",
        "(978, 795)",
        "(113, 33)",
        "(555, 542)",
        "(565, 372)",
        "(784, 41)",
        "(656, 761)",
        "(462, 827)",
        "(292, 723)",
        "(417, 315)",
        "(227, 811)",
        "(710, 600)",
        "(807, 871)",
        "(571, 750)"
    ],
    "(565, 372)": [
        "(571, 750)",
        "(702, 27)",
        "(113, 33)",
        "(26, 424)",
        "(597, 185)",
        "(333, 475)",
        "(9, 388)",
        "(770, 801)",
        "(238, 342)",
        "(343, 663)",
        "(659, 259)",
        "(427, 602)",
        "(807, 871)",
        "(813, 442)",
        "(555, 542)",
        "(526, 385)",
        "(409, 529)",
        "(491, 183)",
        "(656, 761)",
        "(227, 811)",
        "(502, 310)",
        "(417, 315)"
    ],
    "(656, 761)": [
        "(597, 185)",
        "(462, 827)",
        "(26, 424)",
        "(807, 871)",
        "(555, 542)",
        "(502, 310)",
        "(238, 342)",
        "(746, 604)",
        "(64, 64)",
        "(978, 795)",
        "(660, 823)",
        "(386, 595)",
        "(262, 799)",
        "(409, 529)",
        "(113, 33)",
        "(526, 385)",
        "(710, 600)",
        "(565, 372)",
        "(427, 602)",
        "(202, 768)",
        "(678, 220)"
    ],
    "(957, 132)": [
        "(659, 259)",
        "(386, 595)",
        "(476, 797)",
        "(746, 604)",
        "(807, 871)",
        "(660, 823)",
        "(571, 750)",
        "(1, 48)",
        "(813, 442)",
        "(9, 388)",
        "(978, 795)",
        "(491, 183)",
        "(570, 965)",
        "(262, 799)",
        "(502, 310)",
        "(260, 273)",
        "(146, 570)",
        "(710, 600)",
        "(523, 991)",
        "(202, 768)",
        "(784, 41)",
        "(555, 542)",
        "(113, 33)"
    ],
    "(260, 273)": [
        "(813, 442)",
        "(64, 64)",
        "(784, 41)",
        "(978, 795)",
        "(333, 475)",
        "(343, 663)",
        "(1, 48)",
        "(660, 823)",
        "(462, 827)",
        "(831, 688)",
        "(710, 600)",
        "(746, 604)",
        "(491, 183)",
        "(523, 991)",
        "(555, 542)",
        "(597, 185)",
        "(883, 391)",
        "(146, 570)",
        "(417, 315)",
        "(761, 379)",
        "(957, 132)"
    ],
    "(146, 570)": [
        "(761, 379)",
        "(502, 310)",
        "(386, 595)",
        "(746, 604)",
        "(1, 48)",
        "(202, 768)",
        "(427, 602)",
        "(784, 41)",
        "(506, 768)",
        "(702, 27)",
        "(682, 532)",
        "(262, 799)",
        "(9, 388)",
        "(659, 259)",
        "(555, 542)",
        "(64, 64)",
        "(260, 273)",
        "(333, 475)",
        "(957, 132)",
        "(409, 529)",
        "(227, 811)"
    ],
    "(597, 185)": [
        "(656, 761)",
        "(813, 442)",
        "(523, 991)",
        "(238, 342)",
        "(565, 372)",
        "(249, 336)",
        "(427, 602)",
        "(462, 827)",
        "(570, 965)",
        "(526, 385)",
        "(202, 768)",
        "(807, 871)",
        "(502, 310)",
        "(260, 273)",
        "(660, 823)",
        "(409, 529)",
        "(710, 600)",
        "(262, 799)",
        "(235, 542)",
        "(386, 595)"
    ],
    "(571, 750)": [
        "(565, 372)",
        "(238, 342)",
        "(249, 336)",
        "(957, 132)",
        "(491, 183)",
        "(883, 391)",
        "(660, 823)",
        "(659, 259)",
        "(64, 64)",
        "(333, 475)",
        "(770, 801)",
        "(807, 871)",
        "(761, 379)",
        "(227, 811)",
        "(235, 542)",
        "(262, 799)",
        "(523, 991)",
        "(502, 310)",
        "(702, 27)",
        "(710, 600)",
        "(526, 385)"
    ],
    "(234, 486)": [
        "(333, 475)",
        "(343, 663)",
        "(659, 259)",
        "(523, 991)",
        "(710, 600)",
        "(1, 48)",
        "(831, 688)",
        "(502, 310)",
        "(526, 385)",
        "(202, 768)",
        "(113, 33)",
        "(660, 823)",
        "(506, 768)",
        "(570, 965)",
        "(462, 827)",
        "(26, 424)",
        "(262, 799)",
        "(292, 723)",
        "(682, 532)",
        "(978, 795)",
        "(427, 602)",
        "(807, 871)",
        "(235, 542)",
        "(417, 315)",
        "(409, 529)"
    ],
    "(506, 768)": [
        "(678, 220)",
        "(1, 48)",
        "(526, 385)",
        "(417, 315)",
        "(702, 27)",
        "(146, 570)",
        "(333, 475)",
        "(462, 827)",
        "(813, 442)",
        "(292, 723)",
        "(234, 486)",
        "(113, 33)",
        "(491, 183)",
        "(770, 801)",
        "(26, 424)",
        "(523, 991)",
        "(476, 797)",
        "(9, 388)",
        "(238, 342)",
        "(978, 795)",
        "(659, 259)",
        "(555, 542)",
        "(831, 688)"
    ],
    "(235, 542)": [
        "(702, 27)",
        "(409, 529)",
        "(386, 595)",
        "(417, 315)",
        "(64, 64)",
        "(343, 663)",
        "(883, 391)",
        "(292, 723)",
        "(660, 823)",
        "(761, 379)",
        "(427, 602)",
        "(659, 259)",
        "(678, 220)",
        "(831, 688)",
        "(476, 797)",
        "(26, 424)",
        "(238, 342)",
        "(491, 183)",
        "(227, 811)",
        "(571, 750)",
        "(710, 600)",
        "(597, 185)",
        "(234, 486)"
    ],
    "(409, 529)": [
        "(235, 542)",
        "(710, 600)",
        "(462, 827)",
        "(526, 385)",
        "(807, 871)",
        "(333, 475)",
        "(978, 795)",
        "(883, 391)",
        "(386, 595)",
        "(659, 259)",
        "(491, 183)",
        "(565, 372)",
        "(656, 761)",
        "(597, 185)",
        "(1, 48)",
        "(146, 570)",
        "(570, 965)",
        "(234, 486)",
        "(702, 27)"
    ],
    "(386, 595)": [
        "(710, 600)",
        "(526, 385)",
        "(146, 570)",
        "(227, 811)",
        "(427, 602)",
        "(476, 797)",
        "(957, 132)",
        "(333, 475)",
        "(235, 542)",
        "(746, 604)",
        "(1, 48)",
        "(678, 220)",
        "(417, 315)",
        "(831, 688)",
        "(491, 183)",
        "(570, 965)",
        "(813, 442)",
        "(502, 310)",
        "(409, 529)",
        "(659, 259)",
        "(64, 64)",
        "(249, 336)",
        "(656, 761)",
        "(462, 827)",
        "(262, 799)",
        "(238, 342)",
        "(761, 379)",
        "(597, 185)"
    ],
    "(476, 797)": [
        "(761, 379)",
        "(807, 871)",
        "(386, 595)",
        "(9, 388)",
        "(957, 132)",
        "(249, 336)",
        "(113, 33)",
        "(202, 768)",
        "(555, 542)",
        "(883, 391)",
        "(660, 823)",
        "(523, 991)",
        "(702, 27)",
        "(813, 442)",
        "(64, 64)",
        "(292, 723)",
        "(506, 768)",
        "(831, 688)",
        "(235, 542)",
        "(262, 799)",
        "(678, 220)",
        "(417, 315)",
        "(784, 41)",
        "(659, 259)",
        "(227, 811)"
    ],
    "(523, 991)": [
        "(678, 220)",
        "(710, 600)",
        "(761, 379)",
        "(702, 27)",
        "(234, 486)",
        "(682, 532)",
        "(597, 185)",
        "(427, 602)",
        "(227, 811)",
        "(570, 965)",
        "(746, 604)",
        "(476, 797)",
        "(262, 799)",
        "(807, 871)",
        "(202, 768)",
        "(784, 41)",
        "(1, 48)",
        "(831, 688)",
        "(491, 183)",
        "(343, 663)",
        "(260, 273)",
        "(506, 768)",
        "(770, 801)",
        "(462, 827)",
        "(417, 315)",
        "(571, 750)",
        "(555, 542)",
        "(957, 132)",
        "(249, 336)",
        "(64, 64)",
        "(659, 259)"
    ],
    "(249, 336)": [
        "(462, 827)",
        "(813, 442)",
        "(831, 688)",
        "(710, 600)",
        "(64, 64)",
        "(702, 27)",
        "(571, 750)",
        "(502, 310)",
        "(476, 797)",
        "(9, 388)",
        "(26, 424)",
        "(761, 379)",
        "(682, 532)",
        "(597, 185)",
        "(386, 595)",
        "(333, 475)",
        "(491, 183)",
        "(523, 991)",
        "(417, 315)",
        "(770, 801)",
        "(807, 871)"
    ],
    "(502, 310)": [
        "(146, 570)",
        "(343, 663)",
        "(249, 336)",
        "(427, 602)",
        "(9, 388)",
        "(978, 795)",
        "(234, 486)",
        "(682, 532)",
        "(555, 542)",
        "(570, 965)",
        "(656, 761)",
        "(491, 183)",
        "(386, 595)",
        "(659, 259)",
        "(64, 64)",
        "(770, 801)",
        "(292, 723)",
        "(238, 342)",
        "(202, 768)",
        "(597, 185)",
        "(761, 379)",
        "(883, 391)",
        "(957, 132)",
        "(571, 750)",
        "(565, 372)"
    ],
    "(1, 48)": [
        "(262, 799)",
        "(506, 768)",
        "(146, 570)",
        "(746, 604)",
        "(234, 486)",
        "(761, 379)",
        "(64, 64)",
        "(386, 595)",
        "(957, 132)",
        "(260, 273)",
        "(227, 811)",
        "(526, 385)",
        "(678, 220)",
        "(113, 33)",
        "(343, 663)",
        "(26, 424)",
        "(710, 600)",
        "(523, 991)",
        "(660, 823)",
        "(813, 442)",
        "(9, 388)",
        "(491, 183)",
        "(831, 688)",
        "(409, 529)",
        "(570, 965)"
    ],
    "(417, 315)": [
        "(113, 33)",
        "(770, 801)",
        "(202, 768)",
        "(506, 768)",
        "(555, 542)",
        "(813, 442)",
        "(386, 595)",
        "(235, 542)",
        "(682, 532)",
        "(227, 811)",
        "(9, 388)",
        "(702, 27)",
        "(333, 475)",
        "(761, 379)",
        "(462, 827)",
        "(570, 965)",
        "(523, 991)",
        "(260, 273)",
        "(978, 795)",
        "(476, 797)",
        "(678, 220)",
        "(64, 64)",
        "(526, 385)",
        "(491, 183)",
        "(249, 336)",
        "(807, 871)",
        "(565, 372)",
        "(234, 486)",
        "(262, 799)"
    ],
    "(678, 220)": [
        "(523, 991)",
        "(262, 799)",
        "(506, 768)",
        "(292, 723)",
        "(710, 600)",
        "(343, 663)",
        "(831, 688)",
        "(883, 391)",
        "(427, 602)",
        "(386, 595)",
        "(1, 48)",
        "(746, 604)",
        "(333, 475)",
        "(702, 27)",
        "(770, 801)",
        "(761, 379)",
        "(235, 542)",
        "(202, 768)",
        "(784, 41)",
        "(476, 797)",
        "(417, 315)",
        "(227, 811)",
        "(238, 342)",
        "(656, 761)"
    ],
    "(659, 259)": [
        "(957, 132)",
        "(234, 486)",
        "(813, 442)",
        "(9, 388)",
        "(883, 391)",
        "(660, 823)",
        "(555, 542)",
        "(570, 965)",
        "(565, 372)",
        "(238, 342)",
        "(571, 750)",
        "(807, 871)",
        "(831, 688)",
        "(502, 310)",
        "(491, 183)",
        "(409, 529)",
        "(386, 595)",
        "(784, 41)",
        "(235, 542)",
        "(146, 570)",
        "(343, 663)",
        "(113, 33)",
        "(506, 768)",
        "(292, 723)",
        "(523, 991)",
        "(476, 797)",
        "(26, 424)"
    ],
    "(660, 823)": [
        "(813, 442)",
        "(770, 801)",
        "(113, 33)",
        "(491, 183)",
        "(957, 132)",
        "(202, 768)",
        "(260, 273)",
        "(570, 965)",
        "(659, 259)",
        "(476, 797)",
        "(571, 750)",
        "(235, 542)",
        "(555, 542)",
        "(234, 486)",
        "(807, 871)",
        "(656, 761)",
        "(1, 48)",
        "(292, 723)",
        "(26, 424)",
        "(227, 811)",
        "(597, 185)",
        "(343, 663)",
        "(64, 64)",
        "(710, 600)",
        "(333, 475)",
        "(746, 604)"
    ],
    "(570, 965)": [
        "(64, 64)",
        "(807, 871)",
        "(238, 342)",
        "(831, 688)",
        "(770, 801)",
        "(333, 475)",
        "(26, 424)",
        "(502, 310)",
        "(262, 799)",
        "(386, 595)",
        "(660, 823)",
        "(659, 259)",
        "(523, 991)",
        "(227, 811)",
        "(597, 185)",
        "(427, 602)",
        "(234, 486)",
        "(462, 827)",
        "(417, 315)",
        "(957, 132)",
        "(491, 183)",
        "(813, 442)",
        "(784, 41)",
        "(1, 48)",
        "(409, 529)",
        "(292, 723)",
        "(710, 600)"
    ],
    "(807, 871)": [
        "(570, 965)",
        "(227, 811)",
        "(476, 797)",
        "(746, 604)",
        "(957, 132)",
        "(409, 529)",
        "(656, 761)",
        "(343, 663)",
        "(9, 388)",
        "(659, 259)",
        "(523, 991)",
        "(565, 372)",
        "(660, 823)",
        "(702, 27)",
        "(202, 768)",
        "(597, 185)",
        "(292, 723)",
        "(571, 750)",
        "(26, 424)",
        "(555, 542)",
        "(234, 486)",
        "(526, 385)",
        "(417, 315)",
        "(249, 336)"
    ],
    "(770, 801)": [
        "(660, 823)",
        "(417, 315)",
        "(570, 965)",
        "(26, 424)",
        "(427, 602)",
        "(565, 372)",
        "(113, 33)",
        "(702, 27)",
        "(831, 688)",
        "(238, 342)",
        "(9, 388)",
        "(502, 310)",
        "(761, 379)",
        "(678, 220)",
        "(506, 768)",
        "(571, 750)",
        "(523, 991)",
        "(262, 799)",
        "(491, 183)",
        "(249, 336)",
        "(64, 64)"
    ],
    "(784, 41)": [
        "(292, 723)",
        "(260, 273)",
        "(333, 475)",
        "(113, 33)",
        "(146, 570)",
        "(64, 64)",
        "(238, 342)",
        "(682, 532)",
        "(462, 827)",
        "(9, 388)",
        "(523, 991)",
        "(659, 259)",
        "(427, 602)",
        "(526, 385)",
        "(978, 795)",
        "(761, 379)",
        "(883, 391)",
        "(678, 220)",
        "(570, 965)",
        "(26, 424)",
        "(343, 663)",
        "(957, 132)",
        "(476, 797)",
        "(491, 183)"
    ],
    "(202, 768)": [
        "(526, 385)",
        "(682, 532)",
        "(417, 315)",
        "(343, 663)",
        "(146, 570)",
        "(262, 799)",
        "(660, 823)",
        "(476, 797)",
        "(831, 688)",
        "(491, 183)",
        "(234, 486)",
        "(761, 379)",
        "(597, 185)",
        "(523, 991)",
        "(883, 391)",
        "(807, 871)",
        "(978, 795)",
        "(710, 600)",
        "(502, 310)",
        "(678, 220)",
        "(26, 424)",
        "(427, 602)",
        "(555, 542)",
        "(957, 132)",
        "(656, 761)"
    ],
    "(9, 388)": [
        "(333, 475)",
        "(227, 811)",
        "(113, 33)",
        "(476, 797)",
        "(526, 385)",
        "(659, 259)",
        "(502, 310)",
        "(249, 336)",
        "(64, 64)",
        "(746, 604)",
        "(26, 424)",
        "(565, 372)",
        "(702, 27)",
        "(978, 795)",
        "(807, 871)",
        "(417, 315)",
        "(957, 132)",
        "(238, 342)",
        "(784, 41)",
        "(770, 801)",
        "(1, 48)",
        "(146, 570)",
        "(506, 768)",
        "(761, 379)"
    ],
    "(978, 795)": [
        "(333, 475)",
        "(343, 663)",
        "(260, 273)",
        "(113, 33)",
        "(502, 310)",
        "(427, 602)",
        "(761, 379)",
        "(409, 529)",
        "(491, 183)",
        "(462, 827)",
        "(9, 388)",
        "(813, 442)",
        "(26, 424)",
        "(957, 132)",
        "(526, 385)",
        "(656, 761)",
        "(238, 342)",
        "(202, 768)",
        "(555, 542)",
        "(702, 27)",
        "(64, 64)",
        "(784, 41)",
        "(262, 799)",
        "(417, 315)",
        "(234, 486)",
        "(506, 768)",
        "(746, 604)",
        "(883, 391)"
    ],
    "(746, 604)": [
        "(262, 799)",
        "(343, 663)",
        "(146, 570)",
        "(807, 871)",
        "(227, 811)",
        "(1, 48)",
        "(957, 132)",
        "(682, 532)",
        "(813, 442)",
        "(386, 595)",
        "(9, 388)",
        "(462, 827)",
        "(656, 761)",
        "(523, 991)",
        "(678, 220)",
        "(883, 391)",
        "(702, 27)",
        "(260, 273)",
        "(978, 795)",
        "(660, 823)"
    ],
    "(491, 183)": [
        "(333, 475)",
        "(292, 723)",
        "(660, 823)",
        "(526, 385)",
        "(571, 750)",
        "(682, 532)",
        "(978, 795)",
        "(386, 595)",
        "(202, 768)",
        "(262, 799)",
        "(813, 442)",
        "(502, 310)",
        "(64, 64)",
        "(659, 259)",
        "(957, 132)",
        "(523, 991)",
        "(506, 768)",
        "(260, 273)",
        "(409, 529)",
        "(113, 33)",
        "(1, 48)",
        "(565, 372)",
        "(570, 965)",
        "(235, 542)",
        "(343, 663)",
        "(831, 688)",
        "(249, 336)",
        "(417, 315)",
        "(770, 801)",
        "(26, 424)",
        "(784, 41)"
    ],
    "(64, 64)": [
        "(292, 723)",
        "(570, 965)",
        "(260, 273)",
        "(249, 336)",
        "(343, 663)",
        "(1, 48)",
        "(9, 388)",
        "(113, 33)",
        "(235, 542)",
        "(784, 41)",
        "(227, 811)",
        "(427, 602)",
        "(491, 183)",
        "(656, 761)",
        "(571, 750)",
        "(238, 342)",
        "(502, 310)",
        "(386, 595)",
        "(476, 797)",
        "(761, 379)",
        "(146, 570)",
        "(978, 795)",
        "(660, 823)",
        "(417, 315)",
        "(523, 991)",
        "(831, 688)",
        "(770, 801)",
        "(702, 27)"
    ],
    "(682, 532)": [
        "(202, 768)",
        "(238, 342)",
        "(746, 604)",
        "(333, 475)",
        "(523, 991)",
        "(249, 336)",
        "(502, 310)",
        "(491, 183)",
        "(417, 315)",
        "(262, 799)",
        "(784, 41)",
        "(227, 811)",
        "(146, 570)",
        "(555, 542)",
        "(813, 442)",
        "(234, 486)",
        "(427, 602)"
    ],
    "(883, 391)": [
        "(238, 342)",
        "(678, 220)",
        "(235, 542)",
        "(659, 259)",
        "(571, 750)",
        "(476, 797)",
        "(702, 27)",
        "(409, 529)",
        "(746, 604)",
        "(262, 799)",
        "(202, 768)",
        "(227, 811)",
        "(260, 273)",
        "(502, 310)",
        "(784, 41)",
        "(978, 795)",
        "(26, 424)",
        "(831, 688)"
    ],
    "(462, 827)": [
        "(249, 336)",
        "(409, 529)",
        "(656, 761)",
        "(978, 795)",
        "(597, 185)",
        "(262, 799)",
        "(260, 273)",
        "(746, 604)",
        "(506, 768)",
        "(784, 41)",
        "(417, 315)",
        "(570, 965)",
        "(234, 486)",
        "(710, 600)",
        "(523, 991)",
        "(761, 379)",
        "(386, 595)",
        "(526, 385)",
        "(427, 602)",
        "(555, 542)",
        "(813, 442)"
    ],
    "(292, 723)": [
        "(64, 64)",
        "(784, 41)",
        "(678, 220)",
        "(491, 183)",
        "(26, 424)",
        "(235, 542)",
        "(506, 768)",
        "(262, 799)",
        "(502, 310)",
        "(813, 442)",
        "(660, 823)",
        "(807, 871)",
        "(476, 797)",
        "(238, 342)",
        "(234, 486)",
        "(710, 600)",
        "(831, 688)",
        "(526, 385)",
        "(659, 259)",
        "(343, 663)",
        "(113, 33)",
        "(570, 965)"
    ],
    "(262, 799)": [
        "(746, 604)",
        "(1, 48)",
        "(678, 220)",
        "(343, 663)",
        "(202, 768)",
        "(831, 688)",
        "(570, 965)",
        "(491, 183)",
        "(427, 602)",
        "(462, 827)",
        "(682, 532)",
        "(292, 723)",
        "(883, 391)",
        "(523, 991)",
        "(146, 570)",
        "(710, 600)",
        "(656, 761)",
        "(234, 486)",
        "(770, 801)",
        "(978, 795)",
        "(386, 595)",
        "(476, 797)",
        "(957, 132)",
        "(571, 750)",
        "(813, 442)",
        "(238, 342)",
        "(597, 185)",
        "(26, 424)",
        "(417, 315)"
    ],
    "(26, 424)": [
        "(292, 723)",
        "(770, 801)",
        "(526, 385)",
        "(565, 372)",
        "(761, 379)",
        "(249, 336)",
        "(656, 761)",
        "(570, 965)",
        "(9, 388)",
        "(710, 600)",
        "(702, 27)",
        "(978, 795)",
        "(1, 48)",
        "(333, 475)",
        "(660, 823)",
        "(234, 486)",
        "(113, 33)",
        "(506, 768)",
        "(202, 768)",
        "(807, 871)",
        "(235, 542)",
        "(238, 342)",
        "(784, 41)",
        "(883, 391)",
        "(491, 183)",
        "(831, 688)",
        "(262, 799)",
        "(659, 259)"
    ],
    "(555, 542)": [
        "(831, 688)",
        "(710, 600)",
        "(417, 315)",
        "(502, 310)",
        "(656, 761)",
        "(659, 259)",
        "(476, 797)",
        "(660, 823)",
        "(113, 33)",
        "(238, 342)",
        "(343, 663)",
        "(761, 379)",
        "(526, 385)",
        "(702, 27)",
        "(978, 795)",
        "(565, 372)",
        "(260, 273)",
        "(146, 570)",
        "(682, 532)",
        "(813, 442)",
        "(807, 871)",
        "(202, 768)",
        "(523, 991)",
        "(462, 827)",
        "(957, 132)",
        "(506, 768)"
    ]
}