{
    "(532, 883)": [
        "(857, 809)",
        "(218, 227)",
        "(85, 601)",
        "(624, 636)",
        "(594, 761)",
        "(131, 67)",
        "(507, 118)",
        "(455, 730)",
        "(106, 934)",
        "(123, 733)",
        "(438, 726)",
        "(105, 65)",
        "(391, 462)",
        "(966, 632)",
        "(632, 338)",
        "(852, 153)",
        "(161, 731)",
        "(678, 248)",
        "(859, 549)",
        "(807, 545)",
        "(799, 26)",
        "(37, 942)",
        "(12, 202)",
        "(483, 219)",
        "(511, 90)",
        "(5, 170)",
        "(400, 623)",
        "(542, 166)",
        "(240, 873)",
        "(872, 184)",
        "(35, 982)"
    ],
    "(391, 462)": [
        "(883, 217)",
        "(85, 601)",
        "(399, 247)",
        "(106, 546)",
        "(255, 329)",
        "(698, 150)",
        "(532, 883)",
        "(218, 227)",
        "(859, 943)",
        "(424, 555)",
        "(240, 873)",
        "(854, 208)",
        "(264, 823)",
        "(855, 484)",
        "(410, 344)",
        "(104, 910)",
        "(188, 128)",
        "(106, 934)",
        "(872, 184)",
        "(721, 336)",
        "(5, 170)",
        "(455, 730)",
        "(857, 809)",
        "(859, 549)",
        "(12, 202)",
        "(632, 338)",
        "(483, 219)",
        "(966, 632)",
        "(511, 90)"
    ],
    "(827, 292)": [
        "(698, 150)",
        "(907, 797)",
        "(106, 546)",
        "(511, 90)",
        "(538, 980)",
        "(399, 247)",
        "(37, 942)",
        "(161, 731)",
        "(131, 759)",
        "(104, 910)",
        "(85, 601)",
        "(306, 775)",
        "(465, 572)",
        "(507, 118)",
        "(577, 386)",
        "(629, 59)",
        "(410, 344)",
        "(942, 30)",
        "(5, 170)",
        "(264, 823)",
        "(632, 338)",
        "(855, 484)",
        "(123, 733)",
        "(35, 982)",
        "(106, 934)",
        "(542, 166)",
        "(438, 726)",
        "(641, 1000)",
        "(852, 153)"
    ],
    "(723, 262)": [
        "(967, 526)",
        "(594, 761)",
        "(106, 934)",
        "(577, 386)",
        "(872, 184)",
        "(240, 873)",
        "(942, 30)",
        "(632, 338)",
        "(883, 217)",
        "(511, 90)",
        "(400, 623)",
        "(966, 632)",
        "(198, 198)",
        "(757, 999)",
        "(465, 572)",
        "(629, 59)",
        "(105, 65)",
        "(131, 759)",
        "(807, 545)",
        "(859, 943)",
        "(218, 227)",
        "(438, 726)",
        "(799, 26)",
        "(698, 150)",
        "(106, 546)",
        "(37, 942)",
        "(85, 601)",
        "(264, 823)",
        "(857, 809)",
        "(855, 484)",
        "(234, 1)",
        "(123, 733)"
    ],
    "(799, 26)": [
        "(854, 208)",
        "(12, 202)",
        "(577, 386)",
        "(698, 150)",
        "(35, 982)",
        "(131, 759)",
        "(400, 623)",
        "(123, 733)",
        "(967, 526)",
        "(678, 248)",
        "(85, 601)",
        "(942, 30)",
        "(594, 761)",
        "(255, 329)",
        "(679, 835)",
        "(105, 65)",
        "(455, 730)",
        "(264, 823)",
        "(532, 883)",
        "(629, 59)",
        "(198, 198)",
        "(465, 572)",
        "(399, 247)",
        "(234, 1)",
        "(857, 809)",
        "(723, 262)",
        "(5, 170)",
        "(542, 166)",
        "(438, 726)",
        "(240, 873)",
        "(410, 344)"
    ],
    "(424, 555)": [
        "(641, 1000)",
        "(400, 623)",
        "(624, 636)",
        "(855, 484)",
        "(106, 546)",
        "(106, 934)",
        "(942, 30)",
        "(679, 835)",
        "(629, 59)",
        "(264, 823)",
        "(391, 462)",
        "(854, 208)",
        "(857, 809)",
        "(198, 198)",
        "(161, 731)",
        "(859, 943)",
        "(883, 217)",
        "(188, 128)",
        "(399, 247)",
        "(954, 170)",
        "(123, 733)",
        "(967, 526)",
        "(234, 1)",
        "(577, 386)",
        "(807, 545)",
        "(511, 90)"
    ],
    "(542, 166)": [
        "(698, 150)",
        "(629, 59)",
        "(872, 184)",
        "(438, 726)",
        "(507, 118)",
        "(954, 170)",
        "(105, 65)",
        "(240, 873)",
        "(161, 731)",
        "(679, 835)",
        "(85, 601)",
        "(5, 170)",
        "(188, 128)",
        "(942, 30)",
        "(857, 809)",
        "(757, 999)",
        "(306, 775)",
        "(400, 623)",
        "(624, 636)",
        "(577, 386)",
        "(641, 1000)",
        "(12, 202)",
        "(854, 208)",
        "(465, 572)",
        "(410, 344)",
        "(37, 942)",
        "(721, 336)",
        "(106, 934)",
        "(255, 329)",
        "(532, 883)",
        "(859, 549)",
        "(855, 484)",
        "(399, 247)",
        "(799, 26)",
        "(594, 761)",
        "(218, 227)",
        "(827, 292)",
        "(511, 90)",
        "(678, 248)",
        "(455, 730)"
    ],
    "(85, 601)": [
        "(854, 208)",
        "(883, 217)",
        "(391, 462)",
        "(218, 227)",
        "(161, 731)",
        "(306, 775)",
        "(757, 999)",
        "(532, 883)",
        "(400, 623)",
        "(872, 184)",
        "(827, 292)",
        "(542, 166)",
        "(465, 572)",
        "(799, 26)",
        "(106, 546)",
        "(255, 329)",
        "(240, 873)",
        "(37, 942)",
        "(131, 759)",
        "(855, 484)",
        "(624, 636)",
        "(698, 150)",
        "(483, 219)",
        "(538, 980)",
        "(131, 67)",
        "(12, 202)",
        "(629, 59)",
        "(723, 262)",
        "(198, 198)",
        "(632, 338)",
        "(35, 982)",
        "(507, 118)",
        "(188, 128)",
        "(106, 934)"
    ],
    "(855, 484)": [
        "(5, 170)",
        "(483, 219)",
        "(807, 545)",
        "(507, 118)",
        "(424, 555)",
        "(577, 386)",
        "(967, 526)",
        "(410, 344)",
        "(857, 809)",
        "(255, 329)",
        "(123, 733)",
        "(641, 1000)",
        "(966, 632)",
        "(240, 873)",
        "(391, 462)",
        "(218, 227)",
        "(85, 601)",
        "(188, 128)",
        "(827, 292)",
        "(511, 90)",
        "(629, 59)",
        "(264, 823)",
        "(542, 166)",
        "(594, 761)",
        "(854, 208)",
        "(35, 982)",
        "(538, 980)",
        "(723, 262)",
        "(859, 549)",
        "(678, 248)",
        "(105, 65)",
        "(883, 217)"
    ],
    "(854, 208)": [
        "(85, 601)",
        "(410, 344)",
        "(104, 910)",
        "(799, 26)",
        "(907, 797)",
        "(507, 118)",
        "(188, 128)",
        "(399, 247)",
        "(106, 934)",
        "(161, 731)",
        "(424, 555)",
        "(721, 336)",
        "(391, 462)",
        "(511, 90)",
        "(455, 730)",
        "(872, 184)",
        "(306, 775)",
        "(852, 153)",
        "(966, 632)",
        "(542, 166)",
        "(678, 248)",
        "(35, 982)",
        "(400, 623)",
        "(967, 526)",
        "(698, 150)",
        "(641, 1000)",
        "(264, 823)",
        "(855, 484)",
        "(37, 942)",
        "(131, 759)",
        "(106, 546)",
        "(857, 809)",
        "(465, 572)"
    ],
    "(859, 549)": [
        "(131, 67)",
        "(255, 329)",
        "(161, 731)",
        "(37, 942)",
        "(188, 128)",
        "(104, 910)",
        "(641, 1000)",
        "(942, 30)",
        "(198, 198)",
        "(538, 980)",
        "(5, 170)",
        "(954, 170)",
        "(629, 59)",
        "(12, 202)",
        "(624, 636)",
        "(757, 999)",
        "(234, 1)",
        "(967, 526)",
        "(218, 227)",
        "(532, 883)",
        "(240, 873)",
        "(35, 982)",
        "(306, 775)",
        "(577, 386)",
        "(438, 726)",
        "(883, 217)",
        "(807, 545)",
        "(391, 462)",
        "(410, 344)",
        "(542, 166)",
        "(106, 546)",
        "(721, 336)",
        "(855, 484)",
        "(123, 733)",
        "(698, 150)"
    ],
    "(264, 823)": [
        "(507, 118)",
        "(721, 336)",
        "(438, 726)",
        "(857, 809)",
        "(757, 999)",
        "(424, 555)",
        "(306, 775)",
        "(240, 873)",
        "(391, 462)",
        "(624, 636)",
        "(538, 980)",
        "(859, 943)",
        "(35, 982)",
        "(872, 184)",
        "(799, 26)",
        "(827, 292)",
        "(907, 797)",
        "(807, 545)",
        "(106, 934)",
        "(410, 344)",
        "(5, 170)",
        "(400, 623)",
        "(12, 202)",
        "(577, 386)",
        "(855, 484)",
        "(942, 30)",
        "(854, 208)",
        "(629, 59)",
        "(234, 1)",
        "(723, 262)",
        "(679, 835)",
        "(698, 150)",
        "(465, 572)"
    ],
    "(872, 184)": [
        "(542, 166)",
        "(632, 338)",
        "(131, 67)",
        "(807, 545)",
        "(85, 601)",
        "(255, 329)",
        "(723, 262)",
        "(678, 248)",
        "(483, 219)",
        "(465, 572)",
        "(306, 775)",
        "(218, 227)",
        "(954, 170)",
        "(455, 730)",
        "(967, 526)",
        "(854, 208)",
        "(264, 823)",
        "(391, 462)",
        "(507, 118)",
        "(131, 759)",
        "(399, 247)",
        "(37, 942)",
        "(400, 623)",
        "(5, 170)",
        "(106, 546)",
        "(907, 797)",
        "(629, 59)",
        "(698, 150)",
        "(721, 336)",
        "(532, 883)",
        "(852, 153)"
    ],
    "(883, 217)": [
        "(391, 462)",
        "(465, 572)",
        "(85, 601)",
        "(5, 170)",
        "(577, 386)",
        "(455, 730)",
        "(678, 248)",
        "(679, 835)",
        "(721, 336)",
        "(35, 982)",
        "(594, 761)",
        "(400, 623)",
        "(723, 262)",
        "(104, 910)",
        "(131, 759)",
        "(438, 726)",
        "(424, 555)",
        "(857, 809)",
        "(106, 546)",
        "(859, 943)",
        "(954, 170)",
        "(629, 59)",
        "(859, 549)",
        "(907, 797)",
        "(255, 329)",
        "(240, 873)",
        "(12, 202)",
        "(507, 118)",
        "(188, 128)",
        "(538, 980)",
        "(198, 198)",
        "(757, 999)",
        "(855, 484)"
    ],
    "(907, 797)": [
        "(967, 526)",
        "(827, 292)",
        "(131, 759)",
        "(854, 208)",
        "(698, 150)",
        "(188, 128)",
        "(123, 733)",
        "(511, 90)",
        "(218, 227)",
        "(954, 170)",
        "(624, 636)",
        "(438, 726)",
        "(105, 65)",
        "(255, 329)",
        "(264, 823)",
        "(465, 572)",
        "(857, 809)",
        "(852, 153)",
        "(12, 202)",
        "(35, 982)",
        "(883, 217)",
        "(872, 184)",
        "(37, 942)",
        "(507, 118)",
        "(942, 30)",
        "(400, 623)",
        "(131, 67)",
        "(859, 943)",
        "(106, 934)"
    ],
    "(942, 30)": [
        "(438, 726)",
        "(859, 943)",
        "(859, 549)",
        "(123, 733)",
        "(624, 636)",
        "(577, 386)",
        "(698, 150)",
        "(424, 555)",
        "(679, 835)",
        "(465, 572)",
        "(629, 59)",
        "(542, 166)",
        "(131, 67)",
        "(723, 262)",
        "(799, 26)",
        "(827, 292)",
        "(198, 198)",
        "(106, 934)",
        "(410, 344)",
        "(632, 338)",
        "(234, 1)",
        "(954, 170)",
        "(188, 128)",
        "(678, 248)",
        "(264, 823)",
        "(455, 730)",
        "(594, 761)",
        "(35, 982)",
        "(511, 90)",
        "(907, 797)",
        "(641, 1000)"
    ],
    "(594, 761)": [
        "(131, 759)",
        "(723, 262)",
        "(400, 623)",
        "(507, 118)",
        "(218, 227)",
        "(632, 338)",
        "(106, 934)",
        "(532, 883)",
        "(966, 632)",
        "(679, 835)",
        "(678, 248)",
        "(255, 329)",
        "(757, 999)",
        "(883, 217)",
        "(799, 26)",
        "(37, 942)",
        "(698, 150)",
        "(455, 730)",
        "(106, 546)",
        "(5, 170)",
        "(624, 636)",
        "(105, 65)",
        "(131, 67)",
        "(483, 219)",
        "(855, 484)",
        "(942, 30)",
        "(542, 166)",
        "(807, 545)",
        "(852, 153)",
        "(859, 943)",
        "(967, 526)"
    ],
    "(123, 733)": [
        "(859, 943)",
        "(438, 726)",
        "(629, 59)",
        "(942, 30)",
        "(532, 883)",
        "(255, 329)",
        "(907, 797)",
        "(799, 26)",
        "(131, 67)",
        "(757, 999)",
        "(538, 980)",
        "(511, 90)",
        "(855, 484)",
        "(465, 572)",
        "(400, 623)",
        "(410, 344)",
        "(483, 219)",
        "(399, 247)",
        "(234, 1)",
        "(852, 153)",
        "(455, 730)",
        "(827, 292)",
        "(12, 202)",
        "(161, 731)",
        "(188, 128)",
        "(857, 809)",
        "(5, 170)",
        "(424, 555)",
        "(306, 775)",
        "(859, 549)",
        "(104, 910)",
        "(723, 262)",
        "(35, 982)"
    ],
    "(807, 545)": [
        "(721, 336)",
        "(483, 219)",
        "(855, 484)",
        "(131, 67)",
        "(161, 731)",
        "(35, 982)",
        "(12, 202)",
        "(872, 184)",
        "(859, 943)",
        "(306, 775)",
        "(37, 942)",
        "(465, 572)",
        "(507, 118)",
        "(106, 934)",
        "(105, 65)",
        "(852, 153)",
        "(532, 883)",
        "(106, 546)",
        "(264, 823)",
        "(678, 248)",
        "(723, 262)",
        "(538, 980)",
        "(255, 329)",
        "(859, 549)",
        "(632, 338)",
        "(594, 761)",
        "(757, 999)",
        "(424, 555)"
    ],
    "(632, 338)": [
        "(507, 118)",
        "(106, 934)",
        "(105, 65)",
        "(483, 219)",
        "(954, 170)",
        "(594, 761)",
        "(872, 184)",
        "(255, 329)",
        "(131, 67)",
        "(306, 775)",
        "(967, 526)",
        "(532, 883)",
        "(723, 262)",
        "(37, 942)",
        "(188, 128)",
        "(131, 759)",
        "(641, 1000)",
        "(104, 910)",
        "(942, 30)",
        "(827, 292)",
        "(438, 726)",
        "(721, 336)",
        "(399, 247)",
        "(391, 462)",
        "(807, 545)",
        "(624, 636)",
        "(85, 601)",
        "(852, 153)",
        "(698, 150)"
    ],
    "(105, 65)": [
        "(35, 982)",
        "(757, 999)",
        "(632, 338)",
        "(5, 170)",
        "(542, 166)",
        "(438, 726)",
        "(532, 883)",
        "(511, 90)",
        "(679, 835)",
        "(198, 198)",
        "(799, 26)",
        "(807, 545)",
        "(106, 934)",
        "(907, 797)",
        "(12, 202)",
        "(306, 775)",
        "(723, 262)",
        "(641, 1000)",
        "(594, 761)",
        "(234, 1)",
        "(131, 67)",
        "(721, 336)",
        "(538, 980)",
        "(218, 227)",
        "(678, 248)",
        "(577, 386)",
        "(855, 484)",
        "(399, 247)"
    ],
    "(35, 982)": [
        "(105, 65)",
        "(255, 329)",
        "(399, 247)",
        "(721, 336)",
        "(799, 26)",
        "(807, 545)",
        "(678, 248)",
        "(883, 217)",
        "(240, 873)",
        "(400, 623)",
        "(624, 636)",
        "(264, 823)",
        "(538, 980)",
        "(859, 549)",
        "(507, 118)",
        "(511, 90)",
        "(854, 208)",
        "(37, 942)",
        "(907, 797)",
        "(198, 198)",
        "(827, 292)",
        "(131, 67)",
        "(967, 526)",
        "(942, 30)",
        "(855, 484)",
        "(857, 809)",
        "(698, 150)",
        "(85, 601)",
        "(757, 999)",
        "(123, 733)",
        "(532, 883)"
    ],
    "(465, 572)": [
        "(883, 217)",
        "(240, 873)",
        "(757, 999)",
        "(538, 980)",
        "(131, 759)",
        "(859, 943)",
        "(198, 198)",
        "(942, 30)",
        "(483, 219)",
        "(807, 545)",
        "(827, 292)",
        "(85, 601)",
        "(507, 118)",
        "(872, 184)",
        "(123, 733)",
        "(410, 344)",
        "(161, 731)",
        "(857, 809)",
        "(966, 632)",
        "(723, 262)",
        "(907, 797)",
        "(542, 166)",
        "(255, 329)",
        "(799, 26)",
        "(678, 248)",
        "(629, 59)",
        "(131, 67)",
        "(511, 90)",
        "(721, 336)",
        "(577, 386)",
        "(264, 823)",
        "(854, 208)"
    ],
    "(218, 227)": [
        "(410, 344)",
        "(104, 910)",
        "(85, 601)",
        "(532, 883)",
        "(594, 761)",
        "(967, 526)",
        "(198, 198)",
        "(131, 67)",
        "(391, 462)",
        "(907, 797)",
        "(106, 934)",
        "(757, 999)",
        "(872, 184)",
        "(507, 118)",
        "(859, 549)",
        "(438, 726)",
        "(855, 484)",
        "(852, 153)",
        "(538, 980)",
        "(106, 546)",
        "(483, 219)",
        "(721, 336)",
        "(577, 386)",
        "(723, 262)",
        "(400, 623)",
        "(12, 202)",
        "(188, 128)",
        "(542, 166)",
        "(131, 759)",
        "(105, 65)",
        "(857, 809)",
        "(954, 170)"
    ],
    "(966, 632)": [
        "(306, 775)",
        "(629, 59)",
        "(594, 761)",
        "(721, 336)",
        "(188, 128)",
        "(859, 943)",
        "(967, 526)",
        "(37, 942)",
        "(624, 636)",
        "(532, 883)",
        "(5, 170)",
        "(240, 873)",
        "(855, 484)",
        "(255, 329)",
        "(465, 572)",
        "(723, 262)",
        "(234, 1)",
        "(954, 170)",
        "(854, 208)",
        "(410, 344)",
        "(511, 90)",
        "(455, 730)",
        "(641, 1000)",
        "(399, 247)",
        "(161, 731)",
        "(391, 462)",
        "(198, 198)",
        "(538, 980)"
    ],
    "(106, 934)": [
        "(632, 338)",
        "(723, 262)",
        "(188, 128)",
        "(594, 761)",
        "(424, 555)",
        "(532, 883)",
        "(854, 208)",
        "(218, 227)",
        "(240, 873)",
        "(807, 545)",
        "(721, 336)",
        "(678, 248)",
        "(399, 247)",
        "(942, 30)",
        "(757, 999)",
        "(624, 636)",
        "(391, 462)",
        "(105, 65)",
        "(507, 118)",
        "(264, 823)",
        "(852, 153)",
        "(131, 67)",
        "(542, 166)",
        "(641, 1000)",
        "(827, 292)",
        "(400, 623)",
        "(538, 980)",
        "(483, 219)",
        "(455, 730)",
        "(85, 601)",
        "(37, 942)",
        "(511, 90)",
        "(907, 797)"
    ],
    "(161, 731)": [
        "(678, 248)",
        "(85, 601)",
        "(859, 549)",
        "(807, 545)",
        "(542, 166)",
        "(827, 292)",
        "(852, 153)",
        "(131, 759)",
        "(854, 208)",
        "(106, 546)",
        "(859, 943)",
        "(5, 170)",
        "(424, 555)",
        "(465, 572)",
        "(37, 942)",
        "(532, 883)",
        "(698, 150)",
        "(954, 170)",
        "(507, 118)",
        "(400, 623)",
        "(438, 726)",
        "(123, 733)",
        "(104, 910)",
        "(857, 809)",
        "(641, 1000)",
        "(399, 247)",
        "(966, 632)",
        "(240, 873)",
        "(624, 636)"
    ],
    "(857, 809)": [
        "(455, 730)",
        "(532, 883)",
        "(264, 823)",
        "(410, 344)",
        "(131, 67)",
        "(855, 484)",
        "(424, 555)",
        "(542, 166)",
        "(483, 219)",
        "(465, 572)",
        "(698, 150)",
        "(12, 202)",
        "(883, 217)",
        "(577, 386)",
        "(399, 247)",
        "(907, 797)",
        "(5, 170)",
        "(511, 90)",
        "(37, 942)",
        "(234, 1)",
        "(106, 546)",
        "(391, 462)",
        "(799, 26)",
        "(161, 731)",
        "(954, 170)",
        "(538, 980)",
        "(123, 733)",
        "(679, 835)",
        "(188, 128)",
        "(35, 982)",
        "(723, 262)",
        "(218, 227)",
        "(757, 999)",
        "(967, 526)",
        "(854, 208)"
    ],
    "(234, 1)": [
        "(106, 546)",
        "(698, 150)",
        "(721, 336)",
        "(410, 344)",
        "(511, 90)",
        "(438, 726)",
        "(629, 59)",
        "(678, 248)",
        "(859, 549)",
        "(859, 943)",
        "(966, 632)",
        "(123, 733)",
        "(757, 999)",
        "(188, 128)",
        "(942, 30)",
        "(857, 809)",
        "(799, 26)",
        "(105, 65)",
        "(240, 873)",
        "(538, 980)",
        "(264, 823)",
        "(967, 526)",
        "(577, 386)",
        "(399, 247)",
        "(852, 153)",
        "(424, 555)",
        "(723, 262)"
    ],
    "(188, 128)": [
        "(859, 549)",
        "(577, 386)",
        "(131, 67)",
        "(106, 934)",
        "(966, 632)",
        "(907, 797)",
        "(854, 208)",
        "(542, 166)",
        "(5, 170)",
        "(624, 636)",
        "(632, 338)",
        "(483, 219)",
        "(852, 153)",
        "(391, 462)",
        "(234, 1)",
        "(855, 484)",
        "(679, 835)",
        "(942, 30)",
        "(438, 726)",
        "(424, 555)",
        "(954, 170)",
        "(218, 227)",
        "(123, 733)",
        "(641, 1000)",
        "(104, 910)",
        "(857, 809)",
        "(883, 217)",
        "(85, 601)"
    ],
    "(624, 636)": [
        "(106, 546)",
        "(424, 555)",
        "(532, 883)",
        "(511, 90)",
        "(942, 30)",
        "(5, 170)",
        "(507, 118)",
        "(966, 632)",
        "(240, 873)",
        "(757, 999)",
        "(721, 336)",
        "(859, 549)",
        "(698, 150)",
        "(188, 128)",
        "(35, 982)",
        "(264, 823)",
        "(542, 166)",
        "(907, 797)",
        "(106, 934)",
        "(85, 601)",
        "(131, 759)",
        "(400, 623)",
        "(410, 344)",
        "(577, 386)",
        "(594, 761)",
        "(678, 248)",
        "(954, 170)",
        "(632, 338)",
        "(161, 731)",
        "(852, 153)"
    ],
    "(757, 999)": [
        "(105, 65)",
        "(85, 601)",
        "(465, 572)",
        "(511, 90)",
        "(455, 730)",
        "(264, 823)",
        "(123, 733)",
        "(106, 546)",
        "(131, 759)",
        "(624, 636)",
        "(679, 835)",
        "(594, 761)",
        "(954, 170)",
        "(859, 549)",
        "(218, 227)",
        "(542, 166)",
        "(106, 934)",
        "(852, 153)",
        "(234, 1)",
        "(723, 262)",
        "(131, 67)",
        "(483, 219)",
        "(400, 623)",
        "(5, 170)",
        "(410, 344)",
        "(438, 726)",
        "(629, 59)",
        "(857, 809)",
        "(807, 545)",
        "(37, 942)",
        "(35, 982)",
        "(198, 198)",
        "(883, 217)"
    ],
    "(698, 150)": [
        "(542, 166)",
        "(827, 292)",
        "(234, 1)",
        "(511, 90)",
        "(799, 26)",
        "(240, 873)",
        "(859, 943)",
        "(942, 30)",
        "(907, 797)",
        "(391, 462)",
        "(455, 730)",
        "(624, 636)",
        "(967, 526)",
        "(857, 809)",
        "(306, 775)",
        "(594, 761)",
        "(161, 731)",
        "(678, 248)",
        "(629, 59)",
        "(106, 546)",
        "(400, 623)",
        "(577, 386)",
        "(85, 601)",
        "(438, 726)",
        "(507, 118)",
        "(723, 262)",
        "(854, 208)",
        "(641, 1000)",
        "(872, 184)",
        "(483, 219)",
        "(264, 823)",
        "(198, 198)",
        "(35, 982)",
        "(859, 549)",
        "(632, 338)",
        "(679, 835)"
    ],
    "(306, 775)": [
        "(859, 943)",
        "(629, 59)",
        "(966, 632)",
        "(5, 170)",
        "(37, 942)",
        "(455, 730)",
        "(85, 601)",
        "(255, 329)",
        "(807, 545)",
        "(954, 170)",
        "(264, 823)",
        "(827, 292)",
        "(438, 726)",
        "(632, 338)",
        "(678, 248)",
        "(872, 184)",
        "(542, 166)",
        "(698, 150)",
        "(854, 208)",
        "(483, 219)",
        "(507, 118)",
        "(399, 247)",
        "(12, 202)",
        "(105, 65)",
        "(859, 549)",
        "(967, 526)",
        "(400, 623)",
        "(123, 733)",
        "(852, 153)"
    ],
    "(198, 198)": [
        "(131, 67)",
        "(859, 549)",
        "(218, 227)",
        "(577, 386)",
        "(629, 59)",
        "(465, 572)",
        "(507, 118)",
        "(424, 555)",
        "(5, 170)",
        "(104, 910)",
        "(105, 65)",
        "(511, 90)",
        "(942, 30)",
        "(438, 726)",
        "(723, 262)",
        "(538, 980)",
        "(240, 873)",
        "(799, 26)",
        "(255, 329)",
        "(410, 344)",
        "(721, 336)",
        "(483, 219)",
        "(35, 982)",
        "(967, 526)",
        "(12, 202)",
        "(131, 759)",
        "(85, 601)",
        "(698, 150)",
        "(954, 170)",
        "(966, 632)",
        "(757, 999)",
        "(883, 217)"
    ],
    "(507, 118)": [
        "(632, 338)",
        "(264, 823)",
        "(131, 759)",
        "(855, 484)",
        "(542, 166)",
        "(594, 761)",
        "(532, 883)",
        "(624, 636)",
        "(854, 208)",
        "(577, 386)",
        "(37, 942)",
        "(807, 545)",
        "(827, 292)",
        "(465, 572)",
        "(198, 198)",
        "(218, 227)",
        "(306, 775)",
        "(106, 934)",
        "(161, 731)",
        "(872, 184)",
        "(35, 982)",
        "(679, 835)",
        "(104, 910)",
        "(5, 170)",
        "(698, 150)",
        "(907, 797)",
        "(967, 526)",
        "(883, 217)",
        "(85, 601)"
    ],
    "(967, 526)": [
        "(907, 797)",
        "(723, 262)",
        "(12, 202)",
        "(855, 484)",
        "(966, 632)",
        "(218, 227)",
        "(438, 726)",
        "(954, 170)",
        "(799, 26)",
        "(632, 338)",
        "(400, 623)",
        "(131, 67)",
        "(240, 873)",
        "(698, 150)",
        "(859, 549)",
        "(872, 184)",
        "(106, 546)",
        "(641, 1000)",
        "(852, 153)",
        "(255, 329)",
        "(306, 775)",
        "(854, 208)",
        "(198, 198)",
        "(131, 759)",
        "(35, 982)",
        "(538, 980)",
        "(410, 344)",
        "(234, 1)",
        "(424, 555)",
        "(399, 247)",
        "(507, 118)",
        "(857, 809)",
        "(629, 59)",
        "(483, 219)",
        "(511, 90)",
        "(594, 761)"
    ],
    "(678, 248)": [
        "(410, 344)",
        "(161, 731)",
        "(131, 67)",
        "(35, 982)",
        "(883, 217)",
        "(594, 761)",
        "(721, 336)",
        "(872, 184)",
        "(852, 153)",
        "(799, 26)",
        "(306, 775)",
        "(106, 546)",
        "(5, 170)",
        "(234, 1)",
        "(106, 934)",
        "(255, 329)",
        "(538, 980)",
        "(698, 150)",
        "(679, 835)",
        "(532, 883)",
        "(854, 208)",
        "(807, 545)",
        "(942, 30)",
        "(465, 572)",
        "(624, 636)",
        "(859, 943)",
        "(542, 166)",
        "(105, 65)",
        "(855, 484)",
        "(577, 386)",
        "(400, 623)"
    ],
    "(721, 336)": [
        "(438, 726)",
        "(264, 823)",
        "(641, 1000)",
        "(807, 545)",
        "(106, 546)",
        "(35, 982)",
        "(966, 632)",
        "(538, 980)",
        "(859, 943)",
        "(883, 217)",
        "(678, 248)",
        "(234, 1)",
        "(131, 759)",
        "(624, 636)",
        "(852, 153)",
        "(455, 730)",
        "(854, 208)",
        "(106, 934)",
        "(629, 59)",
        "(954, 170)",
        "(391, 462)",
        "(218, 227)",
        "(542, 166)",
        "(198, 198)",
        "(255, 329)",
        "(632, 338)",
        "(859, 549)",
        "(105, 65)",
        "(12, 202)",
        "(465, 572)",
        "(872, 184)",
        "(400, 623)"
    ],
    "(131, 67)": [
        "(859, 549)",
        "(198, 198)",
        "(807, 545)",
        "(188, 128)",
        "(678, 248)",
        "(872, 184)",
        "(852, 153)",
        "(532, 883)",
        "(538, 980)",
        "(5, 170)",
        "(255, 329)",
        "(857, 809)",
        "(410, 344)",
        "(218, 227)",
        "(104, 910)",
        "(123, 733)",
        "(632, 338)",
        "(942, 30)",
        "(967, 526)",
        "(483, 219)",
        "(12, 202)",
        "(757, 999)",
        "(106, 934)",
        "(594, 761)",
        "(629, 59)",
        "(85, 601)",
        "(465, 572)",
        "(105, 65)",
        "(35, 982)",
        "(240, 873)",
        "(907, 797)",
        "(37, 942)"
    ],
    "(255, 329)": [
        "(35, 982)",
        "(852, 153)",
        "(859, 549)",
        "(400, 623)",
        "(306, 775)",
        "(872, 184)",
        "(511, 90)",
        "(131, 67)",
        "(391, 462)",
        "(123, 733)",
        "(594, 761)",
        "(855, 484)",
        "(632, 338)",
        "(538, 980)",
        "(679, 835)",
        "(85, 601)",
        "(12, 202)",
        "(966, 632)",
        "(799, 26)",
        "(678, 248)",
        "(859, 943)",
        "(629, 59)",
        "(907, 797)",
        "(465, 572)",
        "(807, 545)",
        "(577, 386)",
        "(198, 198)",
        "(967, 526)",
        "(542, 166)",
        "(883, 217)",
        "(721, 336)",
        "(106, 546)",
        "(37, 942)",
        "(240, 873)",
        "(641, 1000)"
    ],
    "(852, 153)": [
        "(255, 329)",
        "(12, 202)",
        "(131, 67)",
        "(161, 731)",
        "(106, 546)",
        "(678, 248)",
        "(511, 90)",
        "(721, 336)",
        "(532, 883)",
        "(483, 219)",
        "(455, 730)",
        "(629, 59)",
        "(400, 623)",
        "(240, 873)",
        "(188, 128)",
        "(218, 227)",
        "(807, 545)",
        "(854, 208)",
        "(757, 999)",
        "(577, 386)",
        "(967, 526)",
        "(123, 733)",
        "(106, 934)",
        "(907, 797)",
        "(410, 344)",
        "(234, 1)",
        "(632, 338)",
        "(872, 184)",
        "(594, 761)",
        "(306, 775)",
        "(624, 636)",
        "(827, 292)"
    ],
    "(629, 59)": [
        "(306, 775)",
        "(542, 166)",
        "(104, 910)",
        "(966, 632)",
        "(123, 733)",
        "(399, 247)",
        "(198, 198)",
        "(424, 555)",
        "(679, 835)",
        "(859, 549)",
        "(942, 30)",
        "(827, 292)",
        "(852, 153)",
        "(234, 1)",
        "(721, 336)",
        "(698, 150)",
        "(255, 329)",
        "(723, 262)",
        "(954, 170)",
        "(799, 26)",
        "(859, 943)",
        "(131, 67)",
        "(883, 217)",
        "(465, 572)",
        "(855, 484)",
        "(264, 823)",
        "(872, 184)",
        "(85, 601)",
        "(757, 999)",
        "(240, 873)",
        "(967, 526)",
        "(455, 730)"
    ],
    "(12, 202)": [
        "(852, 153)",
        "(799, 26)",
        "(967, 526)",
        "(131, 759)",
        "(807, 545)",
        "(104, 910)",
        "(483, 219)",
        "(859, 549)",
        "(255, 329)",
        "(857, 809)",
        "(306, 775)",
        "(542, 166)",
        "(105, 65)",
        "(131, 67)",
        "(438, 726)",
        "(399, 247)",
        "(532, 883)",
        "(123, 733)",
        "(907, 797)",
        "(218, 227)",
        "(106, 546)",
        "(264, 823)",
        "(391, 462)",
        "(85, 601)",
        "(721, 336)",
        "(198, 198)",
        "(859, 943)",
        "(410, 344)",
        "(883, 217)",
        "(679, 835)",
        "(455, 730)",
        "(538, 980)"
    ],
    "(538, 980)": [
        "(438, 726)",
        "(827, 292)",
        "(859, 549)",
        "(131, 67)",
        "(721, 336)",
        "(465, 572)",
        "(399, 247)",
        "(123, 733)",
        "(255, 329)",
        "(679, 835)",
        "(264, 823)",
        "(678, 248)",
        "(218, 227)",
        "(5, 170)",
        "(198, 198)",
        "(35, 982)",
        "(807, 545)",
        "(85, 601)",
        "(400, 623)",
        "(857, 809)",
        "(234, 1)",
        "(105, 65)",
        "(967, 526)",
        "(106, 934)",
        "(855, 484)",
        "(883, 217)",
        "(966, 632)",
        "(12, 202)"
    ],
    "(410, 344)": [
        "(678, 248)",
        "(218, 227)",
        "(455, 730)",
        "(854, 208)",
        "(857, 809)",
        "(131, 67)",
        "(855, 484)",
        "(641, 1000)",
        "(234, 1)",
        "(240, 873)",
        "(465, 572)",
        "(123, 733)",
        "(827, 292)",
        "(399, 247)",
        "(391, 462)",
        "(438, 726)",
        "(942, 30)",
        "(966, 632)",
        "(106, 546)",
        "(624, 636)",
        "(264, 823)",
        "(198, 198)",
        "(542, 166)",
        "(757, 999)",
        "(859, 549)",
        "(131, 759)",
        "(967, 526)",
        "(12, 202)",
        "(104, 910)",
        "(852, 153)",
        "(859, 943)",
        "(5, 170)",
        "(799, 26)"
    ],
    "(400, 623)": [
        "(255, 329)",
        "(483, 219)",
        "(594, 761)",
        "(679, 835)",
        "(424, 555)",
        "(85, 601)",
        "(438, 726)",
        "(799, 26)",
        "(967, 526)",
        "(954, 170)",
        "(123, 733)",
        "(883, 217)",
        "(35, 982)",
        "(852, 153)",
        "(542, 166)",
        "(723, 262)",
        "(624, 636)",
        "(698, 150)",
        "(641, 1000)",
        "(264, 823)",
        "(854, 208)",
        "(161, 731)",
        "(218, 227)",
        "(538, 980)",
        "(757, 999)",
        "(872, 184)",
        "(240, 873)",
        "(306, 775)",
        "(511, 90)",
        "(532, 883)",
        "(106, 934)",
        "(907, 797)",
        "(678, 248)",
        "(721, 336)"
    ],
    "(954, 170)": [
        "(542, 166)",
        "(632, 338)",
        "(679, 835)",
        "(967, 526)",
        "(306, 775)",
        "(859, 549)",
        "(37, 942)",
        "(907, 797)",
        "(757, 999)",
        "(400, 623)",
        "(872, 184)",
        "(399, 247)",
        "(721, 336)",
        "(455, 730)",
        "(966, 632)",
        "(161, 731)",
        "(629, 59)",
        "(942, 30)",
        "(883, 217)",
        "(188, 128)",
        "(857, 809)",
        "(424, 555)",
        "(624, 636)",
        "(198, 198)",
        "(104, 910)",
        "(218, 227)"
    ],
    "(641, 1000)": [
        "(721, 336)",
        "(104, 910)",
        "(399, 247)",
        "(424, 555)",
        "(859, 549)",
        "(483, 219)",
        "(410, 344)",
        "(855, 484)",
        "(632, 338)",
        "(967, 526)",
        "(542, 166)",
        "(105, 65)",
        "(400, 623)",
        "(37, 942)",
        "(106, 934)",
        "(966, 632)",
        "(511, 90)",
        "(161, 731)",
        "(854, 208)",
        "(188, 128)",
        "(698, 150)",
        "(455, 730)",
        "(859, 943)",
        "(942, 30)",
        "(827, 292)",
        "(255, 329)"
    ],
    "(859, 943)": [
        "(306, 775)",
        "(123, 733)",
        "(37, 942)",
        "(942, 30)",
        "(455, 730)",
        "(966, 632)",
        "(698, 150)",
        "(807, 545)",
        "(721, 336)",
        "(131, 759)",
        "(104, 910)",
        "(465, 572)",
        "(577, 386)",
        "(391, 462)",
        "(161, 731)",
        "(234, 1)",
        "(424, 555)",
        "(255, 329)",
        "(264, 823)",
        "(5, 170)",
        "(723, 262)",
        "(629, 59)",
        "(883, 217)",
        "(678, 248)",
        "(12, 202)",
        "(679, 835)",
        "(511, 90)",
        "(907, 797)",
        "(410, 344)",
        "(594, 761)",
        "(641, 1000)"
    ],
    "(104, 910)": [
        "(218, 227)",
        "(106, 546)",
        "(854, 208)",
        "(629, 59)",
        "(641, 1000)",
        "(859, 549)",
        "(438, 726)",
        "(827, 292)",
        "(859, 943)",
        "(131, 67)",
        "(12, 202)",
        "(240, 873)",
        "(198, 198)",
        "(455, 730)",
        "(883, 217)",
        "(391, 462)",
        "(632, 338)",
        "(507, 118)",
        "(5, 170)",
        "(399, 247)",
        "(161, 731)",
        "(188, 128)",
        "(410, 344)",
        "(954, 170)",
        "(123, 733)"
    ],
    "(5, 170)": [
        "(306, 775)",
        "(855, 484)",
        "(883, 217)",
        "(105, 65)",
        "(624, 636)",
        "(131, 67)",
        "(859, 549)",
        "(542, 166)",
        "(966, 632)",
        "(455, 730)",
        "(161, 731)",
        "(198, 198)",
        "(188, 128)",
        "(438, 726)",
        "(678, 248)",
        "(859, 943)",
        "(827, 292)",
        "(538, 980)",
        "(857, 809)",
        "(264, 823)",
        "(106, 546)",
        "(391, 462)",
        "(679, 835)",
        "(594, 761)",
        "(104, 910)",
        "(507, 118)",
        "(757, 999)",
        "(872, 184)",
        "(532, 883)",
        "(577, 386)",
        "(799, 26)",
        "(511, 90)",
        "(123, 733)",
        "(410, 344)"
    ],
    "(511, 90)": [
        "(679, 835)",
        "(698, 150)",
        "(827, 292)",
        "(131, 759)",
        "(757, 999)",
        "(624, 636)",
        "(255, 329)",
        "(105, 65)",
        "(907, 797)",
        "(234, 1)",
        "(852, 153)",
        "(123, 733)",
        "(854, 208)",
        "(198, 198)",
        "(577, 386)",
        "(723, 262)",
        "(966, 632)",
        "(455, 730)",
        "(857, 809)",
        "(35, 982)",
        "(855, 484)",
        "(532, 883)",
        "(400, 623)",
        "(465, 572)",
        "(641, 1000)",
        "(438, 726)",
        "(942, 30)",
        "(5, 170)",
        "(542, 166)",
        "(859, 943)",
        "(391, 462)",
        "(967, 526)",
        "(106, 934)",
        "(424, 555)"
    ],
    "(455, 730)": [
        "(410, 344)",
        "(399, 247)",
        "(857, 809)",
        "(306, 775)",
        "(883, 217)",
        "(859, 943)",
        "(757, 999)",
        "(532, 883)",
        "(698, 150)",
        "(483, 219)",
        "(5, 170)",
        "(721, 336)",
        "(852, 153)",
        "(104, 910)",
        "(854, 208)",
        "(872, 184)",
        "(594, 761)",
        "(799, 26)",
        "(438, 726)",
        "(954, 170)",
        "(511, 90)",
        "(123, 733)",
        "(391, 462)",
        "(966, 632)",
        "(942, 30)",
        "(240, 873)",
        "(641, 1000)",
        "(542, 166)",
        "(12, 202)",
        "(106, 934)",
        "(629, 59)"
    ],
    "(577, 386)": [
        "(883, 217)",
        "(188, 128)",
        "(799, 26)",
        "(855, 484)",
        "(131, 759)",
        "(942, 30)",
        "(507, 118)",
        "(723, 262)",
        "(198, 198)",
        "(859, 943)",
        "(827, 292)",
        "(37, 942)",
        "(511, 90)",
        "(106, 546)",
        "(542, 166)",
        "(857, 809)",
        "(852, 153)",
        "(698, 150)",
        "(624, 636)",
        "(255, 329)",
        "(218, 227)",
        "(859, 549)",
        "(483, 219)",
        "(679, 835)",
        "(264, 823)",
        "(5, 170)",
        "(234, 1)",
        "(438, 726)",
        "(105, 65)",
        "(424, 555)",
        "(678, 248)",
        "(465, 572)"
    ],
    "(240, 873)": [
        "(542, 166)",
        "(698, 150)",
        "(465, 572)",
        "(624, 636)",
        "(104, 910)",
        "(723, 262)",
        "(264, 823)",
        "(35, 982)",
        "(966, 632)",
        "(410, 344)",
        "(391, 462)",
        "(855, 484)",
        "(967, 526)",
        "(106, 934)",
        "(85, 601)",
        "(852, 153)",
        "(106, 546)",
        "(859, 549)",
        "(198, 198)",
        "(483, 219)",
        "(400, 623)",
        "(234, 1)",
        "(532, 883)",
        "(883, 217)",
        "(131, 67)",
        "(455, 730)",
        "(799, 26)",
        "(438, 726)",
        "(161, 731)",
        "(629, 59)",
        "(255, 329)"
    ],
    "(37, 942)": [
        "(859, 943)",
        "(859, 549)",
        "(306, 775)",
        "(827, 292)",
        "(966, 632)",
        "(807, 545)",
        "(483, 219)",
        "(507, 118)",
        "(954, 170)",
        "(632, 338)",
        "(161, 731)",
        "(438, 726)",
        "(85, 601)",
        "(577, 386)",
        "(594, 761)",
        "(857, 809)",
        "(641, 1000)",
        "(532, 883)",
        "(542, 166)",
        "(35, 982)",
        "(872, 184)",
        "(679, 835)",
        "(907, 797)",
        "(723, 262)",
        "(854, 208)",
        "(255, 329)",
        "(757, 999)",
        "(131, 67)",
        "(106, 934)"
    ],
    "(679, 835)": [
        "(511, 90)",
        "(400, 623)",
        "(954, 170)",
        "(883, 217)",
        "(542, 166)",
        "(594, 761)",
        "(424, 555)",
        "(942, 30)",
        "(629, 59)",
        "(105, 65)",
        "(757, 999)",
        "(255, 329)",
        "(538, 980)",
        "(799, 26)",
        "(678, 248)",
        "(483, 219)",
        "(131, 759)",
        "(188, 128)",
        "(5, 170)",
        "(507, 118)",
        "(577, 386)",
        "(37, 942)",
        "(264, 823)",
        "(857, 809)",
        "(859, 943)",
        "(12, 202)",
        "(698, 150)"
    ],
    "(131, 759)": [
        "(594, 761)",
        "(907, 797)",
        "(507, 118)",
        "(12, 202)",
        "(511, 90)",
        "(799, 26)",
        "(577, 386)",
        "(465, 572)",
        "(827, 292)",
        "(859, 943)",
        "(161, 731)",
        "(757, 999)",
        "(721, 336)",
        "(883, 217)",
        "(632, 338)",
        "(85, 601)",
        "(624, 636)",
        "(679, 835)",
        "(723, 262)",
        "(872, 184)",
        "(967, 526)",
        "(410, 344)",
        "(198, 198)",
        "(218, 227)",
        "(854, 208)"
    ],
    "(106, 546)": [
        "(234, 1)",
        "(624, 636)",
        "(104, 910)",
        "(827, 292)",
        "(721, 336)",
        "(424, 555)",
        "(391, 462)",
        "(852, 153)",
        "(757, 999)",
        "(161, 731)",
        "(85, 601)",
        "(678, 248)",
        "(967, 526)",
        "(594, 761)",
        "(577, 386)",
        "(218, 227)",
        "(698, 150)",
        "(240, 873)",
        "(807, 545)",
        "(883, 217)",
        "(410, 344)",
        "(5, 170)",
        "(857, 809)",
        "(483, 219)",
        "(12, 202)",
        "(859, 549)",
        "(872, 184)",
        "(723, 262)",
        "(255, 329)",
        "(854, 208)"
    ],
    "(438, 726)": [
        "(721, 336)",
        "(264, 823)",
        "(942, 30)",
        "(538, 980)",
        "(123, 733)",
        "(542, 166)",
        "(104, 910)",
        "(399, 247)",
        "(400, 623)",
        "(967, 526)",
        "(105, 65)",
        "(532, 883)",
        "(306, 775)",
        "(234, 1)",
        "(5, 170)",
        "(37, 942)",
        "(883, 217)",
        "(198, 198)",
        "(218, 227)",
        "(907, 797)",
        "(410, 344)",
        "(455, 730)",
        "(12, 202)",
        "(698, 150)",
        "(188, 128)",
        "(859, 549)",
        "(161, 731)",
        "(632, 338)",
        "(723, 262)",
        "(511, 90)",
        "(799, 26)",
        "(757, 999)",
        "(577, 386)",
        "(240, 873)",
        "(827, 292)"
    ],
    "(483, 219)": [
        "(855, 484)",
        "(400, 623)",
        "(807, 545)",
        "(632, 338)",
        "(37, 942)",
        "(465, 572)",
        "(455, 730)",
        "(641, 1000)",
        "(12, 202)",
        "(872, 184)",
        "(852, 153)",
        "(857, 809)",
        "(123, 733)",
        "(188, 128)",
        "(306, 775)",
        "(131, 67)",
        "(218, 227)",
        "(679, 835)",
        "(85, 601)",
        "(240, 873)",
        "(532, 883)",
        "(198, 198)",
        "(757, 999)",
        "(106, 546)",
        "(594, 761)",
        "(577, 386)",
        "(391, 462)",
        "(106, 934)",
        "(698, 150)",
        "(967, 526)"
    ],
    "(399, 247)": [
        "(35, 982)",
        "(455, 730)",
        "(641, 1000)",
        "(827, 292)",
        "(438, 726)",
        "(629, 59)",
        "(391, 462)",
        "(538, 980)",
        "(854, 208)",
        "(954, 170)",
        "(410, 344)",
        "(106, 934)",
        "(306, 775)",
        "(123, 733)",
        "(857, 809)",
        "(12, 202)",
        "(799, 26)",
        "(872, 184)",
        "(104, 910)",
        "(424, 555)",
        "(542, 166)",
        "(632, 338)",
        "(966, 632)",
        "(161, 731)",
        "(234, 1)",
        "(967, 526)",
        "(105, 65)"
    ]
}