{
    "(759, 141)": [],
    "(435, 448)": [
        "(209, 236)"
    ],
    "(781, 58)": [
        "(385, 307)"
    ],
    "(454, 408)": [
        "(617, 400)"
    ],
    "(385, 307)": [
        "(551, 665)",
        "(997, 331)",
        "(781, 58)"
    ],
    "(118, 709)": [],
    "(209, 236)": [
        "(997, 331)",
        "(435, 448)"
    ],
    "(764, 491)": [],
    "(698, 745)": [
        "(551, 665)"
    ],
    "(997, 331)": [
        "(209, 236)",
        "(385, 307)",
        "(551, 665)"
    ],
    "(617, 400)": [
        "(454, 408)"
    ],
    "(551, 665)": [
        "(385, 307)",
        "(698, 745)",
        "(997, 331)"
    ]
}