{
    "(538, 980)": [
        "(297, 83)",
        "(955, 307)",
        "(641, 1000)",
        "(257, 446)",
        "(210, 600)",
        "(701, 146)",
        "(410, 344)",
        "(438, 726)",
        "(106, 546)",
        "(695, 512)",
        "(12, 248)",
        "(862, 681)",
        "(438, 815)",
        "(441, 353)",
        "(240, 873)",
        "(455, 730)",
        "(87, 837)",
        "(131, 759)",
        "(556, 507)",
        "(182, 282)",
        "(104, 910)",
        "(89, 172)",
        "(768, 649)",
        "(615, 503)"
    ],
    "(410, 344)": [
        "(193, 486)",
        "(862, 681)",
        "(5, 170)",
        "(641, 1000)",
        "(152, 541)",
        "(455, 730)",
        "(492, 451)",
        "(538, 980)",
        "(203, 518)",
        "(240, 873)",
        "(483, 918)",
        "(131, 759)",
        "(163, 504)",
        "(257, 446)",
        "(338, 34)",
        "(182, 282)",
        "(954, 170)",
        "(701, 146)",
        "(400, 623)",
        "(104, 910)",
        "(851, 108)",
        "(556, 507)",
        "(208, 764)",
        "(526, 326)",
        "(4, 92)"
    ],
    "(400, 623)": [
        "(567, 611)",
        "(481, 799)",
        "(438, 815)",
        "(627, 583)",
        "(203, 518)",
        "(338, 34)",
        "(12, 248)",
        "(526, 326)",
        "(192, 37)",
        "(210, 600)",
        "(77, 327)",
        "(555, 440)",
        "(399, 247)",
        "(104, 910)",
        "(410, 344)",
        "(492, 451)",
        "(876, 411)",
        "(776, 952)",
        "(754, 675)",
        "(679, 835)",
        "(531, 261)",
        "(130, 756)",
        "(615, 503)"
    ],
    "(954, 170)": [
        "(385, 492)",
        "(5, 170)",
        "(679, 835)",
        "(695, 512)",
        "(219, 430)",
        "(152, 541)",
        "(399, 247)",
        "(37, 942)",
        "(193, 486)",
        "(203, 518)",
        "(455, 730)",
        "(959, 216)",
        "(369, 400)",
        "(240, 873)",
        "(641, 1000)",
        "(297, 83)",
        "(106, 546)",
        "(889, 8)",
        "(410, 344)",
        "(481, 799)",
        "(531, 261)",
        "(925, 239)",
        "(931, 124)",
        "(526, 326)",
        "(862, 681)",
        "(511, 90)",
        "(279, 90)"
    ],
    "(641, 1000)": [
        "(531, 261)",
        "(455, 730)",
        "(538, 980)",
        "(410, 344)",
        "(257, 446)",
        "(815, 384)",
        "(87, 837)",
        "(203, 518)",
        "(925, 239)",
        "(978, 838)",
        "(15, 290)",
        "(955, 307)",
        "(14, 899)",
        "(12, 248)",
        "(889, 8)",
        "(954, 170)",
        "(483, 918)",
        "(615, 503)",
        "(77, 327)",
        "(399, 247)",
        "(942, 435)",
        "(4, 92)",
        "(220, 472)",
        "(971, 935)",
        "(197, 904)",
        "(577, 386)",
        "(771, 769)"
    ],
    "(859, 943)": [
        "(985, 853)",
        "(208, 764)",
        "(12, 248)",
        "(37, 942)",
        "(441, 353)",
        "(220, 472)",
        "(931, 124)",
        "(104, 910)",
        "(77, 327)",
        "(296, 206)",
        "(889, 8)",
        "(615, 503)",
        "(308, 709)",
        "(799, 763)",
        "(754, 675)",
        "(768, 649)",
        "(481, 799)",
        "(87, 837)",
        "(197, 904)",
        "(916, 68)",
        "(15, 290)",
        "(701, 146)"
    ],
    "(104, 910)": [
        "(754, 675)",
        "(815, 384)",
        "(303, 959)",
        "(219, 430)",
        "(257, 446)",
        "(369, 400)",
        "(131, 759)",
        "(859, 943)",
        "(598, 475)",
        "(942, 435)",
        "(203, 518)",
        "(103, 832)",
        "(978, 838)",
        "(385, 492)",
        "(400, 623)",
        "(701, 146)",
        "(152, 541)",
        "(916, 68)",
        "(438, 815)",
        "(308, 709)",
        "(87, 837)",
        "(876, 411)",
        "(410, 344)",
        "(538, 980)",
        "(279, 90)",
        "(525, 135)",
        "(679, 835)",
        "(818, 457)",
        "(627, 583)",
        "(577, 386)",
        "(526, 326)"
    ],
    "(5, 170)": [
        "(410, 344)",
        "(441, 353)",
        "(914, 311)",
        "(971, 935)",
        "(87, 837)",
        "(220, 472)",
        "(567, 611)",
        "(954, 170)",
        "(163, 504)",
        "(985, 853)",
        "(193, 486)",
        "(343, 922)",
        "(818, 457)",
        "(338, 34)",
        "(186, 994)",
        "(77, 327)",
        "(556, 507)",
        "(511, 90)",
        "(627, 583)",
        "(455, 730)"
    ],
    "(511, 90)": [
        "(615, 503)",
        "(526, 326)",
        "(152, 541)",
        "(89, 172)",
        "(12, 248)",
        "(805, 37)",
        "(240, 873)",
        "(130, 756)",
        "(799, 763)",
        "(163, 504)",
        "(208, 764)",
        "(438, 815)",
        "(483, 918)",
        "(193, 486)",
        "(338, 34)",
        "(296, 206)",
        "(98, 383)",
        "(106, 546)",
        "(219, 430)",
        "(727, 999)",
        "(369, 400)",
        "(695, 512)",
        "(210, 600)",
        "(37, 942)",
        "(851, 108)",
        "(815, 384)",
        "(87, 837)",
        "(556, 507)",
        "(141, 171)",
        "(203, 518)",
        "(5, 170)",
        "(172, 199)",
        "(954, 170)"
    ],
    "(455, 730)": [
        "(641, 1000)",
        "(410, 344)",
        "(369, 400)",
        "(193, 486)",
        "(754, 675)",
        "(679, 835)",
        "(483, 219)",
        "(954, 170)",
        "(481, 799)",
        "(182, 282)",
        "(768, 649)",
        "(914, 311)",
        "(240, 873)",
        "(931, 124)",
        "(538, 980)",
        "(210, 600)",
        "(615, 503)",
        "(297, 83)",
        "(438, 726)",
        "(87, 837)",
        "(152, 541)",
        "(971, 935)",
        "(942, 435)",
        "(876, 411)",
        "(186, 994)",
        "(5, 170)"
    ],
    "(577, 386)": [
        "(12, 248)",
        "(931, 124)",
        "(182, 282)",
        "(818, 457)",
        "(240, 873)",
        "(220, 472)",
        "(210, 600)",
        "(219, 430)",
        "(955, 307)",
        "(771, 769)",
        "(256, 215)",
        "(141, 171)",
        "(483, 918)",
        "(531, 261)",
        "(492, 451)",
        "(615, 503)",
        "(776, 952)",
        "(172, 199)",
        "(257, 446)",
        "(925, 239)",
        "(641, 1000)",
        "(104, 910)"
    ],
    "(240, 873)": [
        "(567, 611)",
        "(925, 239)",
        "(302, 767)",
        "(14, 899)",
        "(296, 206)",
        "(257, 446)",
        "(971, 935)",
        "(577, 386)",
        "(511, 90)",
        "(343, 922)",
        "(410, 344)",
        "(438, 815)",
        "(192, 37)",
        "(954, 170)",
        "(598, 475)",
        "(876, 411)",
        "(556, 507)",
        "(538, 980)",
        "(455, 730)",
        "(208, 764)",
        "(851, 108)",
        "(914, 311)",
        "(182, 282)",
        "(615, 503)"
    ],
    "(37, 942)": [
        "(615, 503)",
        "(385, 492)",
        "(859, 943)",
        "(256, 215)",
        "(308, 709)",
        "(954, 170)",
        "(438, 815)",
        "(279, 90)",
        "(818, 457)",
        "(192, 37)",
        "(959, 216)",
        "(438, 726)",
        "(916, 68)",
        "(754, 675)",
        "(526, 326)",
        "(985, 853)",
        "(555, 440)",
        "(771, 769)",
        "(399, 247)",
        "(511, 90)",
        "(220, 472)",
        "(805, 37)",
        "(441, 353)",
        "(14, 899)",
        "(4, 92)"
    ],
    "(679, 835)": [
        "(172, 199)",
        "(106, 546)",
        "(954, 170)",
        "(925, 239)",
        "(916, 68)",
        "(455, 730)",
        "(438, 815)",
        "(77, 327)",
        "(186, 994)",
        "(754, 675)",
        "(914, 311)",
        "(203, 518)",
        "(483, 219)",
        "(567, 611)",
        "(483, 918)",
        "(131, 759)",
        "(308, 709)",
        "(627, 583)",
        "(197, 904)",
        "(400, 623)",
        "(876, 411)",
        "(104, 910)",
        "(385, 492)",
        "(256, 215)"
    ],
    "(131, 759)": [
        "(130, 756)",
        "(916, 68)",
        "(208, 764)",
        "(555, 440)",
        "(399, 247)",
        "(627, 583)",
        "(15, 290)",
        "(77, 327)",
        "(106, 546)",
        "(104, 910)",
        "(410, 344)",
        "(754, 675)",
        "(302, 767)",
        "(985, 853)",
        "(598, 475)",
        "(679, 835)",
        "(538, 980)",
        "(210, 600)",
        "(771, 769)",
        "(805, 37)",
        "(556, 507)",
        "(186, 994)",
        "(955, 307)",
        "(531, 261)",
        "(942, 435)"
    ],
    "(106, 546)": [
        "(679, 835)",
        "(308, 709)",
        "(338, 34)",
        "(131, 759)",
        "(538, 980)",
        "(695, 512)",
        "(441, 353)",
        "(103, 832)",
        "(483, 219)",
        "(511, 90)",
        "(220, 472)",
        "(438, 726)",
        "(954, 170)",
        "(615, 503)",
        "(555, 440)",
        "(192, 37)",
        "(598, 475)",
        "(130, 756)",
        "(985, 853)",
        "(399, 247)",
        "(152, 541)",
        "(197, 904)"
    ],
    "(438, 726)": [
        "(931, 124)",
        "(14, 899)",
        "(955, 307)",
        "(369, 400)",
        "(15, 290)",
        "(538, 980)",
        "(385, 492)",
        "(220, 472)",
        "(441, 353)",
        "(343, 922)",
        "(193, 486)",
        "(256, 215)",
        "(106, 546)",
        "(37, 942)",
        "(862, 681)",
        "(455, 730)",
        "(197, 904)",
        "(598, 475)",
        "(978, 838)"
    ],
    "(483, 219)": [
        "(555, 440)",
        "(441, 353)",
        "(77, 327)",
        "(219, 430)",
        "(369, 400)",
        "(889, 8)",
        "(193, 486)",
        "(455, 730)",
        "(257, 446)",
        "(492, 451)",
        "(210, 600)",
        "(297, 83)",
        "(106, 546)",
        "(727, 999)",
        "(679, 835)",
        "(87, 837)",
        "(959, 216)",
        "(130, 756)",
        "(186, 994)",
        "(776, 952)"
    ],
    "(399, 247)": [
        "(131, 759)",
        "(556, 507)",
        "(768, 649)",
        "(4, 92)",
        "(627, 583)",
        "(701, 146)",
        "(954, 170)",
        "(163, 504)",
        "(438, 815)",
        "(14, 899)",
        "(343, 922)",
        "(12, 248)",
        "(400, 623)",
        "(210, 600)",
        "(942, 435)",
        "(141, 171)",
        "(15, 290)",
        "(297, 83)",
        "(641, 1000)",
        "(959, 216)",
        "(37, 942)",
        "(208, 764)",
        "(106, 546)",
        "(193, 486)"
    ],
    "(192, 37)": [
        "(492, 451)",
        "(889, 8)",
        "(343, 922)",
        "(197, 904)",
        "(203, 518)",
        "(338, 34)",
        "(103, 832)",
        "(37, 942)",
        "(400, 623)",
        "(754, 675)",
        "(525, 135)",
        "(240, 873)",
        "(279, 90)",
        "(776, 952)",
        "(701, 146)",
        "(727, 999)",
        "(130, 756)",
        "(302, 767)",
        "(385, 492)",
        "(106, 546)",
        "(208, 764)",
        "(526, 326)",
        "(369, 400)",
        "(193, 486)",
        "(77, 327)",
        "(615, 503)"
    ],
    "(302, 767)": [
        "(87, 837)",
        "(240, 873)",
        "(805, 37)",
        "(279, 90)",
        "(615, 503)",
        "(695, 512)",
        "(131, 759)",
        "(192, 37)",
        "(851, 108)",
        "(931, 124)",
        "(799, 763)",
        "(971, 935)",
        "(526, 326)",
        "(985, 853)",
        "(483, 918)",
        "(598, 475)",
        "(556, 507)",
        "(219, 430)"
    ],
    "(695, 512)": [
        "(130, 756)",
        "(851, 108)",
        "(925, 239)",
        "(954, 170)",
        "(567, 611)",
        "(955, 307)",
        "(296, 206)",
        "(106, 546)",
        "(538, 980)",
        "(308, 709)",
        "(771, 769)",
        "(727, 999)",
        "(219, 430)",
        "(302, 767)",
        "(15, 290)",
        "(598, 475)",
        "(511, 90)",
        "(193, 486)",
        "(876, 411)",
        "(89, 172)",
        "(186, 994)",
        "(12, 248)",
        "(210, 600)"
    ],
    "(369, 400)": [
        "(931, 124)",
        "(754, 675)",
        "(483, 219)",
        "(438, 726)",
        "(492, 451)",
        "(385, 492)",
        "(455, 730)",
        "(104, 910)",
        "(186, 994)",
        "(279, 90)",
        "(805, 37)",
        "(954, 170)",
        "(555, 440)",
        "(799, 763)",
        "(511, 90)",
        "(971, 935)",
        "(192, 37)",
        "(87, 837)",
        "(77, 327)",
        "(942, 435)",
        "(210, 600)",
        "(208, 764)"
    ],
    "(526, 326)": [
        "(219, 430)",
        "(511, 90)",
        "(862, 681)",
        "(186, 994)",
        "(771, 769)",
        "(163, 504)",
        "(805, 37)",
        "(531, 261)",
        "(441, 353)",
        "(400, 623)",
        "(338, 34)",
        "(914, 311)",
        "(203, 518)",
        "(302, 767)",
        "(103, 832)",
        "(37, 942)",
        "(385, 492)",
        "(192, 37)",
        "(343, 922)",
        "(942, 435)",
        "(954, 170)",
        "(12, 248)",
        "(410, 344)",
        "(615, 503)",
        "(104, 910)"
    ],
    "(556, 507)": [
        "(182, 282)",
        "(89, 172)",
        "(297, 83)",
        "(399, 247)",
        "(257, 446)",
        "(219, 430)",
        "(481, 799)",
        "(240, 873)",
        "(220, 472)",
        "(103, 832)",
        "(615, 503)",
        "(302, 767)",
        "(538, 980)",
        "(172, 199)",
        "(131, 759)",
        "(5, 170)",
        "(410, 344)",
        "(511, 90)",
        "(799, 763)",
        "(256, 215)"
    ],
    "(851, 108)": [
        "(695, 512)",
        "(197, 904)",
        "(914, 311)",
        "(862, 681)",
        "(889, 8)",
        "(219, 430)",
        "(302, 767)",
        "(343, 922)",
        "(220, 472)",
        "(511, 90)",
        "(163, 504)",
        "(240, 873)",
        "(410, 344)",
        "(771, 769)",
        "(931, 124)",
        "(438, 815)"
    ],
    "(818, 457)": [
        "(210, 600)",
        "(130, 756)",
        "(483, 918)",
        "(776, 952)",
        "(577, 386)",
        "(15, 290)",
        "(203, 518)",
        "(163, 504)",
        "(37, 942)",
        "(438, 815)",
        "(5, 170)",
        "(615, 503)",
        "(338, 34)",
        "(916, 68)",
        "(208, 764)",
        "(799, 763)",
        "(925, 239)",
        "(197, 904)",
        "(343, 922)",
        "(308, 709)",
        "(805, 37)",
        "(279, 90)",
        "(77, 327)",
        "(104, 910)",
        "(303, 959)"
    ],
    "(208, 764)": [
        "(296, 206)",
        "(859, 943)",
        "(768, 649)",
        "(131, 759)",
        "(152, 541)",
        "(77, 327)",
        "(279, 90)",
        "(130, 756)",
        "(931, 124)",
        "(303, 959)",
        "(925, 239)",
        "(511, 90)",
        "(862, 681)",
        "(103, 832)",
        "(385, 492)",
        "(971, 935)",
        "(776, 952)",
        "(98, 383)",
        "(297, 83)",
        "(818, 457)",
        "(240, 873)",
        "(192, 37)",
        "(338, 34)",
        "(399, 247)",
        "(985, 853)",
        "(410, 344)",
        "(369, 400)"
    ],
    "(598, 475)": [
        "(385, 492)",
        "(931, 124)",
        "(978, 838)",
        "(193, 486)",
        "(297, 83)",
        "(876, 411)",
        "(77, 327)",
        "(104, 910)",
        "(916, 68)",
        "(815, 384)",
        "(15, 290)",
        "(240, 873)",
        "(483, 918)",
        "(14, 899)",
        "(141, 171)",
        "(531, 261)",
        "(186, 994)",
        "(862, 681)",
        "(695, 512)",
        "(438, 815)",
        "(308, 709)",
        "(131, 759)",
        "(106, 546)",
        "(302, 767)",
        "(441, 353)",
        "(701, 146)",
        "(438, 726)",
        "(338, 34)"
    ],
    "(567, 611)": [
        "(400, 623)",
        "(240, 873)",
        "(210, 600)",
        "(5, 170)",
        "(483, 918)",
        "(695, 512)",
        "(555, 440)",
        "(103, 832)",
        "(771, 769)",
        "(914, 311)",
        "(297, 83)",
        "(942, 435)",
        "(220, 472)",
        "(679, 835)",
        "(14, 899)"
    ],
    "(197, 904)": [
        "(308, 709)",
        "(192, 37)",
        "(481, 799)",
        "(914, 311)",
        "(851, 108)",
        "(959, 216)",
        "(815, 384)",
        "(103, 832)",
        "(492, 451)",
        "(172, 199)",
        "(15, 290)",
        "(931, 124)",
        "(768, 649)",
        "(679, 835)",
        "(818, 457)",
        "(141, 171)",
        "(859, 943)",
        "(641, 1000)",
        "(438, 726)",
        "(106, 546)",
        "(483, 918)",
        "(805, 37)"
    ],
    "(978, 838)": [
        "(959, 216)",
        "(525, 135)",
        "(914, 311)",
        "(256, 215)",
        "(862, 681)",
        "(598, 475)",
        "(87, 837)",
        "(805, 37)",
        "(641, 1000)",
        "(483, 918)",
        "(768, 649)",
        "(14, 899)",
        "(104, 910)",
        "(98, 383)",
        "(12, 248)",
        "(172, 199)",
        "(815, 384)",
        "(257, 446)",
        "(754, 675)",
        "(186, 994)",
        "(438, 726)"
    ],
    "(776, 952)": [
        "(818, 457)",
        "(193, 486)",
        "(701, 146)",
        "(799, 763)",
        "(103, 832)",
        "(279, 90)",
        "(525, 135)",
        "(192, 37)",
        "(862, 681)",
        "(481, 799)",
        "(483, 918)",
        "(208, 764)",
        "(130, 756)",
        "(385, 492)",
        "(483, 219)",
        "(400, 623)",
        "(577, 386)",
        "(308, 709)",
        "(754, 675)",
        "(98, 383)",
        "(925, 239)",
        "(815, 384)"
    ],
    "(768, 649)": [
        "(193, 486)",
        "(955, 307)",
        "(208, 764)",
        "(203, 518)",
        "(799, 763)",
        "(399, 247)",
        "(257, 446)",
        "(971, 935)",
        "(985, 853)",
        "(481, 799)",
        "(931, 124)",
        "(978, 838)",
        "(172, 199)",
        "(455, 730)",
        "(130, 756)",
        "(343, 922)",
        "(87, 837)",
        "(859, 943)",
        "(141, 171)",
        "(197, 904)",
        "(103, 832)",
        "(210, 600)",
        "(438, 815)",
        "(959, 216)",
        "(538, 980)"
    ],
    "(303, 959)": [
        "(942, 435)",
        "(104, 910)",
        "(152, 541)",
        "(805, 37)",
        "(525, 135)",
        "(208, 764)",
        "(438, 815)",
        "(771, 769)",
        "(385, 492)",
        "(141, 171)",
        "(4, 92)",
        "(87, 837)",
        "(914, 311)",
        "(889, 8)",
        "(955, 307)",
        "(130, 756)",
        "(492, 451)",
        "(799, 763)",
        "(985, 853)",
        "(818, 457)"
    ],
    "(77, 327)": [
        "(914, 311)",
        "(483, 219)",
        "(208, 764)",
        "(131, 759)",
        "(203, 518)",
        "(338, 34)",
        "(598, 475)",
        "(481, 799)",
        "(400, 623)",
        "(679, 835)",
        "(859, 943)",
        "(931, 124)",
        "(641, 1000)",
        "(985, 853)",
        "(279, 90)",
        "(876, 411)",
        "(5, 170)",
        "(192, 37)",
        "(441, 353)",
        "(369, 400)",
        "(818, 457)",
        "(916, 68)",
        "(754, 675)"
    ],
    "(727, 999)": [
        "(492, 451)",
        "(152, 541)",
        "(308, 709)",
        "(754, 675)",
        "(701, 146)",
        "(210, 600)",
        "(695, 512)",
        "(192, 37)",
        "(483, 219)",
        "(441, 353)",
        "(511, 90)",
        "(98, 383)",
        "(862, 681)",
        "(103, 832)",
        "(182, 282)",
        "(141, 171)",
        "(89, 172)"
    ],
    "(971, 935)": [
        "(15, 290)",
        "(5, 170)",
        "(186, 994)",
        "(914, 311)",
        "(152, 541)",
        "(203, 518)",
        "(768, 649)",
        "(240, 873)",
        "(701, 146)",
        "(172, 199)",
        "(805, 37)",
        "(754, 675)",
        "(815, 384)",
        "(89, 172)",
        "(302, 767)",
        "(208, 764)",
        "(942, 435)",
        "(615, 503)",
        "(220, 472)",
        "(369, 400)",
        "(862, 681)",
        "(455, 730)",
        "(641, 1000)",
        "(14, 899)",
        "(193, 486)"
    ],
    "(210, 600)": [
        "(818, 457)",
        "(567, 611)",
        "(615, 503)",
        "(438, 815)",
        "(130, 756)",
        "(538, 980)",
        "(577, 386)",
        "(889, 8)",
        "(481, 799)",
        "(87, 837)",
        "(914, 311)",
        "(701, 146)",
        "(400, 623)",
        "(727, 999)",
        "(483, 219)",
        "(399, 247)",
        "(296, 206)",
        "(916, 68)",
        "(511, 90)",
        "(455, 730)",
        "(131, 759)",
        "(768, 649)",
        "(279, 90)",
        "(4, 92)",
        "(799, 763)",
        "(369, 400)",
        "(695, 512)"
    ],
    "(985, 853)": [
        "(859, 943)",
        "(914, 311)",
        "(525, 135)",
        "(5, 170)",
        "(768, 649)",
        "(942, 435)",
        "(385, 492)",
        "(163, 504)",
        "(959, 216)",
        "(754, 675)",
        "(193, 486)",
        "(131, 759)",
        "(302, 767)",
        "(37, 942)",
        "(77, 327)",
        "(701, 146)",
        "(106, 546)",
        "(208, 764)",
        "(98, 383)",
        "(303, 959)"
    ],
    "(338, 34)": [
        "(256, 215)",
        "(916, 68)",
        "(106, 546)",
        "(192, 37)",
        "(771, 769)",
        "(77, 327)",
        "(400, 623)",
        "(297, 83)",
        "(526, 326)",
        "(511, 90)",
        "(525, 135)",
        "(931, 124)",
        "(410, 344)",
        "(5, 170)",
        "(818, 457)",
        "(141, 171)",
        "(208, 764)",
        "(163, 504)",
        "(555, 440)",
        "(87, 837)",
        "(103, 832)",
        "(955, 307)",
        "(598, 475)"
    ],
    "(256, 215)": [
        "(481, 799)",
        "(914, 311)",
        "(338, 34)",
        "(978, 838)",
        "(627, 583)",
        "(37, 942)",
        "(220, 472)",
        "(771, 769)",
        "(955, 307)",
        "(862, 681)",
        "(555, 440)",
        "(438, 726)",
        "(130, 756)",
        "(577, 386)",
        "(438, 815)",
        "(186, 994)",
        "(942, 435)",
        "(679, 835)",
        "(556, 507)"
    ],
    "(531, 261)": [
        "(130, 756)",
        "(641, 1000)",
        "(163, 504)",
        "(492, 451)",
        "(799, 763)",
        "(805, 37)",
        "(526, 326)",
        "(14, 899)",
        "(862, 681)",
        "(220, 472)",
        "(12, 248)",
        "(914, 311)",
        "(615, 503)",
        "(598, 475)",
        "(481, 799)",
        "(959, 216)",
        "(577, 386)",
        "(954, 170)",
        "(400, 623)",
        "(308, 709)",
        "(627, 583)",
        "(131, 759)",
        "(203, 518)"
    ],
    "(916, 68)": [
        "(131, 759)",
        "(297, 83)",
        "(771, 769)",
        "(483, 918)",
        "(338, 34)",
        "(862, 681)",
        "(679, 835)",
        "(955, 307)",
        "(15, 290)",
        "(438, 815)",
        "(799, 763)",
        "(598, 475)",
        "(296, 206)",
        "(876, 411)",
        "(37, 942)",
        "(210, 600)",
        "(818, 457)",
        "(104, 910)",
        "(89, 172)",
        "(343, 922)",
        "(859, 943)",
        "(77, 327)"
    ],
    "(98, 383)": [
        "(955, 307)",
        "(172, 199)",
        "(141, 171)",
        "(257, 446)",
        "(296, 206)",
        "(89, 172)",
        "(511, 90)",
        "(978, 838)",
        "(208, 764)",
        "(727, 999)",
        "(914, 311)",
        "(876, 411)",
        "(4, 92)",
        "(959, 216)",
        "(776, 952)",
        "(771, 769)",
        "(985, 853)"
    ],
    "(862, 681)": [
        "(410, 344)",
        "(978, 838)",
        "(89, 172)",
        "(526, 326)",
        "(916, 68)",
        "(799, 763)",
        "(87, 837)",
        "(483, 918)",
        "(931, 124)",
        "(525, 135)",
        "(531, 261)",
        "(851, 108)",
        "(208, 764)",
        "(219, 430)",
        "(538, 980)",
        "(256, 215)",
        "(481, 799)",
        "(776, 952)",
        "(203, 518)",
        "(598, 475)",
        "(438, 815)",
        "(925, 239)",
        "(438, 726)",
        "(727, 999)",
        "(942, 435)",
        "(492, 451)",
        "(971, 935)",
        "(954, 170)"
    ],
    "(942, 435)": [
        "(303, 959)",
        "(925, 239)",
        "(193, 486)",
        "(889, 8)",
        "(985, 853)",
        "(104, 910)",
        "(955, 307)",
        "(399, 247)",
        "(754, 675)",
        "(641, 1000)",
        "(525, 135)",
        "(567, 611)",
        "(971, 935)",
        "(959, 216)",
        "(799, 763)",
        "(862, 681)",
        "(441, 353)",
        "(526, 326)",
        "(455, 730)",
        "(308, 709)",
        "(131, 759)",
        "(369, 400)",
        "(279, 90)",
        "(256, 215)"
    ],
    "(959, 216)": [
        "(931, 124)",
        "(978, 838)",
        "(4, 92)",
        "(197, 904)",
        "(152, 541)",
        "(103, 832)",
        "(985, 853)",
        "(12, 248)",
        "(954, 170)",
        "(438, 815)",
        "(37, 942)",
        "(399, 247)",
        "(297, 83)",
        "(701, 146)",
        "(483, 219)",
        "(492, 451)",
        "(531, 261)",
        "(942, 435)",
        "(876, 411)",
        "(257, 446)",
        "(87, 837)",
        "(98, 383)",
        "(768, 649)",
        "(141, 171)"
    ],
    "(279, 90)": [
        "(701, 146)",
        "(955, 307)",
        "(15, 290)",
        "(208, 764)",
        "(754, 675)",
        "(193, 486)",
        "(37, 942)",
        "(771, 769)",
        "(369, 400)",
        "(776, 952)",
        "(192, 37)",
        "(12, 248)",
        "(302, 767)",
        "(87, 837)",
        "(257, 446)",
        "(438, 815)",
        "(308, 709)",
        "(77, 327)",
        "(210, 600)",
        "(818, 457)",
        "(104, 910)",
        "(942, 435)",
        "(954, 170)"
    ],
    "(103, 832)": [
        "(525, 135)",
        "(193, 486)",
        "(186, 994)",
        "(197, 904)",
        "(89, 172)",
        "(889, 8)",
        "(296, 206)",
        "(192, 37)",
        "(776, 952)",
        "(567, 611)",
        "(959, 216)",
        "(104, 910)",
        "(106, 546)",
        "(208, 764)",
        "(12, 248)",
        "(526, 326)",
        "(754, 675)",
        "(556, 507)",
        "(768, 649)",
        "(727, 999)",
        "(483, 918)",
        "(4, 92)",
        "(338, 34)",
        "(152, 541)"
    ],
    "(182, 282)": [
        "(556, 507)",
        "(438, 815)",
        "(889, 8)",
        "(577, 386)",
        "(220, 472)",
        "(701, 146)",
        "(455, 730)",
        "(186, 994)",
        "(15, 290)",
        "(4, 92)",
        "(410, 344)",
        "(615, 503)",
        "(727, 999)",
        "(257, 446)",
        "(538, 980)",
        "(240, 873)",
        "(172, 199)"
    ],
    "(754, 675)": [
        "(104, 910)",
        "(369, 400)",
        "(727, 999)",
        "(279, 90)",
        "(455, 730)",
        "(219, 430)",
        "(192, 37)",
        "(985, 853)",
        "(679, 835)",
        "(971, 935)",
        "(131, 759)",
        "(4, 92)",
        "(955, 307)",
        "(555, 440)",
        "(942, 435)",
        "(12, 248)",
        "(771, 769)",
        "(37, 942)",
        "(859, 943)",
        "(103, 832)",
        "(525, 135)",
        "(385, 492)",
        "(172, 199)",
        "(978, 838)",
        "(914, 311)",
        "(87, 837)",
        "(400, 623)",
        "(776, 952)",
        "(931, 124)",
        "(77, 327)"
    ],
    "(876, 411)": [
        "(87, 837)",
        "(627, 583)",
        "(805, 37)",
        "(598, 475)",
        "(4, 92)",
        "(240, 873)",
        "(163, 504)",
        "(916, 68)",
        "(203, 518)",
        "(98, 383)",
        "(104, 910)",
        "(77, 327)",
        "(400, 623)",
        "(695, 512)",
        "(959, 216)",
        "(297, 83)",
        "(679, 835)",
        "(455, 730)",
        "(257, 446)",
        "(483, 918)",
        "(492, 451)"
    ],
    "(14, 899)": [
        "(438, 726)",
        "(308, 709)",
        "(219, 430)",
        "(240, 873)",
        "(4, 92)",
        "(343, 922)",
        "(531, 261)",
        "(399, 247)",
        "(978, 838)",
        "(641, 1000)",
        "(483, 918)",
        "(130, 756)",
        "(598, 475)",
        "(567, 611)",
        "(152, 541)",
        "(87, 837)",
        "(971, 935)",
        "(615, 503)",
        "(37, 942)"
    ],
    "(492, 451)": [
        "(727, 999)",
        "(192, 37)",
        "(531, 261)",
        "(369, 400)",
        "(410, 344)",
        "(197, 904)",
        "(627, 583)",
        "(483, 219)",
        "(141, 171)",
        "(163, 504)",
        "(959, 216)",
        "(203, 518)",
        "(400, 623)",
        "(343, 922)",
        "(862, 681)",
        "(577, 386)",
        "(955, 307)",
        "(303, 959)",
        "(876, 411)"
    ],
    "(481, 799)": [
        "(256, 215)",
        "(815, 384)",
        "(400, 623)",
        "(197, 904)",
        "(701, 146)",
        "(87, 837)",
        "(4, 92)",
        "(768, 649)",
        "(210, 600)",
        "(627, 583)",
        "(455, 730)",
        "(77, 327)",
        "(130, 756)",
        "(862, 681)",
        "(556, 507)",
        "(776, 952)",
        "(531, 261)",
        "(343, 922)",
        "(615, 503)",
        "(799, 763)",
        "(955, 307)",
        "(954, 170)",
        "(859, 943)",
        "(438, 815)",
        "(219, 430)",
        "(555, 440)"
    ],
    "(296, 206)": [
        "(208, 764)",
        "(955, 307)",
        "(240, 873)",
        "(98, 383)",
        "(103, 832)",
        "(695, 512)",
        "(916, 68)",
        "(511, 90)",
        "(203, 518)",
        "(859, 943)",
        "(297, 83)",
        "(186, 994)",
        "(438, 815)",
        "(210, 600)",
        "(914, 311)",
        "(89, 172)"
    ],
    "(615, 503)": [
        "(511, 90)",
        "(37, 942)",
        "(203, 518)",
        "(210, 600)",
        "(297, 83)",
        "(925, 239)",
        "(172, 199)",
        "(163, 504)",
        "(385, 492)",
        "(4, 92)",
        "(302, 767)",
        "(531, 261)",
        "(818, 457)",
        "(641, 1000)",
        "(859, 943)",
        "(481, 799)",
        "(805, 37)",
        "(971, 935)",
        "(106, 546)",
        "(182, 282)",
        "(220, 472)",
        "(889, 8)",
        "(438, 815)",
        "(141, 171)",
        "(556, 507)",
        "(455, 730)",
        "(192, 37)",
        "(577, 386)",
        "(400, 623)",
        "(14, 899)",
        "(240, 873)",
        "(538, 980)",
        "(526, 326)"
    ],
    "(914, 311)": [
        "(5, 170)",
        "(256, 215)",
        "(955, 307)",
        "(978, 838)",
        "(525, 135)",
        "(77, 327)",
        "(985, 853)",
        "(197, 904)",
        "(971, 935)",
        "(851, 108)",
        "(130, 756)",
        "(627, 583)",
        "(567, 611)",
        "(210, 600)",
        "(531, 261)",
        "(526, 326)",
        "(303, 959)",
        "(220, 472)",
        "(193, 486)",
        "(679, 835)",
        "(455, 730)",
        "(87, 837)",
        "(296, 206)",
        "(257, 446)",
        "(98, 383)",
        "(754, 675)",
        "(186, 994)",
        "(240, 873)",
        "(483, 918)",
        "(219, 430)"
    ],
    "(87, 837)": [
        "(876, 411)",
        "(385, 492)",
        "(5, 170)",
        "(889, 8)",
        "(302, 767)",
        "(308, 709)",
        "(172, 199)",
        "(441, 353)",
        "(641, 1000)",
        "(481, 799)",
        "(978, 838)",
        "(862, 681)",
        "(210, 600)",
        "(89, 172)",
        "(12, 248)",
        "(303, 959)",
        "(768, 649)",
        "(914, 311)",
        "(483, 219)",
        "(279, 90)",
        "(538, 980)",
        "(555, 440)",
        "(104, 910)",
        "(859, 943)",
        "(455, 730)",
        "(799, 763)",
        "(754, 675)",
        "(959, 216)",
        "(14, 899)",
        "(369, 400)",
        "(511, 90)",
        "(338, 34)",
        "(955, 307)"
    ],
    "(925, 239)": [
        "(240, 873)",
        "(942, 435)",
        "(695, 512)",
        "(679, 835)",
        "(641, 1000)",
        "(297, 83)",
        "(208, 764)",
        "(615, 503)",
        "(172, 199)",
        "(483, 918)",
        "(4, 92)",
        "(152, 541)",
        "(862, 681)",
        "(186, 994)",
        "(818, 457)",
        "(955, 307)",
        "(141, 171)",
        "(954, 170)",
        "(776, 952)",
        "(577, 386)",
        "(701, 146)"
    ],
    "(12, 248)": [
        "(577, 386)",
        "(859, 943)",
        "(130, 756)",
        "(511, 90)",
        "(297, 83)",
        "(220, 472)",
        "(163, 504)",
        "(15, 290)",
        "(400, 623)",
        "(172, 199)",
        "(399, 247)",
        "(959, 216)",
        "(641, 1000)",
        "(538, 980)",
        "(531, 261)",
        "(771, 769)",
        "(279, 90)",
        "(525, 135)",
        "(141, 171)",
        "(103, 832)",
        "(754, 675)",
        "(87, 837)",
        "(931, 124)",
        "(978, 838)",
        "(152, 541)",
        "(483, 918)",
        "(526, 326)",
        "(203, 518)",
        "(257, 446)",
        "(695, 512)"
    ],
    "(385, 492)": [
        "(954, 170)",
        "(87, 837)",
        "(37, 942)",
        "(931, 124)",
        "(598, 475)",
        "(308, 709)",
        "(369, 400)",
        "(438, 726)",
        "(985, 853)",
        "(615, 503)",
        "(303, 959)",
        "(805, 37)",
        "(208, 764)",
        "(141, 171)",
        "(152, 541)",
        "(627, 583)",
        "(104, 910)",
        "(192, 37)",
        "(526, 326)",
        "(754, 675)",
        "(776, 952)",
        "(343, 922)",
        "(679, 835)",
        "(186, 994)",
        "(130, 756)",
        "(297, 83)"
    ],
    "(193, 486)": [
        "(410, 344)",
        "(768, 649)",
        "(163, 504)",
        "(441, 353)",
        "(220, 472)",
        "(103, 832)",
        "(942, 435)",
        "(776, 952)",
        "(455, 730)",
        "(598, 475)",
        "(5, 170)",
        "(483, 219)",
        "(4, 92)",
        "(279, 90)",
        "(954, 170)",
        "(511, 90)",
        "(89, 172)",
        "(985, 853)",
        "(438, 726)",
        "(914, 311)",
        "(695, 512)",
        "(203, 518)",
        "(192, 37)",
        "(815, 384)",
        "(438, 815)",
        "(971, 935)",
        "(889, 8)",
        "(399, 247)"
    ],
    "(931, 124)": [
        "(959, 216)",
        "(203, 518)",
        "(438, 726)",
        "(577, 386)",
        "(369, 400)",
        "(385, 492)",
        "(598, 475)",
        "(701, 146)",
        "(208, 764)",
        "(438, 815)",
        "(141, 171)",
        "(859, 943)",
        "(768, 649)",
        "(862, 681)",
        "(77, 327)",
        "(12, 248)",
        "(338, 34)",
        "(302, 767)",
        "(197, 904)",
        "(455, 730)",
        "(771, 769)",
        "(627, 583)",
        "(954, 170)",
        "(851, 108)",
        "(754, 675)",
        "(89, 172)"
    ],
    "(172, 199)": [
        "(525, 135)",
        "(679, 835)",
        "(98, 383)",
        "(87, 837)",
        "(971, 935)",
        "(197, 904)",
        "(12, 248)",
        "(925, 239)",
        "(615, 503)",
        "(768, 649)",
        "(978, 838)",
        "(441, 353)",
        "(754, 675)",
        "(556, 507)",
        "(577, 386)",
        "(182, 282)",
        "(511, 90)"
    ],
    "(297, 83)": [
        "(538, 980)",
        "(815, 384)",
        "(916, 68)",
        "(556, 507)",
        "(12, 248)",
        "(89, 172)",
        "(615, 503)",
        "(598, 475)",
        "(925, 239)",
        "(338, 34)",
        "(483, 219)",
        "(954, 170)",
        "(567, 611)",
        "(399, 247)",
        "(296, 206)",
        "(771, 769)",
        "(959, 216)",
        "(208, 764)",
        "(555, 440)",
        "(186, 994)",
        "(455, 730)",
        "(701, 146)",
        "(876, 411)",
        "(152, 541)",
        "(627, 583)",
        "(220, 472)",
        "(385, 492)"
    ],
    "(771, 769)": [
        "(916, 68)",
        "(526, 326)",
        "(338, 34)",
        "(279, 90)",
        "(567, 611)",
        "(256, 215)",
        "(303, 959)",
        "(577, 386)",
        "(695, 512)",
        "(12, 248)",
        "(754, 675)",
        "(297, 83)",
        "(931, 124)",
        "(37, 942)",
        "(131, 759)",
        "(98, 383)",
        "(851, 108)",
        "(641, 1000)"
    ],
    "(141, 171)": [
        "(483, 918)",
        "(98, 383)",
        "(701, 146)",
        "(931, 124)",
        "(492, 451)",
        "(303, 959)",
        "(441, 353)",
        "(12, 248)",
        "(399, 247)",
        "(598, 475)",
        "(385, 492)",
        "(338, 34)",
        "(768, 649)",
        "(130, 756)",
        "(577, 386)",
        "(615, 503)",
        "(197, 904)",
        "(925, 239)",
        "(727, 999)",
        "(959, 216)",
        "(511, 90)"
    ],
    "(163, 504)": [
        "(193, 486)",
        "(531, 261)",
        "(203, 518)",
        "(889, 8)",
        "(5, 170)",
        "(12, 248)",
        "(526, 326)",
        "(805, 37)",
        "(399, 247)",
        "(818, 457)",
        "(511, 90)",
        "(985, 853)",
        "(615, 503)",
        "(410, 344)",
        "(876, 411)",
        "(492, 451)",
        "(851, 108)",
        "(338, 34)",
        "(15, 290)",
        "(438, 815)"
    ],
    "(152, 541)": [
        "(4, 92)",
        "(343, 922)",
        "(511, 90)",
        "(410, 344)",
        "(208, 764)",
        "(727, 999)",
        "(971, 935)",
        "(303, 959)",
        "(219, 430)",
        "(954, 170)",
        "(959, 216)",
        "(220, 472)",
        "(627, 583)",
        "(925, 239)",
        "(385, 492)",
        "(104, 910)",
        "(441, 353)",
        "(14, 899)",
        "(12, 248)",
        "(455, 730)",
        "(525, 135)",
        "(297, 83)",
        "(106, 546)",
        "(103, 832)",
        "(203, 518)"
    ],
    "(308, 709)": [
        "(197, 904)",
        "(14, 899)",
        "(106, 546)",
        "(87, 837)",
        "(727, 999)",
        "(37, 942)",
        "(385, 492)",
        "(627, 583)",
        "(805, 37)",
        "(695, 512)",
        "(343, 922)",
        "(859, 943)",
        "(598, 475)",
        "(679, 835)",
        "(279, 90)",
        "(104, 910)",
        "(818, 457)",
        "(531, 261)",
        "(776, 952)",
        "(942, 435)",
        "(701, 146)",
        "(130, 756)"
    ],
    "(701, 146)": [
        "(279, 90)",
        "(727, 999)",
        "(481, 799)",
        "(220, 472)",
        "(219, 430)",
        "(931, 124)",
        "(538, 980)",
        "(971, 935)",
        "(399, 247)",
        "(776, 952)",
        "(141, 171)",
        "(210, 600)",
        "(182, 282)",
        "(192, 37)",
        "(343, 922)",
        "(525, 135)",
        "(104, 910)",
        "(410, 344)",
        "(959, 216)",
        "(297, 83)",
        "(985, 853)",
        "(257, 446)",
        "(598, 475)",
        "(627, 583)",
        "(308, 709)",
        "(859, 943)",
        "(925, 239)"
    ],
    "(186, 994)": [
        "(971, 935)",
        "(103, 832)",
        "(526, 326)",
        "(89, 172)",
        "(369, 400)",
        "(679, 835)",
        "(182, 282)",
        "(296, 206)",
        "(598, 475)",
        "(5, 170)",
        "(925, 239)",
        "(297, 83)",
        "(483, 219)",
        "(914, 311)",
        "(627, 583)",
        "(256, 215)",
        "(695, 512)",
        "(131, 759)",
        "(978, 838)",
        "(955, 307)",
        "(455, 730)",
        "(385, 492)",
        "(555, 440)"
    ],
    "(525, 135)": [
        "(172, 199)",
        "(978, 838)",
        "(914, 311)",
        "(103, 832)",
        "(985, 853)",
        "(815, 384)",
        "(303, 959)",
        "(862, 681)",
        "(343, 922)",
        "(192, 37)",
        "(776, 952)",
        "(441, 353)",
        "(12, 248)",
        "(257, 446)",
        "(338, 34)",
        "(701, 146)",
        "(942, 435)",
        "(203, 518)",
        "(754, 675)",
        "(805, 37)",
        "(152, 541)",
        "(104, 910)",
        "(889, 8)"
    ],
    "(257, 446)": [
        "(641, 1000)",
        "(538, 980)",
        "(768, 649)",
        "(240, 873)",
        "(104, 910)",
        "(98, 383)",
        "(483, 219)",
        "(556, 507)",
        "(799, 763)",
        "(525, 135)",
        "(203, 518)",
        "(410, 344)",
        "(978, 838)",
        "(914, 311)",
        "(279, 90)",
        "(959, 216)",
        "(182, 282)",
        "(701, 146)",
        "(876, 411)",
        "(577, 386)",
        "(12, 248)"
    ],
    "(220, 472)": [
        "(193, 486)",
        "(5, 170)",
        "(701, 146)",
        "(12, 248)",
        "(815, 384)",
        "(859, 943)",
        "(577, 386)",
        "(256, 215)",
        "(483, 918)",
        "(438, 726)",
        "(152, 541)",
        "(182, 282)",
        "(531, 261)",
        "(4, 92)",
        "(106, 546)",
        "(914, 311)",
        "(567, 611)",
        "(615, 503)",
        "(971, 935)",
        "(556, 507)",
        "(851, 108)",
        "(641, 1000)",
        "(37, 942)",
        "(297, 83)"
    ],
    "(815, 384)": [
        "(481, 799)",
        "(297, 83)",
        "(104, 910)",
        "(641, 1000)",
        "(197, 904)",
        "(525, 135)",
        "(220, 472)",
        "(889, 8)",
        "(598, 475)",
        "(971, 935)",
        "(978, 838)",
        "(441, 353)",
        "(193, 486)",
        "(511, 90)",
        "(4, 92)",
        "(776, 952)"
    ],
    "(955, 307)": [
        "(279, 90)",
        "(768, 649)",
        "(98, 383)",
        "(914, 311)",
        "(538, 980)",
        "(438, 726)",
        "(296, 206)",
        "(343, 922)",
        "(438, 815)",
        "(916, 68)",
        "(641, 1000)",
        "(695, 512)",
        "(577, 386)",
        "(942, 435)",
        "(256, 215)",
        "(754, 675)",
        "(15, 290)",
        "(481, 799)",
        "(303, 959)",
        "(925, 239)",
        "(186, 994)",
        "(131, 759)",
        "(492, 451)",
        "(338, 34)",
        "(89, 172)",
        "(87, 837)"
    ],
    "(203, 518)": [
        "(931, 124)",
        "(768, 649)",
        "(615, 503)",
        "(163, 504)",
        "(400, 623)",
        "(641, 1000)",
        "(971, 935)",
        "(192, 37)",
        "(77, 327)",
        "(818, 457)",
        "(410, 344)",
        "(954, 170)",
        "(89, 172)",
        "(130, 756)",
        "(104, 910)",
        "(296, 206)",
        "(257, 446)",
        "(862, 681)",
        "(526, 326)",
        "(679, 835)",
        "(876, 411)",
        "(438, 815)",
        "(525, 135)",
        "(492, 451)",
        "(193, 486)",
        "(4, 92)",
        "(12, 248)",
        "(511, 90)",
        "(152, 541)",
        "(805, 37)",
        "(531, 261)"
    ],
    "(555, 440)": [
        "(483, 219)",
        "(131, 759)",
        "(627, 583)",
        "(567, 611)",
        "(400, 623)",
        "(369, 400)",
        "(754, 675)",
        "(256, 215)",
        "(89, 172)",
        "(106, 546)",
        "(438, 815)",
        "(37, 942)",
        "(483, 918)",
        "(297, 83)",
        "(87, 837)",
        "(338, 34)",
        "(481, 799)",
        "(186, 994)"
    ],
    "(438, 815)": [
        "(182, 282)",
        "(400, 623)",
        "(210, 600)",
        "(955, 307)",
        "(931, 124)",
        "(37, 942)",
        "(303, 959)",
        "(399, 247)",
        "(679, 835)",
        "(916, 68)",
        "(240, 873)",
        "(818, 457)",
        "(511, 90)",
        "(130, 756)",
        "(959, 216)",
        "(15, 290)",
        "(296, 206)",
        "(538, 980)",
        "(862, 681)",
        "(256, 215)",
        "(598, 475)",
        "(555, 440)",
        "(279, 90)",
        "(203, 518)",
        "(104, 910)",
        "(615, 503)",
        "(768, 649)",
        "(481, 799)",
        "(193, 486)",
        "(163, 504)",
        "(851, 108)"
    ],
    "(343, 922)": [
        "(192, 37)",
        "(152, 541)",
        "(955, 307)",
        "(799, 763)",
        "(240, 873)",
        "(14, 899)",
        "(399, 247)",
        "(525, 135)",
        "(5, 170)",
        "(438, 726)",
        "(889, 8)",
        "(701, 146)",
        "(851, 108)",
        "(481, 799)",
        "(768, 649)",
        "(308, 709)",
        "(492, 451)",
        "(818, 457)",
        "(526, 326)",
        "(916, 68)",
        "(385, 492)"
    ],
    "(130, 756)": [
        "(695, 512)",
        "(531, 261)",
        "(131, 759)",
        "(441, 353)",
        "(818, 457)",
        "(12, 248)",
        "(210, 600)",
        "(208, 764)",
        "(914, 311)",
        "(511, 90)",
        "(203, 518)",
        "(438, 815)",
        "(481, 799)",
        "(768, 649)",
        "(14, 899)",
        "(256, 215)",
        "(192, 37)",
        "(805, 37)",
        "(106, 546)",
        "(776, 952)",
        "(141, 171)",
        "(483, 219)",
        "(303, 959)",
        "(400, 623)",
        "(89, 172)",
        "(385, 492)",
        "(308, 709)"
    ],
    "(219, 430)": [
        "(14, 899)",
        "(526, 326)",
        "(104, 910)",
        "(483, 219)",
        "(152, 541)",
        "(954, 170)",
        "(701, 146)",
        "(754, 675)",
        "(577, 386)",
        "(851, 108)",
        "(862, 681)",
        "(695, 512)",
        "(556, 507)",
        "(511, 90)",
        "(302, 767)",
        "(914, 311)",
        "(481, 799)"
    ],
    "(4, 92)": [
        "(959, 216)",
        "(152, 541)",
        "(399, 247)",
        "(14, 899)",
        "(481, 799)",
        "(193, 486)",
        "(876, 411)",
        "(615, 503)",
        "(754, 675)",
        "(220, 472)",
        "(303, 959)",
        "(925, 239)",
        "(641, 1000)",
        "(182, 282)",
        "(98, 383)",
        "(805, 37)",
        "(103, 832)",
        "(203, 518)",
        "(210, 600)",
        "(815, 384)",
        "(37, 942)",
        "(410, 344)"
    ],
    "(15, 290)": [
        "(971, 935)",
        "(483, 918)",
        "(131, 759)",
        "(279, 90)",
        "(818, 457)",
        "(916, 68)",
        "(438, 726)",
        "(12, 248)",
        "(641, 1000)",
        "(197, 904)",
        "(598, 475)",
        "(438, 815)",
        "(399, 247)",
        "(955, 307)",
        "(182, 282)",
        "(695, 512)",
        "(163, 504)",
        "(859, 943)",
        "(89, 172)"
    ],
    "(799, 763)": [
        "(768, 649)",
        "(531, 261)",
        "(862, 681)",
        "(776, 952)",
        "(343, 922)",
        "(511, 90)",
        "(916, 68)",
        "(257, 446)",
        "(369, 400)",
        "(302, 767)",
        "(859, 943)",
        "(481, 799)",
        "(483, 918)",
        "(818, 457)",
        "(942, 435)",
        "(87, 837)",
        "(556, 507)",
        "(210, 600)",
        "(303, 959)",
        "(805, 37)"
    ],
    "(89, 172)": [
        "(483, 918)",
        "(556, 507)",
        "(862, 681)",
        "(511, 90)",
        "(805, 37)",
        "(186, 994)",
        "(103, 832)",
        "(297, 83)",
        "(203, 518)",
        "(193, 486)",
        "(98, 383)",
        "(87, 837)",
        "(971, 935)",
        "(555, 440)",
        "(916, 68)",
        "(695, 512)",
        "(727, 999)",
        "(296, 206)",
        "(538, 980)",
        "(130, 756)",
        "(955, 307)",
        "(931, 124)",
        "(15, 290)"
    ],
    "(483, 918)": [
        "(89, 172)",
        "(916, 68)",
        "(818, 457)",
        "(15, 290)",
        "(141, 171)",
        "(567, 611)",
        "(862, 681)",
        "(978, 838)",
        "(220, 472)",
        "(410, 344)",
        "(511, 90)",
        "(14, 899)",
        "(641, 1000)",
        "(598, 475)",
        "(805, 37)",
        "(925, 239)",
        "(776, 952)",
        "(302, 767)",
        "(679, 835)",
        "(799, 763)",
        "(555, 440)",
        "(577, 386)",
        "(103, 832)",
        "(12, 248)",
        "(914, 311)",
        "(197, 904)",
        "(876, 411)"
    ],
    "(627, 583)": [
        "(876, 411)",
        "(131, 759)",
        "(256, 215)",
        "(400, 623)",
        "(399, 247)",
        "(308, 709)",
        "(555, 440)",
        "(492, 451)",
        "(914, 311)",
        "(481, 799)",
        "(152, 541)",
        "(385, 492)",
        "(679, 835)",
        "(931, 124)",
        "(186, 994)",
        "(297, 83)",
        "(531, 261)",
        "(701, 146)",
        "(441, 353)",
        "(5, 170)",
        "(104, 910)"
    ],
    "(805, 37)": [
        "(89, 172)",
        "(876, 411)",
        "(303, 959)",
        "(302, 767)",
        "(531, 261)",
        "(978, 838)",
        "(526, 326)",
        "(163, 504)",
        "(511, 90)",
        "(369, 400)",
        "(308, 709)",
        "(971, 935)",
        "(385, 492)",
        "(483, 918)",
        "(130, 756)",
        "(889, 8)",
        "(615, 503)",
        "(525, 135)",
        "(818, 457)",
        "(4, 92)",
        "(131, 759)",
        "(37, 942)",
        "(799, 763)",
        "(203, 518)",
        "(197, 904)"
    ],
    "(441, 353)": [
        "(5, 170)",
        "(193, 486)",
        "(130, 756)",
        "(483, 219)",
        "(859, 943)",
        "(87, 837)",
        "(526, 326)",
        "(106, 546)",
        "(438, 726)",
        "(525, 135)",
        "(141, 171)",
        "(727, 999)",
        "(538, 980)",
        "(172, 199)",
        "(152, 541)",
        "(815, 384)",
        "(598, 475)",
        "(942, 435)",
        "(77, 327)",
        "(37, 942)",
        "(627, 583)"
    ],
    "(889, 8)": [
        "(192, 37)",
        "(182, 282)",
        "(163, 504)",
        "(87, 837)",
        "(483, 219)",
        "(942, 435)",
        "(815, 384)",
        "(103, 832)",
        "(210, 600)",
        "(851, 108)",
        "(641, 1000)",
        "(343, 922)",
        "(859, 943)",
        "(805, 37)",
        "(303, 959)",
        "(954, 170)",
        "(615, 503)",
        "(525, 135)",
        "(193, 486)"
    ]
}