{
    "(27, 593)": [
        "(128, 755)",
        "(725, 47)",
        "(153, 160)",
        "(585, 766)",
        "(30, 176)",
        "(13, 117)",
        "(62, 60)",
        "(742, 816)",
        "(288, 384)",
        "(336, 713)",
        "(830, 878)",
        "(743, 250)",
        "(1, 940)",
        "(609, 489)",
        "(901, 12)",
        "(169, 96)",
        "(881, 884)",
        "(90, 501)",
        "(64, 390)",
        "(978, 920)",
        "(416, 844)",
        "(51, 208)",
        "(447, 471)",
        "(671, 769)",
        "(813, 353)",
        "(933, 244)",
        "(580, 778)",
        "(996, 892)",
        "(270, 426)"
    ],
    "(13, 117)": [
        "(86, 842)",
        "(978, 920)",
        "(671, 592)",
        "(869, 42)",
        "(725, 47)",
        "(55, 978)",
        "(271, 377)",
        "(839, 807)",
        "(9, 856)",
        "(306, 815)",
        "(27, 593)",
        "(671, 769)",
        "(688, 484)",
        "(925, 448)",
        "(1, 940)",
        "(352, 619)",
        "(595, 83)",
        "(580, 778)",
        "(155, 784)",
        "(541, 470)",
        "(585, 766)",
        "(881, 884)",
        "(304, 325)",
        "(514, 923)",
        "(609, 489)",
        "(51, 208)",
        "(179, 201)",
        "(64, 390)",
        "(933, 244)",
        "(390, 253)",
        "(128, 755)",
        "(840, 573)",
        "(190, 743)",
        "(684, 514)",
        "(30, 176)"
    ],
    "(671, 592)": [
        "(421, 622)",
        "(492, 668)",
        "(881, 884)",
        "(595, 83)",
        "(585, 766)",
        "(13, 117)",
        "(725, 47)",
        "(466, 92)",
        "(742, 816)",
        "(473, 269)",
        "(324, 886)",
        "(996, 892)",
        "(684, 514)",
        "(352, 619)",
        "(651, 396)",
        "(169, 96)",
        "(933, 244)",
        "(270, 426)",
        "(55, 978)",
        "(128, 755)",
        "(336, 713)",
        "(408, 118)",
        "(839, 807)",
        "(393, 77)",
        "(671, 769)",
        "(586, 137)",
        "(447, 471)",
        "(869, 42)",
        "(368, 124)",
        "(62, 60)",
        "(9, 856)",
        "(30, 176)",
        "(840, 573)",
        "(271, 377)",
        "(51, 208)"
    ],
    "(813, 353)": [
        "(978, 920)",
        "(390, 253)",
        "(288, 384)",
        "(153, 160)",
        "(996, 892)",
        "(368, 124)",
        "(270, 426)",
        "(271, 377)",
        "(492, 668)",
        "(416, 844)",
        "(324, 886)",
        "(179, 201)",
        "(839, 807)",
        "(541, 470)",
        "(398, 545)",
        "(585, 766)",
        "(688, 484)",
        "(609, 489)",
        "(743, 250)",
        "(447, 471)",
        "(352, 619)",
        "(901, 12)",
        "(62, 60)",
        "(869, 42)",
        "(304, 325)",
        "(30, 176)",
        "(55, 978)",
        "(742, 816)",
        "(684, 514)",
        "(580, 778)",
        "(27, 593)",
        "(90, 501)",
        "(651, 396)"
    ],
    "(62, 60)": [
        "(933, 244)",
        "(336, 713)",
        "(51, 208)",
        "(9, 856)",
        "(304, 325)",
        "(64, 390)",
        "(270, 426)",
        "(27, 593)",
        "(434, 660)",
        "(473, 269)",
        "(271, 377)",
        "(585, 766)",
        "(408, 118)",
        "(352, 619)",
        "(881, 884)",
        "(996, 892)",
        "(586, 137)",
        "(671, 769)",
        "(288, 384)",
        "(813, 353)",
        "(190, 743)",
        "(421, 622)",
        "(901, 12)",
        "(398, 545)",
        "(393, 77)",
        "(447, 471)",
        "(324, 908)",
        "(10, 308)",
        "(671, 592)",
        "(153, 160)",
        "(830, 878)",
        "(595, 83)",
        "(684, 514)",
        "(416, 844)",
        "(169, 96)"
    ],
    "(421, 622)": [
        "(390, 253)",
        "(671, 592)",
        "(541, 470)",
        "(881, 884)",
        "(933, 244)",
        "(51, 208)",
        "(352, 619)",
        "(514, 923)",
        "(324, 908)",
        "(336, 713)",
        "(398, 545)",
        "(869, 42)",
        "(798, 930)",
        "(743, 250)",
        "(179, 201)",
        "(742, 816)",
        "(684, 514)",
        "(55, 978)",
        "(492, 668)",
        "(586, 137)",
        "(62, 60)",
        "(840, 573)",
        "(190, 743)",
        "(447, 471)",
        "(925, 448)",
        "(434, 660)",
        "(393, 77)"
    ],
    "(609, 489)": [
        "(595, 83)",
        "(925, 448)",
        "(881, 884)",
        "(840, 573)",
        "(90, 501)",
        "(466, 92)",
        "(933, 244)",
        "(434, 660)",
        "(368, 124)",
        "(586, 137)",
        "(580, 778)",
        "(169, 96)",
        "(128, 755)",
        "(155, 784)",
        "(813, 353)",
        "(271, 377)",
        "(27, 593)",
        "(324, 908)",
        "(10, 308)",
        "(86, 842)",
        "(651, 396)",
        "(742, 816)",
        "(13, 117)",
        "(306, 815)",
        "(304, 325)",
        "(179, 201)",
        "(1, 940)",
        "(390, 253)",
        "(352, 619)",
        "(270, 426)",
        "(473, 269)",
        "(408, 118)",
        "(64, 390)",
        "(839, 807)",
        "(743, 250)"
    ],
    "(155, 784)": [
        "(190, 743)",
        "(742, 816)",
        "(153, 160)",
        "(839, 807)",
        "(352, 619)",
        "(324, 886)",
        "(541, 470)",
        "(447, 471)",
        "(609, 489)",
        "(10, 308)",
        "(13, 117)",
        "(30, 176)",
        "(324, 908)",
        "(179, 201)",
        "(271, 377)",
        "(978, 920)",
        "(51, 208)",
        "(492, 668)",
        "(368, 124)",
        "(408, 118)",
        "(288, 384)",
        "(9, 856)",
        "(393, 77)",
        "(651, 396)",
        "(743, 250)",
        "(901, 12)",
        "(595, 83)"
    ],
    "(9, 856)": [
        "(51, 208)",
        "(447, 471)",
        "(742, 816)",
        "(62, 60)",
        "(64, 390)",
        "(190, 743)",
        "(901, 12)",
        "(473, 269)",
        "(13, 117)",
        "(304, 325)",
        "(352, 619)",
        "(688, 484)",
        "(840, 573)",
        "(30, 176)",
        "(336, 713)",
        "(541, 470)",
        "(153, 160)",
        "(595, 83)",
        "(492, 668)",
        "(869, 42)",
        "(155, 784)",
        "(393, 77)",
        "(288, 384)",
        "(324, 908)",
        "(671, 592)",
        "(90, 501)",
        "(306, 815)",
        "(671, 769)",
        "(398, 545)"
    ],
    "(839, 807)": [
        "(585, 766)",
        "(996, 892)",
        "(179, 201)",
        "(30, 176)",
        "(408, 118)",
        "(725, 47)",
        "(398, 545)",
        "(155, 784)",
        "(901, 12)",
        "(13, 117)",
        "(1, 940)",
        "(813, 353)",
        "(447, 471)",
        "(304, 325)",
        "(651, 396)",
        "(128, 755)",
        "(288, 384)",
        "(336, 713)",
        "(541, 470)",
        "(688, 484)",
        "(51, 208)",
        "(514, 923)",
        "(925, 448)",
        "(390, 253)",
        "(798, 930)",
        "(978, 920)",
        "(169, 96)",
        "(595, 83)",
        "(671, 592)",
        "(840, 573)",
        "(153, 160)",
        "(466, 92)",
        "(434, 660)",
        "(586, 137)",
        "(352, 619)",
        "(609, 489)"
    ],
    "(585, 766)": [
        "(839, 807)",
        "(492, 668)",
        "(179, 201)",
        "(514, 923)",
        "(869, 42)",
        "(671, 592)",
        "(51, 208)",
        "(688, 484)",
        "(978, 920)",
        "(416, 844)",
        "(27, 593)",
        "(86, 842)",
        "(368, 124)",
        "(306, 815)",
        "(586, 137)",
        "(1, 940)",
        "(671, 769)",
        "(62, 60)",
        "(580, 778)",
        "(813, 353)",
        "(393, 77)",
        "(434, 660)",
        "(996, 892)",
        "(55, 978)",
        "(925, 448)",
        "(933, 244)",
        "(13, 117)",
        "(473, 269)",
        "(390, 253)",
        "(190, 743)",
        "(30, 176)",
        "(541, 470)",
        "(128, 755)",
        "(743, 250)",
        "(466, 92)"
    ],
    "(324, 886)": [
        "(128, 755)",
        "(881, 884)",
        "(742, 816)",
        "(169, 96)",
        "(408, 118)",
        "(813, 353)",
        "(830, 878)",
        "(155, 784)",
        "(90, 501)",
        "(30, 176)",
        "(492, 668)",
        "(671, 592)",
        "(55, 978)",
        "(514, 923)",
        "(271, 377)",
        "(51, 208)",
        "(390, 253)",
        "(393, 77)",
        "(179, 201)",
        "(580, 778)",
        "(901, 12)",
        "(304, 325)",
        "(466, 92)",
        "(398, 545)",
        "(869, 42)",
        "(306, 815)",
        "(270, 426)",
        "(352, 619)",
        "(416, 844)",
        "(86, 842)",
        "(595, 83)"
    ],
    "(90, 501)": [
        "(434, 660)",
        "(408, 118)",
        "(447, 471)",
        "(190, 743)",
        "(609, 489)",
        "(541, 470)",
        "(86, 842)",
        "(271, 377)",
        "(324, 886)",
        "(725, 47)",
        "(270, 426)",
        "(595, 83)",
        "(901, 12)",
        "(996, 892)",
        "(169, 96)",
        "(473, 269)",
        "(55, 978)",
        "(742, 816)",
        "(27, 593)",
        "(671, 769)",
        "(978, 920)",
        "(514, 923)",
        "(684, 514)",
        "(586, 137)",
        "(813, 353)",
        "(9, 856)",
        "(336, 713)"
    ],
    "(492, 668)": [
        "(585, 766)",
        "(671, 592)",
        "(398, 545)",
        "(586, 137)",
        "(742, 816)",
        "(925, 448)",
        "(595, 83)",
        "(179, 201)",
        "(813, 353)",
        "(390, 253)",
        "(64, 390)",
        "(933, 244)",
        "(324, 886)",
        "(352, 619)",
        "(830, 878)",
        "(434, 660)",
        "(881, 884)",
        "(688, 484)",
        "(324, 908)",
        "(580, 778)",
        "(155, 784)",
        "(901, 12)",
        "(421, 622)",
        "(671, 769)",
        "(9, 856)",
        "(304, 325)",
        "(408, 118)",
        "(447, 471)",
        "(55, 978)",
        "(306, 815)",
        "(684, 514)",
        "(466, 92)"
    ],
    "(398, 545)": [
        "(352, 619)",
        "(492, 668)",
        "(434, 660)",
        "(30, 176)",
        "(839, 807)",
        "(580, 778)",
        "(416, 844)",
        "(830, 878)",
        "(10, 308)",
        "(978, 920)",
        "(813, 353)",
        "(421, 622)",
        "(304, 325)",
        "(51, 208)",
        "(725, 47)",
        "(684, 514)",
        "(324, 908)",
        "(688, 484)",
        "(324, 886)",
        "(62, 60)",
        "(336, 713)",
        "(798, 930)",
        "(447, 471)",
        "(270, 426)",
        "(933, 244)",
        "(128, 755)",
        "(473, 269)",
        "(64, 390)",
        "(306, 815)",
        "(595, 83)",
        "(881, 884)",
        "(9, 856)"
    ],
    "(996, 892)": [
        "(933, 244)",
        "(839, 807)",
        "(684, 514)",
        "(64, 390)",
        "(416, 844)",
        "(408, 118)",
        "(270, 426)",
        "(813, 353)",
        "(830, 878)",
        "(390, 253)",
        "(51, 208)",
        "(541, 470)",
        "(190, 743)",
        "(869, 42)",
        "(671, 592)",
        "(62, 60)",
        "(90, 501)",
        "(585, 766)",
        "(651, 396)",
        "(978, 920)",
        "(595, 83)",
        "(169, 96)",
        "(881, 884)",
        "(688, 484)",
        "(473, 269)",
        "(514, 923)",
        "(434, 660)",
        "(336, 713)",
        "(393, 77)",
        "(27, 593)",
        "(30, 176)",
        "(179, 201)",
        "(352, 619)"
    ],
    "(881, 884)": [
        "(421, 622)",
        "(352, 619)",
        "(55, 978)",
        "(609, 489)",
        "(368, 124)",
        "(671, 592)",
        "(30, 176)",
        "(595, 83)",
        "(324, 886)",
        "(336, 713)",
        "(514, 923)",
        "(393, 77)",
        "(179, 201)",
        "(128, 755)",
        "(541, 470)",
        "(62, 60)",
        "(447, 471)",
        "(304, 325)",
        "(725, 47)",
        "(492, 668)",
        "(27, 593)",
        "(580, 778)",
        "(13, 117)",
        "(671, 769)",
        "(651, 396)",
        "(270, 426)",
        "(434, 660)",
        "(742, 816)",
        "(996, 892)",
        "(64, 390)",
        "(901, 12)",
        "(743, 250)",
        "(933, 244)",
        "(416, 844)",
        "(390, 253)",
        "(798, 930)",
        "(830, 878)",
        "(169, 96)",
        "(1, 940)",
        "(925, 448)",
        "(398, 545)"
    ],
    "(86, 842)": [
        "(13, 117)",
        "(514, 923)",
        "(10, 308)",
        "(585, 766)",
        "(830, 878)",
        "(336, 713)",
        "(434, 660)",
        "(90, 501)",
        "(153, 160)",
        "(416, 844)",
        "(390, 253)",
        "(609, 489)",
        "(580, 778)",
        "(651, 396)",
        "(869, 42)",
        "(1, 940)",
        "(324, 886)",
        "(352, 619)",
        "(55, 978)",
        "(586, 137)",
        "(671, 769)"
    ],
    "(30, 176)": [
        "(434, 660)",
        "(881, 884)",
        "(839, 807)",
        "(869, 42)",
        "(925, 448)",
        "(153, 160)",
        "(398, 545)",
        "(586, 137)",
        "(688, 484)",
        "(27, 593)",
        "(742, 816)",
        "(933, 244)",
        "(368, 124)",
        "(55, 978)",
        "(324, 886)",
        "(393, 77)",
        "(155, 784)",
        "(179, 201)",
        "(9, 856)",
        "(169, 96)",
        "(743, 250)",
        "(651, 396)",
        "(408, 118)",
        "(813, 353)",
        "(830, 878)",
        "(304, 325)",
        "(585, 766)",
        "(10, 308)",
        "(671, 592)",
        "(671, 769)",
        "(996, 892)",
        "(390, 253)",
        "(13, 117)"
    ],
    "(651, 396)": [
        "(684, 514)",
        "(586, 137)",
        "(416, 844)",
        "(840, 573)",
        "(336, 713)",
        "(839, 807)",
        "(270, 426)",
        "(580, 778)",
        "(688, 484)",
        "(190, 743)",
        "(447, 471)",
        "(671, 592)",
        "(925, 448)",
        "(881, 884)",
        "(30, 176)",
        "(609, 489)",
        "(996, 892)",
        "(408, 118)",
        "(434, 660)",
        "(352, 619)",
        "(1, 940)",
        "(10, 308)",
        "(595, 83)",
        "(86, 842)",
        "(933, 244)",
        "(155, 784)",
        "(671, 769)",
        "(169, 96)",
        "(725, 47)",
        "(901, 12)",
        "(288, 384)",
        "(271, 377)",
        "(813, 353)"
    ],
    "(595, 83)": [
        "(609, 489)",
        "(541, 470)",
        "(64, 390)",
        "(671, 592)",
        "(881, 884)",
        "(492, 668)",
        "(368, 124)",
        "(336, 713)",
        "(416, 844)",
        "(304, 325)",
        "(13, 117)",
        "(153, 160)",
        "(90, 501)",
        "(514, 923)",
        "(270, 426)",
        "(742, 816)",
        "(288, 384)",
        "(869, 42)",
        "(671, 769)",
        "(51, 208)",
        "(9, 856)",
        "(925, 448)",
        "(393, 77)",
        "(306, 815)",
        "(996, 892)",
        "(743, 250)",
        "(830, 878)",
        "(839, 807)",
        "(190, 743)",
        "(651, 396)",
        "(169, 96)",
        "(324, 908)",
        "(798, 930)",
        "(688, 484)",
        "(390, 253)",
        "(62, 60)",
        "(155, 784)",
        "(398, 545)",
        "(324, 886)"
    ],
    "(51, 208)": [
        "(742, 816)",
        "(304, 325)",
        "(9, 856)",
        "(421, 622)",
        "(830, 878)",
        "(62, 60)",
        "(978, 920)",
        "(585, 766)",
        "(684, 514)",
        "(270, 426)",
        "(408, 118)",
        "(798, 930)",
        "(306, 815)",
        "(996, 892)",
        "(190, 743)",
        "(271, 377)",
        "(393, 77)",
        "(925, 448)",
        "(466, 92)",
        "(324, 886)",
        "(839, 807)",
        "(725, 47)",
        "(398, 545)",
        "(155, 784)",
        "(595, 83)",
        "(13, 117)",
        "(64, 390)",
        "(27, 593)",
        "(541, 470)",
        "(336, 713)",
        "(901, 12)",
        "(671, 592)"
    ],
    "(271, 377)": [
        "(586, 137)",
        "(580, 778)",
        "(416, 844)",
        "(798, 930)",
        "(13, 117)",
        "(10, 308)",
        "(304, 325)",
        "(813, 353)",
        "(742, 816)",
        "(514, 923)",
        "(90, 501)",
        "(62, 60)",
        "(169, 96)",
        "(743, 250)",
        "(64, 390)",
        "(55, 978)",
        "(51, 208)",
        "(609, 489)",
        "(324, 886)",
        "(155, 784)",
        "(324, 908)",
        "(288, 384)",
        "(153, 160)",
        "(128, 755)",
        "(933, 244)",
        "(408, 118)",
        "(434, 660)",
        "(651, 396)",
        "(390, 253)",
        "(393, 77)",
        "(306, 815)",
        "(671, 592)",
        "(352, 619)"
    ],
    "(447, 471)": [
        "(9, 856)",
        "(90, 501)",
        "(336, 713)",
        "(153, 160)",
        "(933, 244)",
        "(64, 390)",
        "(288, 384)",
        "(869, 42)",
        "(839, 807)",
        "(466, 92)",
        "(155, 784)",
        "(514, 923)",
        "(881, 884)",
        "(978, 920)",
        "(813, 353)",
        "(368, 124)",
        "(416, 844)",
        "(128, 755)",
        "(651, 396)",
        "(434, 660)",
        "(671, 769)",
        "(324, 908)",
        "(742, 816)",
        "(492, 668)",
        "(473, 269)",
        "(743, 250)",
        "(586, 137)",
        "(62, 60)",
        "(671, 592)",
        "(27, 593)",
        "(684, 514)",
        "(421, 622)",
        "(398, 545)",
        "(352, 619)",
        "(304, 325)"
    ],
    "(580, 778)": [
        "(271, 377)",
        "(798, 930)",
        "(169, 96)",
        "(416, 844)",
        "(398, 545)",
        "(671, 769)",
        "(933, 244)",
        "(688, 484)",
        "(609, 489)",
        "(585, 766)",
        "(466, 92)",
        "(13, 117)",
        "(925, 448)",
        "(153, 160)",
        "(651, 396)",
        "(725, 47)",
        "(270, 426)",
        "(881, 884)",
        "(190, 743)",
        "(742, 816)",
        "(492, 668)",
        "(324, 886)",
        "(86, 842)",
        "(288, 384)",
        "(390, 253)",
        "(586, 137)",
        "(684, 514)",
        "(813, 353)",
        "(541, 470)",
        "(830, 878)",
        "(306, 815)",
        "(27, 593)",
        "(304, 325)",
        "(393, 77)"
    ],
    "(368, 124)": [
        "(881, 884)",
        "(684, 514)",
        "(586, 137)",
        "(306, 815)",
        "(813, 353)",
        "(352, 619)",
        "(304, 325)",
        "(336, 713)",
        "(585, 766)",
        "(609, 489)",
        "(393, 77)",
        "(30, 176)",
        "(869, 42)",
        "(595, 83)",
        "(169, 96)",
        "(434, 660)",
        "(447, 471)",
        "(725, 47)",
        "(288, 384)",
        "(925, 448)",
        "(155, 784)",
        "(514, 923)",
        "(270, 426)",
        "(473, 269)",
        "(324, 908)",
        "(742, 816)",
        "(671, 769)",
        "(671, 592)",
        "(153, 160)",
        "(10, 308)",
        "(901, 12)",
        "(830, 878)",
        "(688, 484)"
    ],
    "(725, 47)": [
        "(153, 160)",
        "(393, 77)",
        "(128, 755)",
        "(840, 573)",
        "(688, 484)",
        "(27, 593)",
        "(671, 592)",
        "(13, 117)",
        "(839, 807)",
        "(671, 769)",
        "(390, 253)",
        "(179, 201)",
        "(90, 501)",
        "(869, 42)",
        "(684, 514)",
        "(408, 118)",
        "(580, 778)",
        "(51, 208)",
        "(881, 884)",
        "(1, 940)",
        "(368, 124)",
        "(398, 545)",
        "(55, 978)",
        "(304, 325)",
        "(336, 713)",
        "(434, 660)",
        "(743, 250)",
        "(270, 426)",
        "(798, 930)",
        "(742, 816)",
        "(190, 743)",
        "(978, 920)",
        "(933, 244)",
        "(651, 396)",
        "(473, 269)"
    ],
    "(169, 96)": [
        "(671, 769)",
        "(270, 426)",
        "(336, 713)",
        "(580, 778)",
        "(324, 886)",
        "(352, 619)",
        "(271, 377)",
        "(609, 489)",
        "(153, 160)",
        "(925, 448)",
        "(466, 92)",
        "(368, 124)",
        "(586, 137)",
        "(90, 501)",
        "(30, 176)",
        "(27, 593)",
        "(798, 930)",
        "(671, 592)",
        "(933, 244)",
        "(869, 42)",
        "(688, 484)",
        "(996, 892)",
        "(839, 807)",
        "(541, 470)",
        "(190, 743)",
        "(595, 83)",
        "(684, 514)",
        "(1, 940)",
        "(64, 390)",
        "(743, 250)",
        "(651, 396)",
        "(128, 755)",
        "(881, 884)",
        "(62, 60)"
    ],
    "(840, 573)": [
        "(586, 137)",
        "(304, 325)",
        "(869, 42)",
        "(725, 47)",
        "(609, 489)",
        "(1, 940)",
        "(651, 396)",
        "(352, 619)",
        "(743, 250)",
        "(933, 244)",
        "(9, 856)",
        "(393, 77)",
        "(55, 978)",
        "(514, 923)",
        "(978, 920)",
        "(925, 448)",
        "(190, 743)",
        "(830, 878)",
        "(684, 514)",
        "(421, 622)",
        "(434, 660)",
        "(671, 769)",
        "(839, 807)",
        "(324, 908)",
        "(688, 484)",
        "(13, 117)",
        "(671, 592)"
    ],
    "(925, 448)": [
        "(609, 489)",
        "(30, 176)",
        "(434, 660)",
        "(492, 668)",
        "(13, 117)",
        "(798, 930)",
        "(169, 96)",
        "(64, 390)",
        "(580, 778)",
        "(901, 12)",
        "(393, 77)",
        "(51, 208)",
        "(585, 766)",
        "(651, 396)",
        "(390, 253)",
        "(839, 807)",
        "(368, 124)",
        "(671, 769)",
        "(684, 514)",
        "(595, 83)",
        "(840, 573)",
        "(586, 137)",
        "(190, 743)",
        "(541, 470)",
        "(304, 325)",
        "(421, 622)",
        "(336, 713)",
        "(466, 92)",
        "(306, 815)",
        "(881, 884)"
    ],
    "(434, 660)": [
        "(90, 501)",
        "(30, 176)",
        "(933, 244)",
        "(324, 908)",
        "(270, 426)",
        "(55, 978)",
        "(398, 545)",
        "(925, 448)",
        "(609, 489)",
        "(830, 878)",
        "(86, 842)",
        "(393, 77)",
        "(62, 60)",
        "(798, 930)",
        "(585, 766)",
        "(492, 668)",
        "(368, 124)",
        "(304, 325)",
        "(688, 484)",
        "(671, 769)",
        "(447, 471)",
        "(408, 118)",
        "(881, 884)",
        "(651, 396)",
        "(840, 573)",
        "(390, 253)",
        "(725, 47)",
        "(271, 377)",
        "(10, 308)",
        "(839, 807)",
        "(996, 892)",
        "(128, 755)",
        "(421, 622)",
        "(1, 940)",
        "(743, 250)",
        "(684, 514)"
    ],
    "(390, 253)": [
        "(421, 622)",
        "(813, 353)",
        "(55, 978)",
        "(492, 668)",
        "(996, 892)",
        "(288, 384)",
        "(725, 47)",
        "(684, 514)",
        "(153, 160)",
        "(1, 940)",
        "(64, 390)",
        "(324, 908)",
        "(742, 816)",
        "(324, 886)",
        "(901, 12)",
        "(925, 448)",
        "(336, 713)",
        "(86, 842)",
        "(830, 878)",
        "(839, 807)",
        "(688, 484)",
        "(609, 489)",
        "(798, 930)",
        "(585, 766)",
        "(434, 660)",
        "(869, 42)",
        "(580, 778)",
        "(13, 117)",
        "(514, 923)",
        "(881, 884)",
        "(416, 844)",
        "(595, 83)",
        "(473, 269)",
        "(541, 470)",
        "(271, 377)",
        "(30, 176)"
    ],
    "(798, 930)": [
        "(580, 778)",
        "(270, 426)",
        "(128, 755)",
        "(271, 377)",
        "(324, 908)",
        "(901, 12)",
        "(51, 208)",
        "(933, 244)",
        "(684, 514)",
        "(434, 660)",
        "(925, 448)",
        "(304, 325)",
        "(466, 92)",
        "(416, 844)",
        "(421, 622)",
        "(1, 940)",
        "(169, 96)",
        "(306, 815)",
        "(473, 269)",
        "(839, 807)",
        "(153, 160)",
        "(390, 253)",
        "(541, 470)",
        "(725, 47)",
        "(595, 83)",
        "(881, 884)",
        "(671, 769)",
        "(398, 545)",
        "(179, 201)"
    ],
    "(416, 844)": [
        "(306, 815)",
        "(1, 940)",
        "(651, 396)",
        "(64, 390)",
        "(996, 892)",
        "(271, 377)",
        "(586, 137)",
        "(580, 778)",
        "(585, 766)",
        "(830, 878)",
        "(813, 353)",
        "(398, 545)",
        "(86, 842)",
        "(595, 83)",
        "(541, 470)",
        "(270, 426)",
        "(55, 978)",
        "(798, 930)",
        "(466, 92)",
        "(447, 471)",
        "(288, 384)",
        "(10, 308)",
        "(684, 514)",
        "(336, 713)",
        "(27, 593)",
        "(179, 201)",
        "(881, 884)",
        "(390, 253)",
        "(743, 250)",
        "(324, 886)",
        "(933, 244)",
        "(62, 60)"
    ],
    "(10, 308)": [
        "(586, 137)",
        "(179, 201)",
        "(933, 244)",
        "(743, 250)",
        "(86, 842)",
        "(271, 377)",
        "(408, 118)",
        "(306, 815)",
        "(304, 325)",
        "(398, 545)",
        "(155, 784)",
        "(473, 269)",
        "(830, 878)",
        "(153, 160)",
        "(609, 489)",
        "(901, 12)",
        "(416, 844)",
        "(651, 396)",
        "(62, 60)",
        "(434, 660)",
        "(30, 176)",
        "(393, 77)",
        "(1, 940)",
        "(742, 816)",
        "(541, 470)",
        "(368, 124)"
    ],
    "(306, 815)": [
        "(416, 844)",
        "(473, 269)",
        "(304, 325)",
        "(978, 920)",
        "(368, 124)",
        "(742, 816)",
        "(585, 766)",
        "(13, 117)",
        "(10, 308)",
        "(51, 208)",
        "(466, 92)",
        "(901, 12)",
        "(688, 484)",
        "(798, 930)",
        "(514, 923)",
        "(1, 940)",
        "(595, 83)",
        "(609, 489)",
        "(128, 755)",
        "(830, 878)",
        "(586, 137)",
        "(324, 886)",
        "(580, 778)",
        "(398, 545)",
        "(271, 377)",
        "(925, 448)",
        "(684, 514)",
        "(9, 856)",
        "(492, 668)"
    ],
    "(933, 244)": [
        "(62, 60)",
        "(434, 660)",
        "(996, 892)",
        "(421, 622)",
        "(10, 308)",
        "(901, 12)",
        "(447, 471)",
        "(128, 755)",
        "(609, 489)",
        "(30, 176)",
        "(466, 92)",
        "(580, 778)",
        "(492, 668)",
        "(179, 201)",
        "(798, 930)",
        "(840, 573)",
        "(978, 920)",
        "(585, 766)",
        "(169, 96)",
        "(671, 592)",
        "(408, 118)",
        "(869, 42)",
        "(271, 377)",
        "(304, 325)",
        "(13, 117)",
        "(190, 743)",
        "(651, 396)",
        "(881, 884)",
        "(153, 160)",
        "(725, 47)",
        "(416, 844)",
        "(27, 593)",
        "(830, 878)",
        "(398, 545)",
        "(743, 250)",
        "(688, 484)"
    ],
    "(153, 160)": [
        "(725, 47)",
        "(352, 619)",
        "(336, 713)",
        "(30, 176)",
        "(447, 471)",
        "(813, 353)",
        "(155, 784)",
        "(27, 593)",
        "(743, 250)",
        "(179, 201)",
        "(86, 842)",
        "(169, 96)",
        "(514, 923)",
        "(128, 755)",
        "(595, 83)",
        "(288, 384)",
        "(390, 253)",
        "(830, 878)",
        "(580, 778)",
        "(9, 856)",
        "(271, 377)",
        "(671, 769)",
        "(10, 308)",
        "(1, 940)",
        "(798, 930)",
        "(541, 470)",
        "(684, 514)",
        "(839, 807)",
        "(933, 244)",
        "(324, 908)",
        "(62, 60)",
        "(368, 124)"
    ],
    "(128, 755)": [
        "(466, 92)",
        "(27, 593)",
        "(725, 47)",
        "(324, 886)",
        "(671, 769)",
        "(798, 930)",
        "(933, 244)",
        "(743, 250)",
        "(881, 884)",
        "(684, 514)",
        "(609, 489)",
        "(1, 940)",
        "(153, 160)",
        "(839, 807)",
        "(179, 201)",
        "(447, 471)",
        "(742, 816)",
        "(271, 377)",
        "(869, 42)",
        "(671, 592)",
        "(473, 269)",
        "(408, 118)",
        "(270, 426)",
        "(306, 815)",
        "(13, 117)",
        "(393, 77)",
        "(398, 545)",
        "(434, 660)",
        "(169, 96)",
        "(978, 920)",
        "(585, 766)",
        "(64, 390)"
    ],
    "(586, 137)": [
        "(271, 377)",
        "(840, 573)",
        "(10, 308)",
        "(651, 396)",
        "(492, 668)",
        "(416, 844)",
        "(270, 426)",
        "(30, 176)",
        "(368, 124)",
        "(585, 766)",
        "(179, 201)",
        "(609, 489)",
        "(869, 42)",
        "(304, 325)",
        "(169, 96)",
        "(473, 269)",
        "(688, 484)",
        "(62, 60)",
        "(541, 470)",
        "(190, 743)",
        "(336, 713)",
        "(925, 448)",
        "(421, 622)",
        "(90, 501)",
        "(447, 471)",
        "(671, 592)",
        "(288, 384)",
        "(64, 390)",
        "(580, 778)",
        "(306, 815)",
        "(839, 807)",
        "(514, 923)",
        "(684, 514)",
        "(86, 842)"
    ],
    "(541, 470)": [
        "(421, 622)",
        "(688, 484)",
        "(595, 83)",
        "(90, 501)",
        "(304, 325)",
        "(901, 12)",
        "(155, 784)",
        "(416, 844)",
        "(466, 92)",
        "(813, 353)",
        "(881, 884)",
        "(996, 892)",
        "(978, 920)",
        "(839, 807)",
        "(55, 978)",
        "(13, 117)",
        "(9, 856)",
        "(586, 137)",
        "(324, 908)",
        "(393, 77)",
        "(352, 619)",
        "(830, 878)",
        "(684, 514)",
        "(153, 160)",
        "(798, 930)",
        "(169, 96)",
        "(473, 269)",
        "(585, 766)",
        "(925, 448)",
        "(742, 816)",
        "(580, 778)",
        "(51, 208)",
        "(390, 253)",
        "(10, 308)"
    ],
    "(64, 390)": [
        "(595, 83)",
        "(416, 844)",
        "(190, 743)",
        "(9, 856)",
        "(996, 892)",
        "(830, 878)",
        "(62, 60)",
        "(447, 471)",
        "(492, 668)",
        "(408, 118)",
        "(270, 426)",
        "(742, 816)",
        "(271, 377)",
        "(514, 923)",
        "(390, 253)",
        "(925, 448)",
        "(324, 908)",
        "(336, 713)",
        "(27, 593)",
        "(881, 884)",
        "(51, 208)",
        "(13, 117)",
        "(1, 940)",
        "(586, 137)",
        "(169, 96)",
        "(609, 489)",
        "(393, 77)",
        "(901, 12)",
        "(288, 384)",
        "(398, 545)",
        "(128, 755)"
    ],
    "(978, 920)": [
        "(813, 353)",
        "(55, 978)",
        "(51, 208)",
        "(306, 815)",
        "(13, 117)",
        "(408, 118)",
        "(585, 766)",
        "(398, 545)",
        "(541, 470)",
        "(447, 471)",
        "(933, 244)",
        "(324, 908)",
        "(514, 923)",
        "(155, 784)",
        "(901, 12)",
        "(840, 573)",
        "(270, 426)",
        "(996, 892)",
        "(90, 501)",
        "(839, 807)",
        "(27, 593)",
        "(742, 816)",
        "(725, 47)",
        "(304, 325)",
        "(128, 755)",
        "(688, 484)"
    ],
    "(288, 384)": [
        "(742, 816)",
        "(466, 92)",
        "(813, 353)",
        "(901, 12)",
        "(514, 923)",
        "(447, 471)",
        "(27, 593)",
        "(390, 253)",
        "(153, 160)",
        "(839, 807)",
        "(304, 325)",
        "(190, 743)",
        "(473, 269)",
        "(416, 844)",
        "(595, 83)",
        "(62, 60)",
        "(271, 377)",
        "(368, 124)",
        "(55, 978)",
        "(580, 778)",
        "(155, 784)",
        "(586, 137)",
        "(1, 940)",
        "(9, 856)",
        "(651, 396)",
        "(64, 390)",
        "(869, 42)",
        "(408, 118)",
        "(270, 426)"
    ],
    "(324, 908)": [
        "(408, 118)",
        "(434, 660)",
        "(798, 930)",
        "(830, 878)",
        "(869, 42)",
        "(421, 622)",
        "(688, 484)",
        "(390, 253)",
        "(64, 390)",
        "(901, 12)",
        "(155, 784)",
        "(978, 920)",
        "(609, 489)",
        "(271, 377)",
        "(541, 470)",
        "(492, 668)",
        "(393, 77)",
        "(398, 545)",
        "(447, 471)",
        "(190, 743)",
        "(368, 124)",
        "(595, 83)",
        "(62, 60)",
        "(840, 573)",
        "(352, 619)",
        "(153, 160)",
        "(9, 856)",
        "(466, 92)"
    ],
    "(466, 92)": [
        "(128, 755)",
        "(288, 384)",
        "(179, 201)",
        "(830, 878)",
        "(609, 489)",
        "(304, 325)",
        "(671, 592)",
        "(933, 244)",
        "(742, 816)",
        "(447, 471)",
        "(541, 470)",
        "(580, 778)",
        "(393, 77)",
        "(306, 815)",
        "(798, 930)",
        "(169, 96)",
        "(51, 208)",
        "(416, 844)",
        "(1, 940)",
        "(473, 269)",
        "(324, 886)",
        "(839, 807)",
        "(324, 908)",
        "(925, 448)",
        "(688, 484)",
        "(408, 118)",
        "(492, 668)",
        "(585, 766)"
    ],
    "(1, 940)": [
        "(743, 250)",
        "(416, 844)",
        "(55, 978)",
        "(840, 573)",
        "(270, 426)",
        "(585, 766)",
        "(839, 807)",
        "(393, 77)",
        "(13, 117)",
        "(128, 755)",
        "(390, 253)",
        "(352, 619)",
        "(27, 593)",
        "(798, 930)",
        "(466, 92)",
        "(725, 47)",
        "(336, 713)",
        "(153, 160)",
        "(306, 815)",
        "(190, 743)",
        "(651, 396)",
        "(609, 489)",
        "(408, 118)",
        "(64, 390)",
        "(288, 384)",
        "(86, 842)",
        "(169, 96)",
        "(514, 923)",
        "(10, 308)",
        "(179, 201)",
        "(434, 660)",
        "(688, 484)",
        "(881, 884)",
        "(671, 769)"
    ],
    "(869, 42)": [
        "(840, 573)",
        "(585, 766)",
        "(30, 176)",
        "(13, 117)",
        "(684, 514)",
        "(368, 124)",
        "(324, 908)",
        "(586, 137)",
        "(447, 471)",
        "(743, 250)",
        "(725, 47)",
        "(996, 892)",
        "(393, 77)",
        "(421, 622)",
        "(595, 83)",
        "(813, 353)",
        "(169, 96)",
        "(128, 755)",
        "(933, 244)",
        "(742, 816)",
        "(9, 856)",
        "(390, 253)",
        "(190, 743)",
        "(830, 878)",
        "(86, 842)",
        "(324, 886)",
        "(304, 325)",
        "(688, 484)",
        "(671, 592)",
        "(288, 384)",
        "(179, 201)"
    ],
    "(671, 769)": [
        "(169, 96)",
        "(128, 755)",
        "(55, 978)",
        "(336, 713)",
        "(580, 778)",
        "(13, 117)",
        "(585, 766)",
        "(304, 325)",
        "(725, 47)",
        "(62, 60)",
        "(434, 660)",
        "(270, 426)",
        "(881, 884)",
        "(595, 83)",
        "(153, 160)",
        "(925, 448)",
        "(190, 743)",
        "(90, 501)",
        "(447, 471)",
        "(492, 668)",
        "(473, 269)",
        "(671, 592)",
        "(840, 573)",
        "(651, 396)",
        "(368, 124)",
        "(27, 593)",
        "(352, 619)",
        "(798, 930)",
        "(30, 176)",
        "(1, 940)",
        "(86, 842)",
        "(9, 856)"
    ],
    "(179, 201)": [
        "(585, 766)",
        "(10, 308)",
        "(466, 92)",
        "(839, 807)",
        "(830, 878)",
        "(153, 160)",
        "(492, 668)",
        "(881, 884)",
        "(813, 353)",
        "(586, 137)",
        "(933, 244)",
        "(725, 47)",
        "(743, 250)",
        "(30, 176)",
        "(684, 514)",
        "(352, 619)",
        "(128, 755)",
        "(190, 743)",
        "(421, 622)",
        "(155, 784)",
        "(324, 886)",
        "(688, 484)",
        "(336, 713)",
        "(13, 117)",
        "(609, 489)",
        "(416, 844)",
        "(742, 816)",
        "(393, 77)",
        "(901, 12)",
        "(1, 940)",
        "(304, 325)",
        "(798, 930)",
        "(996, 892)",
        "(869, 42)"
    ],
    "(352, 619)": [
        "(398, 545)",
        "(881, 884)",
        "(393, 77)",
        "(153, 160)",
        "(368, 124)",
        "(421, 622)",
        "(155, 784)",
        "(304, 325)",
        "(830, 878)",
        "(169, 96)",
        "(9, 856)",
        "(62, 60)",
        "(492, 668)",
        "(840, 573)",
        "(13, 117)",
        "(336, 713)",
        "(1, 940)",
        "(671, 592)",
        "(179, 201)",
        "(813, 353)",
        "(270, 426)",
        "(473, 269)",
        "(541, 470)",
        "(688, 484)",
        "(743, 250)",
        "(651, 396)",
        "(609, 489)",
        "(324, 908)",
        "(671, 769)",
        "(324, 886)",
        "(447, 471)",
        "(839, 807)",
        "(86, 842)",
        "(271, 377)",
        "(996, 892)",
        "(684, 514)"
    ],
    "(743, 250)": [
        "(1, 940)",
        "(830, 878)",
        "(393, 77)",
        "(10, 308)",
        "(408, 118)",
        "(153, 160)",
        "(128, 755)",
        "(869, 42)",
        "(271, 377)",
        "(840, 573)",
        "(179, 201)",
        "(813, 353)",
        "(27, 593)",
        "(421, 622)",
        "(30, 176)",
        "(688, 484)",
        "(190, 743)",
        "(684, 514)",
        "(352, 619)",
        "(595, 83)",
        "(270, 426)",
        "(447, 471)",
        "(55, 978)",
        "(725, 47)",
        "(881, 884)",
        "(155, 784)",
        "(336, 713)",
        "(169, 96)",
        "(416, 844)",
        "(434, 660)",
        "(933, 244)",
        "(585, 766)",
        "(609, 489)"
    ],
    "(830, 878)": [
        "(743, 250)",
        "(51, 208)",
        "(466, 92)",
        "(179, 201)",
        "(64, 390)",
        "(416, 844)",
        "(86, 842)",
        "(434, 660)",
        "(270, 426)",
        "(324, 908)",
        "(324, 886)",
        "(352, 619)",
        "(398, 545)",
        "(996, 892)",
        "(492, 668)",
        "(27, 593)",
        "(153, 160)",
        "(742, 816)",
        "(10, 308)",
        "(390, 253)",
        "(541, 470)",
        "(30, 176)",
        "(840, 573)",
        "(306, 815)",
        "(595, 83)",
        "(393, 77)",
        "(869, 42)",
        "(580, 778)",
        "(684, 514)",
        "(62, 60)",
        "(933, 244)",
        "(881, 884)",
        "(688, 484)",
        "(368, 124)"
    ],
    "(473, 269)": [
        "(306, 815)",
        "(901, 12)",
        "(9, 856)",
        "(671, 592)",
        "(62, 60)",
        "(10, 308)",
        "(288, 384)",
        "(586, 137)",
        "(90, 501)",
        "(798, 930)",
        "(466, 92)",
        "(270, 426)",
        "(352, 619)",
        "(128, 755)",
        "(585, 766)",
        "(393, 77)",
        "(447, 471)",
        "(368, 124)",
        "(671, 769)",
        "(609, 489)",
        "(996, 892)",
        "(541, 470)",
        "(688, 484)",
        "(398, 545)",
        "(390, 253)",
        "(725, 47)"
    ],
    "(408, 118)": [
        "(514, 923)",
        "(90, 501)",
        "(324, 908)",
        "(688, 484)",
        "(336, 713)",
        "(996, 892)",
        "(978, 920)",
        "(839, 807)",
        "(743, 250)",
        "(324, 886)",
        "(51, 208)",
        "(55, 978)",
        "(10, 308)",
        "(64, 390)",
        "(62, 60)",
        "(901, 12)",
        "(725, 47)",
        "(742, 816)",
        "(933, 244)",
        "(155, 784)",
        "(434, 660)",
        "(30, 176)",
        "(128, 755)",
        "(651, 396)",
        "(671, 592)",
        "(492, 668)",
        "(1, 940)",
        "(304, 325)",
        "(271, 377)",
        "(609, 489)",
        "(466, 92)",
        "(288, 384)"
    ],
    "(901, 12)": [
        "(933, 244)",
        "(473, 269)",
        "(839, 807)",
        "(9, 856)",
        "(688, 484)",
        "(393, 77)",
        "(288, 384)",
        "(798, 930)",
        "(541, 470)",
        "(408, 118)",
        "(90, 501)",
        "(306, 815)",
        "(925, 448)",
        "(324, 908)",
        "(27, 593)",
        "(813, 353)",
        "(514, 923)",
        "(390, 253)",
        "(978, 920)",
        "(492, 668)",
        "(324, 886)",
        "(10, 308)",
        "(62, 60)",
        "(881, 884)",
        "(55, 978)",
        "(684, 514)",
        "(179, 201)",
        "(64, 390)",
        "(651, 396)",
        "(155, 784)",
        "(51, 208)",
        "(368, 124)"
    ],
    "(742, 816)": [
        "(288, 384)",
        "(51, 208)",
        "(9, 856)",
        "(155, 784)",
        "(492, 668)",
        "(324, 886)",
        "(30, 176)",
        "(306, 815)",
        "(271, 377)",
        "(671, 592)",
        "(466, 92)",
        "(64, 390)",
        "(27, 593)",
        "(408, 118)",
        "(390, 253)",
        "(595, 83)",
        "(421, 622)",
        "(128, 755)",
        "(190, 743)",
        "(830, 878)",
        "(580, 778)",
        "(90, 501)",
        "(609, 489)",
        "(304, 325)",
        "(688, 484)",
        "(881, 884)",
        "(447, 471)",
        "(813, 353)",
        "(869, 42)",
        "(978, 920)",
        "(179, 201)",
        "(368, 124)",
        "(725, 47)",
        "(541, 470)",
        "(270, 426)",
        "(10, 308)",
        "(393, 77)"
    ],
    "(684, 514)": [
        "(651, 396)",
        "(336, 713)",
        "(996, 892)",
        "(368, 124)",
        "(393, 77)",
        "(51, 208)",
        "(869, 42)",
        "(270, 426)",
        "(798, 930)",
        "(128, 755)",
        "(390, 253)",
        "(179, 201)",
        "(671, 592)",
        "(725, 47)",
        "(421, 622)",
        "(190, 743)",
        "(398, 545)",
        "(304, 325)",
        "(925, 448)",
        "(743, 250)",
        "(541, 470)",
        "(90, 501)",
        "(416, 844)",
        "(840, 573)",
        "(153, 160)",
        "(813, 353)",
        "(580, 778)",
        "(169, 96)",
        "(901, 12)",
        "(447, 471)",
        "(830, 878)",
        "(62, 60)",
        "(13, 117)",
        "(306, 815)",
        "(434, 660)",
        "(492, 668)",
        "(586, 137)",
        "(352, 619)"
    ],
    "(304, 325)": [
        "(306, 815)",
        "(51, 208)",
        "(840, 573)",
        "(62, 60)",
        "(466, 92)",
        "(368, 124)",
        "(271, 377)",
        "(541, 470)",
        "(352, 619)",
        "(190, 743)",
        "(839, 807)",
        "(9, 856)",
        "(586, 137)",
        "(671, 769)",
        "(10, 308)",
        "(798, 930)",
        "(595, 83)",
        "(288, 384)",
        "(881, 884)",
        "(434, 660)",
        "(398, 545)",
        "(13, 117)",
        "(684, 514)",
        "(813, 353)",
        "(742, 816)",
        "(324, 886)",
        "(725, 47)",
        "(30, 176)",
        "(609, 489)",
        "(492, 668)",
        "(336, 713)",
        "(933, 244)",
        "(408, 118)",
        "(869, 42)",
        "(925, 448)",
        "(978, 920)",
        "(447, 471)",
        "(55, 978)",
        "(179, 201)",
        "(580, 778)"
    ],
    "(393, 77)": [
        "(743, 250)",
        "(725, 47)",
        "(688, 484)",
        "(352, 619)",
        "(684, 514)",
        "(881, 884)",
        "(901, 12)",
        "(368, 124)",
        "(1, 940)",
        "(434, 660)",
        "(466, 92)",
        "(585, 766)",
        "(30, 176)",
        "(51, 208)",
        "(869, 42)",
        "(514, 923)",
        "(840, 573)",
        "(925, 448)",
        "(324, 886)",
        "(541, 470)",
        "(324, 908)",
        "(595, 83)",
        "(473, 269)",
        "(671, 592)",
        "(830, 878)",
        "(62, 60)",
        "(155, 784)",
        "(179, 201)",
        "(9, 856)",
        "(128, 755)",
        "(336, 713)",
        "(64, 390)",
        "(10, 308)",
        "(996, 892)",
        "(271, 377)",
        "(421, 622)",
        "(742, 816)",
        "(580, 778)"
    ],
    "(270, 426)": [
        "(169, 96)",
        "(434, 660)",
        "(798, 930)",
        "(996, 892)",
        "(586, 137)",
        "(51, 208)",
        "(813, 353)",
        "(1, 940)",
        "(514, 923)",
        "(684, 514)",
        "(830, 878)",
        "(62, 60)",
        "(64, 390)",
        "(416, 844)",
        "(190, 743)",
        "(90, 501)",
        "(651, 396)",
        "(595, 83)",
        "(580, 778)",
        "(352, 619)",
        "(671, 769)",
        "(671, 592)",
        "(473, 269)",
        "(881, 884)",
        "(978, 920)",
        "(368, 124)",
        "(128, 755)",
        "(743, 250)",
        "(609, 489)",
        "(725, 47)",
        "(324, 886)",
        "(55, 978)",
        "(398, 545)",
        "(742, 816)",
        "(288, 384)",
        "(27, 593)"
    ],
    "(336, 713)": [
        "(62, 60)",
        "(684, 514)",
        "(169, 96)",
        "(514, 923)",
        "(447, 471)",
        "(408, 118)",
        "(153, 160)",
        "(881, 884)",
        "(671, 769)",
        "(368, 124)",
        "(86, 842)",
        "(595, 83)",
        "(651, 396)",
        "(27, 593)",
        "(352, 619)",
        "(421, 622)",
        "(839, 807)",
        "(9, 856)",
        "(1, 940)",
        "(390, 253)",
        "(64, 390)",
        "(586, 137)",
        "(179, 201)",
        "(671, 592)",
        "(725, 47)",
        "(416, 844)",
        "(304, 325)",
        "(398, 545)",
        "(688, 484)",
        "(743, 250)",
        "(393, 77)",
        "(925, 448)",
        "(996, 892)",
        "(51, 208)",
        "(90, 501)"
    ],
    "(190, 743)": [
        "(155, 784)",
        "(90, 501)",
        "(64, 390)",
        "(9, 856)",
        "(304, 325)",
        "(51, 208)",
        "(270, 426)",
        "(55, 978)",
        "(996, 892)",
        "(288, 384)",
        "(179, 201)",
        "(651, 396)",
        "(742, 816)",
        "(580, 778)",
        "(684, 514)",
        "(62, 60)",
        "(586, 137)",
        "(671, 769)",
        "(743, 250)",
        "(840, 573)",
        "(925, 448)",
        "(1, 940)",
        "(324, 908)",
        "(585, 766)",
        "(595, 83)",
        "(869, 42)",
        "(169, 96)",
        "(933, 244)",
        "(725, 47)",
        "(421, 622)",
        "(13, 117)"
    ],
    "(514, 923)": [
        "(86, 842)",
        "(585, 766)",
        "(408, 118)",
        "(336, 713)",
        "(55, 978)",
        "(881, 884)",
        "(270, 426)",
        "(288, 384)",
        "(271, 377)",
        "(421, 622)",
        "(153, 160)",
        "(64, 390)",
        "(595, 83)",
        "(447, 471)",
        "(324, 886)",
        "(393, 77)",
        "(839, 807)",
        "(978, 920)",
        "(901, 12)",
        "(306, 815)",
        "(13, 117)",
        "(368, 124)",
        "(840, 573)",
        "(90, 501)",
        "(390, 253)",
        "(996, 892)",
        "(1, 940)",
        "(586, 137)"
    ],
    "(55, 978)": [
        "(881, 884)",
        "(978, 920)",
        "(434, 660)",
        "(671, 769)",
        "(390, 253)",
        "(1, 940)",
        "(514, 923)",
        "(13, 117)",
        "(30, 176)",
        "(688, 484)",
        "(408, 118)",
        "(271, 377)",
        "(324, 886)",
        "(190, 743)",
        "(541, 470)",
        "(840, 573)",
        "(416, 844)",
        "(585, 766)",
        "(90, 501)",
        "(421, 622)",
        "(671, 592)",
        "(288, 384)",
        "(725, 47)",
        "(813, 353)",
        "(743, 250)",
        "(901, 12)",
        "(492, 668)",
        "(270, 426)",
        "(304, 325)",
        "(86, 842)"
    ],
    "(688, 484)": [
        "(541, 470)",
        "(393, 77)",
        "(408, 118)",
        "(725, 47)",
        "(585, 766)",
        "(30, 176)",
        "(901, 12)",
        "(55, 978)",
        "(13, 117)",
        "(580, 778)",
        "(813, 353)",
        "(306, 815)",
        "(9, 856)",
        "(839, 807)",
        "(324, 908)",
        "(586, 137)",
        "(651, 396)",
        "(434, 660)",
        "(492, 668)",
        "(169, 96)",
        "(179, 201)",
        "(743, 250)",
        "(352, 619)",
        "(390, 253)",
        "(742, 816)",
        "(398, 545)",
        "(996, 892)",
        "(595, 83)",
        "(336, 713)",
        "(840, 573)",
        "(473, 269)",
        "(869, 42)",
        "(466, 92)",
        "(1, 940)",
        "(978, 920)",
        "(830, 878)",
        "(933, 244)",
        "(368, 124)"
    ]
}