{
    "(870, 767)": [
        "(232, 959)",
        "(496, 765)",
        "(513, 537)",
        "(528, 798)",
        "(441, 796)",
        "(763, 465)",
        "(786, 954)",
        "(237, 205)",
        "(645, 374)",
        "(954, 657)",
        "(602, 309)",
        "(50, 2)",
        "(173, 753)"
    ],
    "(50, 2)": [
        "(441, 796)",
        "(412, 753)",
        "(232, 959)",
        "(496, 765)",
        "(237, 205)",
        "(763, 465)",
        "(786, 954)",
        "(528, 798)",
        "(173, 753)",
        "(602, 309)",
        "(954, 657)",
        "(870, 767)",
        "(824, 899)"
    ],
    "(412, 753)": [
        "(173, 753)",
        "(786, 954)",
        "(528, 798)",
        "(763, 465)",
        "(50, 2)",
        "(237, 205)",
        "(824, 899)",
        "(645, 374)",
        "(232, 959)",
        "(602, 309)"
    ],
    "(513, 537)": [
        "(173, 753)",
        "(528, 798)",
        "(602, 309)",
        "(870, 767)",
        "(496, 765)",
        "(232, 959)",
        "(645, 374)",
        "(786, 954)",
        "(763, 465)"
    ],
    "(786, 954)": [
        "(645, 374)",
        "(763, 465)",
        "(237, 205)",
        "(412, 753)",
        "(50, 2)",
        "(870, 767)",
        "(441, 796)",
        "(496, 765)",
        "(824, 899)",
        "(602, 309)",
        "(528, 798)",
        "(513, 537)",
        "(954, 657)"
    ],
    "(763, 465)": [
        "(786, 954)",
        "(412, 753)",
        "(232, 959)",
        "(50, 2)",
        "(824, 899)",
        "(870, 767)",
        "(441, 796)",
        "(528, 798)",
        "(237, 205)",
        "(602, 309)",
        "(513, 537)"
    ],
    "(237, 205)": [
        "(786, 954)",
        "(412, 753)",
        "(50, 2)",
        "(528, 798)",
        "(441, 796)",
        "(870, 767)",
        "(645, 374)",
        "(763, 465)",
        "(824, 899)",
        "(954, 657)",
        "(496, 765)"
    ],
    "(602, 309)": [
        "(441, 796)",
        "(513, 537)",
        "(645, 374)",
        "(824, 899)",
        "(173, 753)",
        "(786, 954)",
        "(412, 753)",
        "(528, 798)",
        "(232, 959)",
        "(496, 765)",
        "(50, 2)",
        "(763, 465)",
        "(870, 767)"
    ],
    "(173, 753)": [
        "(412, 753)",
        "(824, 899)",
        "(513, 537)",
        "(954, 657)",
        "(441, 796)",
        "(602, 309)",
        "(50, 2)",
        "(496, 765)",
        "(870, 767)",
        "(232, 959)"
    ],
    "(954, 657)": [
        "(173, 753)",
        "(496, 765)",
        "(441, 796)",
        "(528, 798)",
        "(870, 767)",
        "(232, 959)",
        "(824, 899)",
        "(50, 2)",
        "(786, 954)",
        "(237, 205)"
    ],
    "(496, 765)": [
        "(441, 796)",
        "(954, 657)",
        "(645, 374)",
        "(870, 767)",
        "(50, 2)",
        "(513, 537)",
        "(786, 954)",
        "(232, 959)",
        "(528, 798)",
        "(602, 309)",
        "(173, 753)",
        "(824, 899)",
        "(237, 205)"
    ],
    "(824, 899)": [
        "(173, 753)",
        "(528, 798)",
        "(412, 753)",
        "(232, 959)",
        "(602, 309)",
        "(763, 465)",
        "(786, 954)",
        "(954, 657)",
        "(237, 205)",
        "(496, 765)",
        "(50, 2)"
    ],
    "(645, 374)": [
        "(786, 954)",
        "(496, 765)",
        "(602, 309)",
        "(412, 753)",
        "(870, 767)",
        "(237, 205)",
        "(232, 959)",
        "(513, 537)",
        "(528, 798)"
    ],
    "(232, 959)": [
        "(870, 767)",
        "(50, 2)",
        "(824, 899)",
        "(763, 465)",
        "(513, 537)",
        "(412, 753)",
        "(645, 374)",
        "(602, 309)",
        "(496, 765)",
        "(954, 657)",
        "(173, 753)"
    ],
    "(441, 796)": [
        "(496, 765)",
        "(602, 309)",
        "(50, 2)",
        "(954, 657)",
        "(173, 753)",
        "(870, 767)",
        "(237, 205)",
        "(763, 465)",
        "(786, 954)",
        "(528, 798)"
    ],
    "(528, 798)": [
        "(412, 753)",
        "(513, 537)",
        "(824, 899)",
        "(870, 767)",
        "(954, 657)",
        "(237, 205)",
        "(50, 2)",
        "(763, 465)",
        "(602, 309)",
        "(496, 765)",
        "(786, 954)",
        "(645, 374)",
        "(441, 796)"
    ]
}