{
    "(598, 503)": [
        "(598, 9)",
        "(885, 230)",
        "(705, 536)"
    ],
    "(969, 607)": [
        "(24, 588)"
    ],
    "(705, 536)": [
        "(598, 503)",
        "(128, 771)",
        "(771, 585)"
    ],
    "(771, 585)": [
        "(715, 265)",
        "(705, 536)"
    ],
    "(885, 230)": [
        "(598, 503)",
        "(715, 265)",
        "(24, 588)",
        "(108, 670)",
        "(327, 912)",
        "(598, 9)"
    ],
    "(715, 265)": [
        "(885, 230)",
        "(24, 588)",
        "(771, 585)",
        "(598, 9)"
    ],
    "(108, 670)": [
        "(327, 912)",
        "(885, 230)"
    ],
    "(694, 460)": [],
    "(128, 771)": [
        "(705, 536)"
    ],
    "(327, 912)": [
        "(108, 670)",
        "(885, 230)"
    ],
    "(24, 588)": [
        "(885, 230)",
        "(715, 265)",
        "(969, 607)",
        "(598, 9)"
    ],
    "(598, 9)": [
        "(598, 503)",
        "(885, 230)",
        "(715, 265)",
        "(24, 588)"
    ]
}