{
    "(750, 234)": [
        "(183, 64)",
        "(310, 1)",
        "(827, 292)",
        "(991, 249)",
        "(424, 555)",
        "(871, 770)",
        "(907, 797)",
        "(859, 549)",
        "(234, 1)",
        "(532, 883)",
        "(801, 784)",
        "(388, 978)",
        "(486, 506)",
        "(64, 682)",
        "(768, 9)",
        "(594, 761)",
        "(391, 462)",
        "(872, 184)",
        "(48, 417)",
        "(41, 202)",
        "(529, 386)",
        "(757, 999)",
        "(807, 545)",
        "(542, 166)",
        "(123, 733)",
        "(768, 235)",
        "(632, 338)",
        "(264, 823)",
        "(259, 660)",
        "(542, 409)",
        "(723, 262)",
        "(857, 809)",
        "(823, 570)",
        "(336, 502)",
        "(942, 30)"
    ],
    "(486, 506)": [
        "(41, 202)",
        "(768, 9)",
        "(259, 660)",
        "(595, 476)",
        "(35, 982)",
        "(883, 217)",
        "(750, 234)",
        "(799, 26)",
        "(624, 636)",
        "(315, 678)",
        "(965, 807)",
        "(801, 784)",
        "(823, 570)",
        "(161, 731)",
        "(757, 999)",
        "(859, 549)",
        "(542, 166)",
        "(632, 338)",
        "(768, 235)",
        "(465, 572)",
        "(105, 65)",
        "(871, 770)",
        "(807, 545)",
        "(872, 184)",
        "(854, 208)"
    ],
    "(768, 235)": [
        "(64, 682)",
        "(310, 1)",
        "(632, 338)",
        "(391, 462)",
        "(757, 999)",
        "(883, 217)",
        "(823, 570)",
        "(315, 678)",
        "(768, 9)",
        "(105, 65)",
        "(854, 208)",
        "(465, 572)",
        "(188, 128)",
        "(991, 249)",
        "(827, 292)",
        "(183, 64)",
        "(542, 166)",
        "(542, 409)",
        "(388, 978)",
        "(799, 26)",
        "(486, 506)",
        "(41, 202)",
        "(750, 234)",
        "(872, 184)",
        "(795, 746)",
        "(234, 1)",
        "(264, 823)",
        "(259, 660)",
        "(942, 30)"
    ],
    "(542, 409)": [
        "(35, 982)",
        "(801, 784)",
        "(106, 934)",
        "(188, 128)",
        "(854, 208)",
        "(41, 202)",
        "(807, 545)",
        "(315, 678)",
        "(795, 746)",
        "(965, 807)",
        "(310, 1)",
        "(424, 555)",
        "(855, 484)",
        "(259, 660)",
        "(872, 184)",
        "(542, 166)",
        "(529, 386)",
        "(123, 733)",
        "(857, 809)",
        "(48, 417)",
        "(966, 632)",
        "(942, 30)",
        "(883, 217)",
        "(264, 823)",
        "(768, 235)",
        "(799, 26)",
        "(391, 462)",
        "(64, 682)",
        "(750, 234)",
        "(768, 9)",
        "(105, 65)"
    ],
    "(529, 386)": [
        "(795, 746)",
        "(218, 227)",
        "(465, 572)",
        "(855, 484)",
        "(757, 999)",
        "(105, 65)",
        "(388, 978)",
        "(594, 761)",
        "(542, 166)",
        "(907, 797)",
        "(942, 30)",
        "(542, 409)",
        "(632, 338)",
        "(41, 202)",
        "(220, 659)",
        "(859, 549)",
        "(336, 502)",
        "(64, 682)",
        "(750, 234)",
        "(35, 982)",
        "(965, 807)",
        "(315, 678)",
        "(123, 733)",
        "(801, 784)",
        "(310, 1)",
        "(872, 184)",
        "(624, 636)",
        "(604, 491)"
    ],
    "(595, 476)": [
        "(854, 208)",
        "(594, 761)",
        "(871, 770)",
        "(883, 217)",
        "(827, 292)",
        "(542, 166)",
        "(624, 636)",
        "(768, 9)",
        "(105, 65)",
        "(486, 506)",
        "(310, 1)",
        "(48, 417)",
        "(907, 797)",
        "(757, 999)",
        "(259, 660)",
        "(424, 555)",
        "(807, 545)",
        "(391, 462)",
        "(965, 807)",
        "(991, 249)",
        "(859, 549)",
        "(218, 227)",
        "(64, 682)",
        "(264, 823)",
        "(532, 883)",
        "(942, 30)",
        "(465, 572)",
        "(336, 502)",
        "(872, 184)",
        "(161, 731)"
    ],
    "(797, 523)": [
        "(532, 883)",
        "(64, 682)",
        "(218, 227)",
        "(723, 262)",
        "(391, 462)",
        "(48, 417)",
        "(757, 999)",
        "(907, 797)",
        "(872, 184)",
        "(604, 491)",
        "(807, 545)",
        "(161, 731)",
        "(991, 249)",
        "(823, 570)",
        "(799, 26)",
        "(105, 65)",
        "(123, 733)",
        "(220, 659)",
        "(966, 632)",
        "(35, 982)",
        "(594, 761)",
        "(632, 338)",
        "(106, 934)",
        "(965, 807)",
        "(465, 572)",
        "(795, 746)",
        "(388, 978)"
    ],
    "(991, 249)": [
        "(542, 166)",
        "(85, 601)",
        "(907, 797)",
        "(768, 9)",
        "(161, 731)",
        "(799, 26)",
        "(624, 636)",
        "(465, 572)",
        "(604, 491)",
        "(854, 208)",
        "(123, 733)",
        "(750, 234)",
        "(259, 660)",
        "(632, 338)",
        "(188, 128)",
        "(883, 217)",
        "(871, 770)",
        "(797, 523)",
        "(768, 235)",
        "(823, 570)",
        "(41, 202)",
        "(388, 978)",
        "(855, 484)",
        "(801, 784)",
        "(106, 934)",
        "(594, 761)",
        "(859, 549)",
        "(424, 555)",
        "(310, 1)",
        "(595, 476)",
        "(723, 262)",
        "(965, 807)",
        "(218, 227)",
        "(966, 632)",
        "(795, 746)",
        "(35, 982)",
        "(857, 809)"
    ],
    "(336, 502)": [
        "(532, 883)",
        "(801, 784)",
        "(388, 978)",
        "(827, 292)",
        "(942, 30)",
        "(871, 770)",
        "(234, 1)",
        "(854, 208)",
        "(966, 632)",
        "(106, 934)",
        "(857, 809)",
        "(64, 682)",
        "(529, 386)",
        "(391, 462)",
        "(624, 636)",
        "(264, 823)",
        "(465, 572)",
        "(907, 797)",
        "(595, 476)",
        "(750, 234)"
    ],
    "(310, 1)": [
        "(872, 184)",
        "(161, 731)",
        "(768, 235)",
        "(750, 234)",
        "(388, 978)",
        "(854, 208)",
        "(857, 809)",
        "(768, 9)",
        "(264, 823)",
        "(624, 636)",
        "(542, 409)",
        "(35, 982)",
        "(723, 262)",
        "(595, 476)",
        "(594, 761)",
        "(41, 202)",
        "(966, 632)",
        "(532, 883)",
        "(757, 999)",
        "(64, 682)",
        "(424, 555)",
        "(991, 249)",
        "(529, 386)",
        "(604, 491)",
        "(188, 128)"
    ],
    "(48, 417)": [
        "(871, 770)",
        "(234, 1)",
        "(797, 523)",
        "(604, 491)",
        "(807, 545)",
        "(872, 184)",
        "(855, 484)",
        "(854, 208)",
        "(595, 476)",
        "(35, 982)",
        "(388, 978)",
        "(594, 761)",
        "(966, 632)",
        "(542, 409)",
        "(750, 234)",
        "(85, 601)",
        "(105, 65)",
        "(799, 26)",
        "(188, 128)",
        "(218, 227)",
        "(64, 682)",
        "(768, 9)",
        "(424, 555)",
        "(106, 934)",
        "(259, 660)"
    ],
    "(315, 678)": [
        "(188, 128)",
        "(624, 636)",
        "(259, 660)",
        "(594, 761)",
        "(542, 409)",
        "(632, 338)",
        "(424, 555)",
        "(966, 632)",
        "(768, 235)",
        "(532, 883)",
        "(486, 506)",
        "(105, 65)",
        "(35, 982)",
        "(965, 807)",
        "(871, 770)",
        "(807, 545)",
        "(161, 731)",
        "(883, 217)",
        "(264, 823)",
        "(218, 227)",
        "(64, 682)",
        "(529, 386)",
        "(823, 570)",
        "(723, 262)",
        "(827, 292)",
        "(465, 572)",
        "(857, 809)",
        "(85, 601)",
        "(942, 30)",
        "(183, 64)",
        "(859, 549)",
        "(801, 784)"
    ],
    "(220, 659)": [
        "(41, 202)",
        "(827, 292)",
        "(795, 746)",
        "(768, 9)",
        "(965, 807)",
        "(966, 632)",
        "(234, 1)",
        "(604, 491)",
        "(259, 660)",
        "(624, 636)",
        "(823, 570)",
        "(857, 809)",
        "(529, 386)",
        "(807, 545)",
        "(854, 208)",
        "(391, 462)",
        "(264, 823)",
        "(942, 30)",
        "(465, 572)",
        "(532, 883)",
        "(797, 523)",
        "(872, 184)",
        "(161, 731)",
        "(183, 64)",
        "(723, 262)",
        "(388, 978)",
        "(85, 601)",
        "(859, 549)",
        "(801, 784)"
    ],
    "(259, 660)": [
        "(854, 208)",
        "(388, 978)",
        "(161, 731)",
        "(823, 570)",
        "(801, 784)",
        "(907, 797)",
        "(486, 506)",
        "(315, 678)",
        "(218, 227)",
        "(465, 572)",
        "(991, 249)",
        "(220, 659)",
        "(542, 409)",
        "(857, 809)",
        "(595, 476)",
        "(183, 64)",
        "(723, 262)",
        "(64, 682)",
        "(424, 555)",
        "(532, 883)",
        "(871, 770)",
        "(827, 292)",
        "(757, 999)",
        "(750, 234)",
        "(48, 417)",
        "(768, 235)",
        "(391, 462)"
    ],
    "(823, 570)": [
        "(259, 660)",
        "(391, 462)",
        "(827, 292)",
        "(768, 235)",
        "(64, 682)",
        "(220, 659)",
        "(218, 227)",
        "(388, 978)",
        "(797, 523)",
        "(857, 809)",
        "(854, 208)",
        "(991, 249)",
        "(942, 30)",
        "(486, 506)",
        "(183, 64)",
        "(604, 491)",
        "(105, 65)",
        "(188, 128)",
        "(965, 807)",
        "(315, 678)",
        "(85, 601)",
        "(35, 982)",
        "(799, 26)",
        "(768, 9)",
        "(41, 202)",
        "(750, 234)"
    ],
    "(965, 807)": [
        "(857, 809)",
        "(801, 784)",
        "(35, 982)",
        "(966, 632)",
        "(218, 227)",
        "(542, 409)",
        "(220, 659)",
        "(85, 601)",
        "(855, 484)",
        "(871, 770)",
        "(594, 761)",
        "(486, 506)",
        "(315, 678)",
        "(105, 65)",
        "(234, 1)",
        "(624, 636)",
        "(604, 491)",
        "(188, 128)",
        "(595, 476)",
        "(529, 386)",
        "(823, 570)",
        "(991, 249)",
        "(391, 462)",
        "(859, 549)",
        "(768, 9)",
        "(797, 523)"
    ],
    "(871, 770)": [
        "(942, 30)",
        "(883, 217)",
        "(907, 797)",
        "(48, 417)",
        "(595, 476)",
        "(750, 234)",
        "(859, 549)",
        "(85, 601)",
        "(965, 807)",
        "(388, 978)",
        "(624, 636)",
        "(391, 462)",
        "(991, 249)",
        "(106, 934)",
        "(336, 502)",
        "(315, 678)",
        "(855, 484)",
        "(183, 64)",
        "(807, 545)",
        "(532, 883)",
        "(424, 555)",
        "(632, 338)",
        "(259, 660)",
        "(723, 262)",
        "(41, 202)",
        "(486, 506)",
        "(604, 491)",
        "(234, 1)"
    ],
    "(801, 784)": [
        "(795, 746)",
        "(542, 409)",
        "(965, 807)",
        "(259, 660)",
        "(336, 502)",
        "(604, 491)",
        "(723, 262)",
        "(594, 761)",
        "(807, 545)",
        "(750, 234)",
        "(855, 484)",
        "(234, 1)",
        "(106, 934)",
        "(486, 506)",
        "(105, 65)",
        "(991, 249)",
        "(264, 823)",
        "(64, 682)",
        "(757, 999)",
        "(424, 555)",
        "(907, 797)",
        "(942, 30)",
        "(218, 227)",
        "(183, 64)",
        "(35, 982)",
        "(161, 731)",
        "(529, 386)",
        "(859, 549)",
        "(854, 208)",
        "(532, 883)",
        "(41, 202)",
        "(220, 659)",
        "(315, 678)"
    ],
    "(41, 202)": [
        "(220, 659)",
        "(486, 506)",
        "(883, 217)",
        "(855, 484)",
        "(542, 409)",
        "(188, 128)",
        "(123, 733)",
        "(604, 491)",
        "(632, 338)",
        "(807, 545)",
        "(827, 292)",
        "(757, 999)",
        "(424, 555)",
        "(106, 934)",
        "(310, 1)",
        "(991, 249)",
        "(161, 731)",
        "(529, 386)",
        "(750, 234)",
        "(388, 978)",
        "(966, 632)",
        "(907, 797)",
        "(35, 982)",
        "(264, 823)",
        "(768, 235)",
        "(85, 601)",
        "(871, 770)",
        "(391, 462)",
        "(795, 746)",
        "(823, 570)",
        "(801, 784)"
    ],
    "(768, 9)": [
        "(264, 823)",
        "(991, 249)",
        "(486, 506)",
        "(942, 30)",
        "(723, 262)",
        "(310, 1)",
        "(220, 659)",
        "(907, 797)",
        "(595, 476)",
        "(604, 491)",
        "(768, 235)",
        "(750, 234)",
        "(966, 632)",
        "(883, 217)",
        "(859, 549)",
        "(594, 761)",
        "(624, 636)",
        "(855, 484)",
        "(218, 227)",
        "(48, 417)",
        "(823, 570)",
        "(965, 807)",
        "(542, 409)",
        "(105, 65)"
    ],
    "(388, 978)": [
        "(259, 660)",
        "(310, 1)",
        "(624, 636)",
        "(942, 30)",
        "(336, 502)",
        "(161, 731)",
        "(855, 484)",
        "(757, 999)",
        "(529, 386)",
        "(542, 166)",
        "(871, 770)",
        "(750, 234)",
        "(424, 555)",
        "(604, 491)",
        "(859, 549)",
        "(807, 545)",
        "(823, 570)",
        "(872, 184)",
        "(264, 823)",
        "(991, 249)",
        "(857, 809)",
        "(48, 417)",
        "(234, 1)",
        "(85, 601)",
        "(41, 202)",
        "(632, 338)",
        "(768, 235)",
        "(854, 208)",
        "(532, 883)",
        "(966, 632)",
        "(391, 462)",
        "(188, 128)",
        "(723, 262)",
        "(797, 523)",
        "(220, 659)",
        "(827, 292)",
        "(465, 572)"
    ],
    "(795, 746)": [
        "(529, 386)",
        "(801, 784)",
        "(883, 217)",
        "(907, 797)",
        "(391, 462)",
        "(220, 659)",
        "(542, 409)",
        "(807, 545)",
        "(966, 632)",
        "(855, 484)",
        "(757, 999)",
        "(604, 491)",
        "(859, 549)",
        "(532, 883)",
        "(594, 761)",
        "(872, 184)",
        "(632, 338)",
        "(942, 30)",
        "(218, 227)",
        "(35, 982)",
        "(161, 731)",
        "(768, 235)",
        "(41, 202)",
        "(797, 523)",
        "(723, 262)",
        "(854, 208)",
        "(991, 249)",
        "(188, 128)",
        "(234, 1)"
    ],
    "(604, 491)": [
        "(854, 208)",
        "(123, 733)",
        "(632, 338)",
        "(801, 784)",
        "(827, 292)",
        "(991, 249)",
        "(799, 26)",
        "(757, 999)",
        "(41, 202)",
        "(48, 417)",
        "(797, 523)",
        "(768, 9)",
        "(220, 659)",
        "(388, 978)",
        "(966, 632)",
        "(218, 227)",
        "(795, 746)",
        "(105, 65)",
        "(883, 217)",
        "(965, 807)",
        "(532, 883)",
        "(823, 570)",
        "(594, 761)",
        "(872, 184)",
        "(310, 1)",
        "(871, 770)",
        "(424, 555)",
        "(529, 386)",
        "(624, 636)",
        "(857, 809)"
    ],
    "(183, 64)": [
        "(942, 30)",
        "(750, 234)",
        "(907, 797)",
        "(966, 632)",
        "(872, 184)",
        "(85, 601)",
        "(857, 809)",
        "(823, 570)",
        "(854, 208)",
        "(259, 660)",
        "(64, 682)",
        "(391, 462)",
        "(807, 545)",
        "(871, 770)",
        "(768, 235)",
        "(161, 731)",
        "(801, 784)",
        "(594, 761)",
        "(220, 659)",
        "(859, 549)",
        "(315, 678)"
    ],
    "(64, 682)": [
        "(768, 235)",
        "(542, 166)",
        "(797, 523)",
        "(465, 572)",
        "(872, 184)",
        "(35, 982)",
        "(883, 217)",
        "(823, 570)",
        "(750, 234)",
        "(807, 545)",
        "(183, 64)",
        "(801, 784)",
        "(310, 1)",
        "(336, 502)",
        "(799, 26)",
        "(854, 208)",
        "(529, 386)",
        "(259, 660)",
        "(391, 462)",
        "(315, 678)",
        "(234, 1)",
        "(595, 476)",
        "(542, 409)",
        "(48, 417)",
        "(859, 549)",
        "(907, 797)",
        "(757, 999)",
        "(106, 934)"
    ],
    "(532, 883)": [
        "(797, 523)",
        "(336, 502)",
        "(264, 823)",
        "(854, 208)",
        "(855, 484)",
        "(750, 234)",
        "(315, 678)",
        "(161, 731)",
        "(310, 1)",
        "(123, 733)",
        "(795, 746)",
        "(391, 462)",
        "(604, 491)",
        "(871, 770)",
        "(106, 934)",
        "(259, 660)",
        "(220, 659)",
        "(388, 978)",
        "(757, 999)",
        "(966, 632)",
        "(942, 30)",
        "(595, 476)",
        "(801, 784)",
        "(542, 166)",
        "(872, 184)"
    ],
    "(391, 462)": [
        "(218, 227)",
        "(723, 262)",
        "(768, 235)",
        "(795, 746)",
        "(797, 523)",
        "(823, 570)",
        "(872, 184)",
        "(106, 934)",
        "(624, 636)",
        "(942, 30)",
        "(871, 770)",
        "(594, 761)",
        "(161, 731)",
        "(85, 601)",
        "(855, 484)",
        "(532, 883)",
        "(424, 555)",
        "(750, 234)",
        "(183, 64)",
        "(595, 476)",
        "(220, 659)",
        "(336, 502)",
        "(907, 797)",
        "(64, 682)",
        "(188, 128)",
        "(542, 409)",
        "(632, 338)",
        "(388, 978)",
        "(41, 202)",
        "(965, 807)",
        "(264, 823)",
        "(883, 217)",
        "(259, 660)",
        "(123, 733)"
    ],
    "(827, 292)": [
        "(750, 234)",
        "(604, 491)",
        "(220, 659)",
        "(595, 476)",
        "(336, 502)",
        "(85, 601)",
        "(41, 202)",
        "(857, 809)",
        "(106, 934)",
        "(823, 570)",
        "(859, 549)",
        "(624, 636)",
        "(883, 217)",
        "(594, 761)",
        "(465, 572)",
        "(161, 731)",
        "(768, 235)",
        "(757, 999)",
        "(424, 555)",
        "(723, 262)",
        "(259, 660)",
        "(315, 678)",
        "(872, 184)",
        "(264, 823)",
        "(388, 978)",
        "(632, 338)",
        "(105, 65)"
    ],
    "(723, 262)": [
        "(855, 484)",
        "(391, 462)",
        "(883, 217)",
        "(768, 9)",
        "(797, 523)",
        "(801, 784)",
        "(624, 636)",
        "(757, 999)",
        "(310, 1)",
        "(106, 934)",
        "(259, 660)",
        "(161, 731)",
        "(594, 761)",
        "(85, 601)",
        "(123, 733)",
        "(827, 292)",
        "(991, 249)",
        "(871, 770)",
        "(315, 678)",
        "(388, 978)",
        "(220, 659)",
        "(750, 234)",
        "(795, 746)",
        "(799, 26)"
    ],
    "(799, 26)": [
        "(757, 999)",
        "(85, 601)",
        "(991, 249)",
        "(594, 761)",
        "(604, 491)",
        "(872, 184)",
        "(218, 227)",
        "(859, 549)",
        "(624, 636)",
        "(486, 506)",
        "(106, 934)",
        "(188, 128)",
        "(161, 731)",
        "(907, 797)",
        "(857, 809)",
        "(797, 523)",
        "(883, 217)",
        "(64, 682)",
        "(35, 982)",
        "(465, 572)",
        "(48, 417)",
        "(768, 235)",
        "(854, 208)",
        "(542, 409)",
        "(823, 570)",
        "(807, 545)",
        "(264, 823)",
        "(723, 262)"
    ],
    "(424, 555)": [
        "(123, 733)",
        "(750, 234)",
        "(315, 678)",
        "(907, 797)",
        "(542, 409)",
        "(41, 202)",
        "(388, 978)",
        "(857, 809)",
        "(391, 462)",
        "(595, 476)",
        "(801, 784)",
        "(827, 292)",
        "(991, 249)",
        "(310, 1)",
        "(871, 770)",
        "(259, 660)",
        "(542, 166)",
        "(465, 572)",
        "(161, 731)",
        "(855, 484)",
        "(48, 417)",
        "(604, 491)",
        "(632, 338)",
        "(859, 549)"
    ],
    "(542, 166)": [
        "(991, 249)",
        "(64, 682)",
        "(123, 733)",
        "(595, 476)",
        "(388, 978)",
        "(594, 761)",
        "(529, 386)",
        "(218, 227)",
        "(542, 409)",
        "(624, 636)",
        "(161, 731)",
        "(807, 545)",
        "(486, 506)",
        "(872, 184)",
        "(768, 235)",
        "(264, 823)",
        "(750, 234)",
        "(106, 934)",
        "(424, 555)",
        "(907, 797)",
        "(854, 208)",
        "(855, 484)",
        "(532, 883)",
        "(234, 1)"
    ],
    "(85, 601)": [
        "(991, 249)",
        "(799, 26)",
        "(854, 208)",
        "(827, 292)",
        "(965, 807)",
        "(883, 217)",
        "(871, 770)",
        "(624, 636)",
        "(966, 632)",
        "(183, 64)",
        "(391, 462)",
        "(105, 65)",
        "(907, 797)",
        "(106, 934)",
        "(632, 338)",
        "(48, 417)",
        "(723, 262)",
        "(859, 549)",
        "(388, 978)",
        "(823, 570)",
        "(41, 202)",
        "(807, 545)",
        "(234, 1)",
        "(315, 678)",
        "(594, 761)",
        "(855, 484)",
        "(220, 659)"
    ],
    "(855, 484)": [
        "(723, 262)",
        "(41, 202)",
        "(529, 386)",
        "(388, 978)",
        "(532, 883)",
        "(188, 128)",
        "(795, 746)",
        "(218, 227)",
        "(965, 807)",
        "(801, 784)",
        "(48, 417)",
        "(542, 409)",
        "(859, 549)",
        "(391, 462)",
        "(991, 249)",
        "(871, 770)",
        "(907, 797)",
        "(161, 731)",
        "(942, 30)",
        "(105, 65)",
        "(632, 338)",
        "(768, 9)",
        "(624, 636)",
        "(106, 934)",
        "(966, 632)",
        "(424, 555)",
        "(85, 601)",
        "(542, 166)",
        "(234, 1)",
        "(872, 184)"
    ],
    "(854, 208)": [
        "(595, 476)",
        "(604, 491)",
        "(35, 982)",
        "(259, 660)",
        "(966, 632)",
        "(310, 1)",
        "(85, 601)",
        "(542, 409)",
        "(234, 1)",
        "(942, 30)",
        "(991, 249)",
        "(532, 883)",
        "(807, 545)",
        "(48, 417)",
        "(768, 235)",
        "(857, 809)",
        "(336, 502)",
        "(594, 761)",
        "(823, 570)",
        "(183, 64)",
        "(632, 338)",
        "(220, 659)",
        "(883, 217)",
        "(465, 572)",
        "(64, 682)",
        "(106, 934)",
        "(388, 978)",
        "(799, 26)",
        "(757, 999)",
        "(486, 506)",
        "(188, 128)",
        "(801, 784)",
        "(542, 166)",
        "(795, 746)"
    ],
    "(859, 549)": [
        "(750, 234)",
        "(799, 26)",
        "(827, 292)",
        "(871, 770)",
        "(857, 809)",
        "(388, 978)",
        "(795, 746)",
        "(105, 65)",
        "(855, 484)",
        "(234, 1)",
        "(35, 982)",
        "(264, 823)",
        "(942, 30)",
        "(768, 9)",
        "(486, 506)",
        "(529, 386)",
        "(991, 249)",
        "(85, 601)",
        "(465, 572)",
        "(624, 636)",
        "(595, 476)",
        "(757, 999)",
        "(64, 682)",
        "(801, 784)",
        "(965, 807)",
        "(161, 731)",
        "(220, 659)",
        "(183, 64)",
        "(315, 678)",
        "(424, 555)"
    ],
    "(264, 823)": [
        "(35, 982)",
        "(768, 9)",
        "(907, 797)",
        "(532, 883)",
        "(310, 1)",
        "(857, 809)",
        "(234, 1)",
        "(388, 978)",
        "(859, 549)",
        "(801, 784)",
        "(220, 659)",
        "(315, 678)",
        "(542, 409)",
        "(883, 217)",
        "(542, 166)",
        "(336, 502)",
        "(41, 202)",
        "(595, 476)",
        "(750, 234)",
        "(942, 30)",
        "(827, 292)",
        "(799, 26)",
        "(391, 462)",
        "(218, 227)",
        "(768, 235)"
    ],
    "(872, 184)": [
        "(310, 1)",
        "(64, 682)",
        "(218, 227)",
        "(183, 64)",
        "(391, 462)",
        "(799, 26)",
        "(797, 523)",
        "(48, 417)",
        "(542, 409)",
        "(388, 978)",
        "(234, 1)",
        "(750, 234)",
        "(542, 166)",
        "(594, 761)",
        "(795, 746)",
        "(942, 30)",
        "(123, 733)",
        "(604, 491)",
        "(220, 659)",
        "(768, 235)",
        "(827, 292)",
        "(486, 506)",
        "(529, 386)",
        "(105, 65)",
        "(966, 632)",
        "(595, 476)",
        "(907, 797)",
        "(532, 883)",
        "(855, 484)"
    ],
    "(883, 217)": [
        "(624, 636)",
        "(41, 202)",
        "(871, 770)",
        "(723, 262)",
        "(795, 746)",
        "(595, 476)",
        "(768, 235)",
        "(85, 601)",
        "(486, 506)",
        "(827, 292)",
        "(64, 682)",
        "(991, 249)",
        "(907, 797)",
        "(35, 982)",
        "(604, 491)",
        "(315, 678)",
        "(857, 809)",
        "(768, 9)",
        "(106, 934)",
        "(799, 26)",
        "(854, 208)",
        "(542, 409)",
        "(264, 823)",
        "(105, 65)",
        "(391, 462)"
    ],
    "(907, 797)": [
        "(991, 249)",
        "(757, 999)",
        "(465, 572)",
        "(264, 823)",
        "(871, 770)",
        "(183, 64)",
        "(106, 934)",
        "(259, 660)",
        "(795, 746)",
        "(424, 555)",
        "(750, 234)",
        "(35, 982)",
        "(797, 523)",
        "(768, 9)",
        "(624, 636)",
        "(807, 545)",
        "(883, 217)",
        "(595, 476)",
        "(529, 386)",
        "(799, 26)",
        "(85, 601)",
        "(855, 484)",
        "(857, 809)",
        "(801, 784)",
        "(391, 462)",
        "(41, 202)",
        "(218, 227)",
        "(336, 502)",
        "(542, 166)",
        "(64, 682)",
        "(594, 761)",
        "(872, 184)"
    ],
    "(942, 30)": [
        "(183, 64)",
        "(871, 770)",
        "(768, 9)",
        "(388, 978)",
        "(854, 208)",
        "(336, 502)",
        "(391, 462)",
        "(529, 386)",
        "(823, 570)",
        "(632, 338)",
        "(859, 549)",
        "(855, 484)",
        "(542, 409)",
        "(220, 659)",
        "(872, 184)",
        "(795, 746)",
        "(857, 809)",
        "(801, 784)",
        "(35, 982)",
        "(465, 572)",
        "(532, 883)",
        "(264, 823)",
        "(595, 476)",
        "(315, 678)",
        "(757, 999)",
        "(161, 731)",
        "(750, 234)",
        "(768, 235)"
    ],
    "(594, 761)": [
        "(595, 476)",
        "(315, 678)",
        "(799, 26)",
        "(105, 65)",
        "(801, 784)",
        "(966, 632)",
        "(123, 733)",
        "(35, 982)",
        "(529, 386)",
        "(310, 1)",
        "(827, 292)",
        "(391, 462)",
        "(750, 234)",
        "(542, 166)",
        "(965, 807)",
        "(854, 208)",
        "(188, 128)",
        "(465, 572)",
        "(48, 417)",
        "(768, 9)",
        "(807, 545)",
        "(795, 746)",
        "(723, 262)",
        "(991, 249)",
        "(872, 184)",
        "(604, 491)",
        "(624, 636)",
        "(183, 64)",
        "(797, 523)",
        "(85, 601)",
        "(857, 809)",
        "(907, 797)"
    ],
    "(123, 733)": [
        "(424, 555)",
        "(542, 166)",
        "(604, 491)",
        "(991, 249)",
        "(41, 202)",
        "(594, 761)",
        "(532, 883)",
        "(234, 1)",
        "(757, 999)",
        "(542, 409)",
        "(624, 636)",
        "(723, 262)",
        "(857, 809)",
        "(872, 184)",
        "(750, 234)",
        "(797, 523)",
        "(529, 386)",
        "(391, 462)"
    ],
    "(807, 545)": [
        "(757, 999)",
        "(542, 409)",
        "(41, 202)",
        "(35, 982)",
        "(795, 746)",
        "(48, 417)",
        "(801, 784)",
        "(854, 208)",
        "(907, 797)",
        "(797, 523)",
        "(64, 682)",
        "(388, 978)",
        "(315, 678)",
        "(595, 476)",
        "(594, 761)",
        "(220, 659)",
        "(542, 166)",
        "(624, 636)",
        "(183, 64)",
        "(871, 770)",
        "(750, 234)",
        "(105, 65)",
        "(85, 601)",
        "(486, 506)",
        "(218, 227)",
        "(799, 26)",
        "(632, 338)"
    ],
    "(632, 338)": [
        "(604, 491)",
        "(234, 1)",
        "(768, 235)",
        "(315, 678)",
        "(41, 202)",
        "(465, 572)",
        "(991, 249)",
        "(942, 30)",
        "(529, 386)",
        "(854, 208)",
        "(106, 934)",
        "(218, 227)",
        "(85, 601)",
        "(486, 506)",
        "(855, 484)",
        "(388, 978)",
        "(795, 746)",
        "(161, 731)",
        "(871, 770)",
        "(391, 462)",
        "(750, 234)",
        "(797, 523)",
        "(807, 545)",
        "(827, 292)",
        "(424, 555)"
    ],
    "(105, 65)": [
        "(966, 632)",
        "(529, 386)",
        "(594, 761)",
        "(595, 476)",
        "(35, 982)",
        "(768, 235)",
        "(604, 491)",
        "(859, 549)",
        "(315, 678)",
        "(85, 601)",
        "(965, 807)",
        "(801, 784)",
        "(797, 523)",
        "(855, 484)",
        "(48, 417)",
        "(823, 570)",
        "(807, 545)",
        "(486, 506)",
        "(234, 1)",
        "(883, 217)",
        "(857, 809)",
        "(188, 128)",
        "(624, 636)",
        "(872, 184)",
        "(768, 9)",
        "(542, 409)",
        "(827, 292)"
    ],
    "(35, 982)": [
        "(264, 823)",
        "(624, 636)",
        "(854, 208)",
        "(542, 409)",
        "(965, 807)",
        "(757, 999)",
        "(234, 1)",
        "(966, 632)",
        "(807, 545)",
        "(907, 797)",
        "(64, 682)",
        "(486, 506)",
        "(105, 65)",
        "(594, 761)",
        "(310, 1)",
        "(315, 678)",
        "(883, 217)",
        "(48, 417)",
        "(859, 549)",
        "(188, 128)",
        "(465, 572)",
        "(799, 26)",
        "(529, 386)",
        "(41, 202)",
        "(942, 30)",
        "(801, 784)",
        "(797, 523)",
        "(823, 570)",
        "(795, 746)",
        "(106, 934)",
        "(991, 249)"
    ],
    "(465, 572)": [
        "(529, 386)",
        "(64, 682)",
        "(907, 797)",
        "(991, 249)",
        "(259, 660)",
        "(624, 636)",
        "(632, 338)",
        "(768, 235)",
        "(827, 292)",
        "(594, 761)",
        "(757, 999)",
        "(854, 208)",
        "(234, 1)",
        "(35, 982)",
        "(859, 549)",
        "(220, 659)",
        "(799, 26)",
        "(486, 506)",
        "(942, 30)",
        "(315, 678)",
        "(424, 555)",
        "(336, 502)",
        "(797, 523)",
        "(595, 476)",
        "(388, 978)",
        "(218, 227)",
        "(161, 731)"
    ],
    "(218, 227)": [
        "(529, 386)",
        "(391, 462)",
        "(797, 523)",
        "(872, 184)",
        "(965, 807)",
        "(259, 660)",
        "(799, 26)",
        "(161, 731)",
        "(855, 484)",
        "(604, 491)",
        "(857, 809)",
        "(823, 570)",
        "(542, 166)",
        "(632, 338)",
        "(315, 678)",
        "(801, 784)",
        "(907, 797)",
        "(768, 9)",
        "(595, 476)",
        "(48, 417)",
        "(795, 746)",
        "(757, 999)",
        "(991, 249)",
        "(807, 545)",
        "(465, 572)",
        "(264, 823)"
    ],
    "(966, 632)": [
        "(854, 208)",
        "(105, 65)",
        "(183, 64)",
        "(965, 807)",
        "(35, 982)",
        "(315, 678)",
        "(795, 746)",
        "(220, 659)",
        "(594, 761)",
        "(604, 491)",
        "(85, 601)",
        "(310, 1)",
        "(234, 1)",
        "(768, 9)",
        "(336, 502)",
        "(48, 417)",
        "(542, 409)",
        "(41, 202)",
        "(757, 999)",
        "(797, 523)",
        "(388, 978)",
        "(532, 883)",
        "(855, 484)",
        "(161, 731)",
        "(872, 184)",
        "(991, 249)",
        "(106, 934)"
    ],
    "(106, 934)": [
        "(542, 409)",
        "(907, 797)",
        "(161, 731)",
        "(391, 462)",
        "(827, 292)",
        "(188, 128)",
        "(799, 26)",
        "(871, 770)",
        "(41, 202)",
        "(801, 784)",
        "(723, 262)",
        "(85, 601)",
        "(336, 502)",
        "(632, 338)",
        "(883, 217)",
        "(991, 249)",
        "(532, 883)",
        "(854, 208)",
        "(542, 166)",
        "(855, 484)",
        "(797, 523)",
        "(48, 417)",
        "(966, 632)",
        "(64, 682)",
        "(35, 982)"
    ],
    "(161, 731)": [
        "(310, 1)",
        "(259, 660)",
        "(991, 249)",
        "(388, 978)",
        "(106, 934)",
        "(757, 999)",
        "(218, 227)",
        "(188, 128)",
        "(797, 523)",
        "(532, 883)",
        "(391, 462)",
        "(827, 292)",
        "(799, 26)",
        "(315, 678)",
        "(486, 506)",
        "(542, 166)",
        "(41, 202)",
        "(723, 262)",
        "(855, 484)",
        "(183, 64)",
        "(632, 338)",
        "(801, 784)",
        "(857, 809)",
        "(424, 555)",
        "(795, 746)",
        "(220, 659)",
        "(859, 549)",
        "(966, 632)",
        "(942, 30)",
        "(595, 476)",
        "(234, 1)",
        "(465, 572)"
    ],
    "(857, 809)": [
        "(965, 807)",
        "(757, 999)",
        "(310, 1)",
        "(264, 823)",
        "(827, 292)",
        "(859, 549)",
        "(624, 636)",
        "(218, 227)",
        "(854, 208)",
        "(424, 555)",
        "(823, 570)",
        "(259, 660)",
        "(183, 64)",
        "(388, 978)",
        "(799, 26)",
        "(220, 659)",
        "(883, 217)",
        "(234, 1)",
        "(336, 502)",
        "(542, 409)",
        "(907, 797)",
        "(123, 733)",
        "(942, 30)",
        "(161, 731)",
        "(315, 678)",
        "(105, 65)",
        "(594, 761)",
        "(750, 234)",
        "(604, 491)",
        "(991, 249)"
    ],
    "(234, 1)": [
        "(632, 338)",
        "(854, 208)",
        "(48, 417)",
        "(35, 982)",
        "(750, 234)",
        "(220, 659)",
        "(264, 823)",
        "(801, 784)",
        "(966, 632)",
        "(859, 549)",
        "(336, 502)",
        "(123, 733)",
        "(872, 184)",
        "(965, 807)",
        "(857, 809)",
        "(388, 978)",
        "(465, 572)",
        "(188, 128)",
        "(64, 682)",
        "(105, 65)",
        "(85, 601)",
        "(768, 235)",
        "(542, 166)",
        "(855, 484)",
        "(871, 770)",
        "(795, 746)",
        "(161, 731)"
    ],
    "(188, 128)": [
        "(315, 678)",
        "(542, 409)",
        "(41, 202)",
        "(991, 249)",
        "(855, 484)",
        "(624, 636)",
        "(106, 934)",
        "(161, 731)",
        "(799, 26)",
        "(768, 235)",
        "(594, 761)",
        "(35, 982)",
        "(965, 807)",
        "(234, 1)",
        "(48, 417)",
        "(391, 462)",
        "(823, 570)",
        "(388, 978)",
        "(105, 65)",
        "(854, 208)",
        "(310, 1)",
        "(795, 746)"
    ],
    "(624, 636)": [
        "(35, 982)",
        "(883, 217)",
        "(388, 978)",
        "(315, 678)",
        "(991, 249)",
        "(310, 1)",
        "(723, 262)",
        "(465, 572)",
        "(595, 476)",
        "(799, 26)",
        "(827, 292)",
        "(391, 462)",
        "(85, 601)",
        "(188, 128)",
        "(907, 797)",
        "(871, 770)",
        "(857, 809)",
        "(220, 659)",
        "(486, 506)",
        "(542, 166)",
        "(965, 807)",
        "(807, 545)",
        "(768, 9)",
        "(859, 549)",
        "(123, 733)",
        "(336, 502)",
        "(594, 761)",
        "(855, 484)",
        "(105, 65)",
        "(529, 386)",
        "(604, 491)"
    ],
    "(757, 999)": [
        "(799, 26)",
        "(907, 797)",
        "(807, 545)",
        "(857, 809)",
        "(768, 235)",
        "(797, 523)",
        "(529, 386)",
        "(604, 491)",
        "(35, 982)",
        "(388, 978)",
        "(161, 731)",
        "(723, 262)",
        "(795, 746)",
        "(41, 202)",
        "(310, 1)",
        "(595, 476)",
        "(123, 733)",
        "(486, 506)",
        "(827, 292)",
        "(801, 784)",
        "(465, 572)",
        "(750, 234)",
        "(859, 549)",
        "(966, 632)",
        "(532, 883)",
        "(259, 660)",
        "(218, 227)",
        "(854, 208)",
        "(942, 30)",
        "(64, 682)"
    ]
}