{
    "(759, 141)": [],
    "(435, 448)": [],
    "(781, 58)": [
        "(698, 745)",
        "(209, 236)"
    ],
    "(454, 408)": [
        "(355, 614)"
    ],
    "(385, 307)": [],
    "(118, 709)": [
        "(502, 432)"
    ],
    "(209, 236)": [
        "(617, 400)",
        "(781, 58)"
    ],
    "(764, 491)": [
        "(617, 400)",
        "(551, 665)",
        "(355, 614)",
        "(502, 432)"
    ],
    "(698, 745)": [
        "(781, 58)"
    ],
    "(997, 331)": [],
    "(617, 400)": [
        "(764, 491)",
        "(551, 665)",
        "(209, 236)"
    ],
    "(551, 665)": [
        "(617, 400)",
        "(764, 491)",
        "(355, 614)"
    ],
    "(355, 614)": [
        "(454, 408)",
        "(764, 491)",
        "(551, 665)"
    ],
    "(502, 432)": [
        "(118, 709)",
        "(764, 491)"
    ]
}