{
    "(90, 73)": [
        "(152, 976)",
        "(804, 986)",
        "(825, 505)",
        "(639, 65)",
        "(395, 124)",
        "(500, 542)",
        "(865, 182)",
        "(301, 552)",
        "(769, 988)",
        "(406, 259)",
        "(708, 301)",
        "(69, 54)",
        "(345, 341)",
        "(680, 930)",
        "(246, 22)",
        "(672, 264)",
        "(944, 159)",
        "(178, 457)",
        "(583, 541)",
        "(658, 678)",
        "(830, 768)"
    ],
    "(769, 988)": [
        "(801, 447)",
        "(265, 551)",
        "(583, 541)",
        "(639, 65)",
        "(500, 542)",
        "(178, 457)",
        "(865, 182)",
        "(433, 472)",
        "(708, 301)",
        "(90, 73)",
        "(473, 459)",
        "(345, 341)",
        "(825, 505)",
        "(406, 259)",
        "(246, 22)",
        "(992, 448)",
        "(680, 930)",
        "(944, 159)",
        "(830, 768)",
        "(400, 92)",
        "(395, 124)",
        "(672, 264)",
        "(132, 266)"
    ],
    "(345, 341)": [
        "(680, 930)",
        "(395, 124)",
        "(865, 182)",
        "(69, 54)",
        "(265, 551)",
        "(830, 768)",
        "(406, 259)",
        "(351, 915)",
        "(400, 92)",
        "(473, 459)",
        "(769, 988)",
        "(246, 22)",
        "(500, 542)",
        "(301, 552)",
        "(672, 264)",
        "(90, 73)",
        "(433, 472)",
        "(992, 448)",
        "(639, 65)",
        "(801, 447)"
    ],
    "(944, 159)": [
        "(680, 930)",
        "(400, 92)",
        "(69, 54)",
        "(406, 259)",
        "(246, 22)",
        "(825, 505)",
        "(708, 301)",
        "(132, 266)",
        "(830, 768)",
        "(265, 551)",
        "(801, 447)",
        "(433, 472)",
        "(301, 552)",
        "(500, 542)",
        "(90, 73)",
        "(583, 541)",
        "(152, 976)",
        "(769, 988)",
        "(178, 457)",
        "(672, 264)"
    ],
    "(400, 92)": [
        "(395, 124)",
        "(301, 552)",
        "(944, 159)",
        "(825, 505)",
        "(658, 678)",
        "(345, 341)",
        "(801, 447)",
        "(672, 264)",
        "(433, 472)",
        "(351, 915)",
        "(639, 65)",
        "(69, 54)",
        "(406, 259)",
        "(830, 768)",
        "(132, 266)",
        "(178, 457)",
        "(152, 976)",
        "(708, 301)",
        "(583, 541)",
        "(769, 988)",
        "(680, 930)",
        "(865, 182)"
    ],
    "(406, 259)": [
        "(500, 542)",
        "(944, 159)",
        "(672, 264)",
        "(345, 341)",
        "(265, 551)",
        "(992, 448)",
        "(90, 73)",
        "(433, 472)",
        "(825, 505)",
        "(801, 447)",
        "(865, 182)",
        "(708, 301)",
        "(400, 92)",
        "(769, 988)",
        "(830, 768)",
        "(804, 986)",
        "(473, 459)",
        "(132, 266)",
        "(246, 22)",
        "(69, 54)",
        "(639, 65)",
        "(680, 930)",
        "(152, 976)"
    ],
    "(804, 986)": [
        "(90, 73)",
        "(680, 930)",
        "(830, 768)",
        "(639, 65)",
        "(825, 505)",
        "(473, 459)",
        "(672, 264)",
        "(583, 541)",
        "(708, 301)",
        "(246, 22)",
        "(152, 976)",
        "(406, 259)",
        "(865, 182)",
        "(351, 915)",
        "(69, 54)",
        "(178, 457)"
    ],
    "(639, 65)": [
        "(90, 73)",
        "(769, 988)",
        "(825, 505)",
        "(265, 551)",
        "(351, 915)",
        "(804, 986)",
        "(583, 541)",
        "(152, 976)",
        "(473, 459)",
        "(672, 264)",
        "(500, 542)",
        "(400, 92)",
        "(433, 472)",
        "(301, 552)",
        "(830, 768)",
        "(865, 182)",
        "(132, 266)",
        "(680, 930)",
        "(658, 678)",
        "(178, 457)",
        "(406, 259)",
        "(992, 448)",
        "(345, 341)"
    ],
    "(69, 54)": [
        "(178, 457)",
        "(672, 264)",
        "(658, 678)",
        "(345, 341)",
        "(944, 159)",
        "(500, 542)",
        "(865, 182)",
        "(351, 915)",
        "(246, 22)",
        "(433, 472)",
        "(90, 73)",
        "(400, 92)",
        "(825, 505)",
        "(801, 447)",
        "(152, 976)",
        "(708, 301)",
        "(132, 266)",
        "(992, 448)",
        "(406, 259)",
        "(473, 459)",
        "(265, 551)",
        "(680, 930)",
        "(804, 986)",
        "(395, 124)"
    ],
    "(246, 22)": [
        "(830, 768)",
        "(395, 124)",
        "(301, 552)",
        "(680, 930)",
        "(944, 159)",
        "(825, 505)",
        "(265, 551)",
        "(500, 542)",
        "(345, 341)",
        "(69, 54)",
        "(865, 182)",
        "(473, 459)",
        "(804, 986)",
        "(90, 73)",
        "(433, 472)",
        "(769, 988)",
        "(351, 915)",
        "(178, 457)",
        "(406, 259)",
        "(801, 447)",
        "(672, 264)",
        "(992, 448)",
        "(583, 541)"
    ],
    "(395, 124)": [
        "(400, 92)",
        "(345, 341)",
        "(246, 22)",
        "(708, 301)",
        "(90, 73)",
        "(152, 976)",
        "(178, 457)",
        "(433, 472)",
        "(265, 551)",
        "(825, 505)",
        "(500, 542)",
        "(583, 541)",
        "(801, 447)",
        "(473, 459)",
        "(132, 266)",
        "(769, 988)",
        "(680, 930)",
        "(69, 54)"
    ],
    "(672, 264)": [
        "(69, 54)",
        "(473, 459)",
        "(301, 552)",
        "(406, 259)",
        "(400, 92)",
        "(804, 986)",
        "(992, 448)",
        "(351, 915)",
        "(639, 65)",
        "(825, 505)",
        "(801, 447)",
        "(345, 341)",
        "(830, 768)",
        "(583, 541)",
        "(500, 542)",
        "(90, 73)",
        "(865, 182)",
        "(265, 551)",
        "(246, 22)",
        "(132, 266)",
        "(769, 988)",
        "(433, 472)",
        "(152, 976)",
        "(708, 301)",
        "(944, 159)"
    ],
    "(825, 505)": [
        "(992, 448)",
        "(265, 551)",
        "(90, 73)",
        "(400, 92)",
        "(639, 65)",
        "(658, 678)",
        "(246, 22)",
        "(944, 159)",
        "(132, 266)",
        "(804, 986)",
        "(351, 915)",
        "(178, 457)",
        "(865, 182)",
        "(830, 768)",
        "(406, 259)",
        "(433, 472)",
        "(672, 264)",
        "(473, 459)",
        "(769, 988)",
        "(395, 124)",
        "(69, 54)",
        "(500, 542)",
        "(680, 930)",
        "(801, 447)",
        "(708, 301)",
        "(583, 541)",
        "(152, 976)"
    ],
    "(830, 768)": [
        "(246, 22)",
        "(583, 541)",
        "(265, 551)",
        "(345, 341)",
        "(804, 986)",
        "(301, 552)",
        "(351, 915)",
        "(825, 505)",
        "(708, 301)",
        "(433, 472)",
        "(944, 159)",
        "(400, 92)",
        "(801, 447)",
        "(672, 264)",
        "(406, 259)",
        "(639, 65)",
        "(769, 988)",
        "(178, 457)",
        "(992, 448)",
        "(90, 73)"
    ],
    "(680, 930)": [
        "(345, 341)",
        "(944, 159)",
        "(658, 678)",
        "(178, 457)",
        "(804, 986)",
        "(246, 22)",
        "(801, 447)",
        "(351, 915)",
        "(708, 301)",
        "(992, 448)",
        "(265, 551)",
        "(90, 73)",
        "(500, 542)",
        "(825, 505)",
        "(473, 459)",
        "(769, 988)",
        "(639, 65)",
        "(406, 259)",
        "(583, 541)",
        "(69, 54)",
        "(301, 552)",
        "(395, 124)",
        "(400, 92)",
        "(433, 472)"
    ],
    "(658, 678)": [
        "(680, 930)",
        "(865, 182)",
        "(69, 54)",
        "(708, 301)",
        "(825, 505)",
        "(400, 92)",
        "(301, 552)",
        "(265, 551)",
        "(178, 457)",
        "(992, 448)",
        "(801, 447)",
        "(473, 459)",
        "(639, 65)",
        "(433, 472)",
        "(90, 73)"
    ],
    "(301, 552)": [
        "(400, 92)",
        "(672, 264)",
        "(246, 22)",
        "(433, 472)",
        "(708, 301)",
        "(830, 768)",
        "(90, 73)",
        "(658, 678)",
        "(345, 341)",
        "(152, 976)",
        "(801, 447)",
        "(351, 915)",
        "(639, 65)",
        "(944, 159)",
        "(992, 448)",
        "(178, 457)",
        "(265, 551)",
        "(865, 182)",
        "(500, 542)",
        "(680, 930)",
        "(473, 459)"
    ],
    "(583, 541)": [
        "(830, 768)",
        "(769, 988)",
        "(473, 459)",
        "(865, 182)",
        "(801, 447)",
        "(433, 472)",
        "(265, 551)",
        "(639, 65)",
        "(152, 976)",
        "(804, 986)",
        "(395, 124)",
        "(992, 448)",
        "(672, 264)",
        "(132, 266)",
        "(351, 915)",
        "(400, 92)",
        "(944, 159)",
        "(708, 301)",
        "(90, 73)",
        "(825, 505)",
        "(680, 930)",
        "(246, 22)",
        "(178, 457)"
    ],
    "(865, 182)": [
        "(345, 341)",
        "(658, 678)",
        "(583, 541)",
        "(769, 988)",
        "(90, 73)",
        "(825, 505)",
        "(69, 54)",
        "(246, 22)",
        "(152, 976)",
        "(406, 259)",
        "(473, 459)",
        "(132, 266)",
        "(801, 447)",
        "(301, 552)",
        "(639, 65)",
        "(433, 472)",
        "(351, 915)",
        "(672, 264)",
        "(804, 986)",
        "(265, 551)",
        "(708, 301)",
        "(400, 92)"
    ],
    "(473, 459)": [
        "(583, 541)",
        "(672, 264)",
        "(639, 65)",
        "(345, 341)",
        "(769, 988)",
        "(804, 986)",
        "(132, 266)",
        "(801, 447)",
        "(433, 472)",
        "(246, 22)",
        "(825, 505)",
        "(992, 448)",
        "(152, 976)",
        "(865, 182)",
        "(265, 551)",
        "(406, 259)",
        "(658, 678)",
        "(178, 457)",
        "(680, 930)",
        "(351, 915)",
        "(69, 54)",
        "(395, 124)",
        "(301, 552)"
    ],
    "(708, 301)": [
        "(395, 124)",
        "(658, 678)",
        "(301, 552)",
        "(769, 988)",
        "(944, 159)",
        "(90, 73)",
        "(830, 768)",
        "(680, 930)",
        "(804, 986)",
        "(265, 551)",
        "(406, 259)",
        "(400, 92)",
        "(178, 457)",
        "(69, 54)",
        "(801, 447)",
        "(583, 541)",
        "(825, 505)",
        "(351, 915)",
        "(433, 472)",
        "(152, 976)",
        "(865, 182)",
        "(672, 264)"
    ],
    "(132, 266)": [
        "(351, 915)",
        "(825, 505)",
        "(433, 472)",
        "(500, 542)",
        "(944, 159)",
        "(473, 459)",
        "(865, 182)",
        "(400, 92)",
        "(583, 541)",
        "(639, 65)",
        "(406, 259)",
        "(69, 54)",
        "(178, 457)",
        "(801, 447)",
        "(395, 124)",
        "(672, 264)",
        "(769, 988)"
    ],
    "(500, 542)": [
        "(351, 915)",
        "(265, 551)",
        "(406, 259)",
        "(90, 73)",
        "(769, 988)",
        "(69, 54)",
        "(246, 22)",
        "(345, 341)",
        "(132, 266)",
        "(639, 65)",
        "(433, 472)",
        "(395, 124)",
        "(152, 976)",
        "(680, 930)",
        "(825, 505)",
        "(944, 159)",
        "(672, 264)",
        "(301, 552)",
        "(801, 447)",
        "(178, 457)"
    ],
    "(992, 448)": [
        "(825, 505)",
        "(406, 259)",
        "(351, 915)",
        "(672, 264)",
        "(680, 930)",
        "(265, 551)",
        "(658, 678)",
        "(473, 459)",
        "(583, 541)",
        "(801, 447)",
        "(301, 552)",
        "(345, 341)",
        "(152, 976)",
        "(769, 988)",
        "(69, 54)",
        "(639, 65)",
        "(246, 22)",
        "(830, 768)"
    ],
    "(265, 551)": [
        "(769, 988)",
        "(825, 505)",
        "(500, 542)",
        "(801, 447)",
        "(345, 341)",
        "(830, 768)",
        "(639, 65)",
        "(246, 22)",
        "(406, 259)",
        "(583, 541)",
        "(658, 678)",
        "(395, 124)",
        "(992, 448)",
        "(178, 457)",
        "(708, 301)",
        "(944, 159)",
        "(680, 930)",
        "(152, 976)",
        "(433, 472)",
        "(473, 459)",
        "(301, 552)",
        "(672, 264)",
        "(69, 54)",
        "(865, 182)"
    ],
    "(152, 976)": [
        "(90, 73)",
        "(801, 447)",
        "(395, 124)",
        "(639, 65)",
        "(583, 541)",
        "(433, 472)",
        "(865, 182)",
        "(301, 552)",
        "(804, 986)",
        "(500, 542)",
        "(265, 551)",
        "(473, 459)",
        "(400, 92)",
        "(992, 448)",
        "(69, 54)",
        "(944, 159)",
        "(178, 457)",
        "(406, 259)",
        "(708, 301)",
        "(672, 264)",
        "(825, 505)"
    ],
    "(351, 915)": [
        "(132, 266)",
        "(500, 542)",
        "(345, 341)",
        "(639, 65)",
        "(825, 505)",
        "(830, 768)",
        "(680, 930)",
        "(400, 92)",
        "(801, 447)",
        "(992, 448)",
        "(69, 54)",
        "(672, 264)",
        "(301, 552)",
        "(246, 22)",
        "(583, 541)",
        "(865, 182)",
        "(473, 459)",
        "(433, 472)",
        "(804, 986)",
        "(178, 457)",
        "(708, 301)"
    ],
    "(178, 457)": [
        "(69, 54)",
        "(680, 930)",
        "(769, 988)",
        "(825, 505)",
        "(395, 124)",
        "(658, 678)",
        "(433, 472)",
        "(801, 447)",
        "(265, 551)",
        "(301, 552)",
        "(400, 92)",
        "(246, 22)",
        "(473, 459)",
        "(708, 301)",
        "(132, 266)",
        "(152, 976)",
        "(639, 65)",
        "(500, 542)",
        "(90, 73)",
        "(351, 915)",
        "(830, 768)",
        "(583, 541)",
        "(944, 159)",
        "(804, 986)"
    ],
    "(801, 447)": [
        "(769, 988)",
        "(265, 551)",
        "(152, 976)",
        "(583, 541)",
        "(680, 930)",
        "(400, 92)",
        "(351, 915)",
        "(178, 457)",
        "(672, 264)",
        "(406, 259)",
        "(433, 472)",
        "(473, 459)",
        "(301, 552)",
        "(944, 159)",
        "(395, 124)",
        "(830, 768)",
        "(992, 448)",
        "(658, 678)",
        "(69, 54)",
        "(865, 182)",
        "(825, 505)",
        "(500, 542)",
        "(132, 266)",
        "(708, 301)",
        "(246, 22)",
        "(345, 341)"
    ],
    "(433, 472)": [
        "(301, 552)",
        "(583, 541)",
        "(769, 988)",
        "(400, 92)",
        "(132, 266)",
        "(395, 124)",
        "(406, 259)",
        "(825, 505)",
        "(178, 457)",
        "(152, 976)",
        "(69, 54)",
        "(830, 768)",
        "(801, 447)",
        "(473, 459)",
        "(500, 542)",
        "(944, 159)",
        "(639, 65)",
        "(345, 341)",
        "(246, 22)",
        "(265, 551)",
        "(865, 182)",
        "(351, 915)",
        "(658, 678)",
        "(708, 301)",
        "(672, 264)",
        "(680, 930)"
    ]
}