{
    "(621, 697)": [
        "(761, 499)",
        "(151, 525)",
        "(112, 219)",
        "(683, 145)",
        "(785, 298)",
        "(90, 129)",
        "(339, 708)"
    ],
    "(647, 877)": [
        "(112, 219)",
        "(832, 696)",
        "(968, 731)",
        "(90, 129)"
    ],
    "(112, 219)": [
        "(339, 708)",
        "(647, 877)",
        "(761, 499)",
        "(621, 697)",
        "(832, 696)",
        "(683, 145)",
        "(436, 258)",
        "(151, 525)"
    ],
    "(90, 129)": [
        "(683, 145)",
        "(436, 258)",
        "(621, 697)",
        "(647, 877)",
        "(761, 499)",
        "(832, 696)",
        "(968, 731)"
    ],
    "(161, 763)": [
        "(436, 258)",
        "(339, 708)",
        "(761, 499)",
        "(968, 731)",
        "(151, 525)"
    ],
    "(761, 499)": [
        "(621, 697)",
        "(112, 219)",
        "(161, 763)",
        "(151, 525)",
        "(90, 129)",
        "(785, 298)"
    ],
    "(968, 731)": [
        "(785, 298)",
        "(647, 877)",
        "(832, 696)",
        "(161, 763)",
        "(151, 525)",
        "(90, 129)"
    ],
    "(832, 696)": [
        "(339, 708)",
        "(647, 877)",
        "(112, 219)",
        "(785, 298)",
        "(968, 731)",
        "(151, 525)",
        "(436, 258)",
        "(90, 129)"
    ],
    "(683, 145)": [
        "(90, 129)",
        "(785, 298)",
        "(621, 697)",
        "(112, 219)",
        "(436, 258)"
    ],
    "(151, 525)": [
        "(621, 697)",
        "(112, 219)",
        "(832, 696)",
        "(761, 499)",
        "(968, 731)",
        "(161, 763)"
    ],
    "(785, 298)": [
        "(968, 731)",
        "(683, 145)",
        "(621, 697)",
        "(832, 696)",
        "(761, 499)",
        "(339, 708)"
    ],
    "(436, 258)": [
        "(161, 763)",
        "(90, 129)",
        "(112, 219)",
        "(683, 145)",
        "(832, 696)"
    ],
    "(339, 708)": [
        "(112, 219)",
        "(832, 696)",
        "(161, 763)",
        "(621, 697)",
        "(785, 298)"
    ]
}