{
    "(759, 141)": [],
    "(435, 448)": [],
    "(781, 58)": [
        "(617, 400)",
        "(698, 745)"
    ],
    "(454, 408)": [
        "(385, 307)"
    ],
    "(385, 307)": [
        "(764, 491)",
        "(454, 408)"
    ],
    "(118, 709)": [
        "(997, 331)"
    ],
    "(209, 236)": [
        "(355, 614)"
    ],
    "(764, 491)": [
        "(385, 307)",
        "(551, 665)"
    ],
    "(698, 745)": [
        "(781, 58)"
    ],
    "(997, 331)": [
        "(118, 709)",
        "(617, 400)"
    ],
    "(617, 400)": [
        "(997, 331)",
        "(781, 58)"
    ],
    "(551, 665)": [
        "(355, 614)",
        "(764, 491)"
    ],
    "(355, 614)": [
        "(209, 236)",
        "(551, 665)"
    ]
}