{
    "(337, 49)": [
        "(982, 84)",
        "(701, 443)",
        "(833, 803)",
        "(138, 859)",
        "(389, 871)",
        "(445, 99)",
        "(595, 743)",
        "(480, 307)",
        "(453, 715)",
        "(608, 673)",
        "(639, 545)",
        "(833, 567)",
        "(360, 612)"
    ],
    "(670, 345)": [
        "(906, 619)",
        "(176, 889)",
        "(467, 364)",
        "(360, 612)",
        "(712, 328)",
        "(639, 545)",
        "(453, 715)",
        "(371, 368)",
        "(595, 743)",
        "(716, 425)",
        "(92, 164)",
        "(527, 11)",
        "(100, 652)",
        "(768, 152)",
        "(331, 315)",
        "(686, 546)",
        "(488, 47)"
    ],
    "(453, 715)": [
        "(608, 673)",
        "(916, 214)",
        "(527, 11)",
        "(332, 353)",
        "(439, 125)",
        "(331, 315)",
        "(833, 803)",
        "(670, 345)",
        "(138, 859)",
        "(92, 164)",
        "(768, 152)",
        "(361, 289)",
        "(21, 679)",
        "(337, 49)",
        "(100, 652)",
        "(336, 327)"
    ],
    "(527, 11)": [
        "(643, 268)",
        "(517, 266)",
        "(453, 715)",
        "(969, 802)",
        "(399, 987)",
        "(331, 315)",
        "(557, 358)",
        "(938, 193)",
        "(138, 859)",
        "(833, 803)",
        "(733, 719)",
        "(429, 571)",
        "(670, 345)",
        "(303, 357)",
        "(278, 89)",
        "(52, 957)",
        "(439, 125)",
        "(176, 889)"
    ],
    "(362, 514)": [
        "(437, 124)",
        "(833, 567)",
        "(176, 889)",
        "(389, 871)",
        "(762, 488)",
        "(303, 357)",
        "(938, 193)",
        "(595, 743)",
        "(361, 289)",
        "(701, 443)",
        "(680, 284)",
        "(686, 546)",
        "(399, 987)",
        "(488, 47)",
        "(873, 922)",
        "(716, 425)",
        "(336, 327)"
    ],
    "(833, 567)": [
        "(21, 679)",
        "(362, 514)",
        "(762, 488)",
        "(278, 89)",
        "(303, 357)",
        "(716, 425)",
        "(733, 719)",
        "(445, 99)",
        "(360, 612)",
        "(437, 124)",
        "(845, 463)",
        "(337, 49)"
    ],
    "(331, 315)": [
        "(92, 164)",
        "(453, 715)",
        "(336, 327)",
        "(429, 571)",
        "(467, 364)",
        "(527, 11)",
        "(608, 673)",
        "(718, 511)",
        "(254, 773)",
        "(361, 289)",
        "(768, 152)",
        "(938, 193)",
        "(670, 345)",
        "(445, 99)",
        "(420, 132)"
    ],
    "(546, 315)": [
        "(389, 871)",
        "(429, 571)",
        "(100, 652)",
        "(916, 214)",
        "(643, 268)",
        "(439, 125)",
        "(701, 443)"
    ],
    "(278, 89)": [
        "(716, 425)",
        "(437, 124)",
        "(833, 803)",
        "(100, 652)",
        "(833, 567)",
        "(389, 871)",
        "(982, 84)",
        "(52, 957)",
        "(439, 125)",
        "(467, 364)",
        "(21, 679)",
        "(419, 11)",
        "(639, 545)",
        "(303, 357)",
        "(527, 11)",
        "(480, 307)",
        "(680, 284)",
        "(845, 463)"
    ],
    "(517, 266)": [
        "(97, 372)",
        "(845, 463)",
        "(100, 652)",
        "(527, 11)",
        "(360, 612)",
        "(21, 679)",
        "(389, 871)",
        "(686, 546)",
        "(881, 906)",
        "(198, 94)",
        "(303, 357)",
        "(969, 802)",
        "(361, 289)",
        "(420, 132)",
        "(718, 511)",
        "(488, 47)",
        "(680, 284)"
    ],
    "(92, 164)": [
        "(716, 425)",
        "(331, 315)",
        "(639, 545)",
        "(198, 94)",
        "(52, 957)",
        "(453, 715)",
        "(439, 125)",
        "(873, 922)",
        "(643, 268)",
        "(670, 345)",
        "(176, 889)",
        "(906, 619)",
        "(303, 357)",
        "(762, 488)",
        "(429, 571)"
    ],
    "(467, 364)": [
        "(21, 679)",
        "(982, 84)",
        "(670, 345)",
        "(701, 443)",
        "(331, 315)",
        "(881, 906)",
        "(643, 268)",
        "(278, 89)",
        "(399, 987)",
        "(420, 132)",
        "(419, 11)",
        "(658, 399)",
        "(733, 719)",
        "(437, 124)",
        "(639, 545)",
        "(445, 99)",
        "(198, 94)",
        "(191, 897)"
    ],
    "(332, 353)": [
        "(303, 357)",
        "(453, 715)",
        "(595, 743)",
        "(938, 193)",
        "(419, 11)",
        "(982, 84)",
        "(881, 906)",
        "(873, 922)",
        "(916, 214)",
        "(969, 802)",
        "(336, 327)",
        "(429, 571)",
        "(437, 124)",
        "(639, 545)",
        "(845, 463)"
    ],
    "(303, 357)": [
        "(332, 353)",
        "(873, 922)",
        "(557, 358)",
        "(138, 859)",
        "(833, 567)",
        "(643, 268)",
        "(762, 488)",
        "(517, 266)",
        "(362, 514)",
        "(527, 11)",
        "(278, 89)",
        "(92, 164)",
        "(198, 94)",
        "(52, 957)",
        "(429, 571)",
        "(97, 372)"
    ],
    "(254, 773)": [
        "(845, 463)",
        "(833, 803)",
        "(420, 132)",
        "(361, 289)",
        "(360, 612)",
        "(643, 268)",
        "(805, 512)",
        "(439, 125)",
        "(331, 315)",
        "(557, 358)",
        "(21, 679)",
        "(445, 99)",
        "(595, 743)",
        "(336, 327)",
        "(100, 652)",
        "(480, 307)"
    ],
    "(191, 897)": [
        "(420, 132)",
        "(557, 358)",
        "(873, 922)",
        "(138, 859)",
        "(938, 193)",
        "(360, 612)",
        "(680, 284)",
        "(639, 545)",
        "(733, 719)",
        "(399, 987)",
        "(445, 99)",
        "(176, 889)",
        "(480, 307)",
        "(467, 364)",
        "(595, 743)"
    ],
    "(680, 284)": [
        "(429, 571)",
        "(419, 11)",
        "(52, 957)",
        "(100, 652)",
        "(191, 897)",
        "(658, 399)",
        "(445, 99)",
        "(712, 328)",
        "(399, 987)",
        "(362, 514)",
        "(639, 545)",
        "(389, 871)",
        "(733, 719)",
        "(420, 132)",
        "(517, 266)",
        "(278, 89)"
    ],
    "(845, 463)": [
        "(517, 266)",
        "(254, 773)",
        "(480, 307)",
        "(608, 673)",
        "(419, 11)",
        "(639, 545)",
        "(420, 132)",
        "(198, 94)",
        "(445, 99)",
        "(21, 679)",
        "(833, 567)",
        "(712, 328)",
        "(805, 512)",
        "(360, 612)",
        "(278, 89)",
        "(332, 353)"
    ],
    "(21, 679)": [
        "(833, 567)",
        "(467, 364)",
        "(762, 488)",
        "(517, 266)",
        "(420, 132)",
        "(608, 673)",
        "(453, 715)",
        "(278, 89)",
        "(437, 124)",
        "(480, 307)",
        "(254, 773)",
        "(419, 11)",
        "(845, 463)",
        "(176, 889)",
        "(138, 859)",
        "(52, 957)",
        "(445, 99)"
    ],
    "(608, 673)": [
        "(453, 715)",
        "(916, 214)",
        "(686, 546)",
        "(21, 679)",
        "(480, 307)",
        "(845, 463)",
        "(439, 125)",
        "(331, 315)",
        "(437, 124)",
        "(643, 268)",
        "(337, 49)",
        "(805, 512)",
        "(429, 571)",
        "(97, 372)"
    ],
    "(100, 652)": [
        "(686, 546)",
        "(517, 266)",
        "(52, 957)",
        "(639, 545)",
        "(278, 89)",
        "(680, 284)",
        "(716, 425)",
        "(982, 84)",
        "(557, 358)",
        "(670, 345)",
        "(733, 719)",
        "(453, 715)",
        "(445, 99)",
        "(546, 315)",
        "(969, 802)",
        "(97, 372)",
        "(254, 773)",
        "(371, 368)"
    ],
    "(488, 47)": [
        "(557, 358)",
        "(969, 802)",
        "(361, 289)",
        "(371, 368)",
        "(658, 399)",
        "(718, 511)",
        "(419, 11)",
        "(712, 328)",
        "(762, 488)",
        "(517, 266)",
        "(362, 514)",
        "(360, 612)",
        "(670, 345)"
    ],
    "(138, 859)": [
        "(716, 425)",
        "(191, 897)",
        "(52, 957)",
        "(686, 546)",
        "(303, 357)",
        "(768, 152)",
        "(453, 715)",
        "(938, 193)",
        "(337, 49)",
        "(527, 11)",
        "(371, 368)",
        "(439, 125)",
        "(969, 802)",
        "(419, 11)",
        "(21, 679)",
        "(198, 94)",
        "(643, 268)",
        "(712, 328)",
        "(805, 512)"
    ],
    "(480, 307)": [
        "(845, 463)",
        "(833, 803)",
        "(608, 673)",
        "(336, 327)",
        "(97, 372)",
        "(557, 358)",
        "(337, 49)",
        "(916, 214)",
        "(21, 679)",
        "(982, 84)",
        "(906, 619)",
        "(176, 889)",
        "(969, 802)",
        "(278, 89)",
        "(191, 897)",
        "(254, 773)"
    ],
    "(969, 802)": [
        "(658, 399)",
        "(488, 47)",
        "(762, 488)",
        "(336, 327)",
        "(982, 84)",
        "(527, 11)",
        "(517, 266)",
        "(371, 368)",
        "(198, 94)",
        "(480, 307)",
        "(138, 859)",
        "(437, 124)",
        "(389, 871)",
        "(712, 328)",
        "(332, 353)",
        "(100, 652)",
        "(439, 125)",
        "(639, 545)",
        "(361, 289)"
    ],
    "(445, 99)": [
        "(680, 284)",
        "(337, 49)",
        "(833, 567)",
        "(439, 125)",
        "(845, 463)",
        "(371, 368)",
        "(254, 773)",
        "(191, 897)",
        "(100, 652)",
        "(467, 364)",
        "(331, 315)",
        "(21, 679)"
    ],
    "(361, 289)": [
        "(733, 719)",
        "(254, 773)",
        "(488, 47)",
        "(453, 715)",
        "(97, 372)",
        "(517, 266)",
        "(362, 514)",
        "(716, 425)",
        "(331, 315)",
        "(969, 802)"
    ],
    "(716, 425)": [
        "(92, 164)",
        "(371, 368)",
        "(557, 358)",
        "(278, 89)",
        "(138, 859)",
        "(768, 152)",
        "(833, 567)",
        "(873, 922)",
        "(361, 289)",
        "(97, 372)",
        "(670, 345)",
        "(100, 652)",
        "(762, 488)",
        "(701, 443)",
        "(982, 84)",
        "(362, 514)",
        "(336, 327)",
        "(906, 619)",
        "(733, 719)",
        "(643, 268)"
    ],
    "(881, 906)": [
        "(833, 803)",
        "(643, 268)",
        "(198, 94)",
        "(517, 266)",
        "(467, 364)",
        "(332, 353)",
        "(906, 619)",
        "(658, 399)",
        "(938, 193)",
        "(686, 546)",
        "(712, 328)",
        "(701, 443)"
    ],
    "(938, 193)": [
        "(557, 358)",
        "(906, 619)",
        "(332, 353)",
        "(191, 897)",
        "(712, 328)",
        "(138, 859)",
        "(362, 514)",
        "(527, 11)",
        "(881, 906)",
        "(701, 443)",
        "(733, 719)",
        "(331, 315)",
        "(97, 372)"
    ],
    "(639, 545)": [
        "(916, 214)",
        "(686, 546)",
        "(429, 571)",
        "(100, 652)",
        "(439, 125)",
        "(670, 345)",
        "(92, 164)",
        "(718, 511)",
        "(643, 268)",
        "(845, 463)",
        "(191, 897)",
        "(399, 987)",
        "(680, 284)",
        "(278, 89)",
        "(467, 364)",
        "(337, 49)",
        "(701, 443)",
        "(336, 327)",
        "(332, 353)",
        "(969, 802)"
    ],
    "(437, 124)": [
        "(362, 514)",
        "(278, 89)",
        "(916, 214)",
        "(658, 399)",
        "(420, 132)",
        "(419, 11)",
        "(608, 673)",
        "(198, 94)",
        "(686, 546)",
        "(833, 567)",
        "(21, 679)",
        "(467, 364)",
        "(969, 802)",
        "(701, 443)",
        "(768, 152)",
        "(982, 84)",
        "(332, 353)"
    ],
    "(718, 511)": [
        "(643, 268)",
        "(733, 719)",
        "(873, 922)",
        "(360, 612)",
        "(686, 546)",
        "(639, 545)",
        "(488, 47)",
        "(331, 315)",
        "(389, 871)",
        "(517, 266)",
        "(336, 327)",
        "(982, 84)",
        "(429, 571)"
    ],
    "(419, 11)": [
        "(686, 546)",
        "(399, 987)",
        "(680, 284)",
        "(336, 327)",
        "(332, 353)",
        "(437, 124)",
        "(845, 463)",
        "(488, 47)",
        "(278, 89)",
        "(467, 364)",
        "(21, 679)",
        "(138, 859)",
        "(833, 803)",
        "(439, 125)"
    ],
    "(916, 214)": [
        "(639, 545)",
        "(701, 443)",
        "(176, 889)",
        "(453, 715)",
        "(768, 152)",
        "(608, 673)",
        "(437, 124)",
        "(906, 619)",
        "(480, 307)",
        "(332, 353)",
        "(546, 315)",
        "(982, 84)"
    ],
    "(686, 546)": [
        "(419, 11)",
        "(100, 652)",
        "(399, 987)",
        "(176, 889)",
        "(639, 545)",
        "(517, 266)",
        "(138, 859)",
        "(608, 673)",
        "(718, 511)",
        "(881, 906)",
        "(437, 124)",
        "(362, 514)",
        "(595, 743)",
        "(701, 443)",
        "(643, 268)",
        "(439, 125)",
        "(670, 345)"
    ],
    "(982, 84)": [
        "(467, 364)",
        "(557, 358)",
        "(337, 49)",
        "(969, 802)",
        "(360, 612)",
        "(278, 89)",
        "(52, 957)",
        "(332, 353)",
        "(480, 307)",
        "(100, 652)",
        "(716, 425)",
        "(718, 511)",
        "(420, 132)",
        "(437, 124)",
        "(762, 488)",
        "(916, 214)"
    ],
    "(762, 488)": [
        "(21, 679)",
        "(969, 802)",
        "(833, 567)",
        "(439, 125)",
        "(362, 514)",
        "(303, 357)",
        "(658, 399)",
        "(371, 368)",
        "(768, 152)",
        "(488, 47)",
        "(595, 743)",
        "(716, 425)",
        "(92, 164)",
        "(982, 84)"
    ],
    "(336, 327)": [
        "(331, 315)",
        "(969, 802)",
        "(419, 11)",
        "(480, 307)",
        "(906, 619)",
        "(420, 132)",
        "(718, 511)",
        "(97, 372)",
        "(362, 514)",
        "(332, 353)",
        "(360, 612)",
        "(254, 773)",
        "(453, 715)",
        "(716, 425)",
        "(639, 545)"
    ],
    "(595, 743)": [
        "(52, 957)",
        "(712, 328)",
        "(332, 353)",
        "(805, 512)",
        "(768, 152)",
        "(670, 345)",
        "(362, 514)",
        "(833, 803)",
        "(337, 49)",
        "(762, 488)",
        "(686, 546)",
        "(254, 773)",
        "(906, 619)",
        "(733, 719)",
        "(191, 897)"
    ],
    "(439, 125)": [
        "(453, 715)",
        "(639, 545)",
        "(762, 488)",
        "(873, 922)",
        "(92, 164)",
        "(278, 89)",
        "(254, 773)",
        "(608, 673)",
        "(176, 889)",
        "(420, 132)",
        "(445, 99)",
        "(138, 859)",
        "(906, 619)",
        "(198, 94)",
        "(686, 546)",
        "(658, 399)",
        "(527, 11)",
        "(546, 315)",
        "(969, 802)",
        "(419, 11)"
    ],
    "(198, 94)": [
        "(389, 871)",
        "(881, 906)",
        "(92, 164)",
        "(517, 266)",
        "(906, 619)",
        "(437, 124)",
        "(845, 463)",
        "(805, 512)",
        "(969, 802)",
        "(420, 132)",
        "(399, 987)",
        "(303, 357)",
        "(439, 125)",
        "(467, 364)",
        "(138, 859)",
        "(371, 368)",
        "(176, 889)"
    ],
    "(97, 372)": [
        "(517, 266)",
        "(361, 289)",
        "(480, 307)",
        "(716, 425)",
        "(658, 399)",
        "(420, 132)",
        "(768, 152)",
        "(336, 327)",
        "(938, 193)",
        "(100, 652)",
        "(303, 357)",
        "(608, 673)",
        "(906, 619)"
    ],
    "(833, 803)": [
        "(881, 906)",
        "(254, 773)",
        "(176, 889)",
        "(399, 987)",
        "(453, 715)",
        "(278, 89)",
        "(480, 307)",
        "(658, 399)",
        "(337, 49)",
        "(768, 152)",
        "(360, 612)",
        "(371, 368)",
        "(595, 743)",
        "(527, 11)",
        "(419, 11)"
    ],
    "(52, 957)": [
        "(595, 743)",
        "(100, 652)",
        "(138, 859)",
        "(680, 284)",
        "(982, 84)",
        "(92, 164)",
        "(768, 152)",
        "(278, 89)",
        "(701, 443)",
        "(420, 132)",
        "(527, 11)",
        "(371, 368)",
        "(303, 357)",
        "(21, 679)"
    ],
    "(389, 871)": [
        "(198, 94)",
        "(429, 571)",
        "(768, 152)",
        "(517, 266)",
        "(278, 89)",
        "(546, 315)",
        "(362, 514)",
        "(176, 889)",
        "(337, 49)",
        "(658, 399)",
        "(718, 511)",
        "(680, 284)",
        "(969, 802)",
        "(360, 612)"
    ],
    "(557, 358)": [
        "(488, 47)",
        "(938, 193)",
        "(716, 425)",
        "(982, 84)",
        "(191, 897)",
        "(303, 357)",
        "(733, 719)",
        "(527, 11)",
        "(480, 307)",
        "(254, 773)",
        "(100, 652)",
        "(643, 268)",
        "(712, 328)",
        "(906, 619)",
        "(805, 512)"
    ],
    "(873, 922)": [
        "(303, 357)",
        "(718, 511)",
        "(191, 897)",
        "(439, 125)",
        "(716, 425)",
        "(92, 164)",
        "(658, 399)",
        "(332, 353)",
        "(643, 268)",
        "(362, 514)",
        "(701, 443)"
    ],
    "(371, 368)": [
        "(716, 425)",
        "(488, 47)",
        "(670, 345)",
        "(762, 488)",
        "(969, 802)",
        "(833, 803)",
        "(138, 859)",
        "(429, 571)",
        "(701, 443)",
        "(445, 99)",
        "(712, 328)",
        "(906, 619)",
        "(52, 957)",
        "(198, 94)",
        "(100, 652)"
    ],
    "(733, 719)": [
        "(361, 289)",
        "(718, 511)",
        "(176, 889)",
        "(557, 358)",
        "(833, 567)",
        "(429, 571)",
        "(527, 11)",
        "(191, 897)",
        "(467, 364)",
        "(100, 652)",
        "(680, 284)",
        "(938, 193)",
        "(595, 743)",
        "(716, 425)"
    ],
    "(643, 268)": [
        "(527, 11)",
        "(881, 906)",
        "(718, 511)",
        "(429, 571)",
        "(303, 357)",
        "(467, 364)",
        "(254, 773)",
        "(639, 545)",
        "(805, 512)",
        "(92, 164)",
        "(608, 673)",
        "(873, 922)",
        "(686, 546)",
        "(546, 315)",
        "(557, 358)",
        "(138, 859)",
        "(716, 425)"
    ],
    "(805, 512)": [
        "(768, 152)",
        "(254, 773)",
        "(399, 987)",
        "(595, 743)",
        "(643, 268)",
        "(198, 94)",
        "(845, 463)",
        "(608, 673)",
        "(557, 358)",
        "(176, 889)",
        "(138, 859)"
    ],
    "(712, 328)": [
        "(595, 743)",
        "(670, 345)",
        "(938, 193)",
        "(176, 889)",
        "(906, 619)",
        "(488, 47)",
        "(680, 284)",
        "(881, 906)",
        "(371, 368)",
        "(845, 463)",
        "(969, 802)",
        "(701, 443)",
        "(557, 358)",
        "(138, 859)"
    ],
    "(658, 399)": [
        "(969, 802)",
        "(437, 124)",
        "(833, 803)",
        "(762, 488)",
        "(881, 906)",
        "(488, 47)",
        "(873, 922)",
        "(680, 284)",
        "(97, 372)",
        "(389, 871)",
        "(467, 364)",
        "(439, 125)"
    ],
    "(360, 612)": [
        "(517, 266)",
        "(670, 345)",
        "(718, 511)",
        "(982, 84)",
        "(254, 773)",
        "(191, 897)",
        "(833, 803)",
        "(701, 443)",
        "(833, 567)",
        "(906, 619)",
        "(488, 47)",
        "(429, 571)",
        "(845, 463)",
        "(336, 327)",
        "(337, 49)",
        "(389, 871)"
    ],
    "(701, 443)": [
        "(906, 619)",
        "(916, 214)",
        "(467, 364)",
        "(337, 49)",
        "(429, 571)",
        "(52, 957)",
        "(360, 612)",
        "(362, 514)",
        "(938, 193)",
        "(371, 368)",
        "(716, 425)",
        "(686, 546)",
        "(437, 124)",
        "(712, 328)",
        "(881, 906)",
        "(639, 545)",
        "(546, 315)",
        "(873, 922)"
    ],
    "(429, 571)": [
        "(389, 871)",
        "(639, 545)",
        "(643, 268)",
        "(680, 284)",
        "(331, 315)",
        "(701, 443)",
        "(546, 315)",
        "(733, 719)",
        "(371, 368)",
        "(527, 11)",
        "(360, 612)",
        "(92, 164)",
        "(332, 353)",
        "(608, 673)",
        "(303, 357)",
        "(906, 619)",
        "(176, 889)",
        "(718, 511)"
    ],
    "(906, 619)": [
        "(670, 345)",
        "(701, 443)",
        "(938, 193)",
        "(712, 328)",
        "(916, 214)",
        "(881, 906)",
        "(198, 94)",
        "(336, 327)",
        "(480, 307)",
        "(360, 612)",
        "(92, 164)",
        "(371, 368)",
        "(439, 125)",
        "(399, 987)",
        "(716, 425)",
        "(595, 743)",
        "(557, 358)",
        "(429, 571)",
        "(97, 372)"
    ],
    "(176, 889)": [
        "(686, 546)",
        "(670, 345)",
        "(916, 214)",
        "(833, 803)",
        "(362, 514)",
        "(733, 719)",
        "(712, 328)",
        "(439, 125)",
        "(389, 871)",
        "(92, 164)",
        "(480, 307)",
        "(527, 11)",
        "(21, 679)",
        "(191, 897)",
        "(429, 571)",
        "(805, 512)",
        "(198, 94)"
    ],
    "(420, 132)": [
        "(191, 897)",
        "(254, 773)",
        "(21, 679)",
        "(437, 124)",
        "(845, 463)",
        "(336, 327)",
        "(439, 125)",
        "(517, 266)",
        "(97, 372)",
        "(52, 957)",
        "(467, 364)",
        "(198, 94)",
        "(680, 284)",
        "(982, 84)",
        "(331, 315)"
    ],
    "(768, 152)": [
        "(805, 512)",
        "(916, 214)",
        "(389, 871)",
        "(716, 425)",
        "(138, 859)",
        "(52, 957)",
        "(453, 715)",
        "(833, 803)",
        "(595, 743)",
        "(762, 488)",
        "(97, 372)",
        "(670, 345)",
        "(331, 315)",
        "(437, 124)"
    ],
    "(399, 987)": [
        "(686, 546)",
        "(833, 803)",
        "(419, 11)",
        "(527, 11)",
        "(805, 512)",
        "(680, 284)",
        "(467, 364)",
        "(639, 545)",
        "(198, 94)",
        "(362, 514)",
        "(191, 897)",
        "(906, 619)"
    ]
}