{
    "(708, 261)": [
        "(343, 272)",
        "(132, 905)",
        "(577, 489)",
        "(566, 555)",
        "(301, 385)",
        "(66, 10)",
        "(502, 643)",
        "(476, 25)",
        "(148, 798)"
    ],
    "(301, 385)": [
        "(386, 635)",
        "(148, 798)",
        "(708, 261)",
        "(179, 560)",
        "(849, 139)",
        "(577, 489)",
        "(605, 309)"
    ],
    "(103, 538)": [
        "(343, 272)",
        "(455, 497)",
        "(99, 541)",
        "(874, 850)",
        "(845, 221)",
        "(862, 326)",
        "(577, 489)"
    ],
    "(874, 850)": [
        "(502, 643)",
        "(455, 497)",
        "(476, 25)",
        "(712, 849)",
        "(580, 512)",
        "(103, 538)",
        "(691, 641)",
        "(669, 208)",
        "(148, 798)",
        "(566, 555)",
        "(577, 489)",
        "(66, 10)"
    ],
    "(35, 485)": [
        "(439, 987)",
        "(316, 351)",
        "(476, 25)",
        "(397, 65)",
        "(580, 512)",
        "(66, 10)",
        "(343, 272)",
        "(148, 798)",
        "(669, 208)"
    ],
    "(397, 65)": [
        "(455, 497)",
        "(580, 512)",
        "(35, 485)",
        "(566, 555)",
        "(862, 326)",
        "(439, 987)",
        "(36, 797)",
        "(116, 148)"
    ],
    "(669, 208)": [
        "(148, 798)",
        "(502, 643)",
        "(132, 905)",
        "(845, 221)",
        "(874, 850)",
        "(476, 25)",
        "(316, 351)",
        "(35, 485)"
    ],
    "(922, 886)": [
        "(502, 643)",
        "(712, 849)",
        "(148, 798)",
        "(36, 797)"
    ],
    "(849, 139)": [
        "(179, 560)",
        "(66, 10)",
        "(862, 326)",
        "(301, 385)",
        "(343, 272)",
        "(605, 309)",
        "(455, 497)"
    ],
    "(66, 10)": [
        "(502, 643)",
        "(899, 940)",
        "(580, 512)",
        "(116, 148)",
        "(849, 139)",
        "(386, 635)",
        "(439, 987)",
        "(35, 485)",
        "(708, 261)",
        "(179, 560)",
        "(874, 850)"
    ],
    "(899, 940)": [
        "(66, 10)",
        "(116, 148)",
        "(712, 849)",
        "(476, 25)",
        "(439, 987)"
    ],
    "(862, 326)": [
        "(605, 309)",
        "(849, 139)",
        "(397, 65)",
        "(455, 497)",
        "(103, 538)",
        "(691, 641)",
        "(132, 905)"
    ],
    "(343, 272)": [
        "(103, 538)",
        "(708, 261)",
        "(712, 849)",
        "(35, 485)",
        "(849, 139)"
    ],
    "(439, 987)": [
        "(35, 485)",
        "(502, 643)",
        "(66, 10)",
        "(580, 512)",
        "(36, 797)",
        "(397, 65)",
        "(455, 497)",
        "(899, 940)"
    ],
    "(116, 148)": [
        "(712, 849)",
        "(605, 309)",
        "(899, 940)",
        "(66, 10)",
        "(566, 555)",
        "(132, 905)",
        "(397, 65)"
    ],
    "(455, 497)": [
        "(397, 65)",
        "(874, 850)",
        "(103, 538)",
        "(36, 797)",
        "(566, 555)",
        "(148, 798)",
        "(862, 326)",
        "(605, 309)",
        "(439, 987)",
        "(849, 139)",
        "(316, 351)"
    ],
    "(476, 25)": [
        "(35, 485)",
        "(148, 798)",
        "(502, 643)",
        "(132, 905)",
        "(874, 850)",
        "(580, 512)",
        "(845, 221)",
        "(386, 635)",
        "(669, 208)",
        "(708, 261)",
        "(899, 940)"
    ],
    "(502, 643)": [
        "(874, 850)",
        "(669, 208)",
        "(66, 10)",
        "(922, 886)",
        "(476, 25)",
        "(691, 641)",
        "(439, 987)",
        "(148, 798)",
        "(566, 555)",
        "(708, 261)",
        "(845, 221)"
    ],
    "(36, 797)": [
        "(566, 555)",
        "(455, 497)",
        "(712, 849)",
        "(439, 987)",
        "(132, 905)",
        "(922, 886)",
        "(397, 65)"
    ],
    "(691, 641)": [
        "(502, 643)",
        "(874, 850)",
        "(862, 326)"
    ],
    "(845, 221)": [
        "(566, 555)",
        "(148, 798)",
        "(476, 25)",
        "(669, 208)",
        "(712, 849)",
        "(103, 538)",
        "(132, 905)",
        "(99, 541)",
        "(502, 643)"
    ],
    "(179, 560)": [
        "(566, 555)",
        "(849, 139)",
        "(386, 635)",
        "(301, 385)",
        "(99, 541)",
        "(66, 10)"
    ],
    "(132, 905)": [
        "(708, 261)",
        "(476, 25)",
        "(669, 208)",
        "(845, 221)",
        "(605, 309)",
        "(36, 797)",
        "(116, 148)",
        "(566, 555)",
        "(862, 326)"
    ],
    "(580, 512)": [
        "(148, 798)",
        "(397, 65)",
        "(66, 10)",
        "(476, 25)",
        "(35, 485)",
        "(874, 850)",
        "(439, 987)"
    ],
    "(148, 798)": [
        "(301, 385)",
        "(669, 208)",
        "(580, 512)",
        "(476, 25)",
        "(566, 555)",
        "(502, 643)",
        "(845, 221)",
        "(922, 886)",
        "(455, 497)",
        "(874, 850)",
        "(708, 261)",
        "(35, 485)"
    ],
    "(566, 555)": [
        "(179, 560)",
        "(845, 221)",
        "(708, 261)",
        "(148, 798)",
        "(36, 797)",
        "(502, 643)",
        "(397, 65)",
        "(455, 497)",
        "(116, 148)",
        "(712, 849)",
        "(874, 850)",
        "(99, 541)",
        "(386, 635)",
        "(132, 905)"
    ],
    "(605, 309)": [
        "(116, 148)",
        "(862, 326)",
        "(386, 635)",
        "(455, 497)",
        "(301, 385)",
        "(132, 905)",
        "(849, 139)"
    ],
    "(577, 489)": [
        "(708, 261)",
        "(301, 385)",
        "(874, 850)",
        "(103, 538)"
    ],
    "(99, 541)": [
        "(103, 538)",
        "(179, 560)",
        "(845, 221)",
        "(566, 555)"
    ],
    "(712, 849)": [
        "(116, 148)",
        "(343, 272)",
        "(874, 850)",
        "(922, 886)",
        "(845, 221)",
        "(36, 797)",
        "(566, 555)",
        "(899, 940)",
        "(386, 635)"
    ],
    "(386, 635)": [
        "(301, 385)",
        "(605, 309)",
        "(179, 560)",
        "(66, 10)",
        "(476, 25)",
        "(712, 849)",
        "(566, 555)"
    ],
    "(316, 351)": [
        "(35, 485)",
        "(669, 208)",
        "(455, 497)"
    ]
}