{
    "(202, 768)": [
        "(65, 35)",
        "(761, 123)",
        "(883, 391)",
        "(227, 966)",
        "(208, 859)",
        "(150, 306)",
        "(1, 188)",
        "(623, 954)",
        "(545, 632)",
        "(549, 264)",
        "(217, 907)",
        "(9, 388)",
        "(733, 807)",
        "(184, 883)",
        "(198, 507)",
        "(338, 105)",
        "(636, 757)",
        "(262, 799)",
        "(823, 872)",
        "(491, 183)",
        "(943, 104)",
        "(526, 678)",
        "(344, 400)",
        "(980, 410)",
        "(67, 255)",
        "(682, 532)",
        "(1000, 859)",
        "(202, 538)",
        "(128, 624)",
        "(910, 5)"
    ],
    "(9, 388)": [
        "(484, 854)",
        "(208, 859)",
        "(262, 799)",
        "(978, 795)",
        "(526, 678)",
        "(1, 188)",
        "(202, 768)",
        "(338, 105)",
        "(344, 400)",
        "(462, 827)",
        "(170, 511)",
        "(555, 542)",
        "(601, 855)",
        "(26, 424)",
        "(153, 629)",
        "(623, 954)",
        "(934, 161)",
        "(982, 465)",
        "(198, 507)",
        "(170, 641)",
        "(943, 104)",
        "(746, 604)",
        "(227, 966)",
        "(166, 85)",
        "(67, 255)",
        "(30, 594)",
        "(733, 807)",
        "(150, 306)",
        "(128, 624)",
        "(999, 698)",
        "(682, 532)",
        "(545, 632)"
    ],
    "(978, 795)": [
        "(999, 698)",
        "(217, 907)",
        "(170, 511)",
        "(202, 538)",
        "(934, 161)",
        "(462, 827)",
        "(64, 64)",
        "(943, 104)",
        "(9, 388)",
        "(166, 85)",
        "(150, 306)",
        "(982, 465)",
        "(198, 507)",
        "(153, 629)",
        "(980, 410)",
        "(797, 942)",
        "(910, 5)",
        "(549, 264)",
        "(545, 632)",
        "(601, 855)",
        "(761, 123)",
        "(65, 35)",
        "(632, 106)",
        "(746, 604)",
        "(292, 723)",
        "(555, 542)"
    ],
    "(746, 604)": [
        "(198, 507)",
        "(336, 131)",
        "(545, 632)",
        "(292, 723)",
        "(809, 234)",
        "(555, 542)",
        "(682, 532)",
        "(462, 827)",
        "(797, 942)",
        "(733, 807)",
        "(491, 183)",
        "(982, 465)",
        "(30, 594)",
        "(1000, 859)",
        "(731, 857)",
        "(526, 678)",
        "(775, 198)",
        "(632, 106)",
        "(980, 410)",
        "(572, 218)",
        "(65, 35)",
        "(170, 511)",
        "(9, 388)",
        "(934, 161)",
        "(166, 85)",
        "(208, 859)",
        "(978, 795)",
        "(623, 954)",
        "(59, 12)",
        "(761, 123)",
        "(118, 967)",
        "(338, 105)",
        "(128, 624)"
    ],
    "(491, 183)": [
        "(1, 188)",
        "(797, 942)",
        "(1000, 859)",
        "(248, 721)",
        "(731, 857)",
        "(170, 511)",
        "(462, 827)",
        "(572, 218)",
        "(153, 629)",
        "(292, 723)",
        "(59, 12)",
        "(746, 604)",
        "(184, 883)",
        "(65, 35)",
        "(982, 465)",
        "(344, 400)",
        "(934, 161)",
        "(682, 532)",
        "(761, 123)",
        "(555, 542)",
        "(202, 768)",
        "(170, 641)",
        "(67, 255)",
        "(809, 234)",
        "(775, 198)",
        "(150, 306)",
        "(601, 855)",
        "(166, 85)",
        "(823, 872)",
        "(90, 455)",
        "(484, 854)",
        "(329, 852)",
        "(336, 131)",
        "(338, 105)"
    ],
    "(64, 64)": [
        "(336, 131)",
        "(761, 123)",
        "(555, 542)",
        "(208, 859)",
        "(775, 198)",
        "(978, 795)",
        "(227, 966)",
        "(910, 5)",
        "(338, 105)",
        "(733, 807)",
        "(118, 967)",
        "(59, 12)",
        "(198, 507)",
        "(484, 854)",
        "(982, 465)",
        "(26, 424)",
        "(217, 907)",
        "(248, 721)",
        "(292, 723)",
        "(823, 872)",
        "(166, 85)",
        "(329, 852)",
        "(202, 538)",
        "(682, 532)"
    ],
    "(682, 532)": [
        "(202, 538)",
        "(227, 966)",
        "(623, 954)",
        "(262, 799)",
        "(462, 827)",
        "(999, 698)",
        "(746, 604)",
        "(248, 721)",
        "(797, 942)",
        "(184, 883)",
        "(545, 632)",
        "(329, 852)",
        "(731, 857)",
        "(336, 131)",
        "(59, 12)",
        "(980, 410)",
        "(26, 424)",
        "(153, 629)",
        "(491, 183)",
        "(65, 35)",
        "(775, 198)",
        "(943, 104)",
        "(526, 678)",
        "(170, 511)",
        "(733, 807)",
        "(202, 768)",
        "(292, 723)",
        "(982, 465)",
        "(338, 105)",
        "(809, 234)",
        "(208, 859)",
        "(9, 388)",
        "(67, 255)",
        "(632, 106)",
        "(64, 64)"
    ],
    "(883, 391)": [
        "(344, 400)",
        "(227, 966)",
        "(462, 827)",
        "(809, 234)",
        "(248, 721)",
        "(329, 852)",
        "(338, 105)",
        "(166, 85)",
        "(170, 641)",
        "(797, 942)",
        "(202, 768)",
        "(761, 123)",
        "(731, 857)",
        "(549, 264)",
        "(526, 678)",
        "(555, 542)",
        "(572, 218)",
        "(980, 410)",
        "(217, 907)",
        "(601, 855)",
        "(292, 723)",
        "(623, 954)",
        "(26, 424)",
        "(30, 594)",
        "(982, 465)",
        "(67, 255)",
        "(775, 198)"
    ],
    "(462, 827)": [
        "(526, 678)",
        "(910, 5)",
        "(883, 391)",
        "(118, 967)",
        "(90, 455)",
        "(682, 532)",
        "(208, 859)",
        "(491, 183)",
        "(978, 795)",
        "(746, 604)",
        "(980, 410)",
        "(9, 388)",
        "(198, 507)",
        "(153, 629)",
        "(572, 218)",
        "(262, 799)",
        "(545, 632)",
        "(338, 105)",
        "(329, 852)",
        "(982, 465)",
        "(623, 954)",
        "(632, 106)",
        "(601, 855)",
        "(292, 723)",
        "(1, 188)",
        "(775, 198)",
        "(166, 85)",
        "(943, 104)",
        "(67, 255)",
        "(30, 594)",
        "(344, 400)"
    ],
    "(292, 723)": [
        "(545, 632)",
        "(1, 188)",
        "(746, 604)",
        "(982, 465)",
        "(198, 507)",
        "(262, 799)",
        "(943, 104)",
        "(184, 883)",
        "(601, 855)",
        "(344, 400)",
        "(491, 183)",
        "(623, 954)",
        "(30, 594)",
        "(572, 218)",
        "(150, 306)",
        "(980, 410)",
        "(883, 391)",
        "(153, 629)",
        "(338, 105)",
        "(462, 827)",
        "(208, 859)",
        "(682, 532)",
        "(90, 455)",
        "(999, 698)",
        "(64, 64)",
        "(978, 795)",
        "(761, 123)",
        "(636, 757)"
    ],
    "(262, 799)": [
        "(9, 388)",
        "(761, 123)",
        "(982, 465)",
        "(943, 104)",
        "(682, 532)",
        "(90, 455)",
        "(336, 131)",
        "(292, 723)",
        "(166, 85)",
        "(775, 198)",
        "(208, 859)",
        "(462, 827)",
        "(227, 966)",
        "(632, 106)",
        "(170, 511)",
        "(623, 954)",
        "(26, 424)",
        "(184, 883)",
        "(202, 768)",
        "(484, 854)",
        "(980, 410)",
        "(733, 807)",
        "(526, 678)",
        "(153, 629)",
        "(601, 855)",
        "(338, 105)",
        "(809, 234)",
        "(797, 942)",
        "(545, 632)",
        "(202, 538)"
    ],
    "(26, 424)": [
        "(797, 942)",
        "(30, 594)",
        "(999, 698)",
        "(934, 161)",
        "(227, 966)",
        "(208, 859)",
        "(338, 105)",
        "(731, 857)",
        "(572, 218)",
        "(733, 807)",
        "(545, 632)",
        "(555, 542)",
        "(166, 85)",
        "(823, 872)",
        "(9, 388)",
        "(682, 532)",
        "(262, 799)",
        "(170, 641)",
        "(336, 131)",
        "(64, 64)",
        "(636, 757)",
        "(329, 852)",
        "(980, 410)",
        "(170, 511)",
        "(484, 854)",
        "(128, 624)",
        "(883, 391)",
        "(118, 967)",
        "(65, 35)",
        "(198, 507)",
        "(217, 907)",
        "(153, 629)",
        "(202, 538)"
    ],
    "(555, 542)": [
        "(797, 942)",
        "(733, 807)",
        "(67, 255)",
        "(64, 64)",
        "(1000, 859)",
        "(746, 604)",
        "(170, 641)",
        "(166, 85)",
        "(549, 264)",
        "(184, 883)",
        "(198, 507)",
        "(26, 424)",
        "(170, 511)",
        "(90, 455)",
        "(9, 388)",
        "(208, 859)",
        "(883, 391)",
        "(227, 966)",
        "(1, 188)",
        "(491, 183)",
        "(632, 106)",
        "(636, 757)",
        "(934, 161)",
        "(572, 218)",
        "(775, 198)",
        "(202, 538)",
        "(982, 465)",
        "(601, 855)",
        "(118, 967)",
        "(344, 400)",
        "(978, 795)",
        "(30, 594)"
    ],
    "(166, 85)": [
        "(883, 391)",
        "(572, 218)",
        "(555, 542)",
        "(262, 799)",
        "(227, 966)",
        "(978, 795)",
        "(65, 35)",
        "(980, 410)",
        "(26, 424)",
        "(761, 123)",
        "(1000, 859)",
        "(636, 757)",
        "(526, 678)",
        "(338, 105)",
        "(545, 632)",
        "(153, 629)",
        "(344, 400)",
        "(67, 255)",
        "(128, 624)",
        "(9, 388)",
        "(746, 604)",
        "(198, 507)",
        "(623, 954)",
        "(59, 12)",
        "(491, 183)",
        "(462, 827)",
        "(64, 64)",
        "(934, 161)",
        "(549, 264)",
        "(336, 131)",
        "(943, 104)"
    ],
    "(601, 855)": [
        "(980, 410)",
        "(208, 859)",
        "(336, 131)",
        "(153, 629)",
        "(329, 852)",
        "(632, 106)",
        "(934, 161)",
        "(484, 854)",
        "(90, 455)",
        "(292, 723)",
        "(775, 198)",
        "(9, 388)",
        "(248, 721)",
        "(344, 400)",
        "(170, 641)",
        "(797, 942)",
        "(883, 391)",
        "(623, 954)",
        "(978, 795)",
        "(526, 678)",
        "(462, 827)",
        "(198, 507)",
        "(128, 624)",
        "(262, 799)",
        "(491, 183)",
        "(809, 234)",
        "(59, 12)",
        "(555, 542)",
        "(1000, 859)",
        "(67, 255)",
        "(982, 465)",
        "(118, 967)",
        "(823, 872)",
        "(572, 218)"
    ],
    "(484, 854)": [
        "(9, 388)",
        "(731, 857)",
        "(809, 234)",
        "(943, 104)",
        "(227, 966)",
        "(65, 35)",
        "(601, 855)",
        "(202, 538)",
        "(797, 942)",
        "(336, 131)",
        "(64, 64)",
        "(982, 465)",
        "(170, 511)",
        "(823, 872)",
        "(999, 698)",
        "(217, 907)",
        "(545, 632)",
        "(262, 799)",
        "(26, 424)",
        "(150, 306)",
        "(198, 507)",
        "(184, 883)",
        "(170, 641)",
        "(733, 807)",
        "(491, 183)",
        "(526, 678)",
        "(344, 400)",
        "(636, 757)"
    ],
    "(208, 859)": [
        "(9, 388)",
        "(601, 855)",
        "(980, 410)",
        "(202, 768)",
        "(184, 883)",
        "(462, 827)",
        "(26, 424)",
        "(934, 161)",
        "(64, 64)",
        "(943, 104)",
        "(809, 234)",
        "(90, 455)",
        "(733, 807)",
        "(248, 721)",
        "(198, 507)",
        "(262, 799)",
        "(555, 542)",
        "(128, 624)",
        "(65, 35)",
        "(329, 852)",
        "(797, 942)",
        "(227, 966)",
        "(59, 12)",
        "(632, 106)",
        "(150, 306)",
        "(292, 723)",
        "(1000, 859)",
        "(823, 872)",
        "(761, 123)",
        "(746, 604)",
        "(549, 264)",
        "(682, 532)",
        "(217, 907)",
        "(731, 857)"
    ],
    "(549, 264)": [
        "(545, 632)",
        "(217, 907)",
        "(344, 400)",
        "(198, 507)",
        "(572, 218)",
        "(632, 106)",
        "(227, 966)",
        "(202, 768)",
        "(555, 542)",
        "(526, 678)",
        "(67, 255)",
        "(883, 391)",
        "(636, 757)",
        "(999, 698)",
        "(90, 455)",
        "(978, 795)",
        "(910, 5)",
        "(128, 624)",
        "(338, 105)",
        "(336, 131)",
        "(208, 859)",
        "(166, 85)",
        "(980, 410)"
    ],
    "(823, 872)": [
        "(761, 123)",
        "(90, 455)",
        "(344, 400)",
        "(30, 594)",
        "(202, 538)",
        "(59, 12)",
        "(198, 507)",
        "(170, 641)",
        "(934, 161)",
        "(943, 104)",
        "(1000, 859)",
        "(26, 424)",
        "(797, 942)",
        "(733, 807)",
        "(202, 768)",
        "(999, 698)",
        "(484, 854)",
        "(980, 410)",
        "(623, 954)",
        "(128, 624)",
        "(338, 105)",
        "(150, 306)",
        "(208, 859)",
        "(491, 183)",
        "(636, 757)",
        "(64, 64)",
        "(731, 857)",
        "(153, 629)",
        "(601, 855)",
        "(170, 511)"
    ],
    "(184, 883)": [
        "(809, 234)",
        "(344, 400)",
        "(227, 966)",
        "(623, 954)",
        "(775, 198)",
        "(1, 188)",
        "(208, 859)",
        "(910, 5)",
        "(329, 852)",
        "(682, 532)",
        "(292, 723)",
        "(555, 542)",
        "(128, 624)",
        "(59, 12)",
        "(30, 594)",
        "(202, 768)",
        "(491, 183)",
        "(150, 306)",
        "(632, 106)",
        "(1000, 859)",
        "(262, 799)",
        "(934, 161)",
        "(980, 410)",
        "(761, 123)",
        "(170, 511)",
        "(170, 641)",
        "(484, 854)"
    ],
    "(217, 907)": [
        "(623, 954)",
        "(526, 678)",
        "(978, 795)",
        "(549, 264)",
        "(128, 624)",
        "(999, 698)",
        "(733, 807)",
        "(632, 106)",
        "(202, 768)",
        "(170, 511)",
        "(910, 5)",
        "(980, 410)",
        "(170, 641)",
        "(329, 852)",
        "(883, 391)",
        "(809, 234)",
        "(484, 854)",
        "(64, 64)",
        "(943, 104)",
        "(26, 424)",
        "(59, 12)",
        "(118, 967)",
        "(208, 859)",
        "(227, 966)",
        "(248, 721)"
    ],
    "(797, 942)": [
        "(26, 424)",
        "(526, 678)",
        "(555, 542)",
        "(623, 954)",
        "(491, 183)",
        "(198, 507)",
        "(883, 391)",
        "(65, 35)",
        "(682, 532)",
        "(746, 604)",
        "(484, 854)",
        "(128, 624)",
        "(943, 104)",
        "(978, 795)",
        "(823, 872)",
        "(999, 698)",
        "(982, 465)",
        "(227, 966)",
        "(601, 855)",
        "(208, 859)",
        "(329, 852)",
        "(1000, 859)",
        "(202, 538)",
        "(775, 198)",
        "(731, 857)",
        "(761, 123)",
        "(980, 410)",
        "(153, 629)",
        "(262, 799)",
        "(338, 105)",
        "(170, 511)",
        "(344, 400)",
        "(118, 967)",
        "(150, 306)"
    ],
    "(30, 594)": [
        "(67, 255)",
        "(26, 424)",
        "(128, 624)",
        "(823, 872)",
        "(336, 131)",
        "(636, 757)",
        "(118, 967)",
        "(184, 883)",
        "(292, 723)",
        "(746, 604)",
        "(943, 104)",
        "(982, 465)",
        "(731, 857)",
        "(883, 391)",
        "(733, 807)",
        "(9, 388)",
        "(545, 632)",
        "(90, 455)",
        "(623, 954)",
        "(462, 827)",
        "(198, 507)",
        "(555, 542)"
    ],
    "(761, 123)": [
        "(227, 966)",
        "(823, 872)",
        "(344, 400)",
        "(262, 799)",
        "(202, 768)",
        "(64, 64)",
        "(982, 465)",
        "(65, 35)",
        "(883, 391)",
        "(336, 131)",
        "(166, 85)",
        "(943, 104)",
        "(128, 624)",
        "(910, 5)",
        "(170, 641)",
        "(491, 183)",
        "(809, 234)",
        "(184, 883)",
        "(545, 632)",
        "(118, 967)",
        "(978, 795)",
        "(67, 255)",
        "(733, 807)",
        "(934, 161)",
        "(208, 859)",
        "(797, 942)",
        "(292, 723)",
        "(338, 105)",
        "(746, 604)"
    ],
    "(733, 807)": [
        "(636, 757)",
        "(555, 542)",
        "(202, 538)",
        "(338, 105)",
        "(217, 907)",
        "(150, 306)",
        "(623, 954)",
        "(248, 721)",
        "(572, 218)",
        "(208, 859)",
        "(943, 104)",
        "(202, 768)",
        "(26, 424)",
        "(90, 455)",
        "(746, 604)",
        "(227, 966)",
        "(64, 64)",
        "(775, 198)",
        "(823, 872)",
        "(1, 188)",
        "(262, 799)",
        "(934, 161)",
        "(761, 123)",
        "(118, 967)",
        "(682, 532)",
        "(30, 594)",
        "(9, 388)",
        "(999, 698)",
        "(484, 854)",
        "(731, 857)",
        "(65, 35)",
        "(526, 678)",
        "(545, 632)"
    ],
    "(545, 632)": [
        "(549, 264)",
        "(336, 131)",
        "(202, 538)",
        "(292, 723)",
        "(746, 604)",
        "(128, 624)",
        "(202, 768)",
        "(809, 234)",
        "(150, 306)",
        "(682, 532)",
        "(26, 424)",
        "(632, 106)",
        "(1, 188)",
        "(462, 827)",
        "(198, 507)",
        "(248, 721)",
        "(90, 455)",
        "(484, 854)",
        "(999, 698)",
        "(166, 85)",
        "(978, 795)",
        "(761, 123)",
        "(982, 465)",
        "(980, 410)",
        "(1000, 859)",
        "(344, 400)",
        "(338, 105)",
        "(636, 757)",
        "(775, 198)",
        "(30, 594)",
        "(65, 35)",
        "(9, 388)",
        "(733, 807)",
        "(262, 799)",
        "(731, 857)"
    ],
    "(338, 105)": [
        "(999, 698)",
        "(883, 391)",
        "(329, 852)",
        "(733, 807)",
        "(526, 678)",
        "(809, 234)",
        "(170, 641)",
        "(26, 424)",
        "(198, 507)",
        "(1, 188)",
        "(64, 64)",
        "(9, 388)",
        "(943, 104)",
        "(336, 131)",
        "(166, 85)",
        "(462, 827)",
        "(202, 768)",
        "(65, 35)",
        "(731, 857)",
        "(982, 465)",
        "(344, 400)",
        "(202, 538)",
        "(910, 5)",
        "(632, 106)",
        "(549, 264)",
        "(292, 723)",
        "(823, 872)",
        "(545, 632)",
        "(262, 799)",
        "(682, 532)",
        "(980, 410)",
        "(934, 161)",
        "(153, 629)",
        "(491, 183)",
        "(797, 942)",
        "(761, 123)",
        "(746, 604)",
        "(227, 966)",
        "(623, 954)"
    ],
    "(65, 35)": [
        "(202, 768)",
        "(797, 942)",
        "(150, 306)",
        "(761, 123)",
        "(572, 218)",
        "(484, 854)",
        "(166, 85)",
        "(982, 465)",
        "(491, 183)",
        "(153, 629)",
        "(329, 852)",
        "(338, 105)",
        "(208, 859)",
        "(198, 507)",
        "(775, 198)",
        "(682, 532)",
        "(746, 604)",
        "(170, 511)",
        "(980, 410)",
        "(632, 106)",
        "(978, 795)",
        "(26, 424)",
        "(59, 12)",
        "(526, 678)",
        "(202, 538)",
        "(623, 954)",
        "(545, 632)",
        "(636, 757)",
        "(809, 234)",
        "(733, 807)"
    ],
    "(982, 465)": [
        "(344, 400)",
        "(262, 799)",
        "(292, 723)",
        "(761, 123)",
        "(943, 104)",
        "(978, 795)",
        "(65, 35)",
        "(746, 604)",
        "(491, 183)",
        "(809, 234)",
        "(64, 64)",
        "(198, 507)",
        "(797, 942)",
        "(484, 854)",
        "(462, 827)",
        "(329, 852)",
        "(9, 388)",
        "(338, 105)",
        "(170, 511)",
        "(153, 629)",
        "(30, 594)",
        "(170, 641)",
        "(227, 966)",
        "(150, 306)",
        "(545, 632)",
        "(682, 532)",
        "(883, 391)",
        "(59, 12)",
        "(555, 542)",
        "(623, 954)",
        "(934, 161)",
        "(67, 255)",
        "(601, 855)",
        "(775, 198)"
    ],
    "(572, 218)": [
        "(549, 264)",
        "(166, 85)",
        "(65, 35)",
        "(90, 455)",
        "(733, 807)",
        "(526, 678)",
        "(26, 424)",
        "(491, 183)",
        "(248, 721)",
        "(809, 234)",
        "(292, 723)",
        "(128, 624)",
        "(462, 827)",
        "(344, 400)",
        "(198, 507)",
        "(883, 391)",
        "(118, 967)",
        "(746, 604)",
        "(980, 410)",
        "(775, 198)",
        "(67, 255)",
        "(555, 542)",
        "(202, 538)",
        "(601, 855)"
    ],
    "(227, 966)": [
        "(623, 954)",
        "(761, 123)",
        "(883, 391)",
        "(910, 5)",
        "(682, 532)",
        "(248, 721)",
        "(184, 883)",
        "(26, 424)",
        "(202, 768)",
        "(549, 264)",
        "(128, 624)",
        "(166, 85)",
        "(64, 64)",
        "(484, 854)",
        "(733, 807)",
        "(344, 400)",
        "(262, 799)",
        "(555, 542)",
        "(797, 942)",
        "(999, 698)",
        "(526, 678)",
        "(329, 852)",
        "(208, 859)",
        "(170, 511)",
        "(982, 465)",
        "(934, 161)",
        "(9, 388)",
        "(632, 106)",
        "(1, 188)",
        "(67, 255)",
        "(90, 455)",
        "(153, 629)",
        "(217, 907)",
        "(980, 410)",
        "(338, 105)"
    ],
    "(632, 106)": [
        "(943, 104)",
        "(549, 264)",
        "(601, 855)",
        "(217, 907)",
        "(1, 188)",
        "(118, 967)",
        "(59, 12)",
        "(910, 5)",
        "(545, 632)",
        "(150, 306)",
        "(184, 883)",
        "(809, 234)",
        "(262, 799)",
        "(775, 198)",
        "(90, 455)",
        "(198, 507)",
        "(746, 604)",
        "(462, 827)",
        "(555, 542)",
        "(338, 105)",
        "(208, 859)",
        "(65, 35)",
        "(1000, 859)",
        "(248, 721)",
        "(978, 795)",
        "(170, 511)",
        "(227, 966)",
        "(67, 255)",
        "(682, 532)"
    ],
    "(934, 161)": [
        "(26, 424)",
        "(910, 5)",
        "(118, 967)",
        "(208, 859)",
        "(978, 795)",
        "(601, 855)",
        "(823, 872)",
        "(67, 255)",
        "(329, 852)",
        "(491, 183)",
        "(1000, 859)",
        "(9, 388)",
        "(184, 883)",
        "(775, 198)",
        "(202, 538)",
        "(555, 542)",
        "(198, 507)",
        "(733, 807)",
        "(746, 604)",
        "(128, 624)",
        "(943, 104)",
        "(227, 966)",
        "(809, 234)",
        "(761, 123)",
        "(166, 85)",
        "(338, 105)",
        "(999, 698)",
        "(90, 455)",
        "(982, 465)",
        "(623, 954)"
    ],
    "(731, 857)": [
        "(484, 854)",
        "(491, 183)",
        "(248, 721)",
        "(883, 391)",
        "(26, 424)",
        "(775, 198)",
        "(682, 532)",
        "(329, 852)",
        "(202, 538)",
        "(746, 604)",
        "(338, 105)",
        "(30, 594)",
        "(90, 455)",
        "(980, 410)",
        "(336, 131)",
        "(1000, 859)",
        "(797, 942)",
        "(733, 807)",
        "(208, 859)",
        "(823, 872)",
        "(636, 757)",
        "(150, 306)",
        "(545, 632)"
    ],
    "(809, 234)": [
        "(59, 12)",
        "(775, 198)",
        "(184, 883)",
        "(484, 854)",
        "(526, 678)",
        "(883, 391)",
        "(746, 604)",
        "(338, 105)",
        "(128, 624)",
        "(1, 188)",
        "(545, 632)",
        "(208, 859)",
        "(150, 306)",
        "(572, 218)",
        "(329, 852)",
        "(982, 465)",
        "(632, 106)",
        "(1000, 859)",
        "(202, 538)",
        "(90, 455)",
        "(198, 507)",
        "(217, 907)",
        "(761, 123)",
        "(491, 183)",
        "(934, 161)",
        "(601, 855)",
        "(682, 532)",
        "(943, 104)",
        "(262, 799)",
        "(153, 629)",
        "(65, 35)"
    ],
    "(1, 188)": [
        "(491, 183)",
        "(292, 723)",
        "(184, 883)",
        "(526, 678)",
        "(202, 768)",
        "(248, 721)",
        "(809, 234)",
        "(338, 105)",
        "(9, 388)",
        "(202, 538)",
        "(59, 12)",
        "(632, 106)",
        "(623, 954)",
        "(545, 632)",
        "(153, 629)",
        "(198, 507)",
        "(170, 641)",
        "(90, 455)",
        "(555, 542)",
        "(67, 255)",
        "(128, 624)",
        "(733, 807)",
        "(344, 400)",
        "(462, 827)",
        "(150, 306)",
        "(1000, 859)",
        "(118, 967)",
        "(227, 966)",
        "(943, 104)"
    ],
    "(128, 624)": [
        "(202, 538)",
        "(217, 907)",
        "(30, 594)",
        "(623, 954)",
        "(809, 234)",
        "(329, 852)",
        "(545, 632)",
        "(227, 966)",
        "(980, 410)",
        "(184, 883)",
        "(198, 507)",
        "(572, 218)",
        "(797, 942)",
        "(761, 123)",
        "(208, 859)",
        "(90, 455)",
        "(1, 188)",
        "(344, 400)",
        "(26, 424)",
        "(549, 264)",
        "(934, 161)",
        "(601, 855)",
        "(636, 757)",
        "(166, 85)",
        "(823, 872)",
        "(775, 198)",
        "(9, 388)",
        "(202, 768)",
        "(67, 255)",
        "(999, 698)",
        "(170, 511)",
        "(746, 604)"
    ],
    "(636, 757)": [
        "(733, 807)",
        "(999, 698)",
        "(170, 641)",
        "(329, 852)",
        "(943, 104)",
        "(170, 511)",
        "(336, 131)",
        "(344, 400)",
        "(30, 594)",
        "(549, 264)",
        "(202, 538)",
        "(166, 85)",
        "(1000, 859)",
        "(202, 768)",
        "(26, 424)",
        "(555, 542)",
        "(90, 455)",
        "(118, 967)",
        "(128, 624)",
        "(823, 872)",
        "(545, 632)",
        "(65, 35)",
        "(731, 857)",
        "(292, 723)",
        "(484, 854)"
    ],
    "(999, 698)": [
        "(636, 757)",
        "(338, 105)",
        "(980, 410)",
        "(978, 795)",
        "(26, 424)",
        "(775, 198)",
        "(217, 907)",
        "(682, 532)",
        "(1000, 859)",
        "(150, 306)",
        "(198, 507)",
        "(943, 104)",
        "(67, 255)",
        "(202, 538)",
        "(170, 511)",
        "(797, 942)",
        "(549, 264)",
        "(227, 966)",
        "(823, 872)",
        "(484, 854)",
        "(910, 5)",
        "(545, 632)",
        "(292, 723)",
        "(733, 807)",
        "(344, 400)",
        "(9, 388)",
        "(934, 161)",
        "(153, 629)",
        "(623, 954)",
        "(128, 624)"
    ],
    "(150, 306)": [
        "(65, 35)",
        "(202, 768)",
        "(733, 807)",
        "(67, 255)",
        "(545, 632)",
        "(809, 234)",
        "(526, 678)",
        "(118, 967)",
        "(943, 104)",
        "(978, 795)",
        "(999, 698)",
        "(248, 721)",
        "(632, 106)",
        "(184, 883)",
        "(292, 723)",
        "(329, 852)",
        "(208, 859)",
        "(484, 854)",
        "(982, 465)",
        "(491, 183)",
        "(823, 872)",
        "(1, 188)",
        "(9, 388)",
        "(731, 857)",
        "(797, 942)"
    ],
    "(775, 198)": [
        "(809, 234)",
        "(170, 511)",
        "(184, 883)",
        "(999, 698)",
        "(64, 64)",
        "(67, 255)",
        "(262, 799)",
        "(731, 857)",
        "(733, 807)",
        "(601, 855)",
        "(632, 106)",
        "(65, 35)",
        "(746, 604)",
        "(170, 641)",
        "(682, 532)",
        "(934, 161)",
        "(1000, 859)",
        "(623, 954)",
        "(943, 104)",
        "(572, 218)",
        "(491, 183)",
        "(797, 942)",
        "(555, 542)",
        "(462, 827)",
        "(128, 624)",
        "(545, 632)",
        "(910, 5)",
        "(982, 465)",
        "(883, 391)"
    ],
    "(198, 507)": [
        "(746, 604)",
        "(797, 942)",
        "(549, 264)",
        "(980, 410)",
        "(292, 723)",
        "(338, 105)",
        "(823, 872)",
        "(910, 5)",
        "(555, 542)",
        "(208, 859)",
        "(978, 795)",
        "(202, 768)",
        "(462, 827)",
        "(128, 624)",
        "(999, 698)",
        "(64, 64)",
        "(1, 188)",
        "(202, 538)",
        "(572, 218)",
        "(982, 465)",
        "(65, 35)",
        "(545, 632)",
        "(632, 106)",
        "(809, 234)",
        "(623, 954)",
        "(9, 388)",
        "(934, 161)",
        "(484, 854)",
        "(601, 855)",
        "(170, 511)",
        "(166, 85)",
        "(26, 424)",
        "(30, 594)",
        "(118, 967)",
        "(344, 400)"
    ],
    "(118, 967)": [
        "(462, 827)",
        "(934, 161)",
        "(1000, 859)",
        "(150, 306)",
        "(632, 106)",
        "(30, 594)",
        "(329, 852)",
        "(64, 64)",
        "(623, 954)",
        "(980, 410)",
        "(67, 255)",
        "(572, 218)",
        "(761, 123)",
        "(636, 757)",
        "(26, 424)",
        "(90, 455)",
        "(733, 807)",
        "(202, 538)",
        "(1, 188)",
        "(217, 907)",
        "(555, 542)",
        "(336, 131)",
        "(601, 855)",
        "(943, 104)",
        "(746, 604)",
        "(797, 942)",
        "(198, 507)",
        "(59, 12)"
    ],
    "(526, 678)": [
        "(462, 827)",
        "(797, 942)",
        "(217, 907)",
        "(336, 131)",
        "(809, 234)",
        "(338, 105)",
        "(1, 188)",
        "(980, 410)",
        "(9, 388)",
        "(549, 264)",
        "(572, 218)",
        "(150, 306)",
        "(153, 629)",
        "(883, 391)",
        "(166, 85)",
        "(746, 604)",
        "(227, 966)",
        "(90, 455)",
        "(344, 400)",
        "(1000, 859)",
        "(202, 768)",
        "(601, 855)",
        "(682, 532)",
        "(262, 799)",
        "(67, 255)",
        "(65, 35)",
        "(484, 854)",
        "(733, 807)"
    ],
    "(248, 721)": [
        "(883, 391)",
        "(910, 5)",
        "(227, 966)",
        "(491, 183)",
        "(153, 629)",
        "(682, 532)",
        "(1, 188)",
        "(731, 857)",
        "(733, 807)",
        "(329, 852)",
        "(208, 859)",
        "(572, 218)",
        "(150, 306)",
        "(601, 855)",
        "(623, 954)",
        "(545, 632)",
        "(1000, 859)",
        "(632, 106)",
        "(64, 64)",
        "(217, 907)"
    ],
    "(336, 131)": [
        "(202, 538)",
        "(746, 604)",
        "(526, 678)",
        "(545, 632)",
        "(1000, 859)",
        "(601, 855)",
        "(170, 641)",
        "(64, 64)",
        "(262, 799)",
        "(636, 757)",
        "(910, 5)",
        "(30, 594)",
        "(170, 511)",
        "(484, 854)",
        "(761, 123)",
        "(338, 105)",
        "(682, 532)",
        "(90, 455)",
        "(26, 424)",
        "(329, 852)",
        "(549, 264)",
        "(731, 857)",
        "(118, 967)",
        "(344, 400)",
        "(166, 85)",
        "(491, 183)",
        "(67, 255)"
    ],
    "(67, 255)": [
        "(30, 594)",
        "(555, 542)",
        "(150, 306)",
        "(153, 629)",
        "(623, 954)",
        "(549, 264)",
        "(775, 198)",
        "(999, 698)",
        "(934, 161)",
        "(170, 641)",
        "(1, 188)",
        "(118, 967)",
        "(491, 183)",
        "(761, 123)",
        "(166, 85)",
        "(526, 678)",
        "(572, 218)",
        "(202, 768)",
        "(9, 388)",
        "(883, 391)",
        "(601, 855)",
        "(227, 966)",
        "(682, 532)",
        "(982, 465)",
        "(128, 624)",
        "(462, 827)",
        "(632, 106)",
        "(336, 131)",
        "(1000, 859)",
        "(910, 5)"
    ],
    "(329, 852)": [
        "(943, 104)",
        "(636, 757)",
        "(883, 391)",
        "(338, 105)",
        "(601, 855)",
        "(153, 629)",
        "(128, 624)",
        "(184, 883)",
        "(248, 721)",
        "(682, 532)",
        "(731, 857)",
        "(118, 967)",
        "(809, 234)",
        "(910, 5)",
        "(217, 907)",
        "(934, 161)",
        "(65, 35)",
        "(462, 827)",
        "(982, 465)",
        "(208, 859)",
        "(797, 942)",
        "(227, 966)",
        "(26, 424)",
        "(150, 306)",
        "(336, 131)",
        "(1000, 859)",
        "(202, 538)",
        "(344, 400)",
        "(64, 64)",
        "(491, 183)"
    ],
    "(153, 629)": [
        "(202, 538)",
        "(601, 855)",
        "(248, 721)",
        "(329, 852)",
        "(623, 954)",
        "(67, 255)",
        "(491, 183)",
        "(526, 678)",
        "(978, 795)",
        "(462, 827)",
        "(1, 188)",
        "(65, 35)",
        "(9, 388)",
        "(682, 532)",
        "(982, 465)",
        "(59, 12)",
        "(166, 85)",
        "(292, 723)",
        "(262, 799)",
        "(26, 424)",
        "(910, 5)",
        "(170, 641)",
        "(797, 942)",
        "(999, 698)",
        "(809, 234)",
        "(338, 105)",
        "(227, 966)",
        "(823, 872)"
    ],
    "(59, 12)": [
        "(809, 234)",
        "(910, 5)",
        "(823, 872)",
        "(1, 188)",
        "(491, 183)",
        "(184, 883)",
        "(632, 106)",
        "(64, 64)",
        "(682, 532)",
        "(623, 954)",
        "(170, 511)",
        "(344, 400)",
        "(153, 629)",
        "(208, 859)",
        "(90, 455)",
        "(65, 35)",
        "(166, 85)",
        "(601, 855)",
        "(982, 465)",
        "(217, 907)",
        "(746, 604)",
        "(1000, 859)",
        "(118, 967)"
    ],
    "(202, 538)": [
        "(336, 131)",
        "(682, 532)",
        "(545, 632)",
        "(153, 629)",
        "(128, 624)",
        "(978, 795)",
        "(733, 807)",
        "(823, 872)",
        "(1, 188)",
        "(484, 854)",
        "(731, 857)",
        "(636, 757)",
        "(198, 507)",
        "(999, 698)",
        "(809, 234)",
        "(170, 641)",
        "(338, 105)",
        "(934, 161)",
        "(1000, 859)",
        "(797, 942)",
        "(344, 400)",
        "(329, 852)",
        "(65, 35)",
        "(555, 542)",
        "(118, 967)",
        "(26, 424)",
        "(202, 768)",
        "(64, 64)",
        "(572, 218)",
        "(262, 799)"
    ],
    "(980, 410)": [
        "(601, 855)",
        "(999, 698)",
        "(208, 859)",
        "(198, 507)",
        "(526, 678)",
        "(623, 954)",
        "(462, 827)",
        "(128, 624)",
        "(217, 907)",
        "(166, 85)",
        "(682, 532)",
        "(978, 795)",
        "(118, 967)",
        "(883, 391)",
        "(344, 400)",
        "(292, 723)",
        "(746, 604)",
        "(26, 424)",
        "(170, 511)",
        "(184, 883)",
        "(262, 799)",
        "(823, 872)",
        "(572, 218)",
        "(910, 5)",
        "(65, 35)",
        "(731, 857)",
        "(1000, 859)",
        "(202, 768)",
        "(545, 632)",
        "(338, 105)",
        "(797, 942)",
        "(227, 966)",
        "(549, 264)"
    ],
    "(344, 400)": [
        "(1000, 859)",
        "(883, 391)",
        "(761, 123)",
        "(982, 465)",
        "(184, 883)",
        "(549, 264)",
        "(823, 872)",
        "(636, 757)",
        "(292, 723)",
        "(9, 388)",
        "(227, 966)",
        "(572, 218)",
        "(491, 183)",
        "(601, 855)",
        "(59, 12)",
        "(980, 410)",
        "(338, 105)",
        "(526, 678)",
        "(128, 624)",
        "(166, 85)",
        "(202, 768)",
        "(202, 538)",
        "(1, 188)",
        "(545, 632)",
        "(329, 852)",
        "(999, 698)",
        "(336, 131)",
        "(555, 542)",
        "(797, 942)",
        "(462, 827)",
        "(484, 854)",
        "(198, 507)"
    ],
    "(623, 954)": [
        "(227, 966)",
        "(217, 907)",
        "(797, 942)",
        "(184, 883)",
        "(682, 532)",
        "(128, 624)",
        "(90, 455)",
        "(1000, 859)",
        "(153, 629)",
        "(202, 768)",
        "(733, 807)",
        "(67, 255)",
        "(980, 410)",
        "(292, 723)",
        "(1, 188)",
        "(248, 721)",
        "(262, 799)",
        "(118, 967)",
        "(59, 12)",
        "(9, 388)",
        "(198, 507)",
        "(601, 855)",
        "(462, 827)",
        "(883, 391)",
        "(775, 198)",
        "(823, 872)",
        "(166, 85)",
        "(943, 104)",
        "(982, 465)",
        "(746, 604)",
        "(65, 35)",
        "(999, 698)",
        "(30, 594)",
        "(934, 161)",
        "(338, 105)"
    ],
    "(170, 641)": [
        "(636, 757)",
        "(336, 131)",
        "(883, 391)",
        "(910, 5)",
        "(338, 105)",
        "(555, 542)",
        "(823, 872)",
        "(217, 907)",
        "(67, 255)",
        "(1, 188)",
        "(761, 123)",
        "(601, 855)",
        "(202, 538)",
        "(26, 424)",
        "(1000, 859)",
        "(775, 198)",
        "(982, 465)",
        "(184, 883)",
        "(9, 388)",
        "(491, 183)",
        "(90, 455)",
        "(153, 629)",
        "(484, 854)"
    ],
    "(1000, 859)": [
        "(344, 400)",
        "(336, 131)",
        "(491, 183)",
        "(118, 967)",
        "(555, 542)",
        "(623, 954)",
        "(999, 698)",
        "(823, 872)",
        "(166, 85)",
        "(809, 234)",
        "(934, 161)",
        "(636, 757)",
        "(746, 604)",
        "(170, 641)",
        "(184, 883)",
        "(797, 942)",
        "(775, 198)",
        "(526, 678)",
        "(202, 538)",
        "(980, 410)",
        "(248, 721)",
        "(329, 852)",
        "(632, 106)",
        "(731, 857)",
        "(545, 632)",
        "(202, 768)",
        "(208, 859)",
        "(1, 188)",
        "(601, 855)",
        "(59, 12)",
        "(67, 255)"
    ],
    "(943, 104)": [
        "(632, 106)",
        "(329, 852)",
        "(636, 757)",
        "(484, 854)",
        "(262, 799)",
        "(208, 859)",
        "(978, 795)",
        "(982, 465)",
        "(292, 723)",
        "(733, 807)",
        "(150, 306)",
        "(338, 105)",
        "(823, 872)",
        "(999, 698)",
        "(761, 123)",
        "(797, 942)",
        "(30, 594)",
        "(910, 5)",
        "(775, 198)",
        "(202, 768)",
        "(9, 388)",
        "(682, 532)",
        "(934, 161)",
        "(217, 907)",
        "(623, 954)",
        "(462, 827)",
        "(809, 234)",
        "(118, 967)",
        "(166, 85)",
        "(1, 188)"
    ],
    "(910, 5)": [
        "(462, 827)",
        "(227, 966)",
        "(248, 721)",
        "(934, 161)",
        "(170, 641)",
        "(336, 131)",
        "(184, 883)",
        "(170, 511)",
        "(59, 12)",
        "(64, 64)",
        "(198, 507)",
        "(217, 907)",
        "(632, 106)",
        "(761, 123)",
        "(329, 852)",
        "(978, 795)",
        "(943, 104)",
        "(338, 105)",
        "(999, 698)",
        "(980, 410)",
        "(549, 264)",
        "(153, 629)",
        "(202, 768)",
        "(775, 198)",
        "(90, 455)",
        "(67, 255)"
    ],
    "(170, 511)": [
        "(775, 198)",
        "(978, 795)",
        "(636, 757)",
        "(910, 5)",
        "(491, 183)",
        "(336, 131)",
        "(217, 907)",
        "(555, 542)",
        "(9, 388)",
        "(262, 799)",
        "(999, 698)",
        "(484, 854)",
        "(59, 12)",
        "(982, 465)",
        "(980, 410)",
        "(26, 424)",
        "(227, 966)",
        "(184, 883)",
        "(65, 35)",
        "(746, 604)",
        "(198, 507)",
        "(90, 455)",
        "(682, 532)",
        "(632, 106)",
        "(823, 872)",
        "(797, 942)",
        "(128, 624)"
    ],
    "(90, 455)": [
        "(823, 872)",
        "(462, 827)",
        "(262, 799)",
        "(623, 954)",
        "(572, 218)",
        "(208, 859)",
        "(601, 855)",
        "(733, 807)",
        "(555, 542)",
        "(336, 131)",
        "(1, 188)",
        "(549, 264)",
        "(809, 234)",
        "(632, 106)",
        "(128, 624)",
        "(545, 632)",
        "(526, 678)",
        "(636, 757)",
        "(731, 857)",
        "(59, 12)",
        "(170, 511)",
        "(118, 967)",
        "(170, 641)",
        "(292, 723)",
        "(934, 161)",
        "(491, 183)",
        "(227, 966)",
        "(30, 594)",
        "(910, 5)"
    ]
}