{
    "(689, 874)": [
        "(984, 237)",
        "(956, 540)",
        "(817, 177)",
        "(615, 503)",
        "(673, 32)",
        "(596, 205)",
        "(462, 192)",
        "(571, 64)",
        "(42, 478)",
        "(787, 78)",
        "(548, 901)",
        "(406, 486)",
        "(103, 44)",
        "(961, 88)",
        "(623, 995)",
        "(719, 899)",
        "(620, 292)",
        "(407, 253)",
        "(482, 683)",
        "(562, 456)",
        "(510, 846)",
        "(90, 665)",
        "(932, 69)",
        "(826, 766)",
        "(318, 325)",
        "(847, 993)",
        "(628, 233)",
        "(653, 861)",
        "(886, 932)",
        "(846, 622)",
        "(475, 267)",
        "(893, 100)",
        "(663, 94)",
        "(251, 974)",
        "(9, 416)",
        "(733, 626)",
        "(934, 355)",
        "(375, 783)",
        "(675, 369)",
        "(645, 715)",
        "(828, 269)",
        "(474, 641)",
        "(38, 362)",
        "(861, 36)",
        "(293, 106)",
        "(43, 909)",
        "(532, 613)",
        "(934, 627)",
        "(950, 735)"
    ],
    "(518, 344)": [
        "(637, 830)",
        "(444, 296)",
        "(265, 987)",
        "(784, 974)",
        "(934, 355)",
        "(826, 766)",
        "(628, 233)",
        "(711, 215)",
        "(653, 861)",
        "(934, 627)",
        "(475, 267)",
        "(117, 847)",
        "(828, 269)",
        "(620, 292)",
        "(961, 88)",
        "(90, 665)",
        "(42, 478)",
        "(532, 613)",
        "(843, 250)",
        "(893, 100)",
        "(9, 416)",
        "(38, 362)",
        "(488, 404)",
        "(251, 974)",
        "(512, 579)",
        "(842, 217)",
        "(675, 369)",
        "(48, 209)",
        "(932, 69)",
        "(913, 682)",
        "(482, 683)",
        "(886, 932)",
        "(322, 543)",
        "(847, 993)",
        "(474, 641)",
        "(846, 622)",
        "(100, 295)",
        "(711, 652)",
        "(984, 237)",
        "(615, 503)",
        "(861, 36)",
        "(466, 756)",
        "(557, 785)",
        "(492, 44)",
        "(701, 853)",
        "(915, 524)",
        "(103, 44)",
        "(956, 540)"
    ],
    "(596, 205)": [
        "(896, 202)",
        "(620, 292)",
        "(956, 540)",
        "(689, 874)",
        "(221, 620)",
        "(488, 404)",
        "(557, 785)",
        "(43, 909)",
        "(223, 645)",
        "(459, 96)",
        "(100, 295)",
        "(927, 465)",
        "(375, 783)",
        "(293, 106)",
        "(984, 237)",
        "(440, 657)",
        "(510, 846)",
        "(445, 843)",
        "(888, 140)",
        "(930, 652)",
        "(974, 779)",
        "(817, 177)",
        "(43, 449)",
        "(934, 627)",
        "(106, 323)",
        "(675, 369)",
        "(406, 486)",
        "(861, 36)",
        "(549, 120)",
        "(719, 899)",
        "(512, 579)",
        "(673, 32)",
        "(474, 641)",
        "(251, 974)",
        "(701, 853)",
        "(532, 613)",
        "(846, 622)",
        "(462, 192)",
        "(843, 250)",
        "(444, 296)",
        "(915, 524)",
        "(784, 974)",
        "(913, 682)",
        "(733, 626)",
        "(858, 922)",
        "(842, 217)",
        "(358, 599)",
        "(548, 901)",
        "(475, 267)",
        "(38, 362)",
        "(492, 44)",
        "(90, 665)",
        "(847, 993)",
        "(407, 253)"
    ],
    "(106, 323)": [
        "(300, 173)",
        "(548, 901)",
        "(915, 524)",
        "(847, 993)",
        "(787, 78)",
        "(475, 267)",
        "(896, 202)",
        "(406, 486)",
        "(48, 209)",
        "(42, 478)",
        "(828, 269)",
        "(488, 404)",
        "(733, 626)",
        "(673, 32)",
        "(645, 715)",
        "(474, 641)",
        "(974, 779)",
        "(678, 275)",
        "(596, 205)",
        "(571, 64)",
        "(492, 44)",
        "(932, 69)",
        "(720, 694)",
        "(812, 50)",
        "(711, 652)",
        "(407, 253)",
        "(482, 683)",
        "(445, 843)",
        "(223, 645)",
        "(221, 620)",
        "(846, 622)",
        "(843, 250)",
        "(105, 533)",
        "(466, 756)",
        "(653, 861)",
        "(43, 909)",
        "(562, 456)",
        "(90, 665)",
        "(532, 613)",
        "(375, 783)",
        "(620, 292)"
    ],
    "(488, 404)": [
        "(90, 665)",
        "(300, 173)",
        "(678, 275)",
        "(475, 267)",
        "(934, 355)",
        "(596, 205)",
        "(43, 449)",
        "(549, 120)",
        "(466, 756)",
        "(843, 250)",
        "(842, 217)",
        "(445, 843)",
        "(950, 735)",
        "(358, 599)",
        "(117, 847)",
        "(930, 652)",
        "(106, 323)",
        "(913, 682)",
        "(927, 465)",
        "(512, 579)",
        "(322, 543)",
        "(720, 694)",
        "(828, 269)",
        "(974, 779)",
        "(9, 416)",
        "(518, 344)",
        "(915, 524)",
        "(934, 627)",
        "(628, 233)",
        "(719, 899)",
        "(932, 69)",
        "(251, 974)",
        "(103, 44)",
        "(43, 909)",
        "(846, 622)",
        "(458, 208)",
        "(733, 626)",
        "(888, 140)",
        "(673, 32)",
        "(623, 995)",
        "(562, 456)",
        "(482, 683)",
        "(817, 177)",
        "(961, 88)",
        "(221, 620)",
        "(812, 50)",
        "(984, 237)",
        "(663, 94)",
        "(459, 96)",
        "(557, 785)",
        "(787, 78)"
    ],
    "(615, 503)": [
        "(896, 202)",
        "(689, 874)",
        "(673, 32)",
        "(886, 932)",
        "(826, 766)",
        "(265, 987)",
        "(223, 645)",
        "(678, 275)",
        "(623, 995)",
        "(458, 208)",
        "(620, 292)",
        "(459, 96)",
        "(961, 88)",
        "(562, 456)",
        "(861, 36)",
        "(549, 120)",
        "(358, 599)",
        "(440, 657)",
        "(843, 250)",
        "(105, 533)",
        "(915, 524)",
        "(817, 177)",
        "(571, 64)",
        "(100, 295)",
        "(475, 267)",
        "(318, 325)",
        "(293, 106)",
        "(42, 478)",
        "(48, 209)",
        "(482, 683)",
        "(532, 613)",
        "(812, 50)",
        "(720, 694)",
        "(888, 140)",
        "(406, 486)",
        "(653, 861)",
        "(375, 783)",
        "(38, 362)",
        "(733, 626)",
        "(719, 899)",
        "(300, 173)",
        "(518, 344)",
        "(462, 192)",
        "(950, 735)",
        "(927, 465)",
        "(407, 253)",
        "(934, 355)",
        "(117, 847)",
        "(913, 682)"
    ],
    "(510, 846)": [
        "(475, 267)",
        "(886, 932)",
        "(375, 783)",
        "(637, 830)",
        "(888, 140)",
        "(628, 233)",
        "(956, 540)",
        "(653, 861)",
        "(527, 588)",
        "(620, 292)",
        "(733, 626)",
        "(43, 909)",
        "(719, 899)",
        "(293, 106)",
        "(596, 205)",
        "(689, 874)",
        "(663, 94)",
        "(843, 250)",
        "(701, 853)",
        "(492, 44)",
        "(998, 988)",
        "(678, 275)",
        "(482, 683)",
        "(913, 682)",
        "(103, 44)",
        "(512, 579)",
        "(458, 208)",
        "(445, 843)",
        "(896, 202)",
        "(861, 36)",
        "(673, 32)",
        "(826, 766)",
        "(623, 995)",
        "(812, 50)",
        "(842, 217)",
        "(532, 613)",
        "(43, 449)",
        "(675, 369)",
        "(548, 901)",
        "(645, 715)",
        "(711, 652)",
        "(105, 533)",
        "(156, 400)",
        "(440, 657)",
        "(42, 478)",
        "(9, 416)",
        "(961, 88)",
        "(462, 192)",
        "(407, 253)",
        "(932, 69)"
    ],
    "(375, 783)": [
        "(932, 69)",
        "(318, 325)",
        "(623, 995)",
        "(42, 478)",
        "(961, 88)",
        "(549, 120)",
        "(492, 44)",
        "(510, 846)",
        "(817, 177)",
        "(826, 766)",
        "(527, 588)",
        "(984, 237)",
        "(43, 909)",
        "(512, 579)",
        "(596, 205)",
        "(861, 36)",
        "(828, 269)",
        "(105, 533)",
        "(251, 974)",
        "(300, 173)",
        "(678, 275)",
        "(38, 362)",
        "(930, 652)",
        "(100, 295)",
        "(637, 830)",
        "(934, 355)",
        "(223, 645)",
        "(628, 233)",
        "(956, 540)",
        "(915, 524)",
        "(620, 292)",
        "(90, 665)",
        "(9, 416)",
        "(847, 993)",
        "(221, 620)",
        "(571, 64)",
        "(322, 543)",
        "(653, 861)",
        "(265, 987)",
        "(615, 503)",
        "(689, 874)",
        "(48, 209)",
        "(719, 899)",
        "(893, 100)",
        "(673, 32)",
        "(974, 779)",
        "(406, 486)",
        "(675, 369)",
        "(459, 96)",
        "(358, 599)",
        "(913, 682)",
        "(106, 323)",
        "(645, 715)",
        "(462, 192)"
    ],
    "(492, 44)": [
        "(711, 215)",
        "(817, 177)",
        "(888, 140)",
        "(105, 533)",
        "(733, 626)",
        "(956, 540)",
        "(375, 783)",
        "(711, 652)",
        "(223, 645)",
        "(843, 250)",
        "(720, 694)",
        "(9, 416)",
        "(637, 830)",
        "(846, 622)",
        "(678, 275)",
        "(510, 846)",
        "(459, 96)",
        "(106, 323)",
        "(784, 974)",
        "(847, 993)",
        "(645, 715)",
        "(861, 36)",
        "(812, 50)",
        "(407, 253)",
        "(628, 233)",
        "(48, 209)",
        "(826, 766)",
        "(974, 779)",
        "(466, 756)",
        "(474, 641)",
        "(620, 292)",
        "(562, 456)",
        "(548, 901)",
        "(893, 100)",
        "(518, 344)",
        "(43, 449)",
        "(934, 355)",
        "(663, 94)",
        "(440, 657)",
        "(596, 205)",
        "(43, 909)"
    ],
    "(701, 853)": [
        "(915, 524)",
        "(221, 620)",
        "(888, 140)",
        "(934, 355)",
        "(43, 449)",
        "(549, 120)",
        "(42, 478)",
        "(293, 106)",
        "(620, 292)",
        "(462, 192)",
        "(527, 588)",
        "(927, 465)",
        "(90, 665)",
        "(156, 400)",
        "(562, 456)",
        "(510, 846)",
        "(251, 974)",
        "(265, 987)",
        "(117, 847)",
        "(930, 652)",
        "(43, 909)",
        "(445, 843)",
        "(846, 622)",
        "(300, 173)",
        "(38, 362)",
        "(103, 44)",
        "(663, 94)",
        "(932, 69)",
        "(596, 205)",
        "(623, 995)",
        "(934, 627)",
        "(628, 233)",
        "(826, 766)",
        "(532, 613)",
        "(440, 657)",
        "(475, 267)",
        "(950, 735)",
        "(678, 275)",
        "(843, 250)",
        "(998, 988)",
        "(673, 32)",
        "(518, 344)",
        "(653, 861)",
        "(100, 295)",
        "(974, 779)",
        "(318, 325)",
        "(711, 215)",
        "(828, 269)"
    ],
    "(843, 250)": [
        "(888, 140)",
        "(787, 78)",
        "(251, 974)",
        "(733, 626)",
        "(846, 622)",
        "(488, 404)",
        "(492, 44)",
        "(720, 694)",
        "(265, 987)",
        "(532, 613)",
        "(293, 106)",
        "(510, 846)",
        "(932, 69)",
        "(615, 503)",
        "(842, 217)",
        "(984, 237)",
        "(927, 465)",
        "(518, 344)",
        "(223, 645)",
        "(459, 96)",
        "(549, 120)",
        "(896, 202)",
        "(620, 292)",
        "(318, 325)",
        "(915, 524)",
        "(90, 665)",
        "(596, 205)",
        "(548, 901)",
        "(893, 100)",
        "(9, 416)",
        "(406, 486)",
        "(913, 682)",
        "(43, 449)",
        "(861, 36)",
        "(106, 323)",
        "(527, 588)",
        "(701, 853)",
        "(440, 657)",
        "(934, 627)",
        "(444, 296)",
        "(678, 275)"
    ],
    "(974, 779)": [
        "(956, 540)",
        "(984, 237)",
        "(998, 988)",
        "(934, 627)",
        "(43, 449)",
        "(842, 217)",
        "(156, 400)",
        "(817, 177)",
        "(557, 785)",
        "(458, 208)",
        "(103, 44)",
        "(812, 50)",
        "(117, 847)",
        "(663, 94)",
        "(628, 233)",
        "(42, 478)",
        "(719, 899)",
        "(787, 78)",
        "(596, 205)",
        "(466, 756)",
        "(106, 323)",
        "(445, 843)",
        "(318, 325)",
        "(488, 404)",
        "(440, 657)",
        "(406, 486)",
        "(711, 215)",
        "(100, 295)",
        "(9, 416)",
        "(645, 715)",
        "(675, 369)",
        "(861, 36)",
        "(896, 202)",
        "(915, 524)",
        "(637, 830)",
        "(492, 44)",
        "(527, 588)",
        "(293, 106)",
        "(90, 665)",
        "(826, 766)",
        "(482, 683)",
        "(375, 783)",
        "(961, 88)",
        "(48, 209)",
        "(221, 620)",
        "(462, 192)",
        "(322, 543)",
        "(701, 853)"
    ],
    "(893, 100)": [
        "(817, 177)",
        "(787, 78)",
        "(527, 588)",
        "(842, 217)",
        "(532, 613)",
        "(562, 456)",
        "(711, 215)",
        "(888, 140)",
        "(407, 253)",
        "(458, 208)",
        "(474, 641)",
        "(42, 478)",
        "(445, 843)",
        "(620, 292)",
        "(571, 64)",
        "(861, 36)",
        "(548, 901)",
        "(927, 465)",
        "(950, 735)",
        "(518, 344)",
        "(932, 69)",
        "(689, 874)",
        "(300, 173)",
        "(43, 909)",
        "(675, 369)",
        "(100, 295)",
        "(984, 237)",
        "(462, 192)",
        "(843, 250)",
        "(358, 599)",
        "(251, 974)",
        "(375, 783)",
        "(492, 44)",
        "(475, 267)",
        "(406, 486)",
        "(720, 694)",
        "(318, 325)",
        "(828, 269)",
        "(847, 993)",
        "(90, 665)",
        "(663, 94)",
        "(934, 355)",
        "(628, 233)",
        "(711, 652)",
        "(653, 861)"
    ],
    "(43, 909)": [
        "(720, 694)",
        "(678, 275)",
        "(156, 400)",
        "(90, 665)",
        "(482, 683)",
        "(934, 627)",
        "(251, 974)",
        "(596, 205)",
        "(48, 209)",
        "(375, 783)",
        "(961, 88)",
        "(510, 846)",
        "(406, 486)",
        "(842, 217)",
        "(930, 652)",
        "(784, 974)",
        "(913, 682)",
        "(9, 416)",
        "(407, 253)",
        "(701, 853)",
        "(571, 64)",
        "(620, 292)",
        "(675, 369)",
        "(358, 599)",
        "(645, 715)",
        "(444, 296)",
        "(934, 355)",
        "(846, 622)",
        "(43, 449)",
        "(265, 987)",
        "(663, 94)",
        "(488, 404)",
        "(548, 901)",
        "(300, 173)",
        "(828, 269)",
        "(893, 100)",
        "(562, 456)",
        "(896, 202)",
        "(440, 657)",
        "(100, 295)",
        "(886, 932)",
        "(847, 993)",
        "(637, 830)",
        "(221, 620)",
        "(105, 533)",
        "(445, 843)",
        "(106, 323)",
        "(998, 988)",
        "(689, 874)",
        "(733, 626)",
        "(711, 215)",
        "(861, 36)",
        "(466, 756)",
        "(492, 44)",
        "(459, 96)",
        "(458, 208)"
    ],
    "(445, 843)": [
        "(817, 177)",
        "(293, 106)",
        "(950, 735)",
        "(930, 652)",
        "(318, 325)",
        "(117, 847)",
        "(444, 296)",
        "(826, 766)",
        "(653, 861)",
        "(156, 400)",
        "(488, 404)",
        "(893, 100)",
        "(596, 205)",
        "(100, 295)",
        "(562, 456)",
        "(623, 995)",
        "(974, 779)",
        "(42, 478)",
        "(103, 44)",
        "(48, 209)",
        "(701, 853)",
        "(300, 173)",
        "(673, 32)",
        "(466, 756)",
        "(510, 846)",
        "(106, 323)",
        "(482, 683)",
        "(462, 192)",
        "(678, 275)",
        "(886, 932)",
        "(265, 987)",
        "(663, 94)",
        "(645, 715)",
        "(43, 909)",
        "(711, 652)",
        "(961, 88)",
        "(474, 641)",
        "(458, 208)",
        "(358, 599)",
        "(532, 613)"
    ],
    "(458, 208)": [
        "(720, 694)",
        "(322, 543)",
        "(628, 233)",
        "(562, 456)",
        "(444, 296)",
        "(653, 861)",
        "(893, 100)",
        "(532, 613)",
        "(974, 779)",
        "(913, 682)",
        "(787, 78)",
        "(615, 503)",
        "(407, 253)",
        "(784, 974)",
        "(48, 209)",
        "(711, 652)",
        "(915, 524)",
        "(886, 932)",
        "(557, 785)",
        "(527, 588)",
        "(861, 36)",
        "(105, 533)",
        "(9, 416)",
        "(43, 449)",
        "(675, 369)",
        "(846, 622)",
        "(956, 540)",
        "(950, 735)",
        "(90, 665)",
        "(510, 846)",
        "(571, 64)",
        "(645, 715)",
        "(930, 652)",
        "(678, 275)",
        "(896, 202)",
        "(462, 192)",
        "(406, 486)",
        "(42, 478)",
        "(251, 974)",
        "(488, 404)",
        "(475, 267)",
        "(103, 44)",
        "(156, 400)",
        "(826, 766)",
        "(358, 599)",
        "(474, 641)",
        "(663, 94)",
        "(623, 995)",
        "(38, 362)",
        "(445, 843)",
        "(43, 909)",
        "(817, 177)"
    ],
    "(90, 665)": [
        "(562, 456)",
        "(956, 540)",
        "(488, 404)",
        "(812, 50)",
        "(293, 106)",
        "(43, 909)",
        "(462, 192)",
        "(915, 524)",
        "(896, 202)",
        "(888, 140)",
        "(913, 682)",
        "(221, 620)",
        "(701, 853)",
        "(406, 486)",
        "(934, 355)",
        "(817, 177)",
        "(678, 275)",
        "(689, 874)",
        "(518, 344)",
        "(43, 449)",
        "(251, 974)",
        "(720, 694)",
        "(861, 36)",
        "(886, 932)",
        "(458, 208)",
        "(930, 652)",
        "(474, 641)",
        "(375, 783)",
        "(961, 88)",
        "(826, 766)",
        "(843, 250)",
        "(974, 779)",
        "(846, 622)",
        "(459, 96)",
        "(984, 237)",
        "(733, 626)",
        "(628, 233)",
        "(719, 899)",
        "(548, 901)",
        "(358, 599)",
        "(106, 323)",
        "(893, 100)",
        "(596, 205)",
        "(42, 478)",
        "(784, 974)",
        "(9, 416)",
        "(532, 613)"
    ],
    "(858, 922)": [
        "(527, 588)",
        "(440, 657)",
        "(930, 652)",
        "(675, 369)",
        "(817, 177)",
        "(223, 645)",
        "(549, 120)",
        "(934, 627)",
        "(846, 622)",
        "(787, 78)",
        "(913, 682)",
        "(847, 993)",
        "(105, 533)",
        "(42, 478)",
        "(984, 237)",
        "(861, 36)",
        "(888, 140)",
        "(826, 766)",
        "(784, 974)",
        "(462, 192)",
        "(557, 785)",
        "(43, 449)",
        "(459, 96)",
        "(673, 32)",
        "(620, 292)",
        "(720, 694)",
        "(950, 735)",
        "(915, 524)",
        "(512, 579)",
        "(293, 106)",
        "(475, 267)",
        "(623, 995)",
        "(474, 641)",
        "(265, 987)",
        "(466, 756)",
        "(596, 205)",
        "(548, 901)",
        "(562, 456)",
        "(156, 400)",
        "(998, 988)",
        "(221, 620)",
        "(251, 974)"
    ],
    "(956, 540)": [
        "(689, 874)",
        "(974, 779)",
        "(90, 665)",
        "(406, 486)",
        "(596, 205)",
        "(927, 465)",
        "(846, 622)",
        "(492, 44)",
        "(318, 325)",
        "(293, 106)",
        "(826, 766)",
        "(932, 69)",
        "(510, 846)",
        "(711, 215)",
        "(711, 652)",
        "(48, 209)",
        "(265, 987)",
        "(675, 369)",
        "(42, 478)",
        "(103, 44)",
        "(628, 233)",
        "(950, 735)",
        "(458, 208)",
        "(548, 901)",
        "(300, 173)",
        "(375, 783)",
        "(100, 295)",
        "(557, 785)",
        "(984, 237)",
        "(440, 657)",
        "(915, 524)",
        "(459, 96)",
        "(571, 64)",
        "(828, 269)",
        "(322, 543)",
        "(105, 533)",
        "(888, 140)",
        "(653, 861)",
        "(886, 932)",
        "(620, 292)",
        "(358, 599)",
        "(562, 456)",
        "(444, 296)",
        "(678, 275)",
        "(733, 626)",
        "(896, 202)",
        "(842, 217)",
        "(518, 344)"
    ],
    "(886, 932)": [
        "(105, 533)",
        "(719, 899)",
        "(645, 715)",
        "(673, 32)",
        "(888, 140)",
        "(251, 974)",
        "(510, 846)",
        "(678, 275)",
        "(615, 503)",
        "(637, 830)",
        "(38, 362)",
        "(711, 215)",
        "(458, 208)",
        "(43, 449)",
        "(156, 400)",
        "(527, 588)",
        "(444, 296)",
        "(847, 993)",
        "(459, 96)",
        "(407, 253)",
        "(817, 177)",
        "(90, 665)",
        "(689, 874)",
        "(100, 295)",
        "(42, 478)",
        "(440, 657)",
        "(482, 683)",
        "(293, 106)",
        "(950, 735)",
        "(549, 120)",
        "(512, 579)",
        "(571, 64)",
        "(223, 645)",
        "(445, 843)",
        "(265, 987)",
        "(846, 622)",
        "(406, 486)",
        "(518, 344)",
        "(784, 974)",
        "(221, 620)",
        "(826, 766)",
        "(861, 36)",
        "(117, 847)",
        "(43, 909)",
        "(557, 785)",
        "(720, 694)",
        "(103, 44)",
        "(913, 682)",
        "(934, 627)",
        "(984, 237)",
        "(562, 456)",
        "(956, 540)",
        "(812, 50)",
        "(532, 613)",
        "(620, 292)"
    ],
    "(474, 641)": [
        "(562, 456)",
        "(934, 355)",
        "(673, 32)",
        "(9, 416)",
        "(557, 785)",
        "(406, 486)",
        "(482, 683)",
        "(466, 756)",
        "(787, 78)",
        "(549, 120)",
        "(915, 524)",
        "(322, 543)",
        "(893, 100)",
        "(896, 202)",
        "(720, 694)",
        "(43, 449)",
        "(42, 478)",
        "(846, 622)",
        "(888, 140)",
        "(828, 269)",
        "(251, 974)",
        "(106, 323)",
        "(913, 682)",
        "(512, 579)",
        "(932, 69)",
        "(293, 106)",
        "(475, 267)",
        "(571, 64)",
        "(223, 645)",
        "(90, 665)",
        "(861, 36)",
        "(105, 533)",
        "(645, 715)",
        "(596, 205)",
        "(998, 988)",
        "(265, 987)",
        "(930, 652)",
        "(103, 44)",
        "(221, 620)",
        "(492, 44)",
        "(156, 400)",
        "(858, 922)",
        "(518, 344)",
        "(934, 627)",
        "(532, 613)",
        "(961, 88)",
        "(689, 874)",
        "(458, 208)",
        "(445, 843)",
        "(719, 899)",
        "(300, 173)",
        "(623, 995)"
    ],
    "(961, 88)": [
        "(532, 613)",
        "(105, 533)",
        "(375, 783)",
        "(322, 543)",
        "(934, 627)",
        "(43, 909)",
        "(689, 874)",
        "(950, 735)",
        "(675, 369)",
        "(896, 202)",
        "(251, 974)",
        "(615, 503)",
        "(318, 325)",
        "(562, 456)",
        "(156, 400)",
        "(103, 44)",
        "(527, 588)",
        "(998, 988)",
        "(9, 416)",
        "(406, 486)",
        "(444, 296)",
        "(548, 901)",
        "(223, 645)",
        "(930, 652)",
        "(518, 344)",
        "(117, 847)",
        "(100, 295)",
        "(673, 32)",
        "(38, 362)",
        "(43, 449)",
        "(826, 766)",
        "(512, 579)",
        "(637, 830)",
        "(888, 140)",
        "(620, 292)",
        "(663, 94)",
        "(265, 987)",
        "(90, 665)",
        "(711, 652)",
        "(812, 50)",
        "(459, 96)",
        "(984, 237)",
        "(474, 641)",
        "(445, 843)",
        "(932, 69)",
        "(475, 267)",
        "(861, 36)",
        "(488, 404)",
        "(974, 779)",
        "(847, 993)",
        "(510, 846)",
        "(828, 269)",
        "(784, 974)"
    ],
    "(787, 78)": [
        "(934, 355)",
        "(893, 100)",
        "(826, 766)",
        "(913, 682)",
        "(843, 250)",
        "(512, 579)",
        "(932, 69)",
        "(812, 50)",
        "(689, 874)",
        "(474, 641)",
        "(817, 177)",
        "(458, 208)",
        "(106, 323)",
        "(858, 922)",
        "(571, 64)",
        "(628, 233)",
        "(358, 599)",
        "(620, 292)",
        "(562, 456)",
        "(645, 715)",
        "(38, 362)",
        "(974, 779)",
        "(934, 627)",
        "(48, 209)",
        "(678, 275)",
        "(265, 987)",
        "(549, 120)",
        "(888, 140)",
        "(784, 974)",
        "(100, 295)",
        "(300, 173)",
        "(846, 622)",
        "(466, 756)",
        "(847, 993)",
        "(828, 269)",
        "(527, 588)",
        "(711, 215)",
        "(117, 847)",
        "(482, 683)",
        "(105, 533)",
        "(861, 36)",
        "(675, 369)",
        "(653, 861)",
        "(488, 404)"
    ],
    "(406, 486)": [
        "(407, 253)",
        "(482, 683)",
        "(956, 540)",
        "(512, 579)",
        "(474, 641)",
        "(915, 524)",
        "(623, 995)",
        "(913, 682)",
        "(527, 588)",
        "(689, 874)",
        "(571, 64)",
        "(653, 861)",
        "(950, 735)",
        "(673, 32)",
        "(998, 988)",
        "(106, 323)",
        "(265, 987)",
        "(43, 909)",
        "(675, 369)",
        "(842, 217)",
        "(961, 88)",
        "(90, 665)",
        "(38, 362)",
        "(440, 657)",
        "(645, 715)",
        "(930, 652)",
        "(548, 901)",
        "(620, 292)",
        "(984, 237)",
        "(974, 779)",
        "(596, 205)",
        "(817, 177)",
        "(223, 645)",
        "(557, 785)",
        "(475, 267)",
        "(846, 622)",
        "(458, 208)",
        "(886, 932)",
        "(615, 503)",
        "(784, 974)",
        "(843, 250)",
        "(43, 449)",
        "(251, 974)",
        "(812, 50)",
        "(934, 627)",
        "(42, 478)",
        "(861, 36)",
        "(375, 783)",
        "(893, 100)",
        "(847, 993)",
        "(927, 465)",
        "(637, 830)",
        "(444, 296)"
    ],
    "(663, 94)": [
        "(711, 652)",
        "(673, 32)",
        "(653, 861)",
        "(156, 400)",
        "(628, 233)",
        "(466, 756)",
        "(43, 449)",
        "(930, 652)",
        "(322, 543)",
        "(974, 779)",
        "(221, 620)",
        "(915, 524)",
        "(847, 993)",
        "(510, 846)",
        "(548, 901)",
        "(223, 645)",
        "(675, 369)",
        "(927, 465)",
        "(861, 36)",
        "(251, 974)",
        "(934, 627)",
        "(961, 88)",
        "(645, 715)",
        "(701, 853)",
        "(689, 874)",
        "(43, 909)",
        "(300, 173)",
        "(445, 843)",
        "(571, 64)",
        "(549, 120)",
        "(784, 974)",
        "(48, 209)",
        "(38, 362)",
        "(932, 69)",
        "(828, 269)",
        "(475, 267)",
        "(440, 657)",
        "(358, 599)",
        "(458, 208)",
        "(817, 177)",
        "(492, 44)",
        "(893, 100)",
        "(623, 995)",
        "(488, 404)",
        "(934, 355)"
    ],
    "(43, 449)": [
        "(322, 543)",
        "(974, 779)",
        "(488, 404)",
        "(462, 192)",
        "(701, 853)",
        "(913, 682)",
        "(812, 50)",
        "(571, 64)",
        "(440, 657)",
        "(678, 275)",
        "(663, 94)",
        "(318, 325)",
        "(548, 901)",
        "(474, 641)",
        "(42, 478)",
        "(886, 932)",
        "(628, 233)",
        "(105, 533)",
        "(458, 208)",
        "(596, 205)",
        "(675, 369)",
        "(961, 88)",
        "(90, 665)",
        "(444, 296)",
        "(103, 44)",
        "(9, 416)",
        "(934, 627)",
        "(858, 922)",
        "(43, 909)",
        "(934, 355)",
        "(896, 202)",
        "(459, 96)",
        "(930, 652)",
        "(358, 599)",
        "(510, 846)",
        "(406, 486)",
        "(843, 250)",
        "(826, 766)",
        "(265, 987)",
        "(784, 974)",
        "(492, 44)"
    ],
    "(847, 993)": [
        "(562, 456)",
        "(915, 524)",
        "(106, 323)",
        "(645, 715)",
        "(466, 756)",
        "(38, 362)",
        "(156, 400)",
        "(888, 140)",
        "(711, 652)",
        "(913, 682)",
        "(817, 177)",
        "(858, 922)",
        "(663, 94)",
        "(842, 217)",
        "(886, 932)",
        "(846, 622)",
        "(251, 974)",
        "(930, 652)",
        "(223, 645)",
        "(689, 874)",
        "(459, 96)",
        "(927, 465)",
        "(293, 106)",
        "(998, 988)",
        "(984, 237)",
        "(492, 44)",
        "(549, 120)",
        "(444, 296)",
        "(375, 783)",
        "(571, 64)",
        "(512, 579)",
        "(42, 478)",
        "(678, 275)",
        "(653, 861)",
        "(48, 209)",
        "(518, 344)",
        "(100, 295)",
        "(103, 44)",
        "(787, 78)",
        "(43, 909)",
        "(462, 192)",
        "(318, 325)",
        "(720, 694)",
        "(406, 486)",
        "(932, 69)",
        "(358, 599)",
        "(482, 683)",
        "(812, 50)",
        "(893, 100)",
        "(961, 88)",
        "(934, 355)",
        "(596, 205)"
    ],
    "(475, 267)": [
        "(510, 846)",
        "(488, 404)",
        "(817, 177)",
        "(861, 36)",
        "(106, 323)",
        "(223, 645)",
        "(733, 626)",
        "(678, 275)",
        "(100, 295)",
        "(265, 987)",
        "(934, 355)",
        "(846, 622)",
        "(518, 344)",
        "(42, 478)",
        "(915, 524)",
        "(38, 362)",
        "(562, 456)",
        "(474, 641)",
        "(720, 694)",
        "(407, 253)",
        "(615, 503)",
        "(689, 874)",
        "(48, 209)",
        "(406, 486)",
        "(653, 861)",
        "(858, 922)",
        "(623, 995)",
        "(842, 217)",
        "(719, 899)",
        "(322, 543)",
        "(458, 208)",
        "(784, 974)",
        "(828, 269)",
        "(663, 94)",
        "(701, 853)",
        "(893, 100)",
        "(961, 88)",
        "(293, 106)",
        "(596, 205)",
        "(826, 766)",
        "(103, 44)",
        "(459, 96)"
    ],
    "(42, 478)": [
        "(300, 173)",
        "(562, 456)",
        "(375, 783)",
        "(689, 874)",
        "(440, 657)",
        "(701, 853)",
        "(38, 362)",
        "(466, 756)",
        "(265, 987)",
        "(893, 100)",
        "(719, 899)",
        "(930, 652)",
        "(474, 641)",
        "(43, 449)",
        "(956, 540)",
        "(106, 323)",
        "(974, 779)",
        "(475, 267)",
        "(482, 683)",
        "(100, 295)",
        "(858, 922)",
        "(518, 344)",
        "(913, 682)",
        "(445, 843)",
        "(459, 96)",
        "(886, 932)",
        "(784, 974)",
        "(358, 599)",
        "(828, 269)",
        "(571, 64)",
        "(711, 652)",
        "(628, 233)",
        "(615, 503)",
        "(223, 645)",
        "(847, 993)",
        "(458, 208)",
        "(675, 369)",
        "(512, 579)",
        "(117, 847)",
        "(984, 237)",
        "(406, 486)",
        "(645, 715)",
        "(510, 846)",
        "(711, 215)",
        "(251, 974)",
        "(653, 861)",
        "(549, 120)",
        "(934, 355)",
        "(90, 665)"
    ],
    "(103, 44)": [
        "(318, 325)",
        "(733, 626)",
        "(927, 465)",
        "(293, 106)",
        "(628, 233)",
        "(105, 533)",
        "(223, 645)",
        "(817, 177)",
        "(532, 613)",
        "(974, 779)",
        "(689, 874)",
        "(571, 64)",
        "(48, 209)",
        "(548, 901)",
        "(961, 88)",
        "(9, 416)",
        "(956, 540)",
        "(445, 843)",
        "(934, 627)",
        "(43, 449)",
        "(896, 202)",
        "(510, 846)",
        "(623, 995)",
        "(950, 735)",
        "(221, 620)",
        "(678, 275)",
        "(701, 853)",
        "(459, 96)",
        "(488, 404)",
        "(482, 683)",
        "(474, 641)",
        "(251, 974)",
        "(462, 192)",
        "(407, 253)",
        "(847, 993)",
        "(675, 369)",
        "(458, 208)",
        "(861, 36)",
        "(673, 32)",
        "(653, 861)",
        "(842, 217)",
        "(886, 932)",
        "(719, 899)",
        "(549, 120)",
        "(932, 69)",
        "(475, 267)",
        "(518, 344)",
        "(846, 622)"
    ],
    "(673, 32)": [
        "(784, 974)",
        "(896, 202)",
        "(886, 932)",
        "(689, 874)",
        "(615, 503)",
        "(474, 641)",
        "(828, 269)",
        "(663, 94)",
        "(653, 861)",
        "(406, 486)",
        "(932, 69)",
        "(675, 369)",
        "(106, 323)",
        "(407, 253)",
        "(817, 177)",
        "(984, 237)",
        "(913, 682)",
        "(961, 88)",
        "(223, 645)",
        "(645, 715)",
        "(445, 843)",
        "(888, 140)",
        "(846, 622)",
        "(858, 922)",
        "(532, 613)",
        "(596, 205)",
        "(548, 901)",
        "(512, 579)",
        "(510, 846)",
        "(720, 694)",
        "(623, 995)",
        "(934, 355)",
        "(105, 533)",
        "(462, 192)",
        "(466, 756)",
        "(488, 404)",
        "(719, 899)",
        "(375, 783)",
        "(103, 44)",
        "(48, 209)",
        "(571, 64)",
        "(549, 120)",
        "(701, 853)",
        "(812, 50)",
        "(930, 652)",
        "(842, 217)",
        "(100, 295)",
        "(265, 987)"
    ],
    "(440, 657)": [
        "(623, 995)",
        "(934, 627)",
        "(858, 922)",
        "(265, 987)",
        "(221, 620)",
        "(223, 645)",
        "(817, 177)",
        "(42, 478)",
        "(653, 861)",
        "(43, 449)",
        "(557, 785)",
        "(984, 237)",
        "(913, 682)",
        "(846, 622)",
        "(100, 295)",
        "(596, 205)",
        "(615, 503)",
        "(406, 486)",
        "(812, 50)",
        "(251, 974)",
        "(974, 779)",
        "(444, 296)",
        "(886, 932)",
        "(562, 456)",
        "(466, 756)",
        "(105, 533)",
        "(645, 715)",
        "(407, 253)",
        "(861, 36)",
        "(956, 540)",
        "(620, 292)",
        "(950, 735)",
        "(43, 909)",
        "(701, 853)",
        "(663, 94)",
        "(510, 846)",
        "(675, 369)",
        "(843, 250)",
        "(492, 44)",
        "(934, 355)",
        "(549, 120)"
    ],
    "(571, 64)": [
        "(223, 645)",
        "(38, 362)",
        "(861, 36)",
        "(512, 579)",
        "(689, 874)",
        "(293, 106)",
        "(117, 847)",
        "(43, 449)",
        "(103, 44)",
        "(406, 486)",
        "(787, 78)",
        "(711, 652)",
        "(893, 100)",
        "(322, 543)",
        "(221, 620)",
        "(459, 96)",
        "(265, 987)",
        "(888, 140)",
        "(950, 735)",
        "(43, 909)",
        "(106, 323)",
        "(462, 192)",
        "(711, 215)",
        "(474, 641)",
        "(620, 292)",
        "(615, 503)",
        "(896, 202)",
        "(458, 208)",
        "(932, 69)",
        "(817, 177)",
        "(42, 478)",
        "(886, 932)",
        "(847, 993)",
        "(375, 783)",
        "(623, 995)",
        "(156, 400)",
        "(663, 94)",
        "(956, 540)",
        "(913, 682)",
        "(828, 269)",
        "(251, 974)",
        "(784, 974)",
        "(673, 32)",
        "(549, 120)",
        "(812, 50)",
        "(915, 524)"
    ],
    "(548, 901)": [
        "(512, 579)",
        "(106, 323)",
        "(300, 173)",
        "(828, 269)",
        "(689, 874)",
        "(620, 292)",
        "(43, 449)",
        "(103, 44)",
        "(961, 88)",
        "(653, 861)",
        "(663, 94)",
        "(998, 988)",
        "(221, 620)",
        "(893, 100)",
        "(406, 486)",
        "(358, 599)",
        "(265, 987)",
        "(956, 540)",
        "(462, 192)",
        "(156, 400)",
        "(562, 456)",
        "(711, 215)",
        "(673, 32)",
        "(43, 909)",
        "(888, 140)",
        "(826, 766)",
        "(459, 96)",
        "(637, 830)",
        "(843, 250)",
        "(322, 543)",
        "(510, 846)",
        "(117, 847)",
        "(492, 44)",
        "(596, 205)",
        "(858, 922)",
        "(90, 665)",
        "(557, 785)",
        "(251, 974)",
        "(861, 36)",
        "(842, 217)",
        "(466, 756)",
        "(223, 645)",
        "(527, 588)"
    ],
    "(842, 217)": [
        "(893, 100)",
        "(913, 682)",
        "(915, 524)",
        "(974, 779)",
        "(512, 579)",
        "(784, 974)",
        "(720, 694)",
        "(459, 96)",
        "(645, 715)",
        "(488, 404)",
        "(462, 192)",
        "(43, 909)",
        "(406, 486)",
        "(812, 50)",
        "(847, 993)",
        "(444, 296)",
        "(628, 233)",
        "(117, 847)",
        "(843, 250)",
        "(711, 215)",
        "(678, 275)",
        "(711, 652)",
        "(950, 735)",
        "(828, 269)",
        "(48, 209)",
        "(518, 344)",
        "(896, 202)",
        "(358, 599)",
        "(930, 652)",
        "(510, 846)",
        "(733, 626)",
        "(475, 267)",
        "(221, 620)",
        "(596, 205)",
        "(984, 237)",
        "(549, 120)",
        "(103, 44)",
        "(934, 355)",
        "(548, 901)",
        "(817, 177)",
        "(673, 32)",
        "(956, 540)"
    ],
    "(719, 899)": [
        "(117, 847)",
        "(557, 785)",
        "(886, 932)",
        "(462, 192)",
        "(9, 416)",
        "(293, 106)",
        "(711, 652)",
        "(38, 362)",
        "(733, 626)",
        "(48, 209)",
        "(720, 694)",
        "(42, 478)",
        "(828, 269)",
        "(689, 874)",
        "(510, 846)",
        "(105, 533)",
        "(974, 779)",
        "(913, 682)",
        "(358, 599)",
        "(817, 177)",
        "(930, 652)",
        "(512, 579)",
        "(637, 830)",
        "(482, 683)",
        "(562, 456)",
        "(932, 69)",
        "(711, 215)",
        "(488, 404)",
        "(596, 205)",
        "(645, 715)",
        "(678, 275)",
        "(984, 237)",
        "(998, 988)",
        "(950, 735)",
        "(475, 267)",
        "(375, 783)",
        "(615, 503)",
        "(673, 32)",
        "(846, 622)",
        "(251, 974)",
        "(90, 665)",
        "(527, 588)",
        "(100, 295)",
        "(265, 987)",
        "(103, 44)",
        "(934, 355)",
        "(474, 641)"
    ],
    "(913, 682)": [
        "(512, 579)",
        "(998, 988)",
        "(223, 645)",
        "(711, 215)",
        "(842, 217)",
        "(787, 78)",
        "(812, 50)",
        "(888, 140)",
        "(984, 237)",
        "(678, 275)",
        "(43, 449)",
        "(406, 486)",
        "(458, 208)",
        "(466, 756)",
        "(847, 993)",
        "(828, 269)",
        "(628, 233)",
        "(440, 657)",
        "(90, 665)",
        "(459, 96)",
        "(858, 922)",
        "(251, 974)",
        "(719, 899)",
        "(488, 404)",
        "(43, 909)",
        "(673, 32)",
        "(474, 641)",
        "(42, 478)",
        "(221, 620)",
        "(510, 846)",
        "(444, 296)",
        "(156, 400)",
        "(930, 652)",
        "(358, 599)",
        "(532, 613)",
        "(518, 344)",
        "(950, 735)",
        "(462, 192)",
        "(843, 250)",
        "(934, 355)",
        "(596, 205)",
        "(571, 64)",
        "(934, 627)",
        "(265, 987)",
        "(653, 861)",
        "(300, 173)",
        "(100, 295)",
        "(915, 524)",
        "(886, 932)",
        "(549, 120)",
        "(615, 503)",
        "(375, 783)"
    ],
    "(462, 192)": [
        "(934, 355)",
        "(293, 106)",
        "(719, 899)",
        "(888, 140)",
        "(689, 874)",
        "(300, 173)",
        "(90, 665)",
        "(43, 449)",
        "(251, 974)",
        "(482, 683)",
        "(48, 209)",
        "(812, 50)",
        "(930, 652)",
        "(645, 715)",
        "(842, 217)",
        "(784, 974)",
        "(358, 599)",
        "(896, 202)",
        "(701, 853)",
        "(628, 233)",
        "(846, 622)",
        "(720, 694)",
        "(927, 465)",
        "(459, 96)",
        "(915, 524)",
        "(571, 64)",
        "(562, 456)",
        "(444, 296)",
        "(858, 922)",
        "(557, 785)",
        "(548, 901)",
        "(549, 120)",
        "(458, 208)",
        "(445, 843)",
        "(596, 205)",
        "(893, 100)",
        "(466, 756)",
        "(673, 32)",
        "(913, 682)",
        "(156, 400)",
        "(103, 44)",
        "(950, 735)",
        "(847, 993)",
        "(615, 503)",
        "(407, 253)",
        "(711, 215)",
        "(527, 588)",
        "(974, 779)",
        "(322, 543)",
        "(510, 846)",
        "(375, 783)"
    ],
    "(653, 861)": [
        "(156, 400)",
        "(663, 94)",
        "(459, 96)",
        "(458, 208)",
        "(673, 32)",
        "(440, 657)",
        "(265, 987)",
        "(510, 846)",
        "(934, 355)",
        "(445, 843)",
        "(406, 486)",
        "(518, 344)",
        "(711, 215)",
        "(548, 901)",
        "(984, 237)",
        "(934, 627)",
        "(930, 652)",
        "(846, 622)",
        "(628, 233)",
        "(689, 874)",
        "(444, 296)",
        "(828, 269)",
        "(932, 69)",
        "(645, 715)",
        "(375, 783)",
        "(475, 267)",
        "(615, 503)",
        "(847, 993)",
        "(223, 645)",
        "(720, 694)",
        "(106, 323)",
        "(103, 44)",
        "(913, 682)",
        "(9, 416)",
        "(956, 540)",
        "(42, 478)",
        "(950, 735)",
        "(557, 785)",
        "(701, 853)",
        "(678, 275)",
        "(675, 369)",
        "(787, 78)",
        "(893, 100)",
        "(512, 579)"
    ],
    "(557, 785)": [
        "(719, 899)",
        "(678, 275)",
        "(532, 613)",
        "(223, 645)",
        "(596, 205)",
        "(474, 641)",
        "(828, 269)",
        "(974, 779)",
        "(221, 620)",
        "(440, 657)",
        "(984, 237)",
        "(265, 987)",
        "(459, 96)",
        "(817, 177)",
        "(458, 208)",
        "(932, 69)",
        "(915, 524)",
        "(861, 36)",
        "(444, 296)",
        "(562, 456)",
        "(105, 533)",
        "(462, 192)",
        "(858, 922)",
        "(927, 465)",
        "(406, 486)",
        "(956, 540)",
        "(628, 233)",
        "(934, 355)",
        "(930, 652)",
        "(549, 120)",
        "(886, 932)",
        "(251, 974)",
        "(300, 173)",
        "(518, 344)",
        "(548, 901)",
        "(950, 735)",
        "(527, 588)",
        "(512, 579)",
        "(653, 861)",
        "(488, 404)",
        "(293, 106)"
    ],
    "(549, 120)": [
        "(934, 355)",
        "(488, 404)",
        "(375, 783)",
        "(858, 922)",
        "(527, 588)",
        "(474, 641)",
        "(701, 853)",
        "(620, 292)",
        "(444, 296)",
        "(615, 503)",
        "(711, 652)",
        "(459, 96)",
        "(950, 735)",
        "(38, 362)",
        "(711, 215)",
        "(817, 177)",
        "(812, 50)",
        "(318, 325)",
        "(888, 140)",
        "(645, 715)",
        "(984, 237)",
        "(826, 766)",
        "(847, 993)",
        "(596, 205)",
        "(886, 932)",
        "(787, 78)",
        "(843, 250)",
        "(223, 645)",
        "(462, 192)",
        "(117, 847)",
        "(293, 106)",
        "(663, 94)",
        "(623, 995)",
        "(557, 785)",
        "(673, 32)",
        "(571, 64)",
        "(842, 217)",
        "(934, 627)",
        "(407, 253)",
        "(720, 694)",
        "(42, 478)",
        "(913, 682)",
        "(930, 652)",
        "(784, 974)",
        "(103, 44)",
        "(562, 456)",
        "(440, 657)"
    ],
    "(532, 613)": [
        "(711, 652)",
        "(961, 88)",
        "(557, 785)",
        "(893, 100)",
        "(932, 69)",
        "(9, 416)",
        "(645, 715)",
        "(628, 233)",
        "(458, 208)",
        "(915, 524)",
        "(103, 44)",
        "(512, 579)",
        "(407, 253)",
        "(293, 106)",
        "(637, 830)",
        "(322, 543)",
        "(843, 250)",
        "(711, 215)",
        "(221, 620)",
        "(318, 325)",
        "(251, 974)",
        "(896, 202)",
        "(518, 344)",
        "(105, 533)",
        "(482, 683)",
        "(673, 32)",
        "(596, 205)",
        "(913, 682)",
        "(927, 465)",
        "(48, 209)",
        "(615, 503)",
        "(510, 846)",
        "(826, 766)",
        "(100, 295)",
        "(817, 177)",
        "(474, 641)",
        "(984, 237)",
        "(358, 599)",
        "(265, 987)",
        "(934, 627)",
        "(444, 296)",
        "(701, 853)",
        "(784, 974)",
        "(828, 269)",
        "(562, 456)",
        "(689, 874)",
        "(106, 323)",
        "(445, 843)",
        "(527, 588)",
        "(886, 932)",
        "(90, 665)"
    ],
    "(846, 622)": [
        "(733, 626)",
        "(896, 202)",
        "(956, 540)",
        "(927, 465)",
        "(784, 974)",
        "(984, 237)",
        "(930, 652)",
        "(858, 922)",
        "(9, 416)",
        "(843, 250)",
        "(407, 253)",
        "(675, 369)",
        "(620, 292)",
        "(156, 400)",
        "(440, 657)",
        "(812, 50)",
        "(105, 533)",
        "(474, 641)",
        "(475, 267)",
        "(828, 269)",
        "(915, 524)",
        "(462, 192)",
        "(492, 44)",
        "(847, 993)",
        "(653, 861)",
        "(711, 215)",
        "(934, 355)",
        "(458, 208)",
        "(701, 853)",
        "(444, 296)",
        "(43, 909)",
        "(817, 177)",
        "(689, 874)",
        "(673, 32)",
        "(826, 766)",
        "(950, 735)",
        "(596, 205)",
        "(488, 404)",
        "(886, 932)",
        "(934, 627)",
        "(358, 599)",
        "(406, 486)",
        "(512, 579)",
        "(90, 665)",
        "(787, 78)",
        "(293, 106)",
        "(518, 344)",
        "(106, 323)",
        "(221, 620)",
        "(719, 899)",
        "(888, 140)",
        "(38, 362)",
        "(645, 715)",
        "(459, 96)",
        "(103, 44)"
    ],
    "(318, 325)": [
        "(265, 987)",
        "(156, 400)",
        "(223, 645)",
        "(678, 275)",
        "(817, 177)",
        "(375, 783)",
        "(48, 209)",
        "(103, 44)",
        "(445, 843)",
        "(637, 830)",
        "(956, 540)",
        "(984, 237)",
        "(43, 449)",
        "(930, 652)",
        "(9, 416)",
        "(961, 88)",
        "(675, 369)",
        "(628, 233)",
        "(645, 715)",
        "(532, 613)",
        "(562, 456)",
        "(915, 524)",
        "(974, 779)",
        "(689, 874)",
        "(512, 579)",
        "(934, 627)",
        "(549, 120)",
        "(221, 620)",
        "(861, 36)",
        "(615, 503)",
        "(100, 295)",
        "(527, 588)",
        "(843, 250)",
        "(888, 140)",
        "(733, 626)",
        "(300, 173)",
        "(847, 993)",
        "(893, 100)",
        "(701, 853)",
        "(38, 362)"
    ],
    "(645, 715)": [
        "(105, 533)",
        "(720, 694)",
        "(886, 932)",
        "(711, 215)",
        "(812, 50)",
        "(532, 613)",
        "(847, 993)",
        "(915, 524)",
        "(842, 217)",
        "(888, 140)",
        "(462, 192)",
        "(817, 177)",
        "(998, 988)",
        "(106, 323)",
        "(787, 78)",
        "(223, 645)",
        "(318, 325)",
        "(322, 543)",
        "(293, 106)",
        "(406, 486)",
        "(251, 974)",
        "(673, 32)",
        "(43, 909)",
        "(549, 120)",
        "(492, 44)",
        "(974, 779)",
        "(458, 208)",
        "(440, 657)",
        "(663, 94)",
        "(474, 641)",
        "(265, 987)",
        "(628, 233)",
        "(711, 652)",
        "(719, 899)",
        "(100, 295)",
        "(653, 861)",
        "(950, 735)",
        "(984, 237)",
        "(678, 275)",
        "(562, 456)",
        "(784, 974)",
        "(510, 846)",
        "(620, 292)",
        "(934, 355)",
        "(689, 874)",
        "(445, 843)",
        "(637, 830)",
        "(42, 478)",
        "(828, 269)",
        "(846, 622)",
        "(482, 683)",
        "(375, 783)"
    ],
    "(927, 465)": [
        "(861, 36)",
        "(956, 540)",
        "(846, 622)",
        "(103, 44)",
        "(512, 579)",
        "(720, 694)",
        "(596, 205)",
        "(527, 588)",
        "(48, 209)",
        "(620, 292)",
        "(444, 296)",
        "(817, 177)",
        "(156, 400)",
        "(733, 626)",
        "(265, 987)",
        "(701, 853)",
        "(950, 735)",
        "(488, 404)",
        "(998, 988)",
        "(984, 237)",
        "(462, 192)",
        "(711, 652)",
        "(843, 250)",
        "(893, 100)",
        "(888, 140)",
        "(930, 652)",
        "(847, 993)",
        "(784, 974)",
        "(663, 94)",
        "(896, 202)",
        "(557, 785)",
        "(105, 533)",
        "(826, 766)",
        "(482, 683)",
        "(532, 613)",
        "(637, 830)",
        "(623, 995)",
        "(934, 355)",
        "(300, 173)",
        "(406, 486)",
        "(615, 503)",
        "(293, 106)",
        "(221, 620)",
        "(466, 756)",
        "(678, 275)"
    ],
    "(459, 96)": [
        "(675, 369)",
        "(251, 974)",
        "(653, 861)",
        "(637, 830)",
        "(628, 233)",
        "(596, 205)",
        "(842, 217)",
        "(407, 253)",
        "(615, 503)",
        "(557, 785)",
        "(950, 735)",
        "(913, 682)",
        "(549, 120)",
        "(100, 295)",
        "(571, 64)",
        "(886, 932)",
        "(462, 192)",
        "(711, 215)",
        "(38, 362)",
        "(847, 993)",
        "(492, 44)",
        "(42, 478)",
        "(843, 250)",
        "(828, 269)",
        "(48, 209)",
        "(527, 588)",
        "(858, 922)",
        "(103, 44)",
        "(43, 449)",
        "(915, 524)",
        "(548, 901)",
        "(956, 540)",
        "(961, 88)",
        "(562, 456)",
        "(90, 665)",
        "(300, 173)",
        "(105, 533)",
        "(293, 106)",
        "(322, 543)",
        "(466, 756)",
        "(930, 652)",
        "(156, 400)",
        "(375, 783)",
        "(43, 909)",
        "(488, 404)",
        "(475, 267)",
        "(846, 622)",
        "(117, 847)"
    ],
    "(678, 275)": [
        "(557, 785)",
        "(43, 909)",
        "(318, 325)",
        "(488, 404)",
        "(886, 932)",
        "(527, 588)",
        "(913, 682)",
        "(293, 106)",
        "(998, 988)",
        "(615, 503)",
        "(623, 995)",
        "(482, 683)",
        "(43, 449)",
        "(950, 735)",
        "(221, 620)",
        "(475, 267)",
        "(930, 652)",
        "(38, 362)",
        "(90, 665)",
        "(375, 783)",
        "(562, 456)",
        "(492, 44)",
        "(828, 269)",
        "(106, 323)",
        "(510, 846)",
        "(9, 416)",
        "(842, 217)",
        "(407, 253)",
        "(103, 44)",
        "(787, 78)",
        "(156, 400)",
        "(458, 208)",
        "(888, 140)",
        "(784, 974)",
        "(719, 899)",
        "(934, 355)",
        "(445, 843)",
        "(645, 715)",
        "(847, 993)",
        "(300, 173)",
        "(628, 233)",
        "(701, 853)",
        "(512, 579)",
        "(812, 50)",
        "(956, 540)",
        "(653, 861)",
        "(843, 250)",
        "(927, 465)"
    ],
    "(156, 400)": [
        "(318, 325)",
        "(43, 909)",
        "(48, 209)",
        "(930, 652)",
        "(653, 861)",
        "(251, 974)",
        "(817, 177)",
        "(663, 94)",
        "(974, 779)",
        "(784, 974)",
        "(847, 993)",
        "(105, 533)",
        "(637, 830)",
        "(998, 988)",
        "(915, 524)",
        "(445, 843)",
        "(927, 465)",
        "(300, 173)",
        "(358, 599)",
        "(562, 456)",
        "(846, 622)",
        "(886, 932)",
        "(932, 69)",
        "(961, 88)",
        "(701, 853)",
        "(221, 620)",
        "(934, 355)",
        "(623, 995)",
        "(896, 202)",
        "(861, 36)",
        "(322, 543)",
        "(913, 682)",
        "(678, 275)",
        "(675, 369)",
        "(828, 269)",
        "(548, 901)",
        "(571, 64)",
        "(474, 641)",
        "(462, 192)",
        "(38, 362)",
        "(458, 208)",
        "(510, 846)",
        "(858, 922)",
        "(9, 416)",
        "(459, 96)",
        "(984, 237)",
        "(711, 215)"
    ],
    "(733, 626)": [
        "(896, 202)",
        "(846, 622)",
        "(637, 830)",
        "(492, 44)",
        "(103, 44)",
        "(817, 177)",
        "(843, 250)",
        "(407, 253)",
        "(719, 899)",
        "(927, 465)",
        "(675, 369)",
        "(475, 267)",
        "(510, 846)",
        "(828, 269)",
        "(711, 215)",
        "(38, 362)",
        "(106, 323)",
        "(623, 995)",
        "(711, 652)",
        "(826, 766)",
        "(934, 627)",
        "(482, 683)",
        "(562, 456)",
        "(221, 620)",
        "(293, 106)",
        "(784, 974)",
        "(322, 543)",
        "(689, 874)",
        "(842, 217)",
        "(615, 503)",
        "(488, 404)",
        "(596, 205)",
        "(265, 987)",
        "(90, 665)",
        "(318, 325)",
        "(527, 588)",
        "(915, 524)",
        "(43, 909)",
        "(444, 296)",
        "(956, 540)",
        "(223, 645)",
        "(466, 756)",
        "(720, 694)"
    ],
    "(930, 652)": [
        "(950, 735)",
        "(156, 400)",
        "(100, 295)",
        "(562, 456)",
        "(858, 922)",
        "(888, 140)",
        "(445, 843)",
        "(221, 620)",
        "(846, 622)",
        "(444, 296)",
        "(527, 588)",
        "(462, 192)",
        "(318, 325)",
        "(663, 94)",
        "(223, 645)",
        "(934, 627)",
        "(42, 478)",
        "(675, 369)",
        "(678, 275)",
        "(43, 909)",
        "(488, 404)",
        "(512, 579)",
        "(596, 205)",
        "(961, 88)",
        "(265, 987)",
        "(719, 899)",
        "(375, 783)",
        "(406, 486)",
        "(653, 861)",
        "(293, 106)",
        "(847, 993)",
        "(117, 847)",
        "(927, 465)",
        "(701, 853)",
        "(623, 995)",
        "(466, 756)",
        "(90, 665)",
        "(913, 682)",
        "(458, 208)",
        "(842, 217)",
        "(43, 449)",
        "(474, 641)",
        "(557, 785)",
        "(38, 362)",
        "(358, 599)",
        "(459, 96)",
        "(915, 524)",
        "(896, 202)",
        "(861, 36)",
        "(549, 120)",
        "(673, 32)",
        "(711, 215)"
    ],
    "(984, 237)": [
        "(689, 874)",
        "(358, 599)",
        "(300, 173)",
        "(974, 779)",
        "(817, 177)",
        "(861, 36)",
        "(784, 974)",
        "(407, 253)",
        "(913, 682)",
        "(846, 622)",
        "(826, 766)",
        "(934, 627)",
        "(48, 209)",
        "(950, 735)",
        "(375, 783)",
        "(322, 543)",
        "(440, 657)",
        "(318, 325)",
        "(557, 785)",
        "(596, 205)",
        "(9, 416)",
        "(223, 645)",
        "(221, 620)",
        "(653, 861)",
        "(858, 922)",
        "(673, 32)",
        "(927, 465)",
        "(843, 250)",
        "(293, 106)",
        "(915, 524)",
        "(847, 993)",
        "(406, 486)",
        "(549, 120)",
        "(711, 215)",
        "(711, 652)",
        "(637, 830)",
        "(251, 974)",
        "(117, 847)",
        "(265, 987)",
        "(719, 899)",
        "(956, 540)",
        "(645, 715)",
        "(893, 100)",
        "(812, 50)",
        "(620, 292)",
        "(90, 665)",
        "(532, 613)",
        "(518, 344)",
        "(675, 369)",
        "(961, 88)",
        "(42, 478)",
        "(842, 217)",
        "(886, 932)",
        "(156, 400)",
        "(488, 404)"
    ],
    "(896, 202)": [
        "(733, 626)",
        "(615, 503)",
        "(293, 106)",
        "(596, 205)",
        "(673, 32)",
        "(846, 622)",
        "(466, 756)",
        "(444, 296)",
        "(998, 988)",
        "(90, 665)",
        "(474, 641)",
        "(826, 766)",
        "(106, 323)",
        "(462, 192)",
        "(961, 88)",
        "(223, 645)",
        "(637, 830)",
        "(532, 613)",
        "(407, 253)",
        "(932, 69)",
        "(156, 400)",
        "(711, 215)",
        "(103, 44)",
        "(927, 465)",
        "(571, 64)",
        "(974, 779)",
        "(100, 295)",
        "(43, 449)",
        "(842, 217)",
        "(843, 250)",
        "(510, 846)",
        "(458, 208)",
        "(43, 909)",
        "(675, 369)",
        "(322, 543)",
        "(812, 50)",
        "(711, 652)",
        "(620, 292)",
        "(930, 652)",
        "(956, 540)",
        "(784, 974)"
    ],
    "(637, 830)": [
        "(826, 766)",
        "(733, 626)",
        "(518, 344)",
        "(459, 96)",
        "(711, 652)",
        "(318, 325)",
        "(510, 846)",
        "(886, 932)",
        "(156, 400)",
        "(950, 735)",
        "(720, 694)",
        "(532, 613)",
        "(896, 202)",
        "(100, 295)",
        "(492, 44)",
        "(934, 627)",
        "(358, 599)",
        "(444, 296)",
        "(719, 899)",
        "(293, 106)",
        "(375, 783)",
        "(562, 456)",
        "(934, 355)",
        "(675, 369)",
        "(961, 88)",
        "(117, 847)",
        "(984, 237)",
        "(974, 779)",
        "(817, 177)",
        "(927, 465)",
        "(548, 901)",
        "(105, 533)",
        "(43, 909)",
        "(645, 715)",
        "(265, 987)",
        "(406, 486)",
        "(711, 215)"
    ],
    "(861, 36)": [
        "(927, 465)",
        "(482, 683)",
        "(984, 237)",
        "(571, 64)",
        "(475, 267)",
        "(223, 645)",
        "(375, 783)",
        "(615, 503)",
        "(9, 416)",
        "(458, 208)",
        "(893, 100)",
        "(817, 177)",
        "(858, 922)",
        "(557, 785)",
        "(156, 400)",
        "(322, 543)",
        "(90, 665)",
        "(48, 209)",
        "(318, 325)",
        "(466, 756)",
        "(492, 44)",
        "(663, 94)",
        "(596, 205)",
        "(474, 641)",
        "(974, 779)",
        "(440, 657)",
        "(527, 588)",
        "(628, 233)",
        "(510, 846)",
        "(828, 269)",
        "(888, 140)",
        "(886, 932)",
        "(100, 295)",
        "(843, 250)",
        "(518, 344)",
        "(103, 44)",
        "(117, 847)",
        "(826, 766)",
        "(406, 486)",
        "(689, 874)",
        "(961, 88)",
        "(934, 627)",
        "(784, 974)",
        "(548, 901)",
        "(43, 909)",
        "(930, 652)",
        "(934, 355)",
        "(787, 78)",
        "(932, 69)"
    ],
    "(512, 579)": [
        "(913, 682)",
        "(548, 901)",
        "(817, 177)",
        "(482, 683)",
        "(406, 486)",
        "(571, 64)",
        "(787, 78)",
        "(842, 217)",
        "(927, 465)",
        "(532, 613)",
        "(375, 783)",
        "(998, 988)",
        "(48, 209)",
        "(812, 50)",
        "(828, 269)",
        "(930, 652)",
        "(488, 404)",
        "(719, 899)",
        "(711, 215)",
        "(474, 641)",
        "(318, 325)",
        "(826, 766)",
        "(100, 295)",
        "(510, 846)",
        "(961, 88)",
        "(322, 543)",
        "(675, 369)",
        "(620, 292)",
        "(293, 106)",
        "(300, 173)",
        "(518, 344)",
        "(596, 205)",
        "(886, 932)",
        "(673, 32)",
        "(858, 922)",
        "(847, 993)",
        "(846, 622)",
        "(562, 456)",
        "(42, 478)",
        "(444, 296)",
        "(38, 362)",
        "(628, 233)",
        "(678, 275)",
        "(557, 785)",
        "(653, 861)"
    ],
    "(628, 233)": [
        "(828, 269)",
        "(9, 416)",
        "(998, 988)",
        "(623, 995)",
        "(458, 208)",
        "(223, 645)",
        "(532, 613)",
        "(663, 94)",
        "(711, 215)",
        "(459, 96)",
        "(103, 44)",
        "(518, 344)",
        "(711, 652)",
        "(407, 253)",
        "(38, 362)",
        "(562, 456)",
        "(510, 846)",
        "(105, 533)",
        "(913, 682)",
        "(974, 779)",
        "(462, 192)",
        "(787, 78)",
        "(318, 325)",
        "(221, 620)",
        "(842, 217)",
        "(43, 449)",
        "(956, 540)",
        "(653, 861)",
        "(689, 874)",
        "(265, 987)",
        "(375, 783)",
        "(488, 404)",
        "(444, 296)",
        "(492, 44)",
        "(861, 36)",
        "(645, 715)",
        "(557, 785)",
        "(675, 369)",
        "(482, 683)",
        "(42, 478)",
        "(932, 69)",
        "(100, 295)",
        "(701, 853)",
        "(888, 140)",
        "(90, 665)",
        "(678, 275)",
        "(950, 735)",
        "(812, 50)",
        "(512, 579)",
        "(893, 100)",
        "(784, 974)",
        "(48, 209)",
        "(934, 627)",
        "(817, 177)"
    ],
    "(888, 140)": [
        "(886, 932)",
        "(462, 192)",
        "(492, 44)",
        "(930, 652)",
        "(711, 215)",
        "(843, 250)",
        "(913, 682)",
        "(701, 853)",
        "(893, 100)",
        "(510, 846)",
        "(847, 993)",
        "(817, 177)",
        "(645, 715)",
        "(828, 269)",
        "(90, 665)",
        "(934, 355)",
        "(596, 205)",
        "(300, 173)",
        "(474, 641)",
        "(571, 64)",
        "(784, 974)",
        "(927, 465)",
        "(858, 922)",
        "(100, 295)",
        "(549, 120)",
        "(950, 735)",
        "(675, 369)",
        "(812, 50)",
        "(961, 88)",
        "(673, 32)",
        "(678, 275)",
        "(117, 847)",
        "(562, 456)",
        "(38, 362)",
        "(482, 683)",
        "(548, 901)",
        "(787, 78)",
        "(623, 995)",
        "(615, 503)",
        "(318, 325)",
        "(527, 588)",
        "(861, 36)",
        "(265, 987)",
        "(628, 233)",
        "(488, 404)",
        "(846, 622)",
        "(322, 543)",
        "(934, 627)",
        "(956, 540)",
        "(466, 756)"
    ],
    "(221, 620)": [
        "(562, 456)",
        "(38, 362)",
        "(596, 205)",
        "(701, 853)",
        "(440, 657)",
        "(930, 652)",
        "(466, 756)",
        "(557, 785)",
        "(90, 665)",
        "(678, 275)",
        "(915, 524)",
        "(663, 94)",
        "(984, 237)",
        "(628, 233)",
        "(156, 400)",
        "(571, 64)",
        "(532, 613)",
        "(812, 50)",
        "(548, 901)",
        "(913, 682)",
        "(318, 325)",
        "(100, 295)",
        "(733, 626)",
        "(407, 253)",
        "(103, 44)",
        "(711, 215)",
        "(720, 694)",
        "(375, 783)",
        "(934, 355)",
        "(474, 641)",
        "(106, 323)",
        "(886, 932)",
        "(842, 217)",
        "(444, 296)",
        "(43, 909)",
        "(846, 622)",
        "(48, 209)",
        "(105, 533)",
        "(482, 683)",
        "(974, 779)",
        "(488, 404)",
        "(817, 177)",
        "(675, 369)",
        "(927, 465)",
        "(9, 416)",
        "(858, 922)",
        "(623, 995)"
    ],
    "(812, 50)": [
        "(711, 652)",
        "(828, 269)",
        "(90, 665)",
        "(934, 355)",
        "(645, 715)",
        "(913, 682)",
        "(482, 683)",
        "(787, 78)",
        "(43, 449)",
        "(462, 192)",
        "(974, 779)",
        "(512, 579)",
        "(846, 622)",
        "(720, 694)",
        "(620, 292)",
        "(527, 588)",
        "(842, 217)",
        "(221, 620)",
        "(251, 974)",
        "(444, 296)",
        "(817, 177)",
        "(440, 657)",
        "(623, 995)",
        "(300, 173)",
        "(549, 120)",
        "(358, 599)",
        "(105, 533)",
        "(106, 323)",
        "(915, 524)",
        "(888, 140)",
        "(492, 44)",
        "(223, 645)",
        "(711, 215)",
        "(510, 846)",
        "(615, 503)",
        "(961, 88)",
        "(984, 237)",
        "(406, 486)",
        "(48, 209)",
        "(896, 202)",
        "(998, 988)",
        "(571, 64)",
        "(628, 233)",
        "(265, 987)",
        "(673, 32)",
        "(38, 362)",
        "(847, 993)",
        "(488, 404)",
        "(950, 735)",
        "(678, 275)",
        "(9, 416)",
        "(886, 932)",
        "(934, 627)"
    ],
    "(934, 355)": [
        "(675, 369)",
        "(462, 192)",
        "(787, 78)",
        "(474, 641)",
        "(812, 50)",
        "(488, 404)",
        "(549, 120)",
        "(518, 344)",
        "(950, 735)",
        "(701, 853)",
        "(653, 861)",
        "(562, 456)",
        "(300, 173)",
        "(888, 140)",
        "(915, 524)",
        "(475, 267)",
        "(90, 665)",
        "(156, 400)",
        "(105, 533)",
        "(375, 783)",
        "(846, 622)",
        "(637, 830)",
        "(117, 847)",
        "(720, 694)",
        "(620, 292)",
        "(43, 909)",
        "(265, 987)",
        "(43, 449)",
        "(623, 995)",
        "(678, 275)",
        "(784, 974)",
        "(557, 785)",
        "(221, 620)",
        "(673, 32)",
        "(689, 874)",
        "(913, 682)",
        "(711, 652)",
        "(645, 715)",
        "(322, 543)",
        "(927, 465)",
        "(998, 988)",
        "(492, 44)",
        "(842, 217)",
        "(466, 756)",
        "(615, 503)",
        "(719, 899)",
        "(440, 657)",
        "(861, 36)",
        "(847, 993)",
        "(893, 100)",
        "(42, 478)",
        "(663, 94)",
        "(251, 974)"
    ],
    "(675, 369)": [
        "(934, 355)",
        "(407, 253)",
        "(444, 296)",
        "(932, 69)",
        "(459, 96)",
        "(858, 922)",
        "(265, 987)",
        "(322, 543)",
        "(48, 209)",
        "(733, 626)",
        "(961, 88)",
        "(38, 362)",
        "(846, 622)",
        "(930, 652)",
        "(956, 540)",
        "(318, 325)",
        "(711, 215)",
        "(406, 486)",
        "(673, 32)",
        "(784, 974)",
        "(826, 766)",
        "(251, 974)",
        "(43, 449)",
        "(458, 208)",
        "(43, 909)",
        "(663, 94)",
        "(596, 205)",
        "(637, 830)",
        "(512, 579)",
        "(888, 140)",
        "(974, 779)",
        "(223, 645)",
        "(156, 400)",
        "(817, 177)",
        "(518, 344)",
        "(628, 233)",
        "(100, 295)",
        "(893, 100)",
        "(358, 599)",
        "(998, 988)",
        "(510, 846)",
        "(896, 202)",
        "(527, 588)",
        "(42, 478)",
        "(950, 735)",
        "(689, 874)",
        "(103, 44)",
        "(984, 237)",
        "(562, 456)",
        "(720, 694)",
        "(440, 657)",
        "(915, 524)",
        "(482, 683)",
        "(934, 627)",
        "(221, 620)",
        "(375, 783)",
        "(787, 78)",
        "(653, 861)",
        "(466, 756)"
    ],
    "(828, 269)": [
        "(628, 233)",
        "(812, 50)",
        "(998, 988)",
        "(673, 32)",
        "(557, 785)",
        "(548, 901)",
        "(913, 682)",
        "(375, 783)",
        "(888, 140)",
        "(719, 899)",
        "(733, 626)",
        "(512, 579)",
        "(817, 177)",
        "(106, 323)",
        "(846, 622)",
        "(474, 641)",
        "(562, 456)",
        "(518, 344)",
        "(488, 404)",
        "(678, 275)",
        "(934, 627)",
        "(358, 599)",
        "(915, 524)",
        "(265, 987)",
        "(842, 217)",
        "(459, 96)",
        "(42, 478)",
        "(156, 400)",
        "(653, 861)",
        "(623, 995)",
        "(482, 683)",
        "(43, 909)",
        "(861, 36)",
        "(956, 540)",
        "(711, 215)",
        "(571, 64)",
        "(407, 253)",
        "(620, 292)",
        "(787, 78)",
        "(711, 652)",
        "(950, 735)",
        "(663, 94)",
        "(475, 267)",
        "(689, 874)",
        "(532, 613)",
        "(645, 715)",
        "(932, 69)",
        "(893, 100)",
        "(466, 756)",
        "(444, 296)",
        "(961, 88)",
        "(701, 853)"
    ],
    "(720, 694)": [
        "(43, 909)",
        "(645, 715)",
        "(458, 208)",
        "(711, 652)",
        "(293, 106)",
        "(623, 995)",
        "(927, 465)",
        "(842, 217)",
        "(637, 830)",
        "(482, 683)",
        "(843, 250)",
        "(474, 641)",
        "(444, 296)",
        "(719, 899)",
        "(932, 69)",
        "(492, 44)",
        "(812, 50)",
        "(462, 192)",
        "(488, 404)",
        "(934, 627)",
        "(48, 209)",
        "(90, 665)",
        "(475, 267)",
        "(106, 323)",
        "(934, 355)",
        "(826, 766)",
        "(620, 292)",
        "(858, 922)",
        "(221, 620)",
        "(673, 32)",
        "(615, 503)",
        "(653, 861)",
        "(562, 456)",
        "(886, 932)",
        "(300, 173)",
        "(223, 645)",
        "(675, 369)",
        "(847, 993)",
        "(893, 100)",
        "(549, 120)",
        "(733, 626)"
    ],
    "(100, 295)": [
        "(817, 177)",
        "(930, 652)",
        "(596, 205)",
        "(358, 599)",
        "(475, 267)",
        "(440, 657)",
        "(637, 830)",
        "(932, 69)",
        "(459, 96)",
        "(445, 843)",
        "(784, 974)",
        "(826, 766)",
        "(42, 478)",
        "(223, 645)",
        "(934, 627)",
        "(117, 847)",
        "(375, 783)",
        "(961, 88)",
        "(888, 140)",
        "(512, 579)",
        "(221, 620)",
        "(974, 779)",
        "(886, 932)",
        "(615, 503)",
        "(620, 292)",
        "(915, 524)",
        "(956, 540)",
        "(318, 325)",
        "(896, 202)",
        "(293, 106)",
        "(675, 369)",
        "(645, 715)",
        "(527, 588)",
        "(893, 100)",
        "(628, 233)",
        "(787, 78)",
        "(532, 613)",
        "(861, 36)",
        "(847, 993)",
        "(43, 909)",
        "(518, 344)",
        "(711, 652)",
        "(719, 899)",
        "(913, 682)",
        "(265, 987)",
        "(701, 853)",
        "(673, 32)"
    ],
    "(998, 988)": [
        "(913, 682)",
        "(628, 233)",
        "(784, 974)",
        "(974, 779)",
        "(828, 269)",
        "(293, 106)",
        "(896, 202)",
        "(358, 599)",
        "(678, 275)",
        "(265, 987)",
        "(156, 400)",
        "(512, 579)",
        "(406, 486)",
        "(934, 627)",
        "(645, 715)",
        "(950, 735)",
        "(38, 362)",
        "(961, 88)",
        "(927, 465)",
        "(444, 296)",
        "(623, 995)",
        "(548, 901)",
        "(510, 846)",
        "(847, 993)",
        "(482, 683)",
        "(300, 173)",
        "(407, 253)",
        "(711, 652)",
        "(474, 641)",
        "(675, 369)",
        "(719, 899)",
        "(932, 69)",
        "(48, 209)",
        "(812, 50)",
        "(934, 355)",
        "(43, 909)",
        "(701, 853)",
        "(858, 922)",
        "(711, 215)"
    ],
    "(711, 652)": [
        "(532, 613)",
        "(812, 50)",
        "(817, 177)",
        "(720, 694)",
        "(663, 94)",
        "(637, 830)",
        "(628, 233)",
        "(492, 44)",
        "(719, 899)",
        "(847, 993)",
        "(956, 540)",
        "(458, 208)",
        "(549, 120)",
        "(571, 64)",
        "(105, 533)",
        "(9, 416)",
        "(733, 626)",
        "(927, 465)",
        "(407, 253)",
        "(117, 847)",
        "(784, 974)",
        "(842, 217)",
        "(466, 756)",
        "(984, 237)",
        "(106, 323)",
        "(265, 987)",
        "(645, 715)",
        "(998, 988)",
        "(42, 478)",
        "(961, 88)",
        "(510, 846)",
        "(934, 355)",
        "(518, 344)",
        "(826, 766)",
        "(444, 296)",
        "(100, 295)",
        "(828, 269)",
        "(445, 843)",
        "(896, 202)",
        "(934, 627)",
        "(482, 683)",
        "(893, 100)"
    ],
    "(358, 599)": [
        "(984, 237)",
        "(223, 645)",
        "(934, 627)",
        "(482, 683)",
        "(9, 416)",
        "(998, 988)",
        "(462, 192)",
        "(100, 295)",
        "(156, 400)",
        "(48, 209)",
        "(488, 404)",
        "(787, 78)",
        "(615, 503)",
        "(719, 899)",
        "(915, 524)",
        "(637, 830)",
        "(620, 292)",
        "(828, 269)",
        "(812, 50)",
        "(548, 901)",
        "(43, 909)",
        "(42, 478)",
        "(784, 974)",
        "(527, 588)",
        "(842, 217)",
        "(913, 682)",
        "(43, 449)",
        "(675, 369)",
        "(846, 622)",
        "(893, 100)",
        "(293, 106)",
        "(930, 652)",
        "(532, 613)",
        "(38, 362)",
        "(596, 205)",
        "(458, 208)",
        "(663, 94)",
        "(90, 665)",
        "(847, 993)",
        "(562, 456)",
        "(956, 540)",
        "(445, 843)",
        "(375, 783)"
    ],
    "(711, 215)": [
        "(915, 524)",
        "(492, 44)",
        "(645, 715)",
        "(934, 627)",
        "(913, 682)",
        "(888, 140)",
        "(628, 233)",
        "(893, 100)",
        "(518, 344)",
        "(407, 253)",
        "(956, 540)",
        "(886, 932)",
        "(733, 626)",
        "(653, 861)",
        "(675, 369)",
        "(444, 296)",
        "(549, 120)",
        "(532, 613)",
        "(512, 579)",
        "(459, 96)",
        "(251, 974)",
        "(527, 588)",
        "(846, 622)",
        "(896, 202)",
        "(842, 217)",
        "(571, 64)",
        "(974, 779)",
        "(984, 237)",
        "(223, 645)",
        "(221, 620)",
        "(719, 899)",
        "(548, 901)",
        "(812, 50)",
        "(466, 756)",
        "(828, 269)",
        "(623, 995)",
        "(787, 78)",
        "(300, 173)",
        "(42, 478)",
        "(462, 192)",
        "(43, 909)",
        "(482, 683)",
        "(620, 292)",
        "(156, 400)",
        "(950, 735)",
        "(826, 766)",
        "(637, 830)",
        "(265, 987)",
        "(998, 988)",
        "(701, 853)",
        "(930, 652)"
    ],
    "(826, 766)": [
        "(950, 735)",
        "(637, 830)",
        "(934, 627)",
        "(787, 78)",
        "(615, 503)",
        "(984, 237)",
        "(562, 456)",
        "(518, 344)",
        "(375, 783)",
        "(445, 843)",
        "(956, 540)",
        "(466, 756)",
        "(896, 202)",
        "(100, 295)",
        "(675, 369)",
        "(733, 626)",
        "(251, 974)",
        "(689, 874)",
        "(784, 974)",
        "(961, 88)",
        "(512, 579)",
        "(858, 922)",
        "(223, 645)",
        "(549, 120)",
        "(265, 987)",
        "(720, 694)",
        "(322, 543)",
        "(927, 465)",
        "(846, 622)",
        "(492, 44)",
        "(620, 292)",
        "(510, 846)",
        "(90, 665)",
        "(548, 901)",
        "(532, 613)",
        "(886, 932)",
        "(701, 853)",
        "(711, 652)",
        "(43, 449)",
        "(974, 779)",
        "(458, 208)",
        "(861, 36)",
        "(444, 296)",
        "(48, 209)",
        "(817, 177)",
        "(475, 267)",
        "(711, 215)"
    ],
    "(251, 974)": [
        "(156, 400)",
        "(886, 932)",
        "(459, 96)",
        "(462, 192)",
        "(843, 250)",
        "(466, 756)",
        "(43, 909)",
        "(407, 253)",
        "(961, 88)",
        "(375, 783)",
        "(482, 683)",
        "(913, 682)",
        "(474, 641)",
        "(9, 416)",
        "(812, 50)",
        "(532, 613)",
        "(932, 69)",
        "(527, 588)",
        "(701, 853)",
        "(847, 993)",
        "(675, 369)",
        "(826, 766)",
        "(645, 715)",
        "(711, 215)",
        "(440, 657)",
        "(90, 665)",
        "(518, 344)",
        "(663, 94)",
        "(623, 995)",
        "(38, 362)",
        "(488, 404)",
        "(984, 237)",
        "(596, 205)",
        "(223, 645)",
        "(689, 874)",
        "(103, 44)",
        "(620, 292)",
        "(458, 208)",
        "(406, 486)",
        "(893, 100)",
        "(571, 64)",
        "(719, 899)",
        "(557, 785)",
        "(265, 987)",
        "(548, 901)",
        "(42, 478)",
        "(915, 524)",
        "(934, 355)",
        "(858, 922)"
    ],
    "(265, 987)": [
        "(318, 325)",
        "(440, 657)",
        "(527, 588)",
        "(518, 344)",
        "(444, 296)",
        "(615, 503)",
        "(675, 369)",
        "(998, 988)",
        "(653, 861)",
        "(42, 478)",
        "(557, 785)",
        "(956, 540)",
        "(843, 250)",
        "(406, 486)",
        "(927, 465)",
        "(475, 267)",
        "(930, 652)",
        "(571, 64)",
        "(701, 853)",
        "(117, 847)",
        "(628, 233)",
        "(828, 269)",
        "(934, 627)",
        "(548, 901)",
        "(826, 766)",
        "(293, 106)",
        "(934, 355)",
        "(787, 78)",
        "(43, 909)",
        "(711, 652)",
        "(645, 715)",
        "(961, 88)",
        "(984, 237)",
        "(474, 641)",
        "(886, 932)",
        "(445, 843)",
        "(375, 783)",
        "(300, 173)",
        "(322, 543)",
        "(888, 140)",
        "(858, 922)",
        "(733, 626)",
        "(532, 613)",
        "(43, 449)",
        "(913, 682)",
        "(719, 899)",
        "(251, 974)",
        "(637, 830)",
        "(812, 50)",
        "(100, 295)",
        "(711, 215)",
        "(673, 32)"
    ],
    "(38, 362)": [
        "(221, 620)",
        "(571, 64)",
        "(42, 478)",
        "(847, 993)",
        "(719, 899)",
        "(628, 233)",
        "(886, 932)",
        "(675, 369)",
        "(998, 988)",
        "(549, 120)",
        "(733, 626)",
        "(678, 275)",
        "(787, 78)",
        "(406, 486)",
        "(375, 783)",
        "(459, 96)",
        "(961, 88)",
        "(475, 267)",
        "(466, 756)",
        "(482, 683)",
        "(518, 344)",
        "(48, 209)",
        "(701, 853)",
        "(251, 974)",
        "(888, 140)",
        "(930, 652)",
        "(156, 400)",
        "(615, 503)",
        "(784, 974)",
        "(663, 94)",
        "(293, 106)",
        "(358, 599)",
        "(689, 874)",
        "(623, 995)",
        "(117, 847)",
        "(846, 622)",
        "(512, 579)",
        "(458, 208)",
        "(812, 50)",
        "(596, 205)",
        "(562, 456)",
        "(407, 253)",
        "(318, 325)"
    ],
    "(322, 543)": [
        "(817, 177)",
        "(43, 449)",
        "(458, 208)",
        "(620, 292)",
        "(932, 69)",
        "(961, 88)",
        "(675, 369)",
        "(934, 627)",
        "(474, 641)",
        "(984, 237)",
        "(663, 94)",
        "(571, 64)",
        "(532, 613)",
        "(105, 533)",
        "(645, 715)",
        "(488, 404)",
        "(156, 400)",
        "(861, 36)",
        "(512, 579)",
        "(826, 766)",
        "(527, 588)",
        "(375, 783)",
        "(733, 626)",
        "(915, 524)",
        "(548, 901)",
        "(518, 344)",
        "(265, 987)",
        "(896, 202)",
        "(475, 267)",
        "(934, 355)",
        "(956, 540)",
        "(459, 96)",
        "(623, 995)",
        "(888, 140)",
        "(974, 779)",
        "(462, 192)"
    ],
    "(444, 296)": [
        "(675, 369)",
        "(518, 344)",
        "(265, 987)",
        "(458, 208)",
        "(896, 202)",
        "(445, 843)",
        "(930, 652)",
        "(784, 974)",
        "(549, 120)",
        "(915, 524)",
        "(927, 465)",
        "(720, 694)",
        "(711, 215)",
        "(961, 88)",
        "(998, 988)",
        "(886, 932)",
        "(637, 830)",
        "(932, 69)",
        "(842, 217)",
        "(812, 50)",
        "(557, 785)",
        "(43, 449)",
        "(913, 682)",
        "(653, 861)",
        "(462, 192)",
        "(846, 622)",
        "(440, 657)",
        "(43, 909)",
        "(628, 233)",
        "(117, 847)",
        "(847, 993)",
        "(596, 205)",
        "(221, 620)",
        "(711, 652)",
        "(532, 613)",
        "(512, 579)",
        "(826, 766)",
        "(828, 269)",
        "(956, 540)",
        "(843, 250)",
        "(733, 626)",
        "(406, 486)"
    ],
    "(105, 533)": [
        "(886, 932)",
        "(645, 715)",
        "(492, 44)",
        "(961, 88)",
        "(103, 44)",
        "(527, 588)",
        "(562, 456)",
        "(156, 400)",
        "(9, 416)",
        "(628, 233)",
        "(117, 847)",
        "(375, 783)",
        "(846, 622)",
        "(711, 652)",
        "(719, 899)",
        "(322, 543)",
        "(858, 922)",
        "(458, 208)",
        "(43, 449)",
        "(934, 355)",
        "(615, 503)",
        "(482, 683)",
        "(812, 50)",
        "(532, 613)",
        "(557, 785)",
        "(293, 106)",
        "(927, 465)",
        "(440, 657)",
        "(407, 253)",
        "(474, 641)",
        "(950, 735)",
        "(673, 32)",
        "(510, 846)",
        "(459, 96)",
        "(637, 830)",
        "(43, 909)",
        "(106, 323)",
        "(221, 620)",
        "(956, 540)",
        "(787, 78)"
    ],
    "(562, 456)": [
        "(474, 641)",
        "(90, 665)",
        "(221, 620)",
        "(930, 652)",
        "(847, 993)",
        "(42, 478)",
        "(950, 735)",
        "(458, 208)",
        "(893, 100)",
        "(826, 766)",
        "(105, 533)",
        "(628, 233)",
        "(934, 355)",
        "(615, 503)",
        "(156, 400)",
        "(961, 88)",
        "(689, 874)",
        "(701, 853)",
        "(445, 843)",
        "(787, 78)",
        "(828, 269)",
        "(678, 275)",
        "(318, 325)",
        "(117, 847)",
        "(915, 524)",
        "(637, 830)",
        "(719, 899)",
        "(475, 267)",
        "(557, 785)",
        "(733, 626)",
        "(462, 192)",
        "(440, 657)",
        "(407, 253)",
        "(888, 140)",
        "(548, 901)",
        "(43, 909)",
        "(784, 974)",
        "(645, 715)",
        "(492, 44)",
        "(459, 96)",
        "(512, 579)",
        "(720, 694)",
        "(488, 404)",
        "(675, 369)",
        "(858, 922)",
        "(532, 613)",
        "(817, 177)",
        "(106, 323)",
        "(886, 932)",
        "(358, 599)",
        "(956, 540)",
        "(549, 120)",
        "(38, 362)"
    ],
    "(932, 69)": [
        "(375, 783)",
        "(527, 588)",
        "(675, 369)",
        "(532, 613)",
        "(322, 543)",
        "(223, 645)",
        "(784, 974)",
        "(787, 78)",
        "(620, 292)",
        "(466, 756)",
        "(956, 540)",
        "(482, 683)",
        "(720, 694)",
        "(156, 400)",
        "(100, 295)",
        "(557, 785)",
        "(673, 32)",
        "(444, 296)",
        "(843, 250)",
        "(689, 874)",
        "(251, 974)",
        "(623, 995)",
        "(719, 899)",
        "(896, 202)",
        "(474, 641)",
        "(106, 323)",
        "(893, 100)",
        "(488, 404)",
        "(571, 64)",
        "(653, 861)",
        "(701, 853)",
        "(628, 233)",
        "(518, 344)",
        "(998, 988)",
        "(663, 94)",
        "(961, 88)",
        "(828, 269)",
        "(847, 993)",
        "(950, 735)",
        "(861, 36)",
        "(103, 44)",
        "(117, 847)",
        "(510, 846)"
    ],
    "(300, 173)": [
        "(42, 478)",
        "(984, 237)",
        "(482, 683)",
        "(106, 323)",
        "(488, 404)",
        "(462, 192)",
        "(548, 901)",
        "(9, 416)",
        "(156, 400)",
        "(934, 355)",
        "(117, 847)",
        "(888, 140)",
        "(375, 783)",
        "(784, 974)",
        "(812, 50)",
        "(445, 843)",
        "(956, 540)",
        "(701, 853)",
        "(48, 209)",
        "(512, 579)",
        "(998, 988)",
        "(893, 100)",
        "(950, 735)",
        "(293, 106)",
        "(43, 909)",
        "(663, 94)",
        "(265, 987)",
        "(787, 78)",
        "(678, 275)",
        "(623, 995)",
        "(459, 96)",
        "(615, 503)",
        "(720, 694)",
        "(711, 215)",
        "(557, 785)",
        "(913, 682)",
        "(318, 325)",
        "(927, 465)",
        "(934, 627)",
        "(474, 641)"
    ],
    "(620, 292)": [
        "(596, 205)",
        "(322, 543)",
        "(932, 69)",
        "(549, 120)",
        "(623, 995)",
        "(548, 901)",
        "(927, 465)",
        "(9, 416)",
        "(615, 503)",
        "(510, 846)",
        "(701, 853)",
        "(846, 622)",
        "(689, 874)",
        "(893, 100)",
        "(787, 78)",
        "(812, 50)",
        "(293, 106)",
        "(784, 974)",
        "(518, 344)",
        "(358, 599)",
        "(43, 909)",
        "(406, 486)",
        "(527, 588)",
        "(571, 64)",
        "(934, 355)",
        "(512, 579)",
        "(100, 295)",
        "(720, 694)",
        "(858, 922)",
        "(961, 88)",
        "(375, 783)",
        "(826, 766)",
        "(843, 250)",
        "(251, 974)",
        "(934, 627)",
        "(440, 657)",
        "(492, 44)",
        "(984, 237)",
        "(645, 715)",
        "(828, 269)",
        "(956, 540)",
        "(896, 202)",
        "(711, 215)",
        "(886, 932)",
        "(106, 323)"
    ],
    "(48, 209)": [
        "(156, 400)",
        "(318, 325)",
        "(984, 237)",
        "(462, 192)",
        "(43, 909)",
        "(675, 369)",
        "(927, 465)",
        "(719, 899)",
        "(512, 579)",
        "(956, 540)",
        "(103, 44)",
        "(458, 208)",
        "(358, 599)",
        "(106, 323)",
        "(950, 735)",
        "(787, 78)",
        "(720, 694)",
        "(915, 524)",
        "(445, 843)",
        "(861, 36)",
        "(38, 362)",
        "(842, 217)",
        "(459, 96)",
        "(492, 44)",
        "(300, 173)",
        "(518, 344)",
        "(527, 588)",
        "(9, 416)",
        "(475, 267)",
        "(615, 503)",
        "(532, 613)",
        "(293, 106)",
        "(847, 993)",
        "(375, 783)",
        "(663, 94)",
        "(812, 50)",
        "(223, 645)",
        "(221, 620)",
        "(673, 32)",
        "(998, 988)",
        "(974, 779)",
        "(826, 766)",
        "(628, 233)",
        "(466, 756)"
    ],
    "(293, 106)": [
        "(896, 202)",
        "(445, 843)",
        "(998, 988)",
        "(90, 665)",
        "(462, 192)",
        "(720, 694)",
        "(571, 64)",
        "(103, 44)",
        "(719, 899)",
        "(678, 275)",
        "(956, 540)",
        "(701, 853)",
        "(596, 205)",
        "(532, 613)",
        "(510, 846)",
        "(843, 250)",
        "(623, 995)",
        "(620, 292)",
        "(637, 830)",
        "(645, 715)",
        "(407, 253)",
        "(984, 237)",
        "(930, 652)",
        "(847, 993)",
        "(474, 641)",
        "(105, 533)",
        "(265, 987)",
        "(512, 579)",
        "(915, 524)",
        "(886, 932)",
        "(615, 503)",
        "(100, 295)",
        "(733, 626)",
        "(300, 173)",
        "(549, 120)",
        "(466, 756)",
        "(48, 209)",
        "(858, 922)",
        "(358, 599)",
        "(974, 779)",
        "(846, 622)",
        "(38, 362)",
        "(459, 96)",
        "(482, 683)",
        "(689, 874)",
        "(475, 267)",
        "(927, 465)",
        "(223, 645)",
        "(784, 974)",
        "(557, 785)"
    ],
    "(117, 847)": [
        "(719, 899)",
        "(445, 843)",
        "(571, 64)",
        "(223, 645)",
        "(407, 253)",
        "(105, 533)",
        "(974, 779)",
        "(300, 173)",
        "(488, 404)",
        "(842, 217)",
        "(518, 344)",
        "(562, 456)",
        "(100, 295)",
        "(961, 88)",
        "(701, 853)",
        "(930, 652)",
        "(265, 987)",
        "(934, 355)",
        "(711, 652)",
        "(527, 588)",
        "(444, 296)",
        "(637, 830)",
        "(888, 140)",
        "(984, 237)",
        "(549, 120)",
        "(548, 901)",
        "(886, 932)",
        "(861, 36)",
        "(42, 478)",
        "(787, 78)",
        "(482, 683)",
        "(9, 416)",
        "(38, 362)",
        "(615, 503)",
        "(932, 69)",
        "(459, 96)"
    ],
    "(784, 974)": [
        "(998, 988)",
        "(673, 32)",
        "(984, 237)",
        "(518, 344)",
        "(846, 622)",
        "(932, 69)",
        "(842, 217)",
        "(444, 296)",
        "(156, 400)",
        "(462, 192)",
        "(458, 208)",
        "(43, 909)",
        "(100, 295)",
        "(675, 369)",
        "(300, 173)",
        "(466, 756)",
        "(620, 292)",
        "(888, 140)",
        "(826, 766)",
        "(492, 44)",
        "(711, 652)",
        "(927, 465)",
        "(858, 922)",
        "(42, 478)",
        "(407, 253)",
        "(358, 599)",
        "(678, 275)",
        "(934, 355)",
        "(733, 626)",
        "(482, 683)",
        "(562, 456)",
        "(406, 486)",
        "(787, 78)",
        "(886, 932)",
        "(663, 94)",
        "(645, 715)",
        "(596, 205)",
        "(38, 362)",
        "(571, 64)",
        "(475, 267)",
        "(532, 613)",
        "(43, 449)",
        "(861, 36)",
        "(223, 645)",
        "(950, 735)",
        "(549, 120)",
        "(628, 233)",
        "(90, 665)",
        "(293, 106)",
        "(961, 88)",
        "(896, 202)"
    ],
    "(223, 645)": [
        "(913, 682)",
        "(318, 325)",
        "(557, 785)",
        "(571, 64)",
        "(358, 599)",
        "(628, 233)",
        "(858, 922)",
        "(932, 69)",
        "(440, 657)",
        "(615, 503)",
        "(117, 847)",
        "(103, 44)",
        "(861, 36)",
        "(596, 205)",
        "(492, 44)",
        "(475, 267)",
        "(930, 652)",
        "(896, 202)",
        "(984, 237)",
        "(961, 88)",
        "(645, 715)",
        "(100, 295)",
        "(847, 993)",
        "(663, 94)",
        "(673, 32)",
        "(934, 627)",
        "(375, 783)",
        "(843, 250)",
        "(623, 995)",
        "(826, 766)",
        "(474, 641)",
        "(711, 215)",
        "(675, 369)",
        "(406, 486)",
        "(817, 177)",
        "(549, 120)",
        "(812, 50)",
        "(251, 974)",
        "(886, 932)",
        "(106, 323)",
        "(42, 478)",
        "(950, 735)",
        "(653, 861)",
        "(9, 416)",
        "(48, 209)",
        "(466, 756)",
        "(720, 694)",
        "(784, 974)",
        "(293, 106)",
        "(548, 901)",
        "(733, 626)"
    ],
    "(623, 995)": [
        "(440, 657)",
        "(628, 233)",
        "(375, 783)",
        "(720, 694)",
        "(620, 292)",
        "(406, 486)",
        "(615, 503)",
        "(678, 275)",
        "(689, 874)",
        "(293, 106)",
        "(733, 626)",
        "(445, 843)",
        "(998, 988)",
        "(932, 69)",
        "(156, 400)",
        "(812, 50)",
        "(930, 652)",
        "(223, 645)",
        "(482, 683)",
        "(103, 44)",
        "(251, 974)",
        "(934, 355)",
        "(828, 269)",
        "(817, 177)",
        "(510, 846)",
        "(571, 64)",
        "(701, 853)",
        "(888, 140)",
        "(673, 32)",
        "(475, 267)",
        "(858, 922)",
        "(549, 120)",
        "(300, 173)",
        "(927, 465)",
        "(711, 215)",
        "(488, 404)",
        "(38, 362)",
        "(322, 543)",
        "(458, 208)",
        "(663, 94)",
        "(474, 641)",
        "(221, 620)"
    ],
    "(407, 253)": [
        "(406, 486)",
        "(675, 369)",
        "(984, 237)",
        "(893, 100)",
        "(117, 847)",
        "(733, 626)",
        "(628, 233)",
        "(251, 974)",
        "(846, 622)",
        "(711, 215)",
        "(934, 627)",
        "(458, 208)",
        "(532, 613)",
        "(459, 96)",
        "(689, 874)",
        "(673, 32)",
        "(896, 202)",
        "(293, 106)",
        "(43, 909)",
        "(886, 932)",
        "(711, 652)",
        "(678, 275)",
        "(221, 620)",
        "(475, 267)",
        "(482, 683)",
        "(562, 456)",
        "(105, 533)",
        "(784, 974)",
        "(492, 44)",
        "(440, 657)",
        "(998, 988)",
        "(106, 323)",
        "(103, 44)",
        "(828, 269)",
        "(462, 192)",
        "(615, 503)",
        "(549, 120)",
        "(510, 846)",
        "(38, 362)",
        "(596, 205)"
    ],
    "(934, 627)": [
        "(440, 657)",
        "(826, 766)",
        "(711, 215)",
        "(974, 779)",
        "(358, 599)",
        "(43, 909)",
        "(984, 237)",
        "(322, 543)",
        "(858, 922)",
        "(407, 253)",
        "(961, 88)",
        "(930, 652)",
        "(998, 988)",
        "(518, 344)",
        "(637, 830)",
        "(653, 861)",
        "(787, 78)",
        "(100, 295)",
        "(828, 269)",
        "(720, 694)",
        "(596, 205)",
        "(733, 626)",
        "(223, 645)",
        "(103, 44)",
        "(318, 325)",
        "(265, 987)",
        "(9, 416)",
        "(488, 404)",
        "(43, 449)",
        "(663, 94)",
        "(466, 756)",
        "(915, 524)",
        "(846, 622)",
        "(701, 853)",
        "(620, 292)",
        "(406, 486)",
        "(474, 641)",
        "(532, 613)",
        "(913, 682)",
        "(549, 120)",
        "(861, 36)",
        "(888, 140)",
        "(675, 369)",
        "(886, 932)",
        "(843, 250)",
        "(689, 874)",
        "(711, 652)",
        "(482, 683)",
        "(300, 173)",
        "(812, 50)",
        "(628, 233)",
        "(527, 588)"
    ],
    "(817, 177)": [
        "(322, 543)",
        "(893, 100)",
        "(100, 295)",
        "(711, 652)",
        "(445, 843)",
        "(689, 874)",
        "(512, 579)",
        "(984, 237)",
        "(492, 44)",
        "(318, 325)",
        "(156, 400)",
        "(858, 922)",
        "(475, 267)",
        "(440, 657)",
        "(375, 783)",
        "(974, 779)",
        "(103, 44)",
        "(733, 626)",
        "(787, 78)",
        "(888, 140)",
        "(927, 465)",
        "(557, 785)",
        "(645, 715)",
        "(527, 588)",
        "(828, 269)",
        "(482, 683)",
        "(847, 993)",
        "(719, 899)",
        "(90, 665)",
        "(673, 32)",
        "(861, 36)",
        "(549, 120)",
        "(596, 205)",
        "(812, 50)",
        "(9, 416)",
        "(950, 735)",
        "(886, 932)",
        "(615, 503)",
        "(406, 486)",
        "(846, 622)",
        "(223, 645)",
        "(571, 64)",
        "(675, 369)",
        "(623, 995)",
        "(637, 830)",
        "(532, 613)",
        "(488, 404)",
        "(562, 456)",
        "(663, 94)",
        "(221, 620)",
        "(826, 766)",
        "(842, 217)",
        "(458, 208)",
        "(628, 233)"
    ],
    "(950, 735)": [
        "(826, 766)",
        "(9, 416)",
        "(930, 652)",
        "(445, 843)",
        "(562, 456)",
        "(934, 355)",
        "(984, 237)",
        "(637, 830)",
        "(961, 88)",
        "(406, 486)",
        "(488, 404)",
        "(678, 275)",
        "(459, 96)",
        "(998, 988)",
        "(48, 209)",
        "(549, 120)",
        "(927, 465)",
        "(571, 64)",
        "(893, 100)",
        "(817, 177)",
        "(956, 540)",
        "(888, 140)",
        "(458, 208)",
        "(842, 217)",
        "(103, 44)",
        "(886, 932)",
        "(846, 622)",
        "(858, 922)",
        "(300, 173)",
        "(105, 533)",
        "(645, 715)",
        "(913, 682)",
        "(223, 645)",
        "(719, 899)",
        "(440, 657)",
        "(675, 369)",
        "(828, 269)",
        "(462, 192)",
        "(628, 233)",
        "(701, 853)",
        "(557, 785)",
        "(615, 503)",
        "(653, 861)",
        "(784, 974)",
        "(812, 50)",
        "(932, 69)",
        "(711, 215)",
        "(689, 874)"
    ],
    "(482, 683)": [
        "(406, 486)",
        "(300, 173)",
        "(861, 36)",
        "(512, 579)",
        "(43, 909)",
        "(358, 599)",
        "(812, 50)",
        "(474, 641)",
        "(462, 192)",
        "(466, 756)",
        "(932, 69)",
        "(678, 275)",
        "(720, 694)",
        "(251, 974)",
        "(689, 874)",
        "(817, 177)",
        "(42, 478)",
        "(527, 588)",
        "(719, 899)",
        "(105, 533)",
        "(510, 846)",
        "(733, 626)",
        "(38, 362)",
        "(623, 995)",
        "(998, 988)",
        "(532, 613)",
        "(407, 253)",
        "(886, 932)",
        "(915, 524)",
        "(927, 465)",
        "(828, 269)",
        "(888, 140)",
        "(106, 323)",
        "(103, 44)",
        "(628, 233)",
        "(445, 843)",
        "(615, 503)",
        "(518, 344)",
        "(784, 974)",
        "(974, 779)",
        "(293, 106)",
        "(221, 620)",
        "(117, 847)",
        "(787, 78)",
        "(488, 404)",
        "(675, 369)",
        "(847, 993)",
        "(711, 215)",
        "(645, 715)",
        "(711, 652)",
        "(934, 627)"
    ],
    "(915, 524)": [
        "(711, 215)",
        "(701, 853)",
        "(847, 993)",
        "(842, 217)",
        "(106, 323)",
        "(645, 715)",
        "(90, 665)",
        "(532, 613)",
        "(474, 641)",
        "(406, 486)",
        "(444, 296)",
        "(156, 400)",
        "(458, 208)",
        "(221, 620)",
        "(934, 355)",
        "(663, 94)",
        "(846, 622)",
        "(358, 599)",
        "(475, 267)",
        "(562, 456)",
        "(318, 325)",
        "(984, 237)",
        "(557, 785)",
        "(48, 209)",
        "(462, 192)",
        "(828, 269)",
        "(615, 503)",
        "(812, 50)",
        "(488, 404)",
        "(482, 683)",
        "(100, 295)",
        "(375, 783)",
        "(293, 106)",
        "(974, 779)",
        "(858, 922)",
        "(843, 250)",
        "(459, 96)",
        "(934, 627)",
        "(596, 205)",
        "(322, 543)",
        "(956, 540)",
        "(466, 756)",
        "(733, 626)",
        "(913, 682)",
        "(571, 64)",
        "(675, 369)",
        "(251, 974)",
        "(930, 652)",
        "(518, 344)"
    ],
    "(527, 588)": [
        "(858, 922)",
        "(932, 69)",
        "(893, 100)",
        "(265, 987)",
        "(678, 275)",
        "(549, 120)",
        "(105, 533)",
        "(375, 783)",
        "(930, 652)",
        "(406, 486)",
        "(927, 465)",
        "(9, 416)",
        "(510, 846)",
        "(817, 177)",
        "(886, 932)",
        "(701, 853)",
        "(961, 88)",
        "(458, 208)",
        "(812, 50)",
        "(482, 683)",
        "(251, 974)",
        "(711, 215)",
        "(620, 292)",
        "(117, 847)",
        "(459, 96)",
        "(861, 36)",
        "(358, 599)",
        "(318, 325)",
        "(322, 543)",
        "(48, 209)",
        "(100, 295)",
        "(974, 779)",
        "(888, 140)",
        "(675, 369)",
        "(787, 78)",
        "(733, 626)",
        "(719, 899)",
        "(843, 250)",
        "(557, 785)",
        "(462, 192)",
        "(532, 613)",
        "(548, 901)",
        "(934, 627)"
    ],
    "(466, 756)": [
        "(896, 202)",
        "(9, 416)",
        "(474, 641)",
        "(221, 620)",
        "(482, 683)",
        "(488, 404)",
        "(251, 974)",
        "(932, 69)",
        "(847, 993)",
        "(42, 478)",
        "(913, 682)",
        "(663, 94)",
        "(826, 766)",
        "(784, 974)",
        "(974, 779)",
        "(38, 362)",
        "(930, 652)",
        "(711, 652)",
        "(861, 36)",
        "(445, 843)",
        "(440, 657)",
        "(934, 627)",
        "(492, 44)",
        "(293, 106)",
        "(462, 192)",
        "(711, 215)",
        "(673, 32)",
        "(915, 524)",
        "(787, 78)",
        "(858, 922)",
        "(106, 323)",
        "(518, 344)",
        "(223, 645)",
        "(459, 96)",
        "(934, 355)",
        "(548, 901)",
        "(43, 909)",
        "(828, 269)",
        "(888, 140)",
        "(927, 465)",
        "(733, 626)",
        "(48, 209)",
        "(675, 369)"
    ],
    "(9, 416)": [
        "(628, 233)",
        "(950, 735)",
        "(474, 641)",
        "(719, 899)",
        "(532, 613)",
        "(466, 756)",
        "(358, 599)",
        "(846, 622)",
        "(105, 533)",
        "(527, 588)",
        "(300, 173)",
        "(620, 292)",
        "(318, 325)",
        "(984, 237)",
        "(711, 652)",
        "(492, 44)",
        "(103, 44)",
        "(961, 88)",
        "(861, 36)",
        "(251, 974)",
        "(458, 208)",
        "(43, 909)",
        "(817, 177)",
        "(678, 275)",
        "(43, 449)",
        "(518, 344)",
        "(488, 404)",
        "(934, 627)",
        "(974, 779)",
        "(375, 783)",
        "(48, 209)",
        "(689, 874)",
        "(843, 250)",
        "(223, 645)",
        "(117, 847)",
        "(510, 846)",
        "(156, 400)",
        "(653, 861)",
        "(812, 50)",
        "(221, 620)",
        "(90, 665)"
    ]
}