{
    "(197, 825)": [
        "(267, 741)",
        "(664, 275)",
        "(382, 922)",
        "(574, 57)",
        "(834, 746)",
        "(191, 188)",
        "(186, 984)",
        "(562, 812)",
        "(13, 596)",
        "(578, 703)",
        "(990, 694)",
        "(292, 855)",
        "(621, 42)",
        "(28, 310)",
        "(936, 711)",
        "(967, 585)",
        "(256, 783)",
        "(822, 883)",
        "(356, 863)",
        "(199, 290)",
        "(454, 759)",
        "(788, 289)",
        "(150, 402)",
        "(845, 870)",
        "(98, 120)",
        "(609, 805)",
        "(280, 443)",
        "(472, 204)",
        "(331, 967)",
        "(753, 617)",
        "(647, 152)",
        "(725, 553)",
        "(553, 632)",
        "(873, 327)",
        "(977, 231)",
        "(641, 873)",
        "(361, 379)",
        "(115, 977)",
        "(999, 357)"
    ],
    "(553, 632)": [
        "(822, 653)",
        "(420, 22)",
        "(100, 225)",
        "(598, 694)",
        "(645, 524)",
        "(13, 596)",
        "(44, 693)",
        "(935, 357)",
        "(464, 36)",
        "(837, 130)",
        "(28, 310)",
        "(459, 303)",
        "(609, 805)",
        "(990, 694)",
        "(361, 379)",
        "(959, 628)",
        "(191, 188)",
        "(382, 922)",
        "(381, 392)",
        "(609, 781)",
        "(564, 799)",
        "(641, 873)",
        "(850, 2)",
        "(967, 585)",
        "(26, 780)",
        "(725, 553)",
        "(574, 57)",
        "(977, 231)",
        "(69, 438)",
        "(834, 746)",
        "(301, 869)",
        "(733, 448)",
        "(472, 204)",
        "(197, 825)",
        "(621, 42)",
        "(577, 597)",
        "(424, 985)",
        "(822, 883)",
        "(356, 863)"
    ],
    "(331, 967)": [
        "(44, 693)",
        "(256, 783)",
        "(28, 310)",
        "(788, 289)",
        "(98, 120)",
        "(150, 402)",
        "(665, 133)",
        "(778, 602)",
        "(186, 984)",
        "(873, 327)",
        "(725, 553)",
        "(13, 596)",
        "(621, 42)",
        "(267, 741)",
        "(834, 746)",
        "(990, 694)",
        "(420, 22)",
        "(292, 855)",
        "(968, 707)",
        "(562, 812)",
        "(850, 2)",
        "(978, 195)",
        "(647, 152)",
        "(464, 36)",
        "(609, 781)",
        "(69, 438)",
        "(424, 985)",
        "(472, 204)",
        "(935, 313)",
        "(356, 863)",
        "(822, 653)",
        "(197, 825)",
        "(578, 703)",
        "(191, 188)",
        "(645, 524)",
        "(959, 628)",
        "(371, 31)",
        "(364, 127)",
        "(382, 922)",
        "(967, 585)",
        "(481, 936)",
        "(115, 977)"
    ],
    "(454, 759)": [
        "(26, 780)",
        "(935, 357)",
        "(424, 985)",
        "(822, 883)",
        "(641, 873)",
        "(788, 289)",
        "(371, 31)",
        "(708, 146)",
        "(92, 575)",
        "(999, 357)",
        "(978, 195)",
        "(191, 188)",
        "(574, 57)",
        "(464, 36)",
        "(420, 22)",
        "(645, 524)",
        "(459, 303)",
        "(733, 448)",
        "(967, 585)",
        "(197, 825)",
        "(69, 438)",
        "(753, 617)",
        "(292, 855)",
        "(381, 392)",
        "(577, 597)",
        "(186, 984)",
        "(133, 529)",
        "(725, 553)",
        "(562, 812)",
        "(13, 596)",
        "(778, 602)",
        "(382, 922)",
        "(356, 863)",
        "(564, 799)",
        "(256, 783)",
        "(850, 2)",
        "(609, 781)",
        "(959, 628)",
        "(647, 152)"
    ],
    "(837, 130)": [
        "(725, 553)",
        "(562, 812)",
        "(574, 57)",
        "(708, 146)",
        "(685, 102)",
        "(481, 936)",
        "(199, 290)",
        "(553, 632)",
        "(834, 746)",
        "(645, 524)",
        "(578, 703)",
        "(621, 42)",
        "(223, 245)",
        "(186, 984)",
        "(13, 596)",
        "(28, 310)",
        "(356, 863)",
        "(935, 357)",
        "(733, 448)",
        "(472, 204)",
        "(26, 780)",
        "(420, 22)",
        "(44, 693)",
        "(967, 585)",
        "(55, 198)",
        "(115, 977)",
        "(850, 2)",
        "(133, 529)",
        "(873, 327)",
        "(256, 783)",
        "(459, 303)",
        "(609, 781)",
        "(959, 628)",
        "(364, 127)",
        "(977, 231)",
        "(403, 357)",
        "(98, 120)",
        "(381, 392)",
        "(301, 869)"
    ],
    "(990, 694)": [
        "(936, 711)",
        "(920, 732)",
        "(822, 653)",
        "(267, 741)",
        "(186, 984)",
        "(28, 310)",
        "(685, 102)",
        "(935, 313)",
        "(609, 781)",
        "(301, 869)",
        "(733, 448)",
        "(664, 275)",
        "(553, 632)",
        "(197, 825)",
        "(381, 392)",
        "(577, 597)",
        "(845, 870)",
        "(331, 967)",
        "(725, 553)",
        "(641, 873)",
        "(788, 289)",
        "(609, 805)",
        "(55, 198)",
        "(292, 855)",
        "(574, 57)",
        "(280, 443)",
        "(69, 438)",
        "(967, 585)",
        "(356, 863)",
        "(578, 703)",
        "(564, 799)",
        "(459, 303)",
        "(44, 693)",
        "(361, 379)",
        "(13, 596)",
        "(850, 2)",
        "(464, 36)",
        "(978, 195)",
        "(115, 977)",
        "(403, 357)",
        "(598, 694)",
        "(364, 127)",
        "(150, 402)",
        "(968, 707)",
        "(834, 746)",
        "(647, 152)",
        "(935, 357)"
    ],
    "(562, 812)": [
        "(708, 146)",
        "(621, 42)",
        "(191, 188)",
        "(837, 130)",
        "(822, 653)",
        "(186, 984)",
        "(356, 863)",
        "(464, 36)",
        "(361, 379)",
        "(267, 741)",
        "(788, 289)",
        "(665, 133)",
        "(197, 825)",
        "(822, 883)",
        "(959, 628)",
        "(403, 357)",
        "(967, 585)",
        "(609, 805)",
        "(69, 438)",
        "(28, 310)",
        "(977, 231)",
        "(331, 967)",
        "(574, 57)",
        "(778, 602)",
        "(685, 102)",
        "(199, 290)",
        "(609, 781)",
        "(301, 869)",
        "(371, 31)",
        "(44, 693)",
        "(454, 759)",
        "(292, 855)",
        "(753, 617)",
        "(472, 204)",
        "(256, 783)",
        "(364, 127)",
        "(647, 152)",
        "(133, 529)",
        "(577, 597)",
        "(968, 707)",
        "(641, 873)",
        "(71, 631)"
    ],
    "(28, 310)": [
        "(256, 783)",
        "(331, 967)",
        "(753, 617)",
        "(459, 303)",
        "(822, 883)",
        "(990, 694)",
        "(553, 632)",
        "(55, 198)",
        "(574, 57)",
        "(733, 448)",
        "(645, 524)",
        "(301, 869)",
        "(641, 873)",
        "(280, 443)",
        "(609, 781)",
        "(191, 188)",
        "(578, 703)",
        "(92, 575)",
        "(837, 130)",
        "(361, 379)",
        "(403, 357)",
        "(197, 825)",
        "(115, 977)",
        "(472, 204)",
        "(364, 127)",
        "(292, 855)",
        "(562, 812)",
        "(708, 146)",
        "(685, 102)",
        "(464, 36)",
        "(788, 289)",
        "(382, 922)",
        "(920, 732)",
        "(13, 596)",
        "(967, 585)",
        "(481, 936)",
        "(935, 357)",
        "(356, 863)",
        "(834, 746)",
        "(98, 120)"
    ],
    "(647, 152)": [
        "(199, 290)",
        "(564, 799)",
        "(481, 936)",
        "(356, 863)",
        "(609, 781)",
        "(621, 42)",
        "(267, 741)",
        "(753, 617)",
        "(968, 707)",
        "(822, 883)",
        "(256, 783)",
        "(26, 780)",
        "(788, 289)",
        "(641, 873)",
        "(71, 631)",
        "(574, 57)",
        "(292, 855)",
        "(301, 869)",
        "(598, 694)",
        "(100, 225)",
        "(935, 357)",
        "(645, 524)",
        "(331, 967)",
        "(967, 585)",
        "(977, 231)",
        "(935, 313)",
        "(364, 127)",
        "(472, 204)",
        "(420, 22)",
        "(664, 275)",
        "(197, 825)",
        "(403, 357)",
        "(150, 402)",
        "(708, 146)",
        "(186, 984)",
        "(562, 812)",
        "(454, 759)",
        "(382, 922)",
        "(990, 694)"
    ],
    "(55, 198)": [
        "(778, 602)",
        "(733, 448)",
        "(935, 357)",
        "(199, 290)",
        "(98, 120)",
        "(999, 357)",
        "(725, 553)",
        "(381, 392)",
        "(69, 438)",
        "(28, 310)",
        "(361, 379)",
        "(609, 781)",
        "(472, 204)",
        "(665, 133)",
        "(968, 707)",
        "(990, 694)",
        "(100, 225)",
        "(978, 195)",
        "(403, 357)",
        "(356, 863)",
        "(837, 130)",
        "(133, 529)",
        "(459, 303)",
        "(873, 327)",
        "(364, 127)",
        "(845, 870)",
        "(609, 805)",
        "(92, 575)",
        "(788, 289)",
        "(223, 245)",
        "(598, 694)",
        "(935, 313)",
        "(564, 799)"
    ],
    "(115, 977)": [
        "(778, 602)",
        "(472, 204)",
        "(186, 984)",
        "(301, 869)",
        "(977, 231)",
        "(708, 146)",
        "(645, 524)",
        "(481, 936)",
        "(199, 290)",
        "(69, 438)",
        "(280, 443)",
        "(382, 922)",
        "(28, 310)",
        "(371, 31)",
        "(92, 575)",
        "(98, 120)",
        "(381, 392)",
        "(356, 863)",
        "(837, 130)",
        "(967, 585)",
        "(459, 303)",
        "(753, 617)",
        "(990, 694)",
        "(936, 711)",
        "(609, 805)",
        "(13, 596)",
        "(71, 631)",
        "(850, 2)",
        "(578, 703)",
        "(197, 825)",
        "(292, 855)",
        "(822, 883)",
        "(403, 357)",
        "(331, 967)",
        "(935, 313)"
    ],
    "(267, 741)": [
        "(472, 204)",
        "(197, 825)",
        "(100, 225)",
        "(990, 694)",
        "(609, 781)",
        "(280, 443)",
        "(778, 602)",
        "(978, 195)",
        "(424, 985)",
        "(464, 36)",
        "(788, 289)",
        "(935, 313)",
        "(186, 984)",
        "(935, 357)",
        "(92, 575)",
        "(562, 812)",
        "(133, 529)",
        "(959, 628)",
        "(664, 275)",
        "(647, 152)",
        "(685, 102)",
        "(753, 617)",
        "(292, 855)",
        "(331, 967)",
        "(420, 22)",
        "(822, 883)",
        "(98, 120)",
        "(967, 585)",
        "(371, 31)",
        "(665, 133)",
        "(381, 392)",
        "(459, 303)",
        "(44, 693)",
        "(199, 290)",
        "(26, 780)",
        "(873, 327)",
        "(577, 597)",
        "(598, 694)"
    ],
    "(967, 585)": [
        "(364, 127)",
        "(873, 327)",
        "(609, 781)",
        "(959, 628)",
        "(978, 195)",
        "(186, 984)",
        "(150, 402)",
        "(403, 357)",
        "(778, 602)",
        "(845, 870)",
        "(562, 812)",
        "(197, 825)",
        "(292, 855)",
        "(381, 392)",
        "(451, 883)",
        "(454, 759)",
        "(641, 873)",
        "(464, 36)",
        "(267, 741)",
        "(356, 863)",
        "(100, 225)",
        "(990, 694)",
        "(553, 632)",
        "(472, 204)",
        "(133, 529)",
        "(837, 130)",
        "(647, 152)",
        "(708, 146)",
        "(256, 783)",
        "(115, 977)",
        "(28, 310)",
        "(577, 597)",
        "(481, 936)",
        "(98, 120)",
        "(999, 357)",
        "(371, 31)",
        "(424, 985)",
        "(609, 805)",
        "(382, 922)",
        "(223, 245)",
        "(574, 57)",
        "(280, 443)",
        "(850, 2)",
        "(621, 42)",
        "(331, 967)",
        "(935, 313)"
    ],
    "(280, 443)": [
        "(69, 438)",
        "(845, 870)",
        "(420, 22)",
        "(935, 313)",
        "(267, 741)",
        "(621, 42)",
        "(150, 402)",
        "(13, 596)",
        "(578, 703)",
        "(978, 195)",
        "(28, 310)",
        "(381, 392)",
        "(115, 977)",
        "(451, 883)",
        "(708, 146)",
        "(301, 869)",
        "(577, 597)",
        "(999, 357)",
        "(598, 694)",
        "(364, 127)",
        "(990, 694)",
        "(850, 2)",
        "(26, 780)",
        "(873, 327)",
        "(481, 936)",
        "(609, 805)",
        "(197, 825)",
        "(959, 628)",
        "(968, 707)",
        "(464, 36)",
        "(645, 524)",
        "(382, 922)",
        "(199, 290)",
        "(778, 602)",
        "(564, 799)",
        "(967, 585)",
        "(609, 781)",
        "(788, 289)",
        "(424, 985)",
        "(98, 120)",
        "(641, 873)"
    ],
    "(420, 22)": [
        "(150, 402)",
        "(553, 632)",
        "(199, 290)",
        "(44, 693)",
        "(280, 443)",
        "(609, 781)",
        "(98, 120)",
        "(577, 597)",
        "(574, 57)",
        "(459, 303)",
        "(451, 883)",
        "(454, 759)",
        "(725, 553)",
        "(92, 575)",
        "(464, 36)",
        "(578, 703)",
        "(13, 596)",
        "(331, 967)",
        "(267, 741)",
        "(26, 780)",
        "(292, 855)",
        "(685, 102)",
        "(959, 628)",
        "(837, 130)",
        "(873, 327)",
        "(753, 617)",
        "(999, 357)",
        "(822, 883)",
        "(664, 275)",
        "(69, 438)",
        "(100, 225)",
        "(647, 152)",
        "(665, 133)",
        "(364, 127)",
        "(834, 746)",
        "(381, 392)",
        "(191, 188)",
        "(977, 231)",
        "(481, 936)"
    ],
    "(424, 985)": [
        "(822, 653)",
        "(364, 127)",
        "(13, 596)",
        "(454, 759)",
        "(191, 188)",
        "(100, 225)",
        "(267, 741)",
        "(999, 357)",
        "(645, 524)",
        "(578, 703)",
        "(403, 357)",
        "(708, 146)",
        "(978, 195)",
        "(301, 869)",
        "(733, 448)",
        "(822, 883)",
        "(69, 438)",
        "(845, 870)",
        "(873, 327)",
        "(564, 799)",
        "(71, 631)",
        "(936, 711)",
        "(150, 402)",
        "(331, 967)",
        "(665, 133)",
        "(935, 357)",
        "(641, 873)",
        "(967, 585)",
        "(598, 694)",
        "(664, 275)",
        "(280, 443)",
        "(725, 553)",
        "(553, 632)",
        "(850, 2)",
        "(223, 245)",
        "(834, 746)",
        "(574, 57)"
    ],
    "(968, 707)": [
        "(371, 31)",
        "(621, 42)",
        "(598, 694)",
        "(133, 529)",
        "(609, 781)",
        "(920, 732)",
        "(822, 653)",
        "(361, 379)",
        "(578, 703)",
        "(778, 602)",
        "(685, 102)",
        "(574, 57)",
        "(647, 152)",
        "(753, 617)",
        "(186, 984)",
        "(459, 303)",
        "(978, 195)",
        "(331, 967)",
        "(69, 438)",
        "(55, 198)",
        "(13, 596)",
        "(223, 245)",
        "(708, 146)",
        "(280, 443)",
        "(665, 133)",
        "(990, 694)",
        "(999, 357)",
        "(364, 127)",
        "(98, 120)",
        "(562, 812)",
        "(834, 746)",
        "(873, 327)"
    ],
    "(150, 402)": [
        "(420, 22)",
        "(292, 855)",
        "(98, 120)",
        "(978, 195)",
        "(331, 967)",
        "(280, 443)",
        "(481, 936)",
        "(850, 2)",
        "(725, 553)",
        "(664, 275)",
        "(472, 204)",
        "(256, 783)",
        "(356, 863)",
        "(967, 585)",
        "(186, 984)",
        "(822, 653)",
        "(778, 602)",
        "(92, 575)",
        "(665, 133)",
        "(100, 225)",
        "(197, 825)",
        "(403, 357)",
        "(424, 985)",
        "(459, 303)",
        "(822, 883)",
        "(708, 146)",
        "(935, 357)",
        "(26, 780)",
        "(464, 36)",
        "(199, 290)",
        "(133, 529)",
        "(834, 746)",
        "(990, 694)",
        "(647, 152)",
        "(301, 869)"
    ],
    "(609, 805)": [
        "(685, 102)",
        "(577, 597)",
        "(481, 936)",
        "(223, 245)",
        "(69, 438)",
        "(381, 392)",
        "(464, 36)",
        "(725, 553)",
        "(553, 632)",
        "(564, 799)",
        "(978, 195)",
        "(44, 693)",
        "(256, 783)",
        "(472, 204)",
        "(186, 984)",
        "(664, 275)",
        "(562, 812)",
        "(990, 694)",
        "(959, 628)",
        "(733, 448)",
        "(609, 781)",
        "(753, 617)",
        "(621, 42)",
        "(645, 524)",
        "(641, 873)",
        "(364, 127)",
        "(26, 780)",
        "(13, 596)",
        "(191, 188)",
        "(574, 57)",
        "(778, 602)",
        "(920, 732)",
        "(197, 825)",
        "(280, 443)",
        "(55, 198)",
        "(788, 289)",
        "(967, 585)",
        "(115, 977)",
        "(459, 303)",
        "(451, 883)"
    ],
    "(69, 438)": [
        "(822, 883)",
        "(301, 869)",
        "(578, 703)",
        "(280, 443)",
        "(451, 883)",
        "(574, 57)",
        "(664, 275)",
        "(371, 31)",
        "(609, 805)",
        "(55, 198)",
        "(100, 225)",
        "(609, 781)",
        "(999, 357)",
        "(115, 977)",
        "(935, 313)",
        "(13, 596)",
        "(381, 392)",
        "(708, 146)",
        "(845, 870)",
        "(199, 290)",
        "(959, 628)",
        "(382, 922)",
        "(481, 936)",
        "(424, 985)",
        "(292, 855)",
        "(978, 195)",
        "(459, 303)",
        "(968, 707)",
        "(562, 812)",
        "(454, 759)",
        "(990, 694)",
        "(361, 379)",
        "(403, 357)",
        "(186, 984)",
        "(331, 967)",
        "(223, 245)",
        "(778, 602)",
        "(553, 632)",
        "(665, 133)",
        "(420, 22)",
        "(822, 653)",
        "(256, 783)",
        "(725, 553)",
        "(788, 289)",
        "(685, 102)",
        "(464, 36)",
        "(577, 597)",
        "(977, 231)"
    ],
    "(920, 732)": [
        "(990, 694)",
        "(935, 357)",
        "(959, 628)",
        "(356, 863)",
        "(223, 245)",
        "(968, 707)",
        "(873, 327)",
        "(98, 120)",
        "(361, 379)",
        "(451, 883)",
        "(578, 703)",
        "(999, 357)",
        "(778, 602)",
        "(13, 596)",
        "(822, 883)",
        "(403, 357)",
        "(186, 984)",
        "(725, 553)",
        "(256, 783)",
        "(978, 195)",
        "(371, 31)",
        "(28, 310)",
        "(708, 146)",
        "(609, 805)",
        "(935, 313)",
        "(564, 799)",
        "(100, 225)",
        "(609, 781)"
    ],
    "(609, 781)": [
        "(371, 31)",
        "(725, 553)",
        "(381, 392)",
        "(361, 379)",
        "(267, 741)",
        "(967, 585)",
        "(578, 703)",
        "(420, 22)",
        "(564, 799)",
        "(647, 152)",
        "(968, 707)",
        "(98, 120)",
        "(990, 694)",
        "(69, 438)",
        "(55, 198)",
        "(28, 310)",
        "(92, 575)",
        "(664, 275)",
        "(553, 632)",
        "(753, 617)",
        "(598, 694)",
        "(665, 133)",
        "(451, 883)",
        "(364, 127)",
        "(609, 805)",
        "(978, 195)",
        "(562, 812)",
        "(331, 967)",
        "(574, 57)",
        "(256, 783)",
        "(223, 245)",
        "(845, 870)",
        "(837, 130)",
        "(191, 188)",
        "(977, 231)",
        "(403, 357)",
        "(454, 759)",
        "(778, 602)",
        "(280, 443)",
        "(186, 984)",
        "(199, 290)",
        "(920, 732)"
    ],
    "(472, 204)": [
        "(267, 741)",
        "(292, 855)",
        "(92, 575)",
        "(71, 631)",
        "(115, 977)",
        "(451, 883)",
        "(133, 529)",
        "(564, 799)",
        "(822, 653)",
        "(664, 275)",
        "(459, 303)",
        "(44, 693)",
        "(834, 746)",
        "(150, 402)",
        "(577, 597)",
        "(977, 231)",
        "(55, 198)",
        "(464, 36)",
        "(609, 805)",
        "(28, 310)",
        "(191, 188)",
        "(725, 553)",
        "(301, 869)",
        "(837, 130)",
        "(481, 936)",
        "(733, 448)",
        "(371, 31)",
        "(967, 585)",
        "(753, 617)",
        "(873, 327)",
        "(331, 967)",
        "(936, 711)",
        "(959, 628)",
        "(647, 152)",
        "(197, 825)",
        "(98, 120)",
        "(562, 812)",
        "(13, 596)",
        "(553, 632)",
        "(999, 357)",
        "(381, 392)"
    ],
    "(574, 57)": [
        "(133, 529)",
        "(69, 438)",
        "(837, 130)",
        "(92, 575)",
        "(873, 327)",
        "(197, 825)",
        "(403, 357)",
        "(28, 310)",
        "(420, 22)",
        "(968, 707)",
        "(454, 759)",
        "(464, 36)",
        "(256, 783)",
        "(664, 275)",
        "(822, 883)",
        "(999, 357)",
        "(301, 869)",
        "(647, 152)",
        "(778, 602)",
        "(562, 812)",
        "(845, 870)",
        "(459, 303)",
        "(990, 694)",
        "(609, 781)",
        "(609, 805)",
        "(553, 632)",
        "(98, 120)",
        "(685, 102)",
        "(564, 799)",
        "(834, 746)",
        "(850, 2)",
        "(26, 780)",
        "(967, 585)",
        "(44, 693)",
        "(577, 597)",
        "(598, 694)",
        "(959, 628)",
        "(223, 245)",
        "(451, 883)",
        "(364, 127)",
        "(424, 985)"
    ],
    "(822, 653)": [
        "(481, 936)",
        "(553, 632)",
        "(424, 985)",
        "(990, 694)",
        "(834, 746)",
        "(562, 812)",
        "(959, 628)",
        "(472, 204)",
        "(382, 922)",
        "(133, 529)",
        "(850, 2)",
        "(968, 707)",
        "(26, 780)",
        "(788, 289)",
        "(978, 195)",
        "(92, 575)",
        "(292, 855)",
        "(301, 869)",
        "(645, 524)",
        "(371, 31)",
        "(621, 42)",
        "(150, 402)",
        "(665, 133)",
        "(999, 357)",
        "(578, 703)",
        "(464, 36)",
        "(725, 553)",
        "(936, 711)",
        "(977, 231)",
        "(331, 967)",
        "(733, 448)",
        "(69, 438)",
        "(403, 357)",
        "(845, 870)",
        "(598, 694)",
        "(685, 102)"
    ],
    "(822, 883)": [
        "(69, 438)",
        "(733, 448)",
        "(873, 327)",
        "(28, 310)",
        "(454, 759)",
        "(301, 869)",
        "(708, 146)",
        "(936, 711)",
        "(621, 42)",
        "(778, 602)",
        "(199, 290)",
        "(647, 152)",
        "(459, 303)",
        "(978, 195)",
        "(44, 693)",
        "(562, 812)",
        "(424, 985)",
        "(574, 57)",
        "(100, 225)",
        "(267, 741)",
        "(197, 825)",
        "(371, 31)",
        "(920, 732)",
        "(382, 922)",
        "(999, 357)",
        "(403, 357)",
        "(150, 402)",
        "(451, 883)",
        "(577, 597)",
        "(834, 746)",
        "(420, 22)",
        "(725, 553)",
        "(381, 392)",
        "(191, 188)",
        "(115, 977)",
        "(256, 783)",
        "(553, 632)",
        "(133, 529)"
    ],
    "(371, 31)": [
        "(609, 781)",
        "(936, 711)",
        "(292, 855)",
        "(69, 438)",
        "(968, 707)",
        "(481, 936)",
        "(13, 596)",
        "(708, 146)",
        "(464, 36)",
        "(935, 357)",
        "(454, 759)",
        "(577, 597)",
        "(664, 275)",
        "(364, 127)",
        "(71, 631)",
        "(223, 245)",
        "(26, 780)",
        "(822, 653)",
        "(115, 977)",
        "(977, 231)",
        "(100, 225)",
        "(598, 694)",
        "(578, 703)",
        "(822, 883)",
        "(472, 204)",
        "(850, 2)",
        "(920, 732)",
        "(267, 741)",
        "(562, 812)",
        "(788, 289)",
        "(967, 585)",
        "(199, 290)",
        "(564, 799)",
        "(451, 883)",
        "(331, 967)",
        "(256, 783)",
        "(834, 746)",
        "(403, 357)",
        "(645, 524)",
        "(733, 448)"
    ],
    "(733, 448)": [
        "(55, 198)",
        "(822, 883)",
        "(834, 746)",
        "(223, 245)",
        "(564, 799)",
        "(28, 310)",
        "(98, 120)",
        "(990, 694)",
        "(191, 188)",
        "(424, 985)",
        "(454, 759)",
        "(641, 873)",
        "(100, 225)",
        "(837, 130)",
        "(725, 553)",
        "(472, 204)",
        "(609, 805)",
        "(301, 869)",
        "(364, 127)",
        "(186, 984)",
        "(685, 102)",
        "(292, 855)",
        "(133, 529)",
        "(935, 357)",
        "(598, 694)",
        "(850, 2)",
        "(822, 653)",
        "(788, 289)",
        "(553, 632)",
        "(999, 357)",
        "(356, 863)",
        "(371, 31)"
    ],
    "(685, 102)": [
        "(609, 805)",
        "(92, 575)",
        "(451, 883)",
        "(990, 694)",
        "(837, 130)",
        "(725, 553)",
        "(977, 231)",
        "(935, 357)",
        "(71, 631)",
        "(935, 313)",
        "(267, 741)",
        "(778, 602)",
        "(968, 707)",
        "(664, 275)",
        "(936, 711)",
        "(621, 42)",
        "(598, 694)",
        "(301, 869)",
        "(708, 146)",
        "(562, 812)",
        "(420, 22)",
        "(564, 799)",
        "(28, 310)",
        "(133, 529)",
        "(733, 448)",
        "(645, 524)",
        "(999, 357)",
        "(577, 597)",
        "(574, 57)",
        "(361, 379)",
        "(403, 357)",
        "(69, 438)",
        "(822, 653)",
        "(464, 36)",
        "(578, 703)",
        "(382, 922)",
        "(364, 127)"
    ],
    "(845, 870)": [
        "(621, 42)",
        "(598, 694)",
        "(280, 443)",
        "(999, 357)",
        "(381, 392)",
        "(464, 36)",
        "(664, 275)",
        "(186, 984)",
        "(850, 2)",
        "(788, 289)",
        "(133, 529)",
        "(403, 357)",
        "(69, 438)",
        "(708, 146)",
        "(935, 313)",
        "(382, 922)",
        "(990, 694)",
        "(967, 585)",
        "(424, 985)",
        "(98, 120)",
        "(725, 553)",
        "(641, 873)",
        "(574, 57)",
        "(256, 783)",
        "(778, 602)",
        "(199, 290)",
        "(13, 596)",
        "(197, 825)",
        "(834, 746)",
        "(645, 524)",
        "(978, 195)",
        "(564, 799)",
        "(191, 188)",
        "(665, 133)",
        "(55, 198)",
        "(609, 781)",
        "(451, 883)",
        "(873, 327)",
        "(822, 653)",
        "(577, 597)"
    ],
    "(621, 42)": [
        "(978, 195)",
        "(845, 870)",
        "(562, 812)",
        "(301, 869)",
        "(664, 275)",
        "(968, 707)",
        "(280, 443)",
        "(92, 575)",
        "(959, 628)",
        "(578, 703)",
        "(837, 130)",
        "(850, 2)",
        "(647, 152)",
        "(834, 746)",
        "(403, 357)",
        "(459, 303)",
        "(822, 883)",
        "(331, 967)",
        "(873, 327)",
        "(197, 825)",
        "(685, 102)",
        "(822, 653)",
        "(725, 553)",
        "(977, 231)",
        "(364, 127)",
        "(100, 225)",
        "(641, 873)",
        "(577, 597)",
        "(665, 133)",
        "(609, 805)",
        "(451, 883)",
        "(564, 799)",
        "(935, 357)",
        "(778, 602)",
        "(708, 146)",
        "(382, 922)",
        "(292, 855)",
        "(788, 289)",
        "(381, 392)",
        "(553, 632)",
        "(967, 585)",
        "(71, 631)",
        "(464, 36)",
        "(13, 596)",
        "(645, 524)"
    ],
    "(382, 922)": [
        "(197, 825)",
        "(788, 289)",
        "(822, 653)",
        "(98, 120)",
        "(481, 936)",
        "(578, 703)",
        "(115, 977)",
        "(845, 870)",
        "(69, 438)",
        "(256, 783)",
        "(753, 617)",
        "(364, 127)",
        "(553, 632)",
        "(92, 575)",
        "(935, 313)",
        "(577, 597)",
        "(381, 392)",
        "(822, 883)",
        "(186, 984)",
        "(356, 863)",
        "(850, 2)",
        "(28, 310)",
        "(959, 628)",
        "(665, 133)",
        "(725, 553)",
        "(708, 146)",
        "(621, 42)",
        "(361, 379)",
        "(935, 357)",
        "(454, 759)",
        "(664, 275)",
        "(967, 585)",
        "(564, 799)",
        "(280, 443)",
        "(133, 529)",
        "(645, 524)",
        "(331, 967)",
        "(647, 152)",
        "(685, 102)"
    ],
    "(598, 694)": [
        "(553, 632)",
        "(845, 870)",
        "(459, 303)",
        "(968, 707)",
        "(564, 799)",
        "(223, 245)",
        "(685, 102)",
        "(371, 31)",
        "(280, 443)",
        "(609, 781)",
        "(191, 188)",
        "(999, 357)",
        "(481, 936)",
        "(647, 152)",
        "(100, 225)",
        "(788, 289)",
        "(645, 524)",
        "(733, 448)",
        "(834, 746)",
        "(301, 869)",
        "(199, 290)",
        "(92, 575)",
        "(451, 883)",
        "(186, 984)",
        "(990, 694)",
        "(664, 275)",
        "(935, 357)",
        "(822, 653)",
        "(424, 985)",
        "(55, 198)",
        "(574, 57)",
        "(850, 2)",
        "(267, 741)"
    ],
    "(978, 195)": [
        "(621, 42)",
        "(935, 313)",
        "(150, 402)",
        "(641, 873)",
        "(959, 628)",
        "(267, 741)",
        "(753, 617)",
        "(464, 36)",
        "(967, 585)",
        "(280, 443)",
        "(356, 863)",
        "(822, 653)",
        "(424, 985)",
        "(133, 529)",
        "(454, 759)",
        "(256, 783)",
        "(609, 805)",
        "(822, 883)",
        "(186, 984)",
        "(968, 707)",
        "(69, 438)",
        "(999, 357)",
        "(873, 327)",
        "(645, 524)",
        "(834, 746)",
        "(223, 245)",
        "(609, 781)",
        "(55, 198)",
        "(292, 855)",
        "(361, 379)",
        "(364, 127)",
        "(331, 967)",
        "(13, 596)",
        "(920, 732)",
        "(778, 602)",
        "(708, 146)",
        "(845, 870)",
        "(990, 694)",
        "(191, 188)",
        "(98, 120)",
        "(100, 225)",
        "(459, 303)",
        "(26, 780)"
    ],
    "(100, 225)": [
        "(553, 632)",
        "(267, 741)",
        "(753, 617)",
        "(850, 2)",
        "(424, 985)",
        "(936, 711)",
        "(959, 628)",
        "(778, 602)",
        "(13, 596)",
        "(69, 438)",
        "(665, 133)",
        "(645, 524)",
        "(92, 575)",
        "(256, 783)",
        "(564, 799)",
        "(361, 379)",
        "(451, 883)",
        "(371, 31)",
        "(733, 448)",
        "(822, 883)",
        "(621, 42)",
        "(935, 357)",
        "(55, 198)",
        "(647, 152)",
        "(598, 694)",
        "(150, 402)",
        "(967, 585)",
        "(481, 936)",
        "(403, 357)",
        "(420, 22)",
        "(464, 36)",
        "(664, 275)",
        "(920, 732)",
        "(44, 693)",
        "(999, 357)",
        "(978, 195)"
    ],
    "(403, 357)": [
        "(935, 313)",
        "(578, 703)",
        "(936, 711)",
        "(356, 863)",
        "(574, 57)",
        "(464, 36)",
        "(621, 42)",
        "(424, 985)",
        "(788, 289)",
        "(191, 188)",
        "(999, 357)",
        "(959, 628)",
        "(845, 870)",
        "(967, 585)",
        "(28, 310)",
        "(562, 812)",
        "(13, 596)",
        "(564, 799)",
        "(920, 732)",
        "(977, 231)",
        "(55, 198)",
        "(69, 438)",
        "(150, 402)",
        "(708, 146)",
        "(822, 883)",
        "(100, 225)",
        "(990, 694)",
        "(822, 653)",
        "(645, 524)",
        "(71, 631)",
        "(837, 130)",
        "(44, 693)",
        "(361, 379)",
        "(685, 102)",
        "(647, 152)",
        "(481, 936)",
        "(223, 245)",
        "(609, 781)",
        "(115, 977)",
        "(199, 290)",
        "(371, 31)"
    ],
    "(564, 799)": [
        "(92, 575)",
        "(13, 596)",
        "(647, 152)",
        "(44, 693)",
        "(472, 204)",
        "(578, 703)",
        "(381, 392)",
        "(609, 781)",
        "(733, 448)",
        "(850, 2)",
        "(609, 805)",
        "(356, 863)",
        "(598, 694)",
        "(100, 225)",
        "(778, 602)",
        "(424, 985)",
        "(481, 936)",
        "(403, 357)",
        "(553, 632)",
        "(685, 102)",
        "(788, 289)",
        "(753, 617)",
        "(621, 42)",
        "(990, 694)",
        "(26, 780)",
        "(845, 870)",
        "(959, 628)",
        "(574, 57)",
        "(920, 732)",
        "(382, 922)",
        "(936, 711)",
        "(371, 31)",
        "(935, 357)",
        "(665, 133)",
        "(454, 759)",
        "(280, 443)",
        "(977, 231)",
        "(935, 313)",
        "(873, 327)",
        "(451, 883)",
        "(55, 198)"
    ],
    "(873, 327)": [
        "(822, 883)",
        "(967, 585)",
        "(574, 57)",
        "(364, 127)",
        "(44, 693)",
        "(834, 746)",
        "(920, 732)",
        "(331, 967)",
        "(301, 869)",
        "(977, 231)",
        "(256, 783)",
        "(935, 313)",
        "(621, 42)",
        "(459, 303)",
        "(361, 379)",
        "(199, 290)",
        "(424, 985)",
        "(978, 195)",
        "(664, 275)",
        "(98, 120)",
        "(381, 392)",
        "(223, 245)",
        "(788, 289)",
        "(578, 703)",
        "(280, 443)",
        "(472, 204)",
        "(420, 22)",
        "(71, 631)",
        "(55, 198)",
        "(13, 596)",
        "(837, 130)",
        "(845, 870)",
        "(641, 873)",
        "(936, 711)",
        "(665, 133)",
        "(197, 825)",
        "(267, 741)",
        "(564, 799)",
        "(481, 936)",
        "(968, 707)"
    ],
    "(935, 313)": [
        "(403, 357)",
        "(978, 195)",
        "(71, 631)",
        "(361, 379)",
        "(301, 869)",
        "(664, 275)",
        "(280, 443)",
        "(990, 694)",
        "(708, 146)",
        "(98, 120)",
        "(356, 863)",
        "(267, 741)",
        "(199, 290)",
        "(685, 102)",
        "(788, 289)",
        "(451, 883)",
        "(256, 783)",
        "(69, 438)",
        "(873, 327)",
        "(481, 936)",
        "(845, 870)",
        "(382, 922)",
        "(292, 855)",
        "(13, 596)",
        "(191, 188)",
        "(331, 967)",
        "(753, 617)",
        "(577, 597)",
        "(647, 152)",
        "(381, 392)",
        "(935, 357)",
        "(920, 732)",
        "(641, 873)",
        "(133, 529)",
        "(564, 799)",
        "(959, 628)",
        "(834, 746)",
        "(55, 198)",
        "(850, 2)",
        "(115, 977)",
        "(967, 585)"
    ],
    "(364, 127)": [
        "(26, 780)",
        "(424, 985)",
        "(778, 602)",
        "(967, 585)",
        "(999, 357)",
        "(873, 327)",
        "(98, 120)",
        "(936, 711)",
        "(191, 188)",
        "(578, 703)",
        "(356, 863)",
        "(371, 31)",
        "(382, 922)",
        "(28, 310)",
        "(621, 42)",
        "(451, 883)",
        "(44, 693)",
        "(280, 443)",
        "(609, 781)",
        "(733, 448)",
        "(978, 195)",
        "(959, 628)",
        "(481, 936)",
        "(609, 805)",
        "(92, 575)",
        "(935, 357)",
        "(55, 198)",
        "(647, 152)",
        "(837, 130)",
        "(990, 694)",
        "(420, 22)",
        "(562, 812)",
        "(199, 290)",
        "(968, 707)",
        "(788, 289)",
        "(331, 967)",
        "(977, 231)",
        "(574, 57)",
        "(685, 102)"
    ],
    "(381, 392)": [
        "(609, 781)",
        "(356, 863)",
        "(845, 870)",
        "(55, 198)",
        "(564, 799)",
        "(936, 711)",
        "(609, 805)",
        "(578, 703)",
        "(69, 438)",
        "(280, 443)",
        "(641, 873)",
        "(186, 984)",
        "(990, 694)",
        "(778, 602)",
        "(256, 783)",
        "(459, 303)",
        "(451, 883)",
        "(115, 977)",
        "(553, 632)",
        "(967, 585)",
        "(382, 922)",
        "(71, 631)",
        "(873, 327)",
        "(454, 759)",
        "(13, 596)",
        "(481, 936)",
        "(664, 275)",
        "(464, 36)",
        "(267, 741)",
        "(935, 313)",
        "(223, 245)",
        "(199, 290)",
        "(621, 42)",
        "(822, 883)",
        "(977, 231)",
        "(420, 22)",
        "(92, 575)",
        "(472, 204)",
        "(837, 130)",
        "(725, 553)",
        "(133, 529)",
        "(753, 617)"
    ],
    "(191, 188)": [
        "(645, 524)",
        "(562, 812)",
        "(424, 985)",
        "(936, 711)",
        "(364, 127)",
        "(197, 825)",
        "(725, 553)",
        "(999, 357)",
        "(454, 759)",
        "(98, 120)",
        "(733, 448)",
        "(403, 357)",
        "(28, 310)",
        "(753, 617)",
        "(356, 863)",
        "(553, 632)",
        "(472, 204)",
        "(708, 146)",
        "(598, 694)",
        "(44, 693)",
        "(959, 628)",
        "(26, 780)",
        "(133, 529)",
        "(256, 783)",
        "(935, 313)",
        "(609, 805)",
        "(641, 873)",
        "(292, 855)",
        "(845, 870)",
        "(665, 133)",
        "(978, 195)",
        "(609, 781)",
        "(223, 245)",
        "(199, 290)",
        "(331, 967)",
        "(577, 597)",
        "(822, 883)",
        "(420, 22)"
    ],
    "(361, 379)": [
        "(609, 781)",
        "(71, 631)",
        "(935, 313)",
        "(459, 303)",
        "(577, 597)",
        "(641, 873)",
        "(664, 275)",
        "(562, 812)",
        "(256, 783)",
        "(292, 855)",
        "(968, 707)",
        "(920, 732)",
        "(55, 198)",
        "(26, 780)",
        "(100, 225)",
        "(28, 310)",
        "(553, 632)",
        "(873, 327)",
        "(451, 883)",
        "(778, 602)",
        "(199, 290)",
        "(850, 2)",
        "(978, 195)",
        "(69, 438)",
        "(645, 524)",
        "(725, 553)",
        "(133, 529)",
        "(990, 694)",
        "(685, 102)",
        "(382, 922)",
        "(403, 357)",
        "(578, 703)",
        "(13, 596)",
        "(197, 825)"
    ],
    "(850, 2)": [
        "(292, 855)",
        "(100, 225)",
        "(481, 936)",
        "(822, 653)",
        "(150, 402)",
        "(621, 42)",
        "(577, 597)",
        "(564, 799)",
        "(845, 870)",
        "(464, 36)",
        "(935, 357)",
        "(641, 873)",
        "(71, 631)",
        "(999, 357)",
        "(645, 524)",
        "(44, 693)",
        "(553, 632)",
        "(331, 967)",
        "(361, 379)",
        "(664, 275)",
        "(936, 711)",
        "(371, 31)",
        "(280, 443)",
        "(382, 922)",
        "(133, 529)",
        "(837, 130)",
        "(990, 694)",
        "(733, 448)",
        "(834, 746)",
        "(574, 57)",
        "(13, 596)",
        "(256, 783)",
        "(967, 585)",
        "(454, 759)",
        "(977, 231)",
        "(665, 133)",
        "(115, 977)",
        "(92, 575)",
        "(186, 984)",
        "(935, 313)",
        "(598, 694)",
        "(424, 985)"
    ],
    "(788, 289)": [
        "(959, 628)",
        "(464, 36)",
        "(708, 146)",
        "(13, 596)",
        "(382, 922)",
        "(331, 967)",
        "(641, 873)",
        "(267, 741)",
        "(454, 759)",
        "(481, 936)",
        "(645, 524)",
        "(562, 812)",
        "(935, 313)",
        "(822, 653)",
        "(845, 870)",
        "(403, 357)",
        "(92, 575)",
        "(977, 231)",
        "(223, 245)",
        "(647, 152)",
        "(44, 693)",
        "(356, 863)",
        "(990, 694)",
        "(778, 602)",
        "(197, 825)",
        "(301, 869)",
        "(292, 855)",
        "(725, 553)",
        "(28, 310)",
        "(873, 327)",
        "(564, 799)",
        "(598, 694)",
        "(371, 31)",
        "(665, 133)",
        "(256, 783)",
        "(609, 805)",
        "(55, 198)",
        "(133, 529)",
        "(936, 711)",
        "(733, 448)",
        "(621, 42)",
        "(69, 438)",
        "(364, 127)",
        "(280, 443)"
    ],
    "(959, 628)": [
        "(788, 289)",
        "(936, 711)",
        "(778, 602)",
        "(920, 732)",
        "(822, 653)",
        "(967, 585)",
        "(978, 195)",
        "(100, 225)",
        "(256, 783)",
        "(301, 869)",
        "(621, 42)",
        "(481, 936)",
        "(451, 883)",
        "(935, 357)",
        "(267, 741)",
        "(403, 357)",
        "(69, 438)",
        "(562, 812)",
        "(553, 632)",
        "(98, 120)",
        "(292, 855)",
        "(186, 984)",
        "(641, 873)",
        "(609, 805)",
        "(191, 188)",
        "(420, 22)",
        "(364, 127)",
        "(382, 922)",
        "(708, 146)",
        "(664, 275)",
        "(753, 617)",
        "(834, 746)",
        "(472, 204)",
        "(280, 443)",
        "(564, 799)",
        "(577, 597)",
        "(837, 130)",
        "(331, 967)",
        "(454, 759)",
        "(935, 313)",
        "(574, 57)",
        "(977, 231)"
    ],
    "(186, 984)": [
        "(26, 780)",
        "(990, 694)",
        "(562, 812)",
        "(115, 977)",
        "(267, 741)",
        "(331, 967)",
        "(481, 936)",
        "(845, 870)",
        "(197, 825)",
        "(967, 585)",
        "(837, 130)",
        "(98, 120)",
        "(968, 707)",
        "(381, 392)",
        "(978, 195)",
        "(609, 805)",
        "(664, 275)",
        "(150, 402)",
        "(645, 524)",
        "(959, 628)",
        "(920, 732)",
        "(464, 36)",
        "(69, 438)",
        "(133, 529)",
        "(382, 922)",
        "(733, 448)",
        "(454, 759)",
        "(578, 703)",
        "(459, 303)",
        "(665, 133)",
        "(598, 694)",
        "(647, 152)",
        "(850, 2)",
        "(609, 781)",
        "(999, 357)",
        "(256, 783)",
        "(834, 746)",
        "(92, 575)"
    ],
    "(292, 855)": [
        "(44, 693)",
        "(150, 402)",
        "(472, 204)",
        "(850, 2)",
        "(371, 31)",
        "(92, 575)",
        "(459, 303)",
        "(361, 379)",
        "(199, 290)",
        "(935, 357)",
        "(197, 825)",
        "(267, 741)",
        "(822, 653)",
        "(69, 438)",
        "(98, 120)",
        "(28, 310)",
        "(967, 585)",
        "(977, 231)",
        "(959, 628)",
        "(331, 967)",
        "(647, 152)",
        "(71, 631)",
        "(935, 313)",
        "(708, 146)",
        "(990, 694)",
        "(454, 759)",
        "(420, 22)",
        "(978, 195)",
        "(788, 289)",
        "(665, 133)",
        "(664, 275)",
        "(733, 448)",
        "(133, 529)",
        "(191, 188)",
        "(725, 553)",
        "(562, 812)",
        "(621, 42)",
        "(778, 602)",
        "(645, 524)",
        "(481, 936)",
        "(256, 783)",
        "(115, 977)"
    ],
    "(578, 703)": [
        "(69, 438)",
        "(13, 596)",
        "(403, 357)",
        "(98, 120)",
        "(223, 245)",
        "(609, 781)",
        "(564, 799)",
        "(621, 42)",
        "(837, 130)",
        "(424, 985)",
        "(280, 443)",
        "(968, 707)",
        "(364, 127)",
        "(920, 732)",
        "(381, 392)",
        "(197, 825)",
        "(28, 310)",
        "(382, 922)",
        "(301, 869)",
        "(577, 597)",
        "(641, 873)",
        "(936, 711)",
        "(133, 529)",
        "(778, 602)",
        "(420, 22)",
        "(464, 36)",
        "(371, 31)",
        "(822, 653)",
        "(753, 617)",
        "(199, 290)",
        "(873, 327)",
        "(990, 694)",
        "(186, 984)",
        "(44, 693)",
        "(71, 631)",
        "(331, 967)",
        "(361, 379)",
        "(115, 977)",
        "(834, 746)",
        "(685, 102)"
    ],
    "(936, 711)": [
        "(990, 694)",
        "(371, 31)",
        "(577, 597)",
        "(959, 628)",
        "(977, 231)",
        "(100, 225)",
        "(403, 357)",
        "(191, 188)",
        "(381, 392)",
        "(364, 127)",
        "(665, 133)",
        "(708, 146)",
        "(451, 883)",
        "(822, 883)",
        "(685, 102)",
        "(935, 357)",
        "(578, 703)",
        "(753, 617)",
        "(664, 275)",
        "(197, 825)",
        "(44, 693)",
        "(850, 2)",
        "(424, 985)",
        "(822, 653)",
        "(641, 873)",
        "(472, 204)",
        "(999, 357)",
        "(301, 869)",
        "(115, 977)",
        "(788, 289)",
        "(873, 327)",
        "(564, 799)",
        "(481, 936)",
        "(464, 36)"
    ],
    "(301, 869)": [
        "(69, 438)",
        "(935, 313)",
        "(977, 231)",
        "(621, 42)",
        "(822, 883)",
        "(115, 977)",
        "(959, 628)",
        "(873, 327)",
        "(990, 694)",
        "(28, 310)",
        "(935, 357)",
        "(424, 985)",
        "(356, 863)",
        "(578, 703)",
        "(822, 653)",
        "(641, 873)",
        "(280, 443)",
        "(685, 102)",
        "(574, 57)",
        "(472, 204)",
        "(577, 597)",
        "(647, 152)",
        "(733, 448)",
        "(788, 289)",
        "(562, 812)",
        "(13, 596)",
        "(645, 524)",
        "(753, 617)",
        "(598, 694)",
        "(459, 303)",
        "(936, 711)",
        "(553, 632)",
        "(725, 553)",
        "(199, 290)",
        "(150, 402)",
        "(837, 130)"
    ],
    "(725, 553)": [
        "(837, 130)",
        "(609, 781)",
        "(481, 936)",
        "(55, 198)",
        "(685, 102)",
        "(459, 303)",
        "(150, 402)",
        "(708, 146)",
        "(331, 967)",
        "(191, 188)",
        "(609, 805)",
        "(464, 36)",
        "(356, 863)",
        "(420, 22)",
        "(199, 290)",
        "(977, 231)",
        "(621, 42)",
        "(990, 694)",
        "(845, 870)",
        "(472, 204)",
        "(71, 631)",
        "(733, 448)",
        "(665, 133)",
        "(44, 693)",
        "(822, 653)",
        "(920, 732)",
        "(788, 289)",
        "(834, 746)",
        "(999, 357)",
        "(553, 632)",
        "(454, 759)",
        "(361, 379)",
        "(382, 922)",
        "(92, 575)",
        "(292, 855)",
        "(69, 438)",
        "(822, 883)",
        "(301, 869)",
        "(197, 825)",
        "(424, 985)",
        "(381, 392)"
    ],
    "(133, 529)": [
        "(574, 57)",
        "(472, 204)",
        "(822, 653)",
        "(968, 707)",
        "(999, 357)",
        "(267, 741)",
        "(256, 783)",
        "(978, 195)",
        "(845, 870)",
        "(753, 617)",
        "(44, 693)",
        "(578, 703)",
        "(641, 873)",
        "(685, 102)",
        "(191, 188)",
        "(778, 602)",
        "(186, 984)",
        "(967, 585)",
        "(454, 759)",
        "(733, 448)",
        "(292, 855)",
        "(850, 2)",
        "(481, 936)",
        "(577, 597)",
        "(55, 198)",
        "(361, 379)",
        "(837, 130)",
        "(788, 289)",
        "(935, 313)",
        "(150, 402)",
        "(382, 922)",
        "(935, 357)",
        "(562, 812)",
        "(223, 245)",
        "(26, 780)",
        "(381, 392)",
        "(822, 883)"
    ],
    "(664, 275)": [
        "(197, 825)",
        "(459, 303)",
        "(935, 313)",
        "(69, 438)",
        "(834, 746)",
        "(621, 42)",
        "(472, 204)",
        "(361, 379)",
        "(451, 883)",
        "(150, 402)",
        "(845, 870)",
        "(356, 863)",
        "(267, 741)",
        "(223, 245)",
        "(990, 694)",
        "(371, 31)",
        "(685, 102)",
        "(753, 617)",
        "(645, 524)",
        "(186, 984)",
        "(574, 57)",
        "(936, 711)",
        "(609, 781)",
        "(665, 133)",
        "(609, 805)",
        "(98, 120)",
        "(873, 327)",
        "(850, 2)",
        "(577, 597)",
        "(256, 783)",
        "(26, 780)",
        "(292, 855)",
        "(381, 392)",
        "(92, 575)",
        "(959, 628)",
        "(420, 22)",
        "(935, 357)",
        "(382, 922)",
        "(481, 936)",
        "(598, 694)",
        "(424, 985)",
        "(647, 152)",
        "(100, 225)"
    ],
    "(577, 597)": [
        "(26, 780)",
        "(256, 783)",
        "(936, 711)",
        "(361, 379)",
        "(609, 805)",
        "(71, 631)",
        "(459, 303)",
        "(420, 22)",
        "(371, 31)",
        "(850, 2)",
        "(708, 146)",
        "(472, 204)",
        "(834, 746)",
        "(578, 703)",
        "(199, 290)",
        "(990, 694)",
        "(44, 693)",
        "(280, 443)",
        "(999, 357)",
        "(301, 869)",
        "(382, 922)",
        "(621, 42)",
        "(664, 275)",
        "(641, 873)",
        "(454, 759)",
        "(133, 529)",
        "(645, 524)",
        "(935, 313)",
        "(967, 585)",
        "(822, 883)",
        "(685, 102)",
        "(959, 628)",
        "(845, 870)",
        "(356, 863)",
        "(191, 188)",
        "(574, 57)",
        "(267, 741)",
        "(69, 438)",
        "(562, 812)",
        "(553, 632)"
    ],
    "(44, 693)": [
        "(292, 855)",
        "(331, 967)",
        "(451, 883)",
        "(420, 22)",
        "(98, 120)",
        "(553, 632)",
        "(641, 873)",
        "(873, 327)",
        "(564, 799)",
        "(92, 575)",
        "(472, 204)",
        "(13, 596)",
        "(356, 863)",
        "(459, 303)",
        "(609, 805)",
        "(822, 883)",
        "(133, 529)",
        "(577, 597)",
        "(788, 289)",
        "(850, 2)",
        "(936, 711)",
        "(364, 127)",
        "(191, 188)",
        "(725, 553)",
        "(837, 130)",
        "(834, 746)",
        "(223, 245)",
        "(26, 780)",
        "(708, 146)",
        "(578, 703)",
        "(990, 694)",
        "(562, 812)",
        "(267, 741)",
        "(403, 357)",
        "(574, 57)",
        "(100, 225)",
        "(256, 783)"
    ],
    "(641, 873)": [
        "(978, 195)",
        "(361, 379)",
        "(788, 289)",
        "(98, 120)",
        "(44, 693)",
        "(199, 290)",
        "(454, 759)",
        "(645, 524)",
        "(28, 310)",
        "(850, 2)",
        "(578, 703)",
        "(381, 392)",
        "(733, 448)",
        "(301, 869)",
        "(647, 152)",
        "(133, 529)",
        "(990, 694)",
        "(708, 146)",
        "(959, 628)",
        "(845, 870)",
        "(553, 632)",
        "(967, 585)",
        "(977, 231)",
        "(621, 42)",
        "(834, 746)",
        "(577, 597)",
        "(464, 36)",
        "(609, 805)",
        "(753, 617)",
        "(936, 711)",
        "(191, 188)",
        "(459, 303)",
        "(873, 327)",
        "(424, 985)",
        "(935, 313)",
        "(356, 863)",
        "(481, 936)",
        "(197, 825)",
        "(71, 631)",
        "(451, 883)",
        "(13, 596)",
        "(280, 443)",
        "(562, 812)"
    ],
    "(778, 602)": [
        "(115, 977)",
        "(55, 198)",
        "(364, 127)",
        "(959, 628)",
        "(267, 741)",
        "(100, 225)",
        "(645, 524)",
        "(331, 967)",
        "(935, 357)",
        "(968, 707)",
        "(685, 102)",
        "(822, 883)",
        "(920, 732)",
        "(381, 392)",
        "(98, 120)",
        "(967, 585)",
        "(578, 703)",
        "(564, 799)",
        "(361, 379)",
        "(574, 57)",
        "(150, 402)",
        "(13, 596)",
        "(788, 289)",
        "(562, 812)",
        "(845, 870)",
        "(133, 529)",
        "(464, 36)",
        "(621, 42)",
        "(978, 195)",
        "(71, 631)",
        "(69, 438)",
        "(609, 805)",
        "(356, 863)",
        "(454, 759)",
        "(459, 303)",
        "(481, 936)",
        "(292, 855)",
        "(280, 443)",
        "(708, 146)",
        "(609, 781)"
    ],
    "(356, 863)": [
        "(381, 392)",
        "(13, 596)",
        "(920, 732)",
        "(562, 812)",
        "(645, 524)",
        "(647, 152)",
        "(708, 146)",
        "(935, 313)",
        "(403, 357)",
        "(44, 693)",
        "(664, 275)",
        "(978, 195)",
        "(26, 780)",
        "(364, 127)",
        "(150, 402)",
        "(301, 869)",
        "(725, 553)",
        "(564, 799)",
        "(753, 617)",
        "(191, 188)",
        "(837, 130)",
        "(256, 783)",
        "(788, 289)",
        "(197, 825)",
        "(967, 585)",
        "(935, 357)",
        "(990, 694)",
        "(55, 198)",
        "(451, 883)",
        "(382, 922)",
        "(115, 977)",
        "(223, 245)",
        "(481, 936)",
        "(331, 967)",
        "(464, 36)",
        "(28, 310)",
        "(778, 602)",
        "(999, 357)",
        "(454, 759)",
        "(641, 873)",
        "(577, 597)",
        "(733, 448)",
        "(553, 632)"
    ],
    "(256, 783)": [
        "(577, 597)",
        "(331, 967)",
        "(28, 310)",
        "(451, 883)",
        "(959, 628)",
        "(708, 146)",
        "(361, 379)",
        "(834, 746)",
        "(133, 529)",
        "(223, 245)",
        "(150, 402)",
        "(935, 313)",
        "(978, 195)",
        "(873, 327)",
        "(647, 152)",
        "(100, 225)",
        "(71, 631)",
        "(574, 57)",
        "(609, 805)",
        "(382, 922)",
        "(381, 392)",
        "(356, 863)",
        "(197, 825)",
        "(845, 870)",
        "(664, 275)",
        "(920, 732)",
        "(191, 188)",
        "(967, 585)",
        "(609, 781)",
        "(788, 289)",
        "(26, 780)",
        "(837, 130)",
        "(69, 438)",
        "(562, 812)",
        "(98, 120)",
        "(850, 2)",
        "(454, 759)",
        "(292, 855)",
        "(186, 984)",
        "(371, 31)",
        "(44, 693)",
        "(822, 883)"
    ],
    "(199, 290)": [
        "(647, 152)",
        "(55, 198)",
        "(420, 22)",
        "(13, 596)",
        "(641, 873)",
        "(837, 130)",
        "(115, 977)",
        "(935, 313)",
        "(464, 36)",
        "(292, 855)",
        "(98, 120)",
        "(822, 883)",
        "(69, 438)",
        "(577, 597)",
        "(725, 553)",
        "(753, 617)",
        "(873, 327)",
        "(481, 936)",
        "(361, 379)",
        "(197, 825)",
        "(645, 524)",
        "(562, 812)",
        "(578, 703)",
        "(845, 870)",
        "(935, 357)",
        "(598, 694)",
        "(371, 31)",
        "(977, 231)",
        "(381, 392)",
        "(267, 741)",
        "(150, 402)",
        "(280, 443)",
        "(191, 188)",
        "(364, 127)",
        "(301, 869)",
        "(609, 781)",
        "(403, 357)"
    ],
    "(977, 231)": [
        "(753, 617)",
        "(301, 869)",
        "(936, 711)",
        "(115, 977)",
        "(223, 245)",
        "(685, 102)",
        "(451, 883)",
        "(873, 327)",
        "(472, 204)",
        "(788, 289)",
        "(371, 31)",
        "(725, 553)",
        "(621, 42)",
        "(292, 855)",
        "(665, 133)",
        "(562, 812)",
        "(641, 873)",
        "(403, 357)",
        "(464, 36)",
        "(553, 632)",
        "(13, 596)",
        "(822, 653)",
        "(647, 152)",
        "(199, 290)",
        "(837, 130)",
        "(609, 781)",
        "(381, 392)",
        "(564, 799)",
        "(850, 2)",
        "(197, 825)",
        "(92, 575)",
        "(69, 438)",
        "(364, 127)",
        "(420, 22)",
        "(959, 628)",
        "(26, 780)"
    ],
    "(464, 36)": [
        "(665, 133)",
        "(788, 289)",
        "(753, 617)",
        "(645, 524)",
        "(553, 632)",
        "(267, 741)",
        "(562, 812)",
        "(371, 31)",
        "(845, 870)",
        "(978, 195)",
        "(199, 290)",
        "(403, 357)",
        "(609, 805)",
        "(850, 2)",
        "(725, 553)",
        "(454, 759)",
        "(574, 57)",
        "(472, 204)",
        "(420, 22)",
        "(578, 703)",
        "(186, 984)",
        "(822, 653)",
        "(967, 585)",
        "(28, 310)",
        "(778, 602)",
        "(331, 967)",
        "(641, 873)",
        "(977, 231)",
        "(381, 392)",
        "(356, 863)",
        "(990, 694)",
        "(280, 443)",
        "(150, 402)",
        "(459, 303)",
        "(708, 146)",
        "(100, 225)",
        "(69, 438)",
        "(621, 42)",
        "(685, 102)",
        "(936, 711)"
    ],
    "(223, 245)": [
        "(578, 703)",
        "(26, 780)",
        "(609, 805)",
        "(920, 732)",
        "(733, 448)",
        "(834, 746)",
        "(977, 231)",
        "(837, 130)",
        "(664, 275)",
        "(256, 783)",
        "(788, 289)",
        "(598, 694)",
        "(371, 31)",
        "(13, 596)",
        "(978, 195)",
        "(873, 327)",
        "(44, 693)",
        "(69, 438)",
        "(356, 863)",
        "(609, 781)",
        "(968, 707)",
        "(381, 392)",
        "(708, 146)",
        "(71, 631)",
        "(999, 357)",
        "(55, 198)",
        "(191, 188)",
        "(98, 120)",
        "(967, 585)",
        "(451, 883)",
        "(403, 357)",
        "(133, 529)",
        "(574, 57)",
        "(665, 133)",
        "(424, 985)"
    ],
    "(26, 780)": [
        "(364, 127)",
        "(577, 597)",
        "(186, 984)",
        "(454, 759)",
        "(13, 596)",
        "(223, 245)",
        "(822, 653)",
        "(356, 863)",
        "(647, 152)",
        "(361, 379)",
        "(371, 31)",
        "(451, 883)",
        "(999, 357)",
        "(420, 22)",
        "(837, 130)",
        "(191, 188)",
        "(481, 936)",
        "(280, 443)",
        "(664, 275)",
        "(553, 632)",
        "(609, 805)",
        "(44, 693)",
        "(564, 799)",
        "(256, 783)",
        "(150, 402)",
        "(574, 57)",
        "(267, 741)",
        "(133, 529)",
        "(978, 195)",
        "(977, 231)"
    ],
    "(935, 357)": [
        "(55, 198)",
        "(920, 732)",
        "(454, 759)",
        "(553, 632)",
        "(481, 936)",
        "(371, 31)",
        "(92, 575)",
        "(959, 628)",
        "(267, 741)",
        "(685, 102)",
        "(778, 602)",
        "(834, 746)",
        "(301, 869)",
        "(850, 2)",
        "(936, 711)",
        "(292, 855)",
        "(98, 120)",
        "(837, 130)",
        "(645, 524)",
        "(708, 146)",
        "(665, 133)",
        "(100, 225)",
        "(647, 152)",
        "(356, 863)",
        "(621, 42)",
        "(733, 448)",
        "(28, 310)",
        "(364, 127)",
        "(199, 290)",
        "(382, 922)",
        "(71, 631)",
        "(424, 985)",
        "(664, 275)",
        "(935, 313)",
        "(150, 402)",
        "(598, 694)",
        "(564, 799)",
        "(133, 529)",
        "(990, 694)"
    ],
    "(834, 746)": [
        "(822, 653)",
        "(664, 275)",
        "(733, 448)",
        "(873, 327)",
        "(837, 130)",
        "(223, 245)",
        "(98, 120)",
        "(197, 825)",
        "(472, 204)",
        "(621, 42)",
        "(256, 783)",
        "(935, 357)",
        "(577, 597)",
        "(331, 967)",
        "(753, 617)",
        "(641, 873)",
        "(978, 195)",
        "(665, 133)",
        "(44, 693)",
        "(999, 357)",
        "(725, 553)",
        "(845, 870)",
        "(598, 694)",
        "(822, 883)",
        "(553, 632)",
        "(959, 628)",
        "(850, 2)",
        "(574, 57)",
        "(150, 402)",
        "(990, 694)",
        "(420, 22)",
        "(28, 310)",
        "(935, 313)",
        "(186, 984)",
        "(578, 703)",
        "(968, 707)",
        "(371, 31)",
        "(424, 985)",
        "(92, 575)"
    ],
    "(459, 303)": [
        "(645, 524)",
        "(664, 275)",
        "(28, 310)",
        "(361, 379)",
        "(598, 694)",
        "(292, 855)",
        "(577, 597)",
        "(725, 553)",
        "(472, 204)",
        "(553, 632)",
        "(44, 693)",
        "(621, 42)",
        "(420, 22)",
        "(822, 883)",
        "(968, 707)",
        "(873, 327)",
        "(454, 759)",
        "(381, 392)",
        "(481, 936)",
        "(69, 438)",
        "(574, 57)",
        "(665, 133)",
        "(753, 617)",
        "(990, 694)",
        "(150, 402)",
        "(71, 631)",
        "(55, 198)",
        "(186, 984)",
        "(301, 869)",
        "(115, 977)",
        "(267, 741)",
        "(641, 873)",
        "(837, 130)",
        "(778, 602)",
        "(609, 805)",
        "(464, 36)",
        "(978, 195)"
    ],
    "(451, 883)": [
        "(44, 693)",
        "(69, 438)",
        "(472, 204)",
        "(256, 783)",
        "(685, 102)",
        "(959, 628)",
        "(977, 231)",
        "(664, 275)",
        "(935, 313)",
        "(936, 711)",
        "(920, 732)",
        "(98, 120)",
        "(420, 22)",
        "(645, 524)",
        "(280, 443)",
        "(100, 225)",
        "(708, 146)",
        "(381, 392)",
        "(361, 379)",
        "(364, 127)",
        "(26, 780)",
        "(967, 585)",
        "(609, 781)",
        "(621, 42)",
        "(356, 863)",
        "(822, 883)",
        "(598, 694)",
        "(845, 870)",
        "(753, 617)",
        "(13, 596)",
        "(223, 245)",
        "(999, 357)",
        "(371, 31)",
        "(609, 805)",
        "(564, 799)",
        "(641, 873)",
        "(574, 57)"
    ],
    "(71, 631)": [
        "(361, 379)",
        "(935, 313)",
        "(472, 204)",
        "(577, 597)",
        "(685, 102)",
        "(481, 936)",
        "(999, 357)",
        "(256, 783)",
        "(371, 31)",
        "(850, 2)",
        "(647, 152)",
        "(725, 553)",
        "(98, 120)",
        "(753, 617)",
        "(292, 855)",
        "(381, 392)",
        "(424, 985)",
        "(778, 602)",
        "(645, 524)",
        "(873, 327)",
        "(459, 303)",
        "(13, 596)",
        "(935, 357)",
        "(223, 245)",
        "(578, 703)",
        "(403, 357)",
        "(115, 977)",
        "(621, 42)",
        "(641, 873)",
        "(92, 575)",
        "(562, 812)"
    ],
    "(645, 524)": [
        "(459, 303)",
        "(191, 188)",
        "(553, 632)",
        "(464, 36)",
        "(356, 863)",
        "(115, 977)",
        "(778, 602)",
        "(999, 357)",
        "(424, 985)",
        "(837, 130)",
        "(788, 289)",
        "(28, 310)",
        "(641, 873)",
        "(100, 225)",
        "(451, 883)",
        "(708, 146)",
        "(454, 759)",
        "(822, 653)",
        "(664, 275)",
        "(850, 2)",
        "(935, 357)",
        "(186, 984)",
        "(978, 195)",
        "(199, 290)",
        "(609, 805)",
        "(647, 152)",
        "(301, 869)",
        "(598, 694)",
        "(845, 870)",
        "(361, 379)",
        "(685, 102)",
        "(71, 631)",
        "(577, 597)",
        "(403, 357)",
        "(280, 443)",
        "(292, 855)",
        "(331, 967)",
        "(382, 922)",
        "(621, 42)",
        "(371, 31)"
    ],
    "(13, 596)": [
        "(424, 985)",
        "(564, 799)",
        "(578, 703)",
        "(788, 289)",
        "(553, 632)",
        "(356, 863)",
        "(26, 780)",
        "(199, 290)",
        "(371, 31)",
        "(100, 225)",
        "(44, 693)",
        "(280, 443)",
        "(331, 967)",
        "(69, 438)",
        "(197, 825)",
        "(837, 130)",
        "(920, 732)",
        "(403, 357)",
        "(420, 22)",
        "(778, 602)",
        "(223, 245)",
        "(381, 392)",
        "(935, 313)",
        "(845, 870)",
        "(978, 195)",
        "(301, 869)",
        "(968, 707)",
        "(98, 120)",
        "(609, 805)",
        "(28, 310)",
        "(990, 694)",
        "(977, 231)",
        "(708, 146)",
        "(873, 327)",
        "(71, 631)",
        "(454, 759)",
        "(472, 204)",
        "(451, 883)",
        "(115, 977)",
        "(850, 2)",
        "(361, 379)",
        "(621, 42)",
        "(641, 873)"
    ],
    "(708, 146)": [
        "(562, 812)",
        "(788, 289)",
        "(837, 130)",
        "(753, 617)",
        "(822, 883)",
        "(115, 977)",
        "(935, 313)",
        "(371, 31)",
        "(256, 783)",
        "(356, 863)",
        "(725, 553)",
        "(936, 711)",
        "(454, 759)",
        "(424, 985)",
        "(577, 597)",
        "(69, 438)",
        "(645, 524)",
        "(845, 870)",
        "(280, 443)",
        "(451, 883)",
        "(191, 188)",
        "(641, 873)",
        "(685, 102)",
        "(935, 357)",
        "(292, 855)",
        "(28, 310)",
        "(481, 936)",
        "(403, 357)",
        "(978, 195)",
        "(967, 585)",
        "(44, 693)",
        "(920, 732)",
        "(621, 42)",
        "(382, 922)",
        "(150, 402)",
        "(959, 628)",
        "(13, 596)",
        "(968, 707)",
        "(999, 357)",
        "(223, 245)",
        "(464, 36)",
        "(778, 602)",
        "(647, 152)"
    ],
    "(665, 133)": [
        "(464, 36)",
        "(331, 967)",
        "(100, 225)",
        "(936, 711)",
        "(562, 812)",
        "(92, 575)",
        "(822, 653)",
        "(664, 275)",
        "(55, 198)",
        "(977, 231)",
        "(725, 553)",
        "(609, 781)",
        "(150, 402)",
        "(935, 357)",
        "(459, 303)",
        "(621, 42)",
        "(98, 120)",
        "(999, 357)",
        "(834, 746)",
        "(292, 855)",
        "(267, 741)",
        "(382, 922)",
        "(424, 985)",
        "(845, 870)",
        "(69, 438)",
        "(191, 188)",
        "(788, 289)",
        "(186, 984)",
        "(481, 936)",
        "(873, 327)",
        "(968, 707)",
        "(564, 799)",
        "(420, 22)",
        "(850, 2)",
        "(223, 245)"
    ],
    "(481, 936)": [
        "(822, 653)",
        "(609, 805)",
        "(647, 152)",
        "(725, 553)",
        "(98, 120)",
        "(371, 31)",
        "(850, 2)",
        "(837, 130)",
        "(935, 357)",
        "(150, 402)",
        "(115, 977)",
        "(959, 628)",
        "(186, 984)",
        "(788, 289)",
        "(71, 631)",
        "(382, 922)",
        "(935, 313)",
        "(69, 438)",
        "(459, 303)",
        "(564, 799)",
        "(199, 290)",
        "(472, 204)",
        "(598, 694)",
        "(92, 575)",
        "(708, 146)",
        "(100, 225)",
        "(26, 780)",
        "(999, 357)",
        "(280, 443)",
        "(364, 127)",
        "(133, 529)",
        "(381, 392)",
        "(356, 863)",
        "(28, 310)",
        "(967, 585)",
        "(664, 275)",
        "(665, 133)",
        "(778, 602)",
        "(753, 617)",
        "(936, 711)",
        "(641, 873)",
        "(292, 855)",
        "(403, 357)",
        "(873, 327)",
        "(331, 967)",
        "(420, 22)"
    ],
    "(98, 120)": [
        "(150, 402)",
        "(55, 198)",
        "(578, 703)",
        "(44, 693)",
        "(641, 873)",
        "(331, 967)",
        "(481, 936)",
        "(364, 127)",
        "(935, 313)",
        "(834, 746)",
        "(609, 781)",
        "(420, 22)",
        "(382, 922)",
        "(920, 732)",
        "(451, 883)",
        "(733, 448)",
        "(199, 290)",
        "(191, 188)",
        "(186, 984)",
        "(999, 357)",
        "(935, 357)",
        "(778, 602)",
        "(292, 855)",
        "(115, 977)",
        "(959, 628)",
        "(845, 870)",
        "(664, 275)",
        "(71, 631)",
        "(267, 741)",
        "(873, 327)",
        "(665, 133)",
        "(13, 596)",
        "(197, 825)",
        "(967, 585)",
        "(574, 57)",
        "(978, 195)",
        "(472, 204)",
        "(223, 245)",
        "(256, 783)",
        "(837, 130)",
        "(968, 707)",
        "(280, 443)",
        "(28, 310)"
    ],
    "(999, 357)": [
        "(364, 127)",
        "(55, 198)",
        "(845, 870)",
        "(424, 985)",
        "(645, 524)",
        "(133, 529)",
        "(191, 188)",
        "(69, 438)",
        "(71, 631)",
        "(454, 759)",
        "(98, 120)",
        "(403, 357)",
        "(920, 732)",
        "(850, 2)",
        "(822, 653)",
        "(574, 57)",
        "(280, 443)",
        "(978, 195)",
        "(577, 597)",
        "(26, 780)",
        "(598, 694)",
        "(822, 883)",
        "(665, 133)",
        "(481, 936)",
        "(834, 746)",
        "(725, 553)",
        "(685, 102)",
        "(936, 711)",
        "(967, 585)",
        "(420, 22)",
        "(708, 146)",
        "(356, 863)",
        "(223, 245)",
        "(451, 883)",
        "(472, 204)",
        "(968, 707)",
        "(186, 984)",
        "(100, 225)",
        "(733, 448)",
        "(197, 825)"
    ],
    "(92, 575)": [
        "(564, 799)",
        "(472, 204)",
        "(685, 102)",
        "(574, 57)",
        "(292, 855)",
        "(621, 42)",
        "(44, 693)",
        "(935, 357)",
        "(267, 741)",
        "(454, 759)",
        "(788, 289)",
        "(28, 310)",
        "(100, 225)",
        "(609, 781)",
        "(665, 133)",
        "(822, 653)",
        "(420, 22)",
        "(115, 977)",
        "(382, 922)",
        "(150, 402)",
        "(481, 936)",
        "(364, 127)",
        "(664, 275)",
        "(725, 553)",
        "(55, 198)",
        "(598, 694)",
        "(977, 231)",
        "(850, 2)",
        "(381, 392)",
        "(71, 631)",
        "(186, 984)",
        "(834, 746)"
    ],
    "(753, 617)": [
        "(977, 231)",
        "(100, 225)",
        "(28, 310)",
        "(464, 36)",
        "(708, 146)",
        "(978, 195)",
        "(267, 741)",
        "(647, 152)",
        "(356, 863)",
        "(968, 707)",
        "(664, 275)",
        "(133, 529)",
        "(191, 188)",
        "(382, 922)",
        "(936, 711)",
        "(199, 290)",
        "(834, 746)",
        "(609, 781)",
        "(71, 631)",
        "(454, 759)",
        "(578, 703)",
        "(609, 805)",
        "(459, 303)",
        "(564, 799)",
        "(472, 204)",
        "(641, 873)",
        "(935, 313)",
        "(301, 869)",
        "(420, 22)",
        "(959, 628)",
        "(115, 977)",
        "(562, 812)",
        "(197, 825)",
        "(451, 883)",
        "(481, 936)",
        "(381, 392)"
    ]
}