{
    "(404, 388)": [
        "(362, 293)",
        "(562, 437)",
        "(404, 149)",
        "(248, 703)",
        "(502, 991)",
        "(928, 330)",
        "(941, 222)",
        "(945, 537)",
        "(421, 409)",
        "(412, 757)",
        "(693, 473)",
        "(442, 601)",
        "(520, 63)",
        "(101, 28)",
        "(724, 119)",
        "(376, 865)",
        "(342, 201)",
        "(905, 792)",
        "(730, 298)",
        "(601, 745)",
        "(585, 140)",
        "(178, 374)",
        "(430, 575)"
    ],
    "(421, 409)": [
        "(797, 152)",
        "(724, 119)",
        "(538, 244)",
        "(45, 715)",
        "(412, 757)",
        "(275, 869)",
        "(404, 388)",
        "(502, 991)",
        "(730, 298)",
        "(585, 140)",
        "(242, 81)",
        "(600, 249)",
        "(101, 28)",
        "(601, 745)",
        "(928, 330)",
        "(18, 192)",
        "(905, 792)",
        "(248, 703)",
        "(342, 201)"
    ],
    "(56, 988)": [
        "(562, 437)",
        "(248, 703)",
        "(724, 119)",
        "(600, 249)",
        "(31, 146)",
        "(317, 273)",
        "(376, 865)",
        "(430, 575)",
        "(834, 402)",
        "(266, 739)",
        "(45, 715)",
        "(945, 537)",
        "(730, 298)",
        "(585, 140)",
        "(567, 347)",
        "(905, 792)",
        "(101, 28)",
        "(178, 374)",
        "(797, 152)",
        "(502, 991)",
        "(538, 244)"
    ],
    "(520, 63)": [
        "(601, 745)",
        "(270, 120)",
        "(442, 601)",
        "(941, 222)",
        "(502, 991)",
        "(248, 703)",
        "(961, 665)",
        "(242, 81)",
        "(376, 865)",
        "(236, 164)",
        "(317, 273)",
        "(562, 437)",
        "(71, 787)",
        "(600, 249)",
        "(45, 715)",
        "(404, 388)",
        "(538, 244)",
        "(567, 347)",
        "(724, 119)",
        "(974, 493)",
        "(430, 575)",
        "(404, 149)"
    ],
    "(275, 869)": [
        "(18, 192)",
        "(961, 665)",
        "(600, 249)",
        "(941, 222)",
        "(266, 739)",
        "(421, 409)",
        "(236, 164)",
        "(905, 792)",
        "(945, 537)",
        "(270, 120)",
        "(724, 119)",
        "(317, 273)",
        "(538, 244)",
        "(928, 330)",
        "(730, 298)",
        "(430, 575)",
        "(585, 140)",
        "(342, 201)",
        "(412, 757)",
        "(442, 601)",
        "(834, 402)"
    ],
    "(18, 192)": [
        "(834, 402)",
        "(275, 869)",
        "(562, 437)",
        "(248, 703)",
        "(502, 991)",
        "(101, 28)",
        "(941, 222)",
        "(730, 298)",
        "(71, 787)",
        "(928, 330)",
        "(236, 164)",
        "(961, 665)",
        "(242, 81)",
        "(421, 409)",
        "(538, 244)",
        "(412, 757)",
        "(585, 140)"
    ],
    "(567, 347)": [
        "(404, 149)",
        "(430, 575)",
        "(31, 146)",
        "(585, 140)",
        "(376, 865)",
        "(693, 473)",
        "(270, 120)",
        "(601, 745)",
        "(412, 757)",
        "(236, 164)",
        "(178, 374)",
        "(266, 739)",
        "(242, 81)",
        "(834, 402)",
        "(248, 703)",
        "(941, 222)",
        "(342, 201)",
        "(600, 249)",
        "(71, 787)",
        "(56, 988)",
        "(520, 63)",
        "(730, 298)",
        "(317, 273)",
        "(538, 244)"
    ],
    "(270, 120)": [
        "(376, 865)",
        "(585, 140)",
        "(520, 63)",
        "(567, 347)",
        "(404, 149)",
        "(275, 869)",
        "(342, 201)",
        "(562, 437)",
        "(797, 152)",
        "(71, 787)",
        "(45, 715)",
        "(724, 119)",
        "(730, 298)",
        "(601, 745)",
        "(693, 473)"
    ],
    "(242, 81)": [
        "(974, 493)",
        "(342, 201)",
        "(562, 437)",
        "(376, 865)",
        "(520, 63)",
        "(693, 473)",
        "(442, 601)",
        "(101, 28)",
        "(71, 787)",
        "(45, 715)",
        "(567, 347)",
        "(941, 222)",
        "(905, 792)",
        "(404, 149)",
        "(317, 273)",
        "(236, 164)",
        "(421, 409)",
        "(18, 192)",
        "(538, 244)",
        "(724, 119)"
    ],
    "(342, 201)": [
        "(502, 991)",
        "(31, 146)",
        "(178, 374)",
        "(242, 81)",
        "(101, 28)",
        "(270, 120)",
        "(442, 601)",
        "(362, 293)",
        "(317, 273)",
        "(601, 745)",
        "(236, 164)",
        "(567, 347)",
        "(928, 330)",
        "(404, 388)",
        "(45, 715)",
        "(376, 865)",
        "(266, 739)",
        "(585, 140)",
        "(600, 249)",
        "(275, 869)",
        "(693, 473)",
        "(421, 409)"
    ],
    "(412, 757)": [
        "(442, 601)",
        "(693, 473)",
        "(421, 409)",
        "(567, 347)",
        "(601, 745)",
        "(538, 244)",
        "(945, 537)",
        "(404, 388)",
        "(178, 374)",
        "(585, 140)",
        "(236, 164)",
        "(600, 249)",
        "(730, 298)",
        "(317, 273)",
        "(724, 119)",
        "(974, 493)",
        "(797, 152)",
        "(18, 192)",
        "(101, 28)",
        "(275, 869)"
    ],
    "(562, 437)": [
        "(693, 473)",
        "(442, 601)",
        "(56, 988)",
        "(31, 146)",
        "(404, 388)",
        "(961, 665)",
        "(242, 81)",
        "(974, 493)",
        "(248, 703)",
        "(178, 374)",
        "(18, 192)",
        "(270, 120)",
        "(71, 787)",
        "(520, 63)",
        "(797, 152)",
        "(600, 249)",
        "(945, 537)",
        "(585, 140)",
        "(724, 119)",
        "(376, 865)",
        "(430, 575)"
    ],
    "(928, 330)": [
        "(834, 402)",
        "(430, 575)",
        "(724, 119)",
        "(601, 745)",
        "(945, 537)",
        "(71, 787)",
        "(404, 388)",
        "(376, 865)",
        "(31, 146)",
        "(45, 715)",
        "(538, 244)",
        "(317, 273)",
        "(974, 493)",
        "(248, 703)",
        "(961, 665)",
        "(342, 201)",
        "(18, 192)",
        "(275, 869)",
        "(266, 739)",
        "(421, 409)",
        "(404, 149)",
        "(178, 374)"
    ],
    "(248, 703)": [
        "(56, 988)",
        "(317, 273)",
        "(178, 374)",
        "(442, 601)",
        "(730, 298)",
        "(520, 63)",
        "(404, 388)",
        "(31, 146)",
        "(562, 437)",
        "(71, 787)",
        "(724, 119)",
        "(834, 402)",
        "(905, 792)",
        "(18, 192)",
        "(101, 28)",
        "(928, 330)",
        "(567, 347)",
        "(430, 575)",
        "(502, 991)",
        "(404, 149)",
        "(538, 244)",
        "(421, 409)",
        "(376, 865)",
        "(974, 493)"
    ],
    "(45, 715)": [
        "(101, 28)",
        "(421, 409)",
        "(974, 493)",
        "(317, 273)",
        "(376, 865)",
        "(242, 81)",
        "(56, 988)",
        "(928, 330)",
        "(520, 63)",
        "(600, 249)",
        "(270, 120)",
        "(178, 374)",
        "(71, 787)",
        "(724, 119)",
        "(362, 293)",
        "(442, 601)",
        "(342, 201)",
        "(834, 402)",
        "(905, 792)",
        "(430, 575)"
    ],
    "(442, 601)": [
        "(412, 757)",
        "(562, 437)",
        "(520, 63)",
        "(248, 703)",
        "(600, 249)",
        "(242, 81)",
        "(961, 665)",
        "(724, 119)",
        "(941, 222)",
        "(404, 149)",
        "(342, 201)",
        "(404, 388)",
        "(362, 293)",
        "(236, 164)",
        "(317, 273)",
        "(430, 575)",
        "(71, 787)",
        "(45, 715)",
        "(275, 869)"
    ],
    "(266, 739)": [
        "(538, 244)",
        "(585, 140)",
        "(945, 537)",
        "(31, 146)",
        "(362, 293)",
        "(317, 273)",
        "(275, 869)",
        "(600, 249)",
        "(178, 374)",
        "(567, 347)",
        "(56, 988)",
        "(71, 787)",
        "(376, 865)",
        "(941, 222)",
        "(928, 330)",
        "(724, 119)",
        "(342, 201)",
        "(404, 149)",
        "(601, 745)"
    ],
    "(178, 374)": [
        "(342, 201)",
        "(585, 140)",
        "(248, 703)",
        "(376, 865)",
        "(266, 739)",
        "(797, 152)",
        "(567, 347)",
        "(562, 437)",
        "(71, 787)",
        "(834, 402)",
        "(945, 537)",
        "(31, 146)",
        "(412, 757)",
        "(905, 792)",
        "(101, 28)",
        "(45, 715)",
        "(430, 575)",
        "(961, 665)",
        "(56, 988)",
        "(600, 249)",
        "(404, 388)",
        "(601, 745)",
        "(928, 330)",
        "(974, 493)"
    ],
    "(236, 164)": [
        "(585, 140)",
        "(502, 991)",
        "(275, 869)",
        "(567, 347)",
        "(520, 63)",
        "(974, 493)",
        "(797, 152)",
        "(905, 792)",
        "(317, 273)",
        "(834, 402)",
        "(376, 865)",
        "(412, 757)",
        "(442, 601)",
        "(941, 222)",
        "(724, 119)",
        "(342, 201)",
        "(242, 81)",
        "(961, 665)",
        "(430, 575)",
        "(31, 146)",
        "(18, 192)",
        "(601, 745)",
        "(730, 298)",
        "(101, 28)"
    ],
    "(601, 745)": [
        "(520, 63)",
        "(928, 330)",
        "(567, 347)",
        "(412, 757)",
        "(317, 273)",
        "(941, 222)",
        "(342, 201)",
        "(430, 575)",
        "(797, 152)",
        "(236, 164)",
        "(585, 140)",
        "(421, 409)",
        "(376, 865)",
        "(404, 388)",
        "(270, 120)",
        "(961, 665)",
        "(178, 374)",
        "(266, 739)"
    ],
    "(502, 991)": [
        "(342, 201)",
        "(538, 244)",
        "(520, 63)",
        "(236, 164)",
        "(31, 146)",
        "(404, 388)",
        "(421, 409)",
        "(18, 192)",
        "(71, 787)",
        "(834, 402)",
        "(248, 703)",
        "(585, 140)",
        "(56, 988)"
    ],
    "(31, 146)": [
        "(342, 201)",
        "(562, 437)",
        "(567, 347)",
        "(961, 665)",
        "(266, 739)",
        "(502, 991)",
        "(905, 792)",
        "(974, 493)",
        "(585, 140)",
        "(248, 703)",
        "(56, 988)",
        "(928, 330)",
        "(404, 149)",
        "(945, 537)",
        "(178, 374)",
        "(236, 164)",
        "(71, 787)",
        "(941, 222)"
    ],
    "(362, 293)": [
        "(404, 388)",
        "(404, 149)",
        "(317, 273)",
        "(538, 244)",
        "(266, 739)",
        "(961, 665)",
        "(941, 222)",
        "(797, 152)",
        "(342, 201)",
        "(905, 792)",
        "(442, 601)",
        "(45, 715)",
        "(101, 28)",
        "(585, 140)",
        "(430, 575)",
        "(600, 249)"
    ],
    "(404, 149)": [
        "(567, 347)",
        "(945, 537)",
        "(362, 293)",
        "(376, 865)",
        "(404, 388)",
        "(270, 120)",
        "(961, 665)",
        "(31, 146)",
        "(834, 402)",
        "(442, 601)",
        "(71, 787)",
        "(242, 81)",
        "(317, 273)",
        "(797, 152)",
        "(101, 28)",
        "(248, 703)",
        "(928, 330)",
        "(266, 739)",
        "(520, 63)"
    ],
    "(600, 249)": [
        "(730, 298)",
        "(275, 869)",
        "(56, 988)",
        "(430, 575)",
        "(266, 739)",
        "(538, 244)",
        "(317, 273)",
        "(442, 601)",
        "(376, 865)",
        "(520, 63)",
        "(45, 715)",
        "(724, 119)",
        "(412, 757)",
        "(71, 787)",
        "(562, 437)",
        "(567, 347)",
        "(421, 409)",
        "(797, 152)",
        "(693, 473)",
        "(905, 792)",
        "(961, 665)",
        "(342, 201)",
        "(362, 293)",
        "(178, 374)"
    ],
    "(797, 152)": [
        "(71, 787)",
        "(421, 409)",
        "(101, 28)",
        "(178, 374)",
        "(236, 164)",
        "(270, 120)",
        "(562, 437)",
        "(376, 865)",
        "(362, 293)",
        "(585, 140)",
        "(404, 149)",
        "(430, 575)",
        "(601, 745)",
        "(961, 665)",
        "(600, 249)",
        "(730, 298)",
        "(412, 757)",
        "(538, 244)",
        "(693, 473)",
        "(56, 988)"
    ],
    "(905, 792)": [
        "(31, 146)",
        "(275, 869)",
        "(236, 164)",
        "(242, 81)",
        "(248, 703)",
        "(834, 402)",
        "(362, 293)",
        "(961, 665)",
        "(178, 374)",
        "(585, 140)",
        "(317, 273)",
        "(404, 388)",
        "(56, 988)",
        "(600, 249)",
        "(941, 222)",
        "(421, 409)",
        "(724, 119)",
        "(45, 715)"
    ],
    "(101, 28)": [
        "(45, 715)",
        "(797, 152)",
        "(693, 473)",
        "(585, 140)",
        "(342, 201)",
        "(242, 81)",
        "(248, 703)",
        "(18, 192)",
        "(404, 388)",
        "(430, 575)",
        "(724, 119)",
        "(178, 374)",
        "(404, 149)",
        "(56, 988)",
        "(362, 293)",
        "(421, 409)",
        "(236, 164)",
        "(412, 757)",
        "(834, 402)"
    ],
    "(961, 665)": [
        "(31, 146)",
        "(275, 869)",
        "(562, 437)",
        "(520, 63)",
        "(404, 149)",
        "(362, 293)",
        "(442, 601)",
        "(724, 119)",
        "(71, 787)",
        "(905, 792)",
        "(928, 330)",
        "(236, 164)",
        "(18, 192)",
        "(797, 152)",
        "(317, 273)",
        "(178, 374)",
        "(600, 249)",
        "(538, 244)",
        "(974, 493)",
        "(601, 745)"
    ],
    "(538, 244)": [
        "(266, 739)",
        "(502, 991)",
        "(421, 409)",
        "(362, 293)",
        "(376, 865)",
        "(600, 249)",
        "(412, 757)",
        "(928, 330)",
        "(317, 273)",
        "(71, 787)",
        "(520, 63)",
        "(275, 869)",
        "(961, 665)",
        "(242, 81)",
        "(834, 402)",
        "(248, 703)",
        "(18, 192)",
        "(797, 152)",
        "(567, 347)",
        "(56, 988)"
    ],
    "(730, 298)": [
        "(600, 249)",
        "(585, 140)",
        "(248, 703)",
        "(317, 273)",
        "(421, 409)",
        "(56, 988)",
        "(18, 192)",
        "(412, 757)",
        "(693, 473)",
        "(71, 787)",
        "(275, 869)",
        "(404, 388)",
        "(567, 347)",
        "(834, 402)",
        "(270, 120)",
        "(797, 152)",
        "(236, 164)",
        "(724, 119)"
    ],
    "(317, 273)": [
        "(362, 293)",
        "(248, 703)",
        "(585, 140)",
        "(45, 715)",
        "(266, 739)",
        "(724, 119)",
        "(730, 298)",
        "(56, 988)",
        "(601, 745)",
        "(600, 249)",
        "(376, 865)",
        "(520, 63)",
        "(834, 402)",
        "(236, 164)",
        "(928, 330)",
        "(538, 244)",
        "(404, 149)",
        "(242, 81)",
        "(342, 201)",
        "(442, 601)",
        "(275, 869)",
        "(412, 757)",
        "(905, 792)",
        "(961, 665)",
        "(567, 347)",
        "(71, 787)"
    ],
    "(945, 537)": [
        "(404, 149)",
        "(266, 739)",
        "(928, 330)",
        "(275, 869)",
        "(404, 388)",
        "(412, 757)",
        "(31, 146)",
        "(178, 374)",
        "(56, 988)",
        "(724, 119)",
        "(430, 575)",
        "(562, 437)",
        "(974, 493)",
        "(834, 402)",
        "(71, 787)"
    ],
    "(724, 119)": [
        "(421, 409)",
        "(928, 330)",
        "(56, 988)",
        "(941, 222)",
        "(317, 273)",
        "(376, 865)",
        "(248, 703)",
        "(442, 601)",
        "(961, 665)",
        "(945, 537)",
        "(275, 869)",
        "(600, 249)",
        "(404, 388)",
        "(236, 164)",
        "(101, 28)",
        "(45, 715)",
        "(585, 140)",
        "(412, 757)",
        "(270, 120)",
        "(974, 493)",
        "(520, 63)",
        "(266, 739)",
        "(562, 437)",
        "(905, 792)",
        "(430, 575)",
        "(242, 81)",
        "(730, 298)",
        "(834, 402)"
    ],
    "(430, 575)": [
        "(941, 222)",
        "(567, 347)",
        "(928, 330)",
        "(376, 865)",
        "(600, 249)",
        "(56, 988)",
        "(945, 537)",
        "(101, 28)",
        "(442, 601)",
        "(248, 703)",
        "(236, 164)",
        "(601, 745)",
        "(797, 152)",
        "(178, 374)",
        "(275, 869)",
        "(520, 63)",
        "(45, 715)",
        "(362, 293)",
        "(724, 119)",
        "(562, 437)",
        "(404, 388)",
        "(71, 787)"
    ],
    "(941, 222)": [
        "(430, 575)",
        "(585, 140)",
        "(376, 865)",
        "(520, 63)",
        "(275, 869)",
        "(724, 119)",
        "(404, 388)",
        "(601, 745)",
        "(242, 81)",
        "(442, 601)",
        "(362, 293)",
        "(18, 192)",
        "(236, 164)",
        "(567, 347)",
        "(266, 739)",
        "(834, 402)",
        "(905, 792)",
        "(31, 146)"
    ],
    "(974, 493)": [
        "(242, 81)",
        "(45, 715)",
        "(31, 146)",
        "(562, 437)",
        "(236, 164)",
        "(928, 330)",
        "(412, 757)",
        "(945, 537)",
        "(724, 119)",
        "(520, 63)",
        "(71, 787)",
        "(961, 665)",
        "(248, 703)",
        "(178, 374)"
    ],
    "(71, 787)": [
        "(797, 152)",
        "(834, 402)",
        "(928, 330)",
        "(248, 703)",
        "(178, 374)",
        "(242, 81)",
        "(562, 437)",
        "(520, 63)",
        "(266, 739)",
        "(404, 149)",
        "(961, 665)",
        "(538, 244)",
        "(270, 120)",
        "(502, 991)",
        "(18, 192)",
        "(600, 249)",
        "(45, 715)",
        "(730, 298)",
        "(442, 601)",
        "(567, 347)",
        "(31, 146)",
        "(974, 493)",
        "(585, 140)",
        "(317, 273)",
        "(430, 575)",
        "(945, 537)"
    ],
    "(834, 402)": [
        "(928, 330)",
        "(18, 192)",
        "(71, 787)",
        "(178, 374)",
        "(56, 988)",
        "(693, 473)",
        "(248, 703)",
        "(567, 347)",
        "(404, 149)",
        "(317, 273)",
        "(236, 164)",
        "(905, 792)",
        "(502, 991)",
        "(376, 865)",
        "(45, 715)",
        "(941, 222)",
        "(730, 298)",
        "(538, 244)",
        "(585, 140)",
        "(945, 537)",
        "(101, 28)",
        "(724, 119)",
        "(275, 869)"
    ],
    "(585, 140)": [
        "(270, 120)",
        "(266, 739)",
        "(941, 222)",
        "(730, 298)",
        "(567, 347)",
        "(101, 28)",
        "(178, 374)",
        "(317, 273)",
        "(236, 164)",
        "(31, 146)",
        "(412, 757)",
        "(693, 473)",
        "(56, 988)",
        "(421, 409)",
        "(797, 152)",
        "(905, 792)",
        "(724, 119)",
        "(562, 437)",
        "(601, 745)",
        "(502, 991)",
        "(362, 293)",
        "(834, 402)",
        "(275, 869)",
        "(342, 201)",
        "(18, 192)",
        "(71, 787)",
        "(404, 388)",
        "(376, 865)"
    ],
    "(693, 473)": [
        "(562, 437)",
        "(101, 28)",
        "(412, 757)",
        "(567, 347)",
        "(242, 81)",
        "(834, 402)",
        "(376, 865)",
        "(404, 388)",
        "(585, 140)",
        "(730, 298)",
        "(600, 249)",
        "(797, 152)",
        "(270, 120)",
        "(342, 201)"
    ],
    "(376, 865)": [
        "(270, 120)",
        "(941, 222)",
        "(404, 149)",
        "(567, 347)",
        "(538, 244)",
        "(178, 374)",
        "(430, 575)",
        "(45, 715)",
        "(242, 81)",
        "(520, 63)",
        "(928, 330)",
        "(724, 119)",
        "(56, 988)",
        "(317, 273)",
        "(693, 473)",
        "(600, 249)",
        "(266, 739)",
        "(236, 164)",
        "(797, 152)",
        "(404, 388)",
        "(834, 402)",
        "(601, 745)",
        "(342, 201)",
        "(248, 703)",
        "(562, 437)",
        "(585, 140)"
    ]
}