{
    "(253, 193)": [
        "(132, 770)",
        "(492, 393)",
        "(513, 312)",
        "(941, 441)",
        "(451, 428)",
        "(97, 144)",
        "(901, 112)",
        "(187, 833)",
        "(136, 847)",
        "(209, 56)",
        "(594, 667)",
        "(978, 90)",
        "(919, 966)",
        "(480, 413)",
        "(436, 71)",
        "(423, 882)",
        "(743, 249)",
        "(196, 196)",
        "(850, 727)",
        "(349, 490)",
        "(337, 929)",
        "(387, 5)",
        "(26, 50)",
        "(85, 163)",
        "(60, 472)",
        "(594, 699)",
        "(990, 660)",
        "(397, 303)",
        "(613, 950)",
        "(292, 732)",
        "(21, 330)",
        "(221, 980)",
        "(800, 514)",
        "(213, 664)",
        "(401, 21)",
        "(319, 898)",
        "(910, 902)",
        "(1, 236)",
        "(757, 998)",
        "(913, 189)",
        "(108, 206)",
        "(28, 969)",
        "(321, 388)",
        "(787, 898)",
        "(354, 823)",
        "(250, 843)",
        "(950, 616)",
        "(999, 875)",
        "(415, 384)",
        "(833, 398)",
        "(228, 118)",
        "(775, 909)",
        "(932, 692)",
        "(465, 61)",
        "(576, 288)",
        "(902, 137)"
    ],
    "(492, 393)": [
        "(85, 163)",
        "(253, 193)",
        "(613, 950)",
        "(490, 52)",
        "(480, 413)",
        "(833, 398)",
        "(576, 288)",
        "(26, 50)",
        "(209, 56)",
        "(620, 552)",
        "(757, 998)",
        "(354, 823)",
        "(594, 699)",
        "(28, 969)",
        "(910, 902)",
        "(902, 137)",
        "(775, 909)",
        "(397, 303)",
        "(436, 71)",
        "(721, 243)",
        "(4, 650)",
        "(24, 444)",
        "(54, 887)",
        "(136, 847)",
        "(415, 384)",
        "(513, 312)",
        "(401, 21)",
        "(743, 249)",
        "(941, 441)",
        "(125, 962)",
        "(196, 196)",
        "(990, 660)",
        "(21, 330)",
        "(60, 472)",
        "(19, 31)",
        "(349, 490)",
        "(901, 112)",
        "(787, 898)",
        "(594, 667)",
        "(321, 388)",
        "(228, 118)",
        "(950, 616)",
        "(978, 617)",
        "(187, 833)",
        "(850, 727)",
        "(451, 428)",
        "(423, 882)",
        "(921, 996)",
        "(978, 90)",
        "(221, 980)",
        "(132, 770)",
        "(213, 664)",
        "(1, 236)"
    ],
    "(833, 398)": [
        "(19, 31)",
        "(108, 206)",
        "(576, 288)",
        "(209, 56)",
        "(436, 71)",
        "(492, 393)",
        "(196, 196)",
        "(132, 770)",
        "(594, 699)",
        "(136, 847)",
        "(250, 843)",
        "(345, 951)",
        "(527, 628)",
        "(397, 303)",
        "(349, 490)",
        "(1, 236)",
        "(60, 472)",
        "(919, 966)",
        "(921, 996)",
        "(978, 617)",
        "(273, 945)",
        "(97, 144)",
        "(913, 189)",
        "(423, 882)",
        "(480, 413)",
        "(850, 727)",
        "(950, 616)",
        "(910, 902)",
        "(743, 249)",
        "(125, 962)",
        "(642, 934)",
        "(401, 21)",
        "(321, 388)",
        "(213, 664)",
        "(317, 651)",
        "(513, 312)",
        "(221, 980)",
        "(24, 444)",
        "(26, 50)",
        "(319, 898)",
        "(800, 514)",
        "(787, 898)",
        "(932, 692)",
        "(228, 118)",
        "(387, 5)",
        "(999, 875)",
        "(775, 909)",
        "(620, 552)",
        "(721, 243)",
        "(613, 950)",
        "(757, 998)",
        "(292, 732)",
        "(253, 193)",
        "(415, 384)",
        "(337, 929)",
        "(4, 650)"
    ],
    "(354, 823)": [
        "(345, 951)",
        "(594, 699)",
        "(527, 628)",
        "(642, 934)",
        "(513, 312)",
        "(1, 236)",
        "(950, 616)",
        "(85, 163)",
        "(451, 428)",
        "(999, 875)",
        "(978, 617)",
        "(492, 393)",
        "(480, 413)",
        "(387, 5)",
        "(196, 196)",
        "(21, 330)",
        "(490, 52)",
        "(250, 843)",
        "(423, 882)",
        "(800, 514)",
        "(397, 303)",
        "(273, 945)",
        "(941, 441)",
        "(990, 660)",
        "(209, 56)",
        "(786, 847)",
        "(787, 898)",
        "(108, 206)",
        "(125, 962)",
        "(436, 71)",
        "(28, 969)",
        "(850, 727)",
        "(919, 966)",
        "(24, 444)",
        "(97, 144)",
        "(221, 980)",
        "(401, 21)",
        "(902, 137)",
        "(910, 902)",
        "(620, 552)",
        "(901, 112)",
        "(349, 490)",
        "(668, 729)",
        "(26, 50)",
        "(775, 909)",
        "(228, 118)",
        "(292, 732)",
        "(757, 998)",
        "(99, 677)",
        "(415, 384)",
        "(921, 996)",
        "(594, 667)",
        "(913, 189)",
        "(337, 929)",
        "(253, 193)",
        "(54, 887)",
        "(321, 388)",
        "(317, 651)",
        "(4, 650)"
    ],
    "(613, 950)": [
        "(919, 966)",
        "(24, 444)",
        "(319, 898)",
        "(451, 428)",
        "(492, 393)",
        "(850, 727)",
        "(26, 50)",
        "(387, 5)",
        "(513, 312)",
        "(757, 998)",
        "(921, 996)",
        "(620, 552)",
        "(228, 118)",
        "(97, 144)",
        "(465, 61)",
        "(786, 847)",
        "(19, 31)",
        "(978, 617)",
        "(99, 677)",
        "(349, 490)",
        "(54, 887)",
        "(213, 664)",
        "(317, 651)",
        "(950, 616)",
        "(743, 249)",
        "(775, 909)",
        "(978, 90)",
        "(21, 330)",
        "(576, 288)",
        "(527, 628)",
        "(108, 206)",
        "(125, 962)",
        "(913, 189)",
        "(594, 667)",
        "(4, 650)",
        "(85, 163)",
        "(902, 137)",
        "(209, 56)",
        "(60, 472)",
        "(132, 770)",
        "(221, 980)",
        "(253, 193)",
        "(490, 52)",
        "(594, 699)",
        "(196, 196)",
        "(136, 847)",
        "(292, 732)",
        "(787, 898)",
        "(28, 969)",
        "(273, 945)",
        "(642, 934)",
        "(833, 398)",
        "(800, 514)",
        "(436, 71)",
        "(337, 929)",
        "(932, 692)",
        "(1, 236)",
        "(721, 243)"
    ],
    "(668, 729)": [
        "(594, 667)",
        "(26, 50)",
        "(337, 929)",
        "(576, 288)",
        "(209, 56)",
        "(913, 189)",
        "(292, 732)",
        "(910, 902)",
        "(187, 833)",
        "(125, 962)",
        "(990, 660)",
        "(775, 909)",
        "(594, 699)",
        "(423, 882)",
        "(850, 727)",
        "(213, 664)",
        "(397, 303)",
        "(451, 428)",
        "(480, 413)",
        "(345, 951)",
        "(221, 980)",
        "(919, 966)",
        "(321, 388)",
        "(999, 875)",
        "(743, 249)",
        "(4, 650)",
        "(620, 552)",
        "(28, 969)",
        "(978, 617)",
        "(527, 628)",
        "(387, 5)",
        "(642, 934)",
        "(354, 823)",
        "(978, 90)",
        "(132, 770)",
        "(108, 206)",
        "(85, 163)",
        "(196, 196)",
        "(349, 490)",
        "(60, 472)",
        "(941, 441)",
        "(401, 21)",
        "(19, 31)",
        "(54, 887)",
        "(721, 243)",
        "(99, 677)",
        "(250, 843)",
        "(902, 137)",
        "(757, 998)",
        "(786, 847)",
        "(950, 616)",
        "(490, 52)",
        "(136, 847)",
        "(317, 651)"
    ],
    "(209, 56)": [
        "(221, 980)",
        "(833, 398)",
        "(415, 384)",
        "(490, 52)",
        "(978, 90)",
        "(668, 729)",
        "(787, 898)",
        "(594, 699)",
        "(108, 206)",
        "(187, 833)",
        "(436, 71)",
        "(950, 616)",
        "(401, 21)",
        "(492, 393)",
        "(349, 490)",
        "(990, 660)",
        "(253, 193)",
        "(273, 945)",
        "(921, 996)",
        "(132, 770)",
        "(932, 692)",
        "(54, 887)",
        "(387, 5)",
        "(99, 677)",
        "(24, 444)",
        "(354, 823)",
        "(513, 312)",
        "(345, 951)",
        "(850, 727)",
        "(642, 934)",
        "(978, 617)",
        "(28, 969)",
        "(60, 472)",
        "(594, 667)",
        "(613, 950)",
        "(910, 902)",
        "(480, 413)",
        "(317, 651)",
        "(743, 249)",
        "(919, 966)",
        "(576, 288)",
        "(26, 50)",
        "(213, 664)",
        "(913, 189)",
        "(136, 847)",
        "(21, 330)",
        "(902, 137)",
        "(4, 650)",
        "(941, 441)",
        "(85, 163)",
        "(337, 929)",
        "(465, 61)"
    ],
    "(321, 388)": [
        "(786, 847)",
        "(850, 727)",
        "(941, 441)",
        "(978, 90)",
        "(387, 5)",
        "(919, 966)",
        "(465, 61)",
        "(743, 249)",
        "(513, 312)",
        "(26, 50)",
        "(999, 875)",
        "(250, 843)",
        "(787, 898)",
        "(28, 969)",
        "(196, 196)",
        "(913, 189)",
        "(436, 71)",
        "(273, 945)",
        "(932, 692)",
        "(775, 909)",
        "(24, 444)",
        "(423, 882)",
        "(950, 616)",
        "(319, 898)",
        "(901, 112)",
        "(132, 770)",
        "(990, 660)",
        "(187, 833)",
        "(978, 617)",
        "(668, 729)",
        "(337, 929)",
        "(4, 650)",
        "(921, 996)",
        "(833, 398)",
        "(317, 651)",
        "(527, 628)",
        "(136, 847)",
        "(228, 118)",
        "(492, 393)",
        "(19, 31)",
        "(594, 699)",
        "(253, 193)",
        "(99, 677)",
        "(97, 144)",
        "(21, 330)",
        "(902, 137)",
        "(620, 552)",
        "(60, 472)",
        "(221, 980)",
        "(490, 52)",
        "(757, 998)",
        "(354, 823)",
        "(594, 667)",
        "(800, 514)",
        "(345, 951)",
        "(910, 902)"
    ],
    "(490, 52)": [
        "(415, 384)",
        "(250, 843)",
        "(950, 616)",
        "(125, 962)",
        "(209, 56)",
        "(26, 50)",
        "(492, 393)",
        "(999, 875)",
        "(919, 966)",
        "(990, 660)",
        "(913, 189)",
        "(910, 902)",
        "(213, 664)",
        "(513, 312)",
        "(800, 514)",
        "(941, 441)",
        "(354, 823)",
        "(786, 847)",
        "(99, 677)",
        "(97, 144)",
        "(132, 770)",
        "(921, 996)",
        "(594, 699)",
        "(60, 472)",
        "(24, 444)",
        "(221, 980)",
        "(480, 413)",
        "(436, 71)",
        "(319, 898)",
        "(28, 969)",
        "(902, 137)",
        "(850, 727)",
        "(642, 934)",
        "(932, 692)",
        "(613, 950)",
        "(196, 196)",
        "(19, 31)",
        "(401, 21)",
        "(757, 998)",
        "(292, 732)",
        "(136, 847)",
        "(787, 898)",
        "(21, 330)",
        "(54, 887)",
        "(423, 882)",
        "(337, 929)",
        "(4, 650)",
        "(620, 552)",
        "(451, 428)",
        "(228, 118)",
        "(465, 61)",
        "(273, 945)",
        "(978, 90)",
        "(187, 833)",
        "(387, 5)",
        "(321, 388)",
        "(978, 617)",
        "(668, 729)",
        "(594, 667)"
    ],
    "(4, 650)": [
        "(349, 490)",
        "(932, 692)",
        "(480, 413)",
        "(775, 909)",
        "(919, 966)",
        "(213, 664)",
        "(125, 962)",
        "(292, 732)",
        "(387, 5)",
        "(513, 312)",
        "(273, 945)",
        "(250, 843)",
        "(423, 882)",
        "(642, 934)",
        "(850, 727)",
        "(978, 90)",
        "(26, 50)",
        "(60, 472)",
        "(492, 393)",
        "(221, 980)",
        "(24, 444)",
        "(345, 951)",
        "(319, 898)",
        "(901, 112)",
        "(902, 137)",
        "(321, 388)",
        "(999, 875)",
        "(337, 929)",
        "(397, 303)",
        "(668, 729)",
        "(613, 950)",
        "(978, 617)",
        "(21, 330)",
        "(910, 902)",
        "(743, 249)",
        "(19, 31)",
        "(465, 61)",
        "(990, 660)",
        "(576, 288)",
        "(317, 651)",
        "(99, 677)",
        "(490, 52)",
        "(228, 118)",
        "(921, 996)",
        "(132, 770)",
        "(620, 552)",
        "(209, 56)",
        "(401, 21)",
        "(136, 847)",
        "(1, 236)",
        "(527, 628)",
        "(415, 384)",
        "(354, 823)",
        "(800, 514)",
        "(833, 398)",
        "(787, 898)"
    ],
    "(349, 490)": [
        "(4, 650)",
        "(465, 61)",
        "(125, 962)",
        "(576, 288)",
        "(28, 969)",
        "(978, 617)",
        "(209, 56)",
        "(85, 163)",
        "(97, 144)",
        "(613, 950)",
        "(850, 727)",
        "(833, 398)",
        "(757, 998)",
        "(451, 428)",
        "(901, 112)",
        "(21, 330)",
        "(423, 882)",
        "(999, 875)",
        "(253, 193)",
        "(775, 909)",
        "(950, 616)",
        "(941, 441)",
        "(60, 472)",
        "(978, 90)",
        "(990, 660)",
        "(99, 677)",
        "(108, 206)",
        "(492, 393)",
        "(213, 664)",
        "(902, 137)",
        "(913, 189)",
        "(594, 667)",
        "(721, 243)",
        "(1, 236)",
        "(354, 823)",
        "(527, 628)",
        "(132, 770)",
        "(932, 692)",
        "(401, 21)",
        "(668, 729)",
        "(24, 444)",
        "(620, 552)",
        "(228, 118)",
        "(196, 196)",
        "(787, 898)",
        "(273, 945)",
        "(436, 71)",
        "(910, 902)",
        "(594, 699)",
        "(642, 934)",
        "(921, 996)"
    ],
    "(941, 441)": [
        "(196, 196)",
        "(757, 998)",
        "(321, 388)",
        "(99, 677)",
        "(253, 193)",
        "(950, 616)",
        "(786, 847)",
        "(221, 980)",
        "(932, 692)",
        "(187, 833)",
        "(978, 90)",
        "(490, 52)",
        "(85, 163)",
        "(913, 189)",
        "(513, 312)",
        "(317, 651)",
        "(108, 206)",
        "(26, 50)",
        "(387, 5)",
        "(354, 823)",
        "(125, 962)",
        "(349, 490)",
        "(228, 118)",
        "(1, 236)",
        "(132, 770)",
        "(436, 71)",
        "(978, 617)",
        "(743, 249)",
        "(492, 393)",
        "(250, 843)",
        "(594, 667)",
        "(60, 472)",
        "(576, 288)",
        "(910, 902)",
        "(901, 112)",
        "(787, 898)",
        "(594, 699)",
        "(273, 945)",
        "(902, 137)",
        "(319, 898)",
        "(620, 552)",
        "(999, 875)",
        "(28, 969)",
        "(800, 514)",
        "(213, 664)",
        "(345, 951)",
        "(54, 887)",
        "(668, 729)",
        "(97, 144)",
        "(480, 413)",
        "(209, 56)",
        "(919, 966)",
        "(19, 31)",
        "(423, 882)",
        "(415, 384)",
        "(451, 428)",
        "(401, 21)"
    ],
    "(26, 50)": [
        "(668, 729)",
        "(125, 962)",
        "(54, 887)",
        "(228, 118)",
        "(401, 21)",
        "(490, 52)",
        "(613, 950)",
        "(910, 902)",
        "(85, 163)",
        "(321, 388)",
        "(492, 393)",
        "(594, 667)",
        "(19, 31)",
        "(317, 651)",
        "(775, 909)",
        "(932, 692)",
        "(850, 727)",
        "(28, 969)",
        "(4, 650)",
        "(451, 428)",
        "(941, 441)",
        "(978, 90)",
        "(786, 847)",
        "(345, 951)",
        "(901, 112)",
        "(337, 929)",
        "(273, 945)",
        "(594, 699)",
        "(721, 243)",
        "(253, 193)",
        "(132, 770)",
        "(397, 303)",
        "(576, 288)",
        "(999, 875)",
        "(24, 444)",
        "(527, 628)",
        "(319, 898)",
        "(757, 998)",
        "(99, 677)",
        "(97, 144)",
        "(209, 56)",
        "(213, 664)",
        "(250, 843)",
        "(978, 617)",
        "(833, 398)",
        "(354, 823)",
        "(423, 882)",
        "(436, 71)",
        "(513, 312)",
        "(480, 413)",
        "(465, 61)",
        "(21, 330)",
        "(743, 249)",
        "(196, 196)",
        "(919, 966)",
        "(902, 137)",
        "(292, 732)",
        "(921, 996)",
        "(136, 847)",
        "(642, 934)"
    ],
    "(620, 552)": [
        "(415, 384)",
        "(387, 5)",
        "(54, 887)",
        "(913, 189)",
        "(317, 651)",
        "(743, 249)",
        "(423, 882)",
        "(613, 950)",
        "(492, 393)",
        "(213, 664)",
        "(902, 137)",
        "(60, 472)",
        "(642, 934)",
        "(292, 732)",
        "(757, 998)",
        "(1, 236)",
        "(901, 112)",
        "(451, 428)",
        "(24, 444)",
        "(401, 21)",
        "(921, 996)",
        "(21, 330)",
        "(910, 902)",
        "(99, 677)",
        "(668, 729)",
        "(397, 303)",
        "(721, 243)",
        "(978, 90)",
        "(221, 980)",
        "(576, 288)",
        "(354, 823)",
        "(999, 875)",
        "(800, 514)",
        "(594, 667)",
        "(480, 413)",
        "(19, 31)",
        "(250, 843)",
        "(941, 441)",
        "(513, 312)",
        "(132, 770)",
        "(919, 966)",
        "(337, 929)",
        "(321, 388)",
        "(490, 52)",
        "(187, 833)",
        "(436, 71)",
        "(349, 490)",
        "(833, 398)",
        "(4, 650)",
        "(978, 617)",
        "(28, 969)",
        "(125, 962)",
        "(85, 163)",
        "(775, 909)",
        "(136, 847)",
        "(932, 692)",
        "(990, 660)",
        "(850, 727)",
        "(97, 144)"
    ],
    "(513, 312)": [
        "(250, 843)",
        "(85, 163)",
        "(253, 193)",
        "(354, 823)",
        "(321, 388)",
        "(613, 950)",
        "(913, 189)",
        "(4, 650)",
        "(757, 998)",
        "(990, 660)",
        "(775, 909)",
        "(490, 52)",
        "(60, 472)",
        "(401, 21)",
        "(136, 847)",
        "(642, 934)",
        "(221, 980)",
        "(108, 206)",
        "(743, 249)",
        "(800, 514)",
        "(941, 441)",
        "(292, 732)",
        "(337, 929)",
        "(527, 628)",
        "(209, 56)",
        "(978, 90)",
        "(436, 71)",
        "(492, 393)",
        "(54, 887)",
        "(480, 413)",
        "(451, 428)",
        "(465, 61)",
        "(786, 847)",
        "(273, 945)",
        "(317, 651)",
        "(594, 699)",
        "(132, 770)",
        "(97, 144)",
        "(921, 996)",
        "(423, 882)",
        "(833, 398)",
        "(594, 667)",
        "(19, 31)",
        "(213, 664)",
        "(620, 552)",
        "(1, 236)",
        "(902, 137)",
        "(26, 50)",
        "(397, 303)",
        "(24, 444)",
        "(950, 616)",
        "(319, 898)",
        "(415, 384)",
        "(901, 112)",
        "(999, 875)",
        "(787, 898)",
        "(387, 5)",
        "(721, 243)",
        "(99, 677)",
        "(125, 962)"
    ],
    "(85, 163)": [
        "(492, 393)",
        "(132, 770)",
        "(28, 969)",
        "(513, 312)",
        "(26, 50)",
        "(786, 847)",
        "(354, 823)",
        "(54, 887)",
        "(292, 732)",
        "(337, 929)",
        "(99, 677)",
        "(349, 490)",
        "(250, 843)",
        "(941, 441)",
        "(187, 833)",
        "(345, 951)",
        "(921, 996)",
        "(401, 21)",
        "(913, 189)",
        "(97, 144)",
        "(436, 71)",
        "(950, 616)",
        "(319, 898)",
        "(253, 193)",
        "(850, 727)",
        "(902, 137)",
        "(613, 950)",
        "(423, 882)",
        "(1, 236)",
        "(397, 303)",
        "(594, 667)",
        "(721, 243)",
        "(21, 330)",
        "(196, 196)",
        "(228, 118)",
        "(576, 288)",
        "(757, 998)",
        "(108, 206)",
        "(387, 5)",
        "(213, 664)",
        "(668, 729)",
        "(221, 980)",
        "(990, 660)",
        "(125, 962)",
        "(209, 56)",
        "(932, 692)",
        "(24, 444)",
        "(620, 552)",
        "(999, 875)",
        "(451, 428)"
    ],
    "(132, 770)": [
        "(253, 193)",
        "(85, 163)",
        "(187, 833)",
        "(642, 934)",
        "(833, 398)",
        "(213, 664)",
        "(397, 303)",
        "(99, 677)",
        "(423, 882)",
        "(209, 56)",
        "(136, 847)",
        "(594, 699)",
        "(490, 52)",
        "(321, 388)",
        "(910, 902)",
        "(21, 330)",
        "(941, 441)",
        "(919, 966)",
        "(26, 50)",
        "(54, 887)",
        "(401, 21)",
        "(480, 413)",
        "(108, 206)",
        "(97, 144)",
        "(613, 950)",
        "(319, 898)",
        "(465, 61)",
        "(19, 31)",
        "(513, 312)",
        "(999, 875)",
        "(221, 980)",
        "(978, 90)",
        "(337, 929)",
        "(273, 945)",
        "(1, 236)",
        "(757, 998)",
        "(349, 490)",
        "(668, 729)",
        "(978, 617)",
        "(850, 727)",
        "(345, 951)",
        "(436, 71)",
        "(787, 898)",
        "(594, 667)",
        "(620, 552)",
        "(721, 243)",
        "(451, 428)",
        "(4, 650)",
        "(990, 660)",
        "(800, 514)",
        "(24, 444)",
        "(576, 288)",
        "(786, 847)",
        "(492, 393)",
        "(950, 616)",
        "(913, 189)",
        "(292, 732)",
        "(415, 384)",
        "(250, 843)"
    ],
    "(757, 998)": [
        "(60, 472)",
        "(273, 945)",
        "(941, 441)",
        "(196, 196)",
        "(978, 90)",
        "(721, 243)",
        "(594, 699)",
        "(613, 950)",
        "(513, 312)",
        "(319, 898)",
        "(292, 732)",
        "(492, 393)",
        "(932, 692)",
        "(349, 490)",
        "(99, 677)",
        "(576, 288)",
        "(850, 727)",
        "(228, 118)",
        "(213, 664)",
        "(620, 552)",
        "(999, 875)",
        "(387, 5)",
        "(921, 996)",
        "(19, 31)",
        "(21, 330)",
        "(28, 969)",
        "(910, 902)",
        "(465, 61)",
        "(26, 50)",
        "(642, 934)",
        "(221, 980)",
        "(250, 843)",
        "(800, 514)",
        "(490, 52)",
        "(423, 882)",
        "(85, 163)",
        "(397, 303)",
        "(132, 770)",
        "(253, 193)",
        "(317, 651)",
        "(354, 823)",
        "(136, 847)",
        "(913, 189)",
        "(345, 951)",
        "(833, 398)",
        "(668, 729)",
        "(187, 833)",
        "(990, 660)",
        "(527, 628)",
        "(54, 887)",
        "(978, 617)",
        "(321, 388)",
        "(901, 112)",
        "(451, 428)",
        "(902, 137)",
        "(787, 898)",
        "(24, 444)"
    ],
    "(465, 61)": [
        "(349, 490)",
        "(990, 660)",
        "(213, 664)",
        "(321, 388)",
        "(902, 137)",
        "(1, 236)",
        "(901, 112)",
        "(978, 617)",
        "(613, 950)",
        "(950, 616)",
        "(387, 5)",
        "(423, 882)",
        "(319, 898)",
        "(221, 980)",
        "(54, 887)",
        "(125, 962)",
        "(743, 249)",
        "(228, 118)",
        "(451, 428)",
        "(397, 303)",
        "(787, 898)",
        "(642, 934)",
        "(594, 699)",
        "(527, 628)",
        "(136, 847)",
        "(757, 998)",
        "(132, 770)",
        "(513, 312)",
        "(273, 945)",
        "(594, 667)",
        "(99, 677)",
        "(4, 650)",
        "(21, 330)",
        "(800, 514)",
        "(775, 909)",
        "(786, 847)",
        "(480, 413)",
        "(978, 90)",
        "(26, 50)",
        "(910, 902)",
        "(490, 52)",
        "(921, 996)",
        "(345, 951)",
        "(28, 969)",
        "(317, 651)",
        "(401, 21)",
        "(209, 56)",
        "(253, 193)",
        "(576, 288)",
        "(250, 843)",
        "(999, 875)",
        "(337, 929)",
        "(196, 196)"
    ],
    "(196, 196)": [
        "(941, 441)",
        "(213, 664)",
        "(786, 847)",
        "(60, 472)",
        "(136, 847)",
        "(757, 998)",
        "(54, 887)",
        "(387, 5)",
        "(833, 398)",
        "(451, 428)",
        "(919, 966)",
        "(321, 388)",
        "(642, 934)",
        "(354, 823)",
        "(250, 843)",
        "(97, 144)",
        "(721, 243)",
        "(850, 727)",
        "(253, 193)",
        "(221, 980)",
        "(999, 875)",
        "(24, 444)",
        "(273, 945)",
        "(800, 514)",
        "(910, 902)",
        "(978, 617)",
        "(21, 330)",
        "(317, 651)",
        "(492, 393)",
        "(902, 137)",
        "(743, 249)",
        "(613, 950)",
        "(921, 996)",
        "(415, 384)",
        "(490, 52)",
        "(913, 189)",
        "(85, 163)",
        "(787, 898)",
        "(292, 732)",
        "(668, 729)",
        "(436, 71)",
        "(978, 90)",
        "(397, 303)",
        "(125, 962)",
        "(901, 112)",
        "(26, 50)",
        "(349, 490)",
        "(576, 288)",
        "(228, 118)",
        "(187, 833)",
        "(594, 699)",
        "(465, 61)"
    ],
    "(978, 617)": [
        "(24, 444)",
        "(576, 288)",
        "(401, 21)",
        "(436, 71)",
        "(423, 882)",
        "(921, 996)",
        "(349, 490)",
        "(19, 31)",
        "(465, 61)",
        "(354, 823)",
        "(642, 934)",
        "(775, 909)",
        "(613, 950)",
        "(337, 929)",
        "(480, 413)",
        "(125, 962)",
        "(932, 692)",
        "(187, 833)",
        "(743, 249)",
        "(833, 398)",
        "(910, 902)",
        "(250, 843)",
        "(950, 616)",
        "(321, 388)",
        "(196, 196)",
        "(21, 330)",
        "(990, 660)",
        "(387, 5)",
        "(136, 847)",
        "(941, 441)",
        "(901, 112)",
        "(209, 56)",
        "(800, 514)",
        "(4, 650)",
        "(721, 243)",
        "(415, 384)",
        "(1, 236)",
        "(54, 887)",
        "(668, 729)",
        "(451, 428)",
        "(594, 667)",
        "(292, 732)",
        "(228, 118)",
        "(397, 303)",
        "(26, 50)",
        "(492, 393)",
        "(345, 951)",
        "(132, 770)",
        "(319, 898)",
        "(273, 945)",
        "(620, 552)",
        "(490, 52)",
        "(978, 90)",
        "(757, 998)",
        "(919, 966)",
        "(527, 628)"
    ],
    "(187, 833)": [
        "(913, 189)",
        "(60, 472)",
        "(932, 692)",
        "(132, 770)",
        "(292, 732)",
        "(902, 137)",
        "(978, 90)",
        "(668, 729)",
        "(209, 56)",
        "(950, 616)",
        "(253, 193)",
        "(999, 875)",
        "(594, 699)",
        "(451, 428)",
        "(576, 288)",
        "(941, 441)",
        "(642, 934)",
        "(800, 514)",
        "(921, 996)",
        "(775, 909)",
        "(85, 163)",
        "(228, 118)",
        "(594, 667)",
        "(978, 617)",
        "(423, 882)",
        "(387, 5)",
        "(436, 71)",
        "(28, 969)",
        "(321, 388)",
        "(901, 112)",
        "(221, 980)",
        "(125, 962)",
        "(21, 330)",
        "(19, 31)",
        "(24, 444)",
        "(480, 413)",
        "(415, 384)",
        "(786, 847)",
        "(492, 393)",
        "(213, 664)",
        "(743, 249)",
        "(919, 966)",
        "(337, 929)",
        "(620, 552)",
        "(250, 843)",
        "(490, 52)",
        "(54, 887)",
        "(136, 847)",
        "(345, 951)",
        "(757, 998)",
        "(108, 206)",
        "(787, 898)",
        "(990, 660)",
        "(196, 196)"
    ],
    "(213, 664)": [
        "(196, 196)",
        "(786, 847)",
        "(387, 5)",
        "(902, 137)",
        "(576, 288)",
        "(465, 61)",
        "(4, 650)",
        "(950, 616)",
        "(125, 962)",
        "(132, 770)",
        "(999, 875)",
        "(901, 112)",
        "(108, 206)",
        "(490, 52)",
        "(620, 552)",
        "(24, 444)",
        "(337, 929)",
        "(668, 729)",
        "(613, 950)",
        "(978, 90)",
        "(273, 945)",
        "(423, 882)",
        "(594, 699)",
        "(757, 998)",
        "(919, 966)",
        "(436, 71)",
        "(136, 847)",
        "(401, 21)",
        "(451, 428)",
        "(480, 413)",
        "(833, 398)",
        "(54, 887)",
        "(349, 490)",
        "(60, 472)",
        "(397, 303)",
        "(319, 898)",
        "(253, 193)",
        "(642, 934)",
        "(26, 50)",
        "(775, 909)",
        "(1, 236)",
        "(932, 692)",
        "(250, 843)",
        "(317, 651)",
        "(415, 384)",
        "(513, 312)",
        "(209, 56)",
        "(913, 189)",
        "(85, 163)",
        "(187, 833)",
        "(228, 118)",
        "(850, 727)",
        "(787, 898)",
        "(19, 31)",
        "(941, 441)",
        "(990, 660)",
        "(28, 969)",
        "(21, 330)",
        "(492, 393)",
        "(97, 144)",
        "(721, 243)",
        "(345, 951)",
        "(743, 249)"
    ],
    "(97, 144)": [
        "(337, 929)",
        "(902, 137)",
        "(775, 909)",
        "(253, 193)",
        "(978, 90)",
        "(28, 969)",
        "(415, 384)",
        "(613, 950)",
        "(125, 962)",
        "(349, 490)",
        "(397, 303)",
        "(594, 699)",
        "(228, 118)",
        "(850, 727)",
        "(196, 196)",
        "(490, 52)",
        "(642, 934)",
        "(833, 398)",
        "(85, 163)",
        "(24, 444)",
        "(1, 236)",
        "(594, 667)",
        "(317, 651)",
        "(292, 732)",
        "(132, 770)",
        "(354, 823)",
        "(999, 875)",
        "(54, 887)",
        "(721, 243)",
        "(26, 50)",
        "(436, 71)",
        "(513, 312)",
        "(932, 692)",
        "(401, 21)",
        "(451, 428)",
        "(19, 31)",
        "(743, 249)",
        "(321, 388)",
        "(345, 951)",
        "(136, 847)",
        "(387, 5)",
        "(913, 189)",
        "(941, 441)",
        "(60, 472)",
        "(527, 628)",
        "(213, 664)",
        "(480, 413)",
        "(620, 552)",
        "(921, 996)"
    ],
    "(721, 243)": [
        "(800, 514)",
        "(919, 966)",
        "(319, 898)",
        "(401, 21)",
        "(757, 998)",
        "(24, 444)",
        "(913, 189)",
        "(423, 882)",
        "(850, 727)",
        "(787, 898)",
        "(337, 929)",
        "(480, 413)",
        "(950, 616)",
        "(196, 196)",
        "(743, 249)",
        "(492, 393)",
        "(786, 847)",
        "(527, 628)",
        "(594, 667)",
        "(26, 50)",
        "(910, 902)",
        "(250, 843)",
        "(54, 887)",
        "(978, 617)",
        "(594, 699)",
        "(136, 847)",
        "(97, 144)",
        "(620, 552)",
        "(932, 692)",
        "(349, 490)",
        "(85, 163)",
        "(60, 472)",
        "(228, 118)",
        "(345, 951)",
        "(901, 112)",
        "(921, 996)",
        "(775, 909)",
        "(292, 732)",
        "(978, 90)",
        "(132, 770)",
        "(833, 398)",
        "(668, 729)",
        "(397, 303)",
        "(415, 384)",
        "(273, 945)",
        "(221, 980)",
        "(513, 312)",
        "(613, 950)",
        "(213, 664)",
        "(317, 651)"
    ],
    "(990, 660)": [
        "(19, 31)",
        "(465, 61)",
        "(999, 875)",
        "(60, 472)",
        "(850, 727)",
        "(387, 5)",
        "(490, 52)",
        "(932, 692)",
        "(668, 729)",
        "(317, 651)",
        "(513, 312)",
        "(21, 330)",
        "(209, 56)",
        "(786, 847)",
        "(901, 112)",
        "(337, 929)",
        "(354, 823)",
        "(921, 996)",
        "(321, 388)",
        "(136, 847)",
        "(415, 384)",
        "(594, 699)",
        "(436, 71)",
        "(775, 909)",
        "(902, 137)",
        "(978, 617)",
        "(28, 969)",
        "(319, 898)",
        "(349, 490)",
        "(451, 428)",
        "(787, 898)",
        "(492, 393)",
        "(253, 193)",
        "(800, 514)",
        "(913, 189)",
        "(345, 951)",
        "(594, 667)",
        "(54, 887)",
        "(4, 650)",
        "(250, 843)",
        "(228, 118)",
        "(213, 664)",
        "(642, 934)",
        "(910, 902)",
        "(1, 236)",
        "(132, 770)",
        "(85, 163)",
        "(576, 288)",
        "(919, 966)",
        "(743, 249)",
        "(757, 998)",
        "(108, 206)",
        "(187, 833)",
        "(620, 552)",
        "(401, 21)",
        "(480, 413)"
    ],
    "(480, 413)": [
        "(4, 650)",
        "(786, 847)",
        "(345, 951)",
        "(423, 882)",
        "(492, 393)",
        "(228, 118)",
        "(594, 667)",
        "(902, 137)",
        "(250, 843)",
        "(354, 823)",
        "(978, 617)",
        "(319, 898)",
        "(978, 90)",
        "(253, 193)",
        "(721, 243)",
        "(54, 887)",
        "(576, 288)",
        "(668, 729)",
        "(833, 398)",
        "(292, 732)",
        "(21, 330)",
        "(490, 52)",
        "(932, 692)",
        "(108, 206)",
        "(317, 651)",
        "(513, 312)",
        "(910, 902)",
        "(132, 770)",
        "(273, 945)",
        "(901, 112)",
        "(213, 664)",
        "(209, 56)",
        "(187, 833)",
        "(642, 934)",
        "(451, 428)",
        "(620, 552)",
        "(26, 50)",
        "(387, 5)",
        "(465, 61)",
        "(800, 514)",
        "(99, 677)",
        "(850, 727)",
        "(19, 31)",
        "(28, 969)",
        "(125, 962)",
        "(941, 441)",
        "(401, 21)",
        "(24, 444)",
        "(921, 996)",
        "(594, 699)",
        "(97, 144)",
        "(415, 384)",
        "(787, 898)",
        "(990, 660)"
    ],
    "(1, 236)": [
        "(436, 71)",
        "(594, 667)",
        "(397, 303)",
        "(465, 61)",
        "(54, 887)",
        "(913, 189)",
        "(354, 823)",
        "(576, 288)",
        "(902, 137)",
        "(787, 898)",
        "(800, 514)",
        "(999, 875)",
        "(833, 398)",
        "(932, 692)",
        "(387, 5)",
        "(24, 444)",
        "(337, 929)",
        "(642, 934)",
        "(345, 951)",
        "(620, 552)",
        "(97, 144)",
        "(319, 898)",
        "(941, 441)",
        "(401, 21)",
        "(594, 699)",
        "(743, 249)",
        "(221, 980)",
        "(978, 617)",
        "(85, 163)",
        "(19, 31)",
        "(21, 330)",
        "(423, 882)",
        "(349, 490)",
        "(978, 90)",
        "(213, 664)",
        "(132, 770)",
        "(292, 732)",
        "(253, 193)",
        "(513, 312)",
        "(775, 909)",
        "(250, 843)",
        "(317, 651)",
        "(108, 206)",
        "(527, 628)",
        "(990, 660)",
        "(60, 472)",
        "(950, 616)",
        "(4, 650)",
        "(921, 996)",
        "(850, 727)",
        "(613, 950)",
        "(273, 945)",
        "(492, 393)"
    ],
    "(594, 667)": [
        "(668, 729)",
        "(1, 236)",
        "(978, 90)",
        "(787, 898)",
        "(423, 882)",
        "(480, 413)",
        "(317, 651)",
        "(901, 112)",
        "(436, 71)",
        "(26, 50)",
        "(345, 951)",
        "(775, 909)",
        "(913, 189)",
        "(337, 929)",
        "(253, 193)",
        "(24, 444)",
        "(642, 934)",
        "(187, 833)",
        "(387, 5)",
        "(221, 980)",
        "(910, 902)",
        "(932, 692)",
        "(800, 514)",
        "(919, 966)",
        "(401, 21)",
        "(97, 144)",
        "(721, 243)",
        "(594, 699)",
        "(28, 969)",
        "(125, 962)",
        "(108, 206)",
        "(613, 950)",
        "(950, 616)",
        "(209, 56)",
        "(941, 441)",
        "(902, 137)",
        "(978, 617)",
        "(85, 163)",
        "(465, 61)",
        "(228, 118)",
        "(850, 727)",
        "(349, 490)",
        "(492, 393)",
        "(513, 312)",
        "(60, 472)",
        "(620, 552)",
        "(990, 660)",
        "(250, 843)",
        "(21, 330)",
        "(136, 847)",
        "(19, 31)",
        "(273, 945)",
        "(132, 770)",
        "(354, 823)",
        "(54, 887)",
        "(786, 847)",
        "(292, 732)",
        "(743, 249)",
        "(415, 384)",
        "(490, 52)",
        "(321, 388)"
    ],
    "(901, 112)": [
        "(913, 189)",
        "(221, 980)",
        "(576, 288)",
        "(317, 651)",
        "(273, 945)",
        "(19, 31)",
        "(800, 514)",
        "(465, 61)",
        "(999, 875)",
        "(253, 193)",
        "(436, 71)",
        "(213, 664)",
        "(594, 667)",
        "(775, 909)",
        "(415, 384)",
        "(60, 472)",
        "(932, 692)",
        "(21, 330)",
        "(349, 490)",
        "(910, 902)",
        "(24, 444)",
        "(990, 660)",
        "(321, 388)",
        "(620, 552)",
        "(125, 962)",
        "(26, 50)",
        "(4, 650)",
        "(387, 5)",
        "(187, 833)",
        "(397, 303)",
        "(978, 617)",
        "(919, 966)",
        "(228, 118)",
        "(787, 898)",
        "(480, 413)",
        "(54, 887)",
        "(28, 969)",
        "(941, 441)",
        "(319, 898)",
        "(492, 393)",
        "(136, 847)",
        "(354, 823)",
        "(902, 137)",
        "(108, 206)",
        "(721, 243)",
        "(250, 843)",
        "(401, 21)",
        "(196, 196)",
        "(786, 847)",
        "(743, 249)",
        "(642, 934)",
        "(513, 312)",
        "(527, 628)",
        "(850, 727)",
        "(757, 998)"
    ],
    "(397, 303)": [
        "(54, 887)",
        "(527, 628)",
        "(451, 428)",
        "(1, 236)",
        "(132, 770)",
        "(319, 898)",
        "(24, 444)",
        "(576, 288)",
        "(273, 945)",
        "(221, 980)",
        "(387, 5)",
        "(910, 902)",
        "(950, 616)",
        "(932, 692)",
        "(97, 144)",
        "(401, 21)",
        "(743, 249)",
        "(833, 398)",
        "(228, 118)",
        "(786, 847)",
        "(292, 732)",
        "(492, 393)",
        "(21, 330)",
        "(354, 823)",
        "(919, 966)",
        "(668, 729)",
        "(136, 847)",
        "(787, 898)",
        "(465, 61)",
        "(901, 112)",
        "(4, 650)",
        "(26, 50)",
        "(913, 189)",
        "(902, 137)",
        "(253, 193)",
        "(620, 552)",
        "(85, 163)",
        "(594, 699)",
        "(317, 651)",
        "(213, 664)",
        "(108, 206)",
        "(436, 71)",
        "(999, 875)",
        "(978, 617)",
        "(125, 962)",
        "(757, 998)",
        "(423, 882)",
        "(513, 312)",
        "(196, 196)",
        "(642, 934)",
        "(721, 243)",
        "(978, 90)"
    ],
    "(221, 980)": [
        "(317, 651)",
        "(209, 56)",
        "(228, 118)",
        "(901, 112)",
        "(978, 90)",
        "(24, 444)",
        "(436, 71)",
        "(99, 677)",
        "(319, 898)",
        "(397, 303)",
        "(850, 727)",
        "(941, 441)",
        "(54, 887)",
        "(19, 31)",
        "(775, 909)",
        "(513, 312)",
        "(465, 61)",
        "(594, 667)",
        "(786, 847)",
        "(196, 196)",
        "(4, 650)",
        "(490, 52)",
        "(21, 330)",
        "(668, 729)",
        "(108, 206)",
        "(932, 692)",
        "(187, 833)",
        "(273, 945)",
        "(1, 236)",
        "(354, 823)",
        "(415, 384)",
        "(613, 950)",
        "(950, 616)",
        "(620, 552)",
        "(757, 998)",
        "(132, 770)",
        "(136, 847)",
        "(253, 193)",
        "(800, 514)",
        "(576, 288)",
        "(833, 398)",
        "(337, 929)",
        "(902, 137)",
        "(787, 898)",
        "(642, 934)",
        "(451, 428)",
        "(321, 388)",
        "(85, 163)",
        "(527, 628)",
        "(492, 393)",
        "(919, 966)",
        "(721, 243)"
    ],
    "(436, 71)": [
        "(910, 902)",
        "(1, 236)",
        "(833, 398)",
        "(978, 617)",
        "(273, 945)",
        "(901, 112)",
        "(221, 980)",
        "(209, 56)",
        "(594, 667)",
        "(921, 996)",
        "(527, 628)",
        "(321, 388)",
        "(108, 206)",
        "(594, 699)",
        "(932, 692)",
        "(415, 384)",
        "(136, 847)",
        "(253, 193)",
        "(492, 393)",
        "(213, 664)",
        "(187, 833)",
        "(85, 163)",
        "(800, 514)",
        "(990, 660)",
        "(513, 312)",
        "(941, 441)",
        "(99, 677)",
        "(490, 52)",
        "(902, 137)",
        "(354, 823)",
        "(451, 428)",
        "(401, 21)",
        "(978, 90)",
        "(743, 249)",
        "(913, 189)",
        "(292, 732)",
        "(97, 144)",
        "(950, 616)",
        "(397, 303)",
        "(387, 5)",
        "(919, 966)",
        "(24, 444)",
        "(775, 909)",
        "(850, 727)",
        "(132, 770)",
        "(26, 50)",
        "(250, 843)",
        "(196, 196)",
        "(620, 552)",
        "(54, 887)",
        "(787, 898)",
        "(228, 118)",
        "(999, 875)",
        "(28, 969)",
        "(349, 490)",
        "(613, 950)",
        "(345, 951)"
    ],
    "(451, 428)": [
        "(786, 847)",
        "(613, 950)",
        "(397, 303)",
        "(910, 902)",
        "(978, 90)",
        "(28, 969)",
        "(354, 823)",
        "(253, 193)",
        "(196, 196)",
        "(54, 887)",
        "(919, 966)",
        "(136, 847)",
        "(187, 833)",
        "(228, 118)",
        "(913, 189)",
        "(19, 31)",
        "(319, 898)",
        "(415, 384)",
        "(349, 490)",
        "(743, 249)",
        "(423, 882)",
        "(26, 50)",
        "(668, 729)",
        "(620, 552)",
        "(317, 651)",
        "(850, 727)",
        "(345, 951)",
        "(213, 664)",
        "(465, 61)",
        "(125, 962)",
        "(292, 732)",
        "(990, 660)",
        "(513, 312)",
        "(787, 898)",
        "(436, 71)",
        "(978, 617)",
        "(594, 699)",
        "(480, 413)",
        "(337, 929)",
        "(576, 288)",
        "(800, 514)",
        "(527, 628)",
        "(999, 875)",
        "(97, 144)",
        "(21, 330)",
        "(921, 996)",
        "(24, 444)",
        "(492, 393)",
        "(401, 21)",
        "(221, 980)",
        "(273, 945)",
        "(490, 52)",
        "(132, 770)",
        "(642, 934)",
        "(108, 206)",
        "(85, 163)",
        "(757, 998)",
        "(99, 677)",
        "(941, 441)"
    ],
    "(99, 677)": [
        "(850, 727)",
        "(910, 902)",
        "(941, 441)",
        "(54, 887)",
        "(423, 882)",
        "(999, 875)",
        "(21, 330)",
        "(221, 980)",
        "(527, 628)",
        "(292, 732)",
        "(85, 163)",
        "(132, 770)",
        "(613, 950)",
        "(775, 909)",
        "(800, 514)",
        "(490, 52)",
        "(757, 998)",
        "(787, 898)",
        "(209, 56)",
        "(950, 616)",
        "(415, 384)",
        "(250, 843)",
        "(594, 699)",
        "(913, 189)",
        "(436, 71)",
        "(932, 692)",
        "(349, 490)",
        "(273, 945)",
        "(24, 444)",
        "(620, 552)",
        "(26, 50)",
        "(317, 651)",
        "(465, 61)",
        "(345, 951)",
        "(921, 996)",
        "(228, 118)",
        "(108, 206)",
        "(4, 650)",
        "(321, 388)",
        "(354, 823)",
        "(902, 137)",
        "(28, 969)",
        "(337, 929)",
        "(480, 413)",
        "(125, 962)",
        "(786, 847)",
        "(668, 729)",
        "(60, 472)",
        "(513, 312)",
        "(451, 428)",
        "(642, 934)"
    ],
    "(136, 847)": [
        "(910, 902)",
        "(196, 196)",
        "(423, 882)",
        "(345, 951)",
        "(451, 428)",
        "(978, 90)",
        "(253, 193)",
        "(833, 398)",
        "(527, 628)",
        "(513, 312)",
        "(436, 71)",
        "(132, 770)",
        "(21, 330)",
        "(28, 969)",
        "(54, 887)",
        "(913, 189)",
        "(397, 303)",
        "(273, 945)",
        "(990, 660)",
        "(213, 664)",
        "(800, 514)",
        "(337, 929)",
        "(902, 137)",
        "(401, 21)",
        "(492, 393)",
        "(978, 617)",
        "(387, 5)",
        "(108, 206)",
        "(317, 651)",
        "(228, 118)",
        "(465, 61)",
        "(721, 243)",
        "(321, 388)",
        "(787, 898)",
        "(221, 980)",
        "(24, 444)",
        "(613, 950)",
        "(901, 112)",
        "(850, 727)",
        "(743, 249)",
        "(490, 52)",
        "(60, 472)",
        "(594, 667)",
        "(319, 898)",
        "(209, 56)",
        "(97, 144)",
        "(775, 909)",
        "(786, 847)",
        "(576, 288)",
        "(919, 966)",
        "(757, 998)",
        "(642, 934)",
        "(187, 833)",
        "(4, 650)",
        "(668, 729)",
        "(26, 50)",
        "(125, 962)",
        "(292, 732)",
        "(620, 552)",
        "(921, 996)"
    ],
    "(910, 902)": [
        "(21, 330)",
        "(436, 71)",
        "(136, 847)",
        "(99, 677)",
        "(451, 428)",
        "(642, 934)",
        "(26, 50)",
        "(668, 729)",
        "(576, 288)",
        "(108, 206)",
        "(337, 929)",
        "(228, 118)",
        "(292, 732)",
        "(490, 52)",
        "(415, 384)",
        "(397, 303)",
        "(319, 898)",
        "(492, 393)",
        "(921, 996)",
        "(423, 882)",
        "(901, 112)",
        "(594, 667)",
        "(978, 617)",
        "(850, 727)",
        "(132, 770)",
        "(196, 196)",
        "(273, 945)",
        "(775, 909)",
        "(721, 243)",
        "(19, 31)",
        "(620, 552)",
        "(24, 444)",
        "(833, 398)",
        "(757, 998)",
        "(902, 137)",
        "(480, 413)",
        "(4, 650)",
        "(209, 56)",
        "(28, 969)",
        "(941, 441)",
        "(354, 823)",
        "(950, 616)",
        "(786, 847)",
        "(919, 966)",
        "(253, 193)",
        "(401, 21)",
        "(743, 249)",
        "(787, 898)",
        "(990, 660)",
        "(465, 61)",
        "(527, 628)",
        "(932, 692)",
        "(317, 651)",
        "(349, 490)",
        "(321, 388)"
    ],
    "(54, 887)": [
        "(775, 909)",
        "(620, 552)",
        "(397, 303)",
        "(26, 50)",
        "(196, 196)",
        "(19, 31)",
        "(125, 962)",
        "(1, 236)",
        "(99, 677)",
        "(85, 163)",
        "(451, 428)",
        "(221, 980)",
        "(345, 951)",
        "(60, 472)",
        "(613, 950)",
        "(108, 206)",
        "(387, 5)",
        "(480, 413)",
        "(465, 61)",
        "(932, 692)",
        "(337, 929)",
        "(209, 56)",
        "(136, 847)",
        "(228, 118)",
        "(743, 249)",
        "(919, 966)",
        "(492, 393)",
        "(800, 514)",
        "(28, 969)",
        "(513, 312)",
        "(132, 770)",
        "(527, 628)",
        "(721, 243)",
        "(901, 112)",
        "(999, 875)",
        "(97, 144)",
        "(213, 664)",
        "(978, 617)",
        "(415, 384)",
        "(24, 444)",
        "(950, 616)",
        "(990, 660)",
        "(787, 898)",
        "(576, 288)",
        "(642, 934)",
        "(490, 52)",
        "(594, 667)",
        "(401, 21)",
        "(250, 843)",
        "(941, 441)",
        "(436, 71)",
        "(668, 729)",
        "(273, 945)",
        "(187, 833)",
        "(913, 189)",
        "(21, 330)",
        "(354, 823)",
        "(757, 998)",
        "(921, 996)"
    ],
    "(743, 249)": [
        "(108, 206)",
        "(337, 929)",
        "(787, 898)",
        "(321, 388)",
        "(387, 5)",
        "(620, 552)",
        "(228, 118)",
        "(576, 288)",
        "(423, 882)",
        "(397, 303)",
        "(401, 21)",
        "(800, 514)",
        "(513, 312)",
        "(317, 651)",
        "(451, 428)",
        "(978, 617)",
        "(721, 243)",
        "(253, 193)",
        "(60, 472)",
        "(125, 962)",
        "(613, 950)",
        "(19, 31)",
        "(54, 887)",
        "(902, 137)",
        "(465, 61)",
        "(775, 909)",
        "(642, 934)",
        "(913, 189)",
        "(950, 616)",
        "(668, 729)",
        "(833, 398)",
        "(941, 441)",
        "(273, 945)",
        "(492, 393)",
        "(1, 236)",
        "(4, 650)",
        "(436, 71)",
        "(209, 56)",
        "(196, 196)",
        "(919, 966)",
        "(21, 330)",
        "(319, 898)",
        "(136, 847)",
        "(527, 628)",
        "(910, 902)",
        "(786, 847)",
        "(97, 144)",
        "(187, 833)",
        "(932, 692)",
        "(978, 90)",
        "(850, 727)",
        "(250, 843)",
        "(26, 50)",
        "(415, 384)",
        "(594, 667)",
        "(901, 112)",
        "(990, 660)",
        "(594, 699)",
        "(213, 664)"
    ],
    "(19, 31)": [
        "(990, 660)",
        "(913, 189)",
        "(28, 969)",
        "(833, 398)",
        "(54, 887)",
        "(901, 112)",
        "(642, 934)",
        "(787, 898)",
        "(950, 616)",
        "(978, 617)",
        "(451, 428)",
        "(221, 980)",
        "(26, 50)",
        "(613, 950)",
        "(21, 330)",
        "(250, 843)",
        "(317, 651)",
        "(978, 90)",
        "(108, 206)",
        "(743, 249)",
        "(273, 945)",
        "(24, 444)",
        "(757, 998)",
        "(910, 902)",
        "(423, 882)",
        "(932, 692)",
        "(187, 833)",
        "(492, 393)",
        "(1, 236)",
        "(132, 770)",
        "(490, 52)",
        "(125, 962)",
        "(4, 650)",
        "(321, 388)",
        "(775, 909)",
        "(620, 552)",
        "(513, 312)",
        "(97, 144)",
        "(319, 898)",
        "(594, 667)",
        "(60, 472)",
        "(213, 664)",
        "(527, 628)",
        "(337, 929)",
        "(668, 729)",
        "(480, 413)",
        "(786, 847)",
        "(902, 137)",
        "(919, 966)",
        "(941, 441)",
        "(999, 875)"
    ],
    "(24, 444)": [
        "(250, 843)",
        "(775, 909)",
        "(125, 962)",
        "(613, 950)",
        "(978, 617)",
        "(721, 243)",
        "(221, 980)",
        "(345, 951)",
        "(978, 90)",
        "(397, 303)",
        "(317, 651)",
        "(28, 969)",
        "(932, 692)",
        "(902, 137)",
        "(213, 664)",
        "(337, 929)",
        "(594, 667)",
        "(321, 388)",
        "(800, 514)",
        "(901, 112)",
        "(1, 236)",
        "(209, 56)",
        "(490, 52)",
        "(196, 196)",
        "(97, 144)",
        "(4, 650)",
        "(492, 393)",
        "(620, 552)",
        "(19, 31)",
        "(594, 699)",
        "(292, 732)",
        "(910, 902)",
        "(850, 727)",
        "(21, 330)",
        "(387, 5)",
        "(26, 50)",
        "(999, 875)",
        "(99, 677)",
        "(187, 833)",
        "(354, 823)",
        "(786, 847)",
        "(787, 898)",
        "(54, 887)",
        "(136, 847)",
        "(576, 288)",
        "(436, 71)",
        "(833, 398)",
        "(913, 189)",
        "(919, 966)",
        "(319, 898)",
        "(451, 428)",
        "(349, 490)",
        "(513, 312)",
        "(60, 472)",
        "(132, 770)",
        "(423, 882)",
        "(642, 934)",
        "(480, 413)",
        "(85, 163)",
        "(527, 628)",
        "(273, 945)",
        "(108, 206)",
        "(921, 996)",
        "(757, 998)"
    ],
    "(28, 969)": [
        "(19, 31)",
        "(950, 616)",
        "(85, 163)",
        "(642, 934)",
        "(902, 137)",
        "(451, 428)",
        "(349, 490)",
        "(97, 144)",
        "(250, 843)",
        "(321, 388)",
        "(108, 206)",
        "(576, 288)",
        "(24, 444)",
        "(594, 699)",
        "(492, 393)",
        "(21, 330)",
        "(26, 50)",
        "(423, 882)",
        "(136, 847)",
        "(319, 898)",
        "(786, 847)",
        "(187, 833)",
        "(292, 732)",
        "(850, 727)",
        "(228, 118)",
        "(60, 472)",
        "(594, 667)",
        "(54, 887)",
        "(978, 90)",
        "(990, 660)",
        "(757, 998)",
        "(490, 52)",
        "(209, 56)",
        "(913, 189)",
        "(354, 823)",
        "(345, 951)",
        "(910, 902)",
        "(387, 5)",
        "(901, 112)",
        "(668, 729)",
        "(775, 909)",
        "(415, 384)",
        "(317, 651)",
        "(800, 514)",
        "(613, 950)",
        "(253, 193)",
        "(919, 966)",
        "(787, 898)",
        "(941, 441)",
        "(99, 677)",
        "(213, 664)",
        "(480, 413)",
        "(999, 875)",
        "(465, 61)",
        "(620, 552)",
        "(436, 71)",
        "(125, 962)"
    ],
    "(921, 996)": [
        "(576, 288)",
        "(423, 882)",
        "(415, 384)",
        "(978, 617)",
        "(613, 950)",
        "(250, 843)",
        "(436, 71)",
        "(345, 951)",
        "(209, 56)",
        "(187, 833)",
        "(786, 847)",
        "(978, 90)",
        "(910, 902)",
        "(902, 137)",
        "(292, 732)",
        "(833, 398)",
        "(490, 52)",
        "(85, 163)",
        "(999, 875)",
        "(990, 660)",
        "(757, 998)",
        "(850, 727)",
        "(775, 909)",
        "(387, 5)",
        "(620, 552)",
        "(913, 189)",
        "(919, 966)",
        "(319, 898)",
        "(594, 699)",
        "(321, 388)",
        "(642, 934)",
        "(125, 962)",
        "(228, 118)",
        "(787, 898)",
        "(196, 196)",
        "(950, 616)",
        "(513, 312)",
        "(99, 677)",
        "(337, 929)",
        "(721, 243)",
        "(60, 472)",
        "(451, 428)",
        "(273, 945)",
        "(492, 393)",
        "(354, 823)",
        "(317, 651)",
        "(21, 330)",
        "(4, 650)",
        "(465, 61)",
        "(932, 692)",
        "(26, 50)",
        "(527, 628)",
        "(1, 236)",
        "(480, 413)",
        "(24, 444)",
        "(349, 490)",
        "(97, 144)",
        "(54, 887)",
        "(136, 847)"
    ],
    "(919, 966)": [
        "(613, 950)",
        "(721, 243)",
        "(108, 206)",
        "(775, 909)",
        "(4, 650)",
        "(321, 388)",
        "(932, 692)",
        "(490, 52)",
        "(196, 196)",
        "(451, 428)",
        "(60, 472)",
        "(253, 193)",
        "(833, 398)",
        "(423, 882)",
        "(397, 303)",
        "(213, 664)",
        "(317, 651)",
        "(54, 887)",
        "(594, 667)",
        "(787, 898)",
        "(292, 732)",
        "(668, 729)",
        "(125, 962)",
        "(132, 770)",
        "(921, 996)",
        "(901, 112)",
        "(354, 823)",
        "(743, 249)",
        "(209, 56)",
        "(576, 288)",
        "(436, 71)",
        "(910, 902)",
        "(401, 21)",
        "(28, 969)",
        "(913, 189)",
        "(187, 833)",
        "(24, 444)",
        "(620, 552)",
        "(273, 945)",
        "(136, 847)",
        "(26, 50)",
        "(786, 847)",
        "(319, 898)",
        "(990, 660)",
        "(345, 951)",
        "(642, 934)",
        "(19, 31)",
        "(941, 441)",
        "(221, 980)",
        "(387, 5)",
        "(978, 617)"
    ],
    "(787, 898)": [
        "(743, 249)",
        "(209, 56)",
        "(594, 667)",
        "(913, 189)",
        "(19, 31)",
        "(950, 616)",
        "(1, 236)",
        "(21, 330)",
        "(321, 388)",
        "(576, 288)",
        "(721, 243)",
        "(250, 843)",
        "(99, 677)",
        "(125, 962)",
        "(228, 118)",
        "(415, 384)",
        "(292, 732)",
        "(786, 847)",
        "(919, 966)",
        "(397, 303)",
        "(354, 823)",
        "(60, 472)",
        "(902, 137)",
        "(387, 5)",
        "(465, 61)",
        "(999, 875)",
        "(990, 660)",
        "(594, 699)",
        "(901, 112)",
        "(451, 428)",
        "(941, 441)",
        "(136, 847)",
        "(24, 444)",
        "(921, 996)",
        "(492, 393)",
        "(613, 950)",
        "(54, 887)",
        "(337, 929)",
        "(196, 196)",
        "(221, 980)",
        "(910, 902)",
        "(490, 52)",
        "(642, 934)",
        "(28, 969)",
        "(253, 193)",
        "(833, 398)",
        "(213, 664)",
        "(132, 770)",
        "(978, 90)",
        "(850, 727)",
        "(349, 490)",
        "(436, 71)",
        "(932, 692)",
        "(513, 312)",
        "(423, 882)",
        "(187, 833)",
        "(480, 413)",
        "(345, 951)",
        "(757, 998)",
        "(4, 650)"
    ],
    "(125, 962)": [
        "(775, 909)",
        "(24, 444)",
        "(26, 50)",
        "(273, 945)",
        "(349, 490)",
        "(490, 52)",
        "(54, 887)",
        "(317, 651)",
        "(423, 882)",
        "(4, 650)",
        "(213, 664)",
        "(668, 729)",
        "(978, 90)",
        "(97, 144)",
        "(292, 732)",
        "(978, 617)",
        "(787, 898)",
        "(743, 249)",
        "(642, 934)",
        "(999, 875)",
        "(108, 206)",
        "(465, 61)",
        "(941, 441)",
        "(228, 118)",
        "(901, 112)",
        "(919, 966)",
        "(451, 428)",
        "(950, 616)",
        "(594, 667)",
        "(833, 398)",
        "(187, 833)",
        "(354, 823)",
        "(613, 950)",
        "(492, 393)",
        "(800, 514)",
        "(921, 996)",
        "(387, 5)",
        "(337, 929)",
        "(902, 137)",
        "(913, 189)",
        "(19, 31)",
        "(932, 692)",
        "(397, 303)",
        "(576, 288)",
        "(196, 196)",
        "(99, 677)",
        "(480, 413)",
        "(85, 163)",
        "(620, 552)",
        "(60, 472)",
        "(21, 330)",
        "(345, 951)",
        "(850, 727)",
        "(136, 847)",
        "(28, 969)",
        "(513, 312)"
    ],
    "(345, 951)": [
        "(108, 206)",
        "(354, 823)",
        "(950, 616)",
        "(415, 384)",
        "(480, 413)",
        "(24, 444)",
        "(228, 118)",
        "(902, 137)",
        "(136, 847)",
        "(833, 398)",
        "(594, 667)",
        "(921, 996)",
        "(54, 887)",
        "(401, 21)",
        "(85, 163)",
        "(594, 699)",
        "(978, 90)",
        "(800, 514)",
        "(1, 236)",
        "(4, 650)",
        "(26, 50)",
        "(668, 729)",
        "(292, 732)",
        "(451, 428)",
        "(209, 56)",
        "(999, 875)",
        "(387, 5)",
        "(21, 330)",
        "(273, 945)",
        "(28, 969)",
        "(423, 882)",
        "(60, 472)",
        "(319, 898)",
        "(913, 189)",
        "(990, 660)",
        "(99, 677)",
        "(721, 243)",
        "(978, 617)",
        "(132, 770)",
        "(97, 144)",
        "(941, 441)",
        "(850, 727)",
        "(576, 288)",
        "(465, 61)",
        "(757, 998)",
        "(187, 833)",
        "(919, 966)",
        "(337, 929)",
        "(125, 962)",
        "(317, 651)",
        "(321, 388)",
        "(213, 664)",
        "(787, 898)",
        "(436, 71)"
    ],
    "(594, 699)": [
        "(387, 5)",
        "(354, 823)",
        "(913, 189)",
        "(786, 847)",
        "(209, 56)",
        "(833, 398)",
        "(757, 998)",
        "(187, 833)",
        "(28, 969)",
        "(492, 393)",
        "(668, 729)",
        "(60, 472)",
        "(436, 71)",
        "(97, 144)",
        "(902, 137)",
        "(132, 770)",
        "(423, 882)",
        "(108, 206)",
        "(213, 664)",
        "(345, 951)",
        "(490, 52)",
        "(990, 660)",
        "(24, 444)",
        "(99, 677)",
        "(337, 929)",
        "(594, 667)",
        "(26, 50)",
        "(932, 692)",
        "(250, 843)",
        "(921, 996)",
        "(787, 898)",
        "(1, 236)",
        "(527, 628)",
        "(253, 193)",
        "(401, 21)",
        "(465, 61)",
        "(721, 243)",
        "(415, 384)",
        "(513, 312)",
        "(397, 303)",
        "(613, 950)",
        "(451, 428)",
        "(941, 441)",
        "(642, 934)",
        "(292, 732)",
        "(321, 388)",
        "(800, 514)",
        "(999, 875)",
        "(775, 909)",
        "(273, 945)",
        "(576, 288)",
        "(743, 249)",
        "(480, 413)",
        "(228, 118)",
        "(349, 490)",
        "(196, 196)"
    ],
    "(902, 137)": [
        "(228, 118)",
        "(213, 664)",
        "(187, 833)",
        "(913, 189)",
        "(97, 144)",
        "(465, 61)",
        "(28, 969)",
        "(786, 847)",
        "(1, 236)",
        "(932, 692)",
        "(345, 951)",
        "(800, 514)",
        "(480, 413)",
        "(60, 472)",
        "(24, 444)",
        "(594, 699)",
        "(620, 552)",
        "(319, 898)",
        "(492, 393)",
        "(921, 996)",
        "(743, 249)",
        "(4, 650)",
        "(250, 843)",
        "(136, 847)",
        "(990, 660)",
        "(415, 384)",
        "(787, 898)",
        "(85, 163)",
        "(775, 909)",
        "(436, 71)",
        "(490, 52)",
        "(910, 902)",
        "(999, 875)",
        "(613, 950)",
        "(397, 303)",
        "(950, 616)",
        "(196, 196)",
        "(273, 945)",
        "(594, 667)",
        "(354, 823)",
        "(349, 490)",
        "(21, 330)",
        "(125, 962)",
        "(576, 288)",
        "(941, 441)",
        "(901, 112)",
        "(221, 980)",
        "(513, 312)",
        "(99, 677)",
        "(321, 388)",
        "(317, 651)",
        "(108, 206)",
        "(209, 56)",
        "(642, 934)",
        "(292, 732)",
        "(26, 50)",
        "(978, 90)",
        "(19, 31)",
        "(668, 729)",
        "(423, 882)",
        "(757, 998)",
        "(337, 929)",
        "(253, 193)"
    ],
    "(319, 898)": [
        "(721, 243)",
        "(932, 692)",
        "(613, 950)",
        "(415, 384)",
        "(423, 882)",
        "(800, 514)",
        "(397, 303)",
        "(221, 980)",
        "(757, 998)",
        "(910, 902)",
        "(480, 413)",
        "(273, 945)",
        "(451, 428)",
        "(978, 90)",
        "(902, 137)",
        "(576, 288)",
        "(465, 61)",
        "(321, 388)",
        "(28, 969)",
        "(337, 929)",
        "(850, 727)",
        "(4, 650)",
        "(1, 236)",
        "(85, 163)",
        "(990, 660)",
        "(950, 616)",
        "(317, 651)",
        "(642, 934)",
        "(490, 52)",
        "(921, 996)",
        "(527, 628)",
        "(26, 50)",
        "(132, 770)",
        "(108, 206)",
        "(901, 112)",
        "(345, 951)",
        "(60, 472)",
        "(401, 21)",
        "(213, 664)",
        "(999, 875)",
        "(941, 441)",
        "(253, 193)",
        "(21, 330)",
        "(743, 249)",
        "(19, 31)",
        "(136, 847)",
        "(833, 398)",
        "(24, 444)",
        "(978, 617)",
        "(513, 312)",
        "(228, 118)",
        "(919, 966)"
    ],
    "(999, 875)": [
        "(786, 847)",
        "(990, 660)",
        "(490, 52)",
        "(932, 692)",
        "(901, 112)",
        "(99, 677)",
        "(321, 388)",
        "(354, 823)",
        "(187, 833)",
        "(317, 651)",
        "(21, 330)",
        "(213, 664)",
        "(1, 236)",
        "(527, 628)",
        "(913, 189)",
        "(775, 909)",
        "(950, 616)",
        "(196, 196)",
        "(125, 962)",
        "(349, 490)",
        "(921, 996)",
        "(757, 998)",
        "(228, 118)",
        "(250, 843)",
        "(668, 729)",
        "(4, 650)",
        "(345, 951)",
        "(787, 898)",
        "(902, 137)",
        "(26, 50)",
        "(292, 732)",
        "(24, 444)",
        "(54, 887)",
        "(97, 144)",
        "(423, 882)",
        "(132, 770)",
        "(978, 90)",
        "(620, 552)",
        "(60, 472)",
        "(397, 303)",
        "(319, 898)",
        "(337, 929)",
        "(451, 428)",
        "(941, 441)",
        "(594, 699)",
        "(800, 514)",
        "(642, 934)",
        "(833, 398)",
        "(273, 945)",
        "(28, 969)",
        "(253, 193)",
        "(436, 71)",
        "(513, 312)",
        "(401, 21)",
        "(85, 163)",
        "(19, 31)",
        "(465, 61)"
    ],
    "(108, 206)": [
        "(345, 951)",
        "(786, 847)",
        "(743, 249)",
        "(919, 966)",
        "(833, 398)",
        "(800, 514)",
        "(932, 692)",
        "(337, 929)",
        "(913, 189)",
        "(209, 56)",
        "(910, 902)",
        "(213, 664)",
        "(28, 969)",
        "(423, 882)",
        "(436, 71)",
        "(576, 288)",
        "(513, 312)",
        "(54, 887)",
        "(594, 699)",
        "(941, 441)",
        "(19, 31)",
        "(125, 962)",
        "(221, 980)",
        "(401, 21)",
        "(228, 118)",
        "(354, 823)",
        "(594, 667)",
        "(613, 950)",
        "(480, 413)",
        "(136, 847)",
        "(21, 330)",
        "(132, 770)",
        "(349, 490)",
        "(319, 898)",
        "(397, 303)",
        "(85, 163)",
        "(901, 112)",
        "(99, 677)",
        "(253, 193)",
        "(668, 729)",
        "(292, 732)",
        "(1, 236)",
        "(902, 137)",
        "(451, 428)",
        "(415, 384)",
        "(990, 660)",
        "(273, 945)",
        "(187, 833)",
        "(387, 5)",
        "(24, 444)"
    ],
    "(786, 847)": [
        "(321, 388)",
        "(108, 206)",
        "(999, 875)",
        "(451, 428)",
        "(213, 664)",
        "(196, 196)",
        "(594, 699)",
        "(480, 413)",
        "(228, 118)",
        "(850, 727)",
        "(902, 137)",
        "(85, 163)",
        "(941, 441)",
        "(932, 692)",
        "(613, 950)",
        "(921, 996)",
        "(397, 303)",
        "(990, 660)",
        "(490, 52)",
        "(317, 651)",
        "(721, 243)",
        "(221, 980)",
        "(401, 21)",
        "(250, 843)",
        "(28, 969)",
        "(787, 898)",
        "(26, 50)",
        "(354, 823)",
        "(576, 288)",
        "(60, 472)",
        "(187, 833)",
        "(513, 312)",
        "(337, 929)",
        "(24, 444)",
        "(910, 902)",
        "(743, 249)",
        "(465, 61)",
        "(423, 882)",
        "(292, 732)",
        "(136, 847)",
        "(594, 667)",
        "(919, 966)",
        "(901, 112)",
        "(387, 5)",
        "(19, 31)",
        "(99, 677)",
        "(132, 770)",
        "(668, 729)",
        "(642, 934)",
        "(527, 628)"
    ],
    "(950, 616)": [
        "(490, 52)",
        "(345, 951)",
        "(28, 969)",
        "(213, 664)",
        "(941, 441)",
        "(354, 823)",
        "(787, 898)",
        "(19, 31)",
        "(187, 833)",
        "(209, 56)",
        "(415, 384)",
        "(397, 303)",
        "(465, 61)",
        "(401, 21)",
        "(387, 5)",
        "(721, 243)",
        "(321, 388)",
        "(932, 692)",
        "(613, 950)",
        "(99, 677)",
        "(999, 875)",
        "(978, 617)",
        "(913, 189)",
        "(349, 490)",
        "(85, 163)",
        "(833, 398)",
        "(743, 249)",
        "(125, 962)",
        "(319, 898)",
        "(594, 667)",
        "(902, 137)",
        "(250, 843)",
        "(978, 90)",
        "(221, 980)",
        "(921, 996)",
        "(910, 902)",
        "(54, 887)",
        "(436, 71)",
        "(492, 393)",
        "(60, 472)",
        "(21, 330)",
        "(423, 882)",
        "(850, 727)",
        "(642, 934)",
        "(292, 732)",
        "(513, 312)",
        "(775, 909)",
        "(527, 628)",
        "(253, 193)",
        "(1, 236)",
        "(132, 770)",
        "(668, 729)"
    ],
    "(527, 628)": [
        "(913, 189)",
        "(354, 823)",
        "(397, 303)",
        "(99, 677)",
        "(436, 71)",
        "(136, 847)",
        "(833, 398)",
        "(576, 288)",
        "(999, 875)",
        "(721, 243)",
        "(513, 312)",
        "(775, 909)",
        "(423, 882)",
        "(613, 950)",
        "(642, 934)",
        "(54, 887)",
        "(594, 699)",
        "(292, 732)",
        "(932, 692)",
        "(26, 50)",
        "(465, 61)",
        "(321, 388)",
        "(319, 898)",
        "(850, 727)",
        "(337, 929)",
        "(978, 90)",
        "(668, 729)",
        "(451, 428)",
        "(21, 330)",
        "(743, 249)",
        "(349, 490)",
        "(19, 31)",
        "(1, 236)",
        "(228, 118)",
        "(800, 514)",
        "(221, 980)",
        "(910, 902)",
        "(950, 616)",
        "(97, 144)",
        "(921, 996)",
        "(901, 112)",
        "(401, 21)",
        "(757, 998)",
        "(4, 650)",
        "(24, 444)",
        "(786, 847)",
        "(978, 617)"
    ],
    "(415, 384)": [
        "(490, 52)",
        "(620, 552)",
        "(345, 951)",
        "(921, 996)",
        "(209, 56)",
        "(978, 90)",
        "(319, 898)",
        "(250, 843)",
        "(97, 144)",
        "(910, 902)",
        "(950, 616)",
        "(273, 945)",
        "(901, 112)",
        "(423, 882)",
        "(317, 651)",
        "(913, 189)",
        "(451, 428)",
        "(436, 71)",
        "(99, 677)",
        "(21, 330)",
        "(787, 898)",
        "(990, 660)",
        "(492, 393)",
        "(932, 692)",
        "(902, 137)",
        "(978, 617)",
        "(594, 699)",
        "(221, 980)",
        "(187, 833)",
        "(54, 887)",
        "(642, 934)",
        "(196, 196)",
        "(337, 929)",
        "(28, 969)",
        "(387, 5)",
        "(213, 664)",
        "(354, 823)",
        "(401, 21)",
        "(292, 732)",
        "(743, 249)",
        "(850, 727)",
        "(513, 312)",
        "(800, 514)",
        "(721, 243)",
        "(253, 193)",
        "(108, 206)",
        "(594, 667)",
        "(833, 398)",
        "(941, 441)",
        "(132, 770)",
        "(4, 650)",
        "(480, 413)"
    ],
    "(423, 882)": [
        "(921, 996)",
        "(136, 847)",
        "(480, 413)",
        "(125, 962)",
        "(721, 243)",
        "(99, 677)",
        "(850, 727)",
        "(978, 617)",
        "(620, 552)",
        "(319, 898)",
        "(594, 667)",
        "(228, 118)",
        "(108, 206)",
        "(668, 729)",
        "(415, 384)",
        "(743, 249)",
        "(132, 770)",
        "(4, 650)",
        "(594, 699)",
        "(354, 823)",
        "(465, 61)",
        "(213, 664)",
        "(910, 902)",
        "(451, 428)",
        "(253, 193)",
        "(321, 388)",
        "(919, 966)",
        "(28, 969)",
        "(187, 833)",
        "(349, 490)",
        "(60, 472)",
        "(833, 398)",
        "(527, 628)",
        "(19, 31)",
        "(250, 843)",
        "(642, 934)",
        "(913, 189)",
        "(85, 163)",
        "(292, 732)",
        "(345, 951)",
        "(999, 875)",
        "(387, 5)",
        "(576, 288)",
        "(1, 236)",
        "(513, 312)",
        "(273, 945)",
        "(757, 998)",
        "(397, 303)",
        "(786, 847)",
        "(950, 616)",
        "(26, 50)",
        "(492, 393)",
        "(800, 514)",
        "(490, 52)",
        "(775, 909)",
        "(24, 444)",
        "(932, 692)",
        "(902, 137)",
        "(787, 898)",
        "(941, 441)"
    ],
    "(21, 330)": [
        "(910, 902)",
        "(99, 677)",
        "(787, 898)",
        "(999, 875)",
        "(990, 660)",
        "(354, 823)",
        "(60, 472)",
        "(19, 31)",
        "(28, 969)",
        "(901, 112)",
        "(397, 303)",
        "(136, 847)",
        "(349, 490)",
        "(415, 384)",
        "(221, 980)",
        "(613, 950)",
        "(132, 770)",
        "(978, 617)",
        "(292, 732)",
        "(913, 189)",
        "(620, 552)",
        "(757, 998)",
        "(228, 118)",
        "(196, 196)",
        "(480, 413)",
        "(24, 444)",
        "(187, 833)",
        "(345, 951)",
        "(4, 650)",
        "(108, 206)",
        "(492, 393)",
        "(273, 945)",
        "(1, 236)",
        "(902, 137)",
        "(253, 193)",
        "(743, 249)",
        "(85, 163)",
        "(319, 898)",
        "(465, 61)",
        "(527, 628)",
        "(594, 667)",
        "(850, 727)",
        "(451, 428)",
        "(950, 616)",
        "(490, 52)",
        "(321, 388)",
        "(387, 5)",
        "(209, 56)",
        "(26, 50)",
        "(921, 996)",
        "(337, 929)",
        "(213, 664)",
        "(125, 962)",
        "(54, 887)",
        "(978, 90)",
        "(932, 692)",
        "(800, 514)"
    ],
    "(576, 288)": [
        "(921, 996)",
        "(833, 398)",
        "(213, 664)",
        "(978, 617)",
        "(901, 112)",
        "(668, 729)",
        "(349, 490)",
        "(1, 236)",
        "(642, 934)",
        "(743, 249)",
        "(910, 902)",
        "(492, 393)",
        "(397, 303)",
        "(187, 833)",
        "(787, 898)",
        "(28, 969)",
        "(527, 628)",
        "(337, 929)",
        "(108, 206)",
        "(757, 998)",
        "(319, 898)",
        "(292, 732)",
        "(480, 413)",
        "(850, 727)",
        "(613, 950)",
        "(978, 90)",
        "(786, 847)",
        "(401, 21)",
        "(228, 118)",
        "(26, 50)",
        "(913, 189)",
        "(941, 441)",
        "(423, 882)",
        "(620, 552)",
        "(24, 444)",
        "(902, 137)",
        "(919, 966)",
        "(209, 56)",
        "(221, 980)",
        "(451, 428)",
        "(85, 163)",
        "(4, 650)",
        "(54, 887)",
        "(775, 909)",
        "(125, 962)",
        "(387, 5)",
        "(345, 951)",
        "(136, 847)",
        "(990, 660)",
        "(132, 770)",
        "(60, 472)",
        "(196, 196)",
        "(594, 699)",
        "(317, 651)",
        "(465, 61)",
        "(253, 193)",
        "(273, 945)"
    ],
    "(642, 934)": [
        "(28, 969)",
        "(354, 823)",
        "(132, 770)",
        "(800, 514)",
        "(910, 902)",
        "(576, 288)",
        "(19, 31)",
        "(978, 617)",
        "(196, 196)",
        "(187, 833)",
        "(513, 312)",
        "(250, 843)",
        "(4, 650)",
        "(594, 667)",
        "(620, 552)",
        "(97, 144)",
        "(125, 962)",
        "(1, 236)",
        "(743, 249)",
        "(978, 90)",
        "(850, 727)",
        "(209, 56)",
        "(423, 882)",
        "(527, 628)",
        "(319, 898)",
        "(490, 52)",
        "(833, 398)",
        "(465, 61)",
        "(921, 996)",
        "(480, 413)",
        "(757, 998)",
        "(415, 384)",
        "(60, 472)",
        "(213, 664)",
        "(594, 699)",
        "(401, 21)",
        "(668, 729)",
        "(54, 887)",
        "(221, 980)",
        "(787, 898)",
        "(950, 616)",
        "(999, 875)",
        "(990, 660)",
        "(136, 847)",
        "(451, 428)",
        "(613, 950)",
        "(902, 137)",
        "(901, 112)",
        "(397, 303)",
        "(292, 732)",
        "(932, 692)",
        "(24, 444)",
        "(919, 966)",
        "(786, 847)",
        "(26, 50)",
        "(349, 490)",
        "(99, 677)",
        "(317, 651)"
    ],
    "(292, 732)": [
        "(187, 833)",
        "(387, 5)",
        "(668, 729)",
        "(4, 650)",
        "(99, 677)",
        "(85, 163)",
        "(910, 902)",
        "(273, 945)",
        "(978, 90)",
        "(757, 998)",
        "(125, 962)",
        "(397, 303)",
        "(576, 288)",
        "(921, 996)",
        "(513, 312)",
        "(620, 552)",
        "(317, 651)",
        "(787, 898)",
        "(28, 969)",
        "(919, 966)",
        "(345, 951)",
        "(480, 413)",
        "(24, 444)",
        "(21, 330)",
        "(451, 428)",
        "(228, 118)",
        "(401, 21)",
        "(527, 628)",
        "(999, 875)",
        "(97, 144)",
        "(423, 882)",
        "(932, 692)",
        "(253, 193)",
        "(978, 617)",
        "(436, 71)",
        "(613, 950)",
        "(850, 727)",
        "(594, 699)",
        "(490, 52)",
        "(800, 514)",
        "(1, 236)",
        "(354, 823)",
        "(196, 196)",
        "(108, 206)",
        "(721, 243)",
        "(786, 847)",
        "(594, 667)",
        "(950, 616)",
        "(415, 384)",
        "(902, 137)",
        "(26, 50)",
        "(642, 934)",
        "(833, 398)",
        "(136, 847)",
        "(132, 770)"
    ],
    "(775, 909)": [
        "(800, 514)",
        "(125, 962)",
        "(24, 444)",
        "(54, 887)",
        "(919, 966)",
        "(4, 650)",
        "(978, 90)",
        "(97, 144)",
        "(60, 472)",
        "(317, 651)",
        "(513, 312)",
        "(901, 112)",
        "(668, 729)",
        "(978, 617)",
        "(594, 667)",
        "(99, 677)",
        "(221, 980)",
        "(187, 833)",
        "(26, 50)",
        "(321, 388)",
        "(999, 875)",
        "(492, 393)",
        "(613, 950)",
        "(349, 490)",
        "(527, 628)",
        "(743, 249)",
        "(990, 660)",
        "(921, 996)",
        "(910, 902)",
        "(902, 137)",
        "(228, 118)",
        "(28, 969)",
        "(932, 692)",
        "(213, 664)",
        "(19, 31)",
        "(465, 61)",
        "(436, 71)",
        "(354, 823)",
        "(721, 243)",
        "(594, 699)",
        "(1, 236)",
        "(576, 288)",
        "(136, 847)",
        "(423, 882)",
        "(833, 398)",
        "(950, 616)",
        "(273, 945)",
        "(253, 193)",
        "(620, 552)",
        "(387, 5)",
        "(850, 727)",
        "(337, 929)"
    ],
    "(932, 692)": [
        "(250, 843)",
        "(4, 650)",
        "(187, 833)",
        "(319, 898)",
        "(108, 206)",
        "(999, 875)",
        "(919, 966)",
        "(902, 137)",
        "(317, 651)",
        "(990, 660)",
        "(60, 472)",
        "(786, 847)",
        "(941, 441)",
        "(24, 444)",
        "(397, 303)",
        "(757, 998)",
        "(321, 388)",
        "(850, 727)",
        "(436, 71)",
        "(209, 56)",
        "(26, 50)",
        "(901, 112)",
        "(1, 236)",
        "(978, 617)",
        "(54, 887)",
        "(950, 616)",
        "(594, 667)",
        "(228, 118)",
        "(594, 699)",
        "(221, 980)",
        "(99, 677)",
        "(415, 384)",
        "(480, 413)",
        "(19, 31)",
        "(527, 628)",
        "(490, 52)",
        "(292, 732)",
        "(721, 243)",
        "(97, 144)",
        "(775, 909)",
        "(125, 962)",
        "(213, 664)",
        "(349, 490)",
        "(743, 249)",
        "(833, 398)",
        "(921, 996)",
        "(910, 902)",
        "(978, 90)",
        "(642, 934)",
        "(423, 882)",
        "(913, 189)",
        "(787, 898)",
        "(85, 163)",
        "(21, 330)",
        "(620, 552)",
        "(253, 193)",
        "(613, 950)"
    ],
    "(273, 945)": [
        "(757, 998)",
        "(125, 962)",
        "(317, 651)",
        "(901, 112)",
        "(800, 514)",
        "(436, 71)",
        "(4, 650)",
        "(292, 732)",
        "(397, 303)",
        "(415, 384)",
        "(250, 843)",
        "(321, 388)",
        "(319, 898)",
        "(209, 56)",
        "(228, 118)",
        "(213, 664)",
        "(833, 398)",
        "(354, 823)",
        "(136, 847)",
        "(19, 31)",
        "(196, 196)",
        "(910, 902)",
        "(337, 929)",
        "(26, 50)",
        "(99, 677)",
        "(743, 249)",
        "(480, 413)",
        "(221, 980)",
        "(345, 951)",
        "(902, 137)",
        "(21, 330)",
        "(513, 312)",
        "(465, 61)",
        "(423, 882)",
        "(941, 441)",
        "(60, 472)",
        "(132, 770)",
        "(387, 5)",
        "(594, 667)",
        "(921, 996)",
        "(919, 966)",
        "(451, 428)",
        "(613, 950)",
        "(999, 875)",
        "(978, 617)",
        "(490, 52)",
        "(978, 90)",
        "(594, 699)",
        "(54, 887)",
        "(775, 909)",
        "(349, 490)",
        "(721, 243)",
        "(108, 206)",
        "(24, 444)",
        "(1, 236)",
        "(576, 288)"
    ],
    "(387, 5)": [
        "(594, 699)",
        "(620, 552)",
        "(228, 118)",
        "(213, 664)",
        "(292, 732)",
        "(321, 388)",
        "(743, 249)",
        "(613, 950)",
        "(196, 196)",
        "(4, 650)",
        "(990, 660)",
        "(397, 303)",
        "(354, 823)",
        "(250, 843)",
        "(465, 61)",
        "(337, 929)",
        "(950, 616)",
        "(54, 887)",
        "(1, 236)",
        "(594, 667)",
        "(209, 56)",
        "(187, 833)",
        "(941, 441)",
        "(757, 998)",
        "(253, 193)",
        "(921, 996)",
        "(901, 112)",
        "(978, 617)",
        "(136, 847)",
        "(787, 898)",
        "(24, 444)",
        "(345, 951)",
        "(28, 969)",
        "(423, 882)",
        "(125, 962)",
        "(436, 71)",
        "(415, 384)",
        "(668, 729)",
        "(273, 945)",
        "(85, 163)",
        "(576, 288)",
        "(480, 413)",
        "(21, 330)",
        "(97, 144)",
        "(913, 189)",
        "(833, 398)",
        "(786, 847)",
        "(60, 472)",
        "(490, 52)",
        "(108, 206)",
        "(513, 312)",
        "(775, 909)",
        "(919, 966)",
        "(850, 727)"
    ],
    "(60, 472)": [
        "(757, 998)",
        "(187, 833)",
        "(196, 196)",
        "(775, 909)",
        "(990, 660)",
        "(932, 692)",
        "(902, 137)",
        "(513, 312)",
        "(594, 699)",
        "(901, 112)",
        "(919, 966)",
        "(21, 330)",
        "(54, 887)",
        "(620, 552)",
        "(833, 398)",
        "(743, 249)",
        "(4, 650)",
        "(978, 90)",
        "(490, 52)",
        "(423, 882)",
        "(250, 843)",
        "(349, 490)",
        "(28, 969)",
        "(787, 898)",
        "(253, 193)",
        "(209, 56)",
        "(786, 847)",
        "(492, 393)",
        "(941, 441)",
        "(613, 950)",
        "(345, 951)",
        "(401, 21)",
        "(642, 934)",
        "(213, 664)",
        "(319, 898)",
        "(999, 875)",
        "(594, 667)",
        "(273, 945)",
        "(950, 616)",
        "(721, 243)",
        "(136, 847)",
        "(921, 996)",
        "(19, 31)",
        "(317, 651)",
        "(321, 388)",
        "(668, 729)",
        "(24, 444)",
        "(97, 144)",
        "(125, 962)",
        "(387, 5)",
        "(1, 236)",
        "(576, 288)",
        "(99, 677)",
        "(228, 118)",
        "(850, 727)"
    ],
    "(913, 189)": [
        "(901, 112)",
        "(187, 833)",
        "(978, 90)",
        "(527, 628)",
        "(19, 31)",
        "(594, 699)",
        "(902, 137)",
        "(620, 552)",
        "(668, 729)",
        "(1, 236)",
        "(800, 514)",
        "(721, 243)",
        "(787, 898)",
        "(513, 312)",
        "(108, 206)",
        "(490, 52)",
        "(321, 388)",
        "(451, 428)",
        "(594, 667)",
        "(415, 384)",
        "(999, 875)",
        "(941, 441)",
        "(136, 847)",
        "(85, 163)",
        "(833, 398)",
        "(950, 616)",
        "(401, 21)",
        "(99, 677)",
        "(21, 330)",
        "(743, 249)",
        "(423, 882)",
        "(921, 996)",
        "(613, 950)",
        "(28, 969)",
        "(397, 303)",
        "(317, 651)",
        "(576, 288)",
        "(850, 727)",
        "(436, 71)",
        "(345, 951)",
        "(125, 962)",
        "(349, 490)",
        "(196, 196)",
        "(990, 660)",
        "(209, 56)",
        "(253, 193)",
        "(213, 664)",
        "(24, 444)",
        "(919, 966)",
        "(354, 823)",
        "(387, 5)",
        "(97, 144)",
        "(757, 998)",
        "(54, 887)",
        "(932, 692)",
        "(132, 770)",
        "(337, 929)"
    ],
    "(317, 651)": [
        "(250, 843)",
        "(221, 980)",
        "(273, 945)",
        "(901, 112)",
        "(978, 90)",
        "(620, 552)",
        "(125, 962)",
        "(932, 692)",
        "(999, 875)",
        "(594, 667)",
        "(775, 909)",
        "(990, 660)",
        "(24, 444)",
        "(26, 50)",
        "(415, 384)",
        "(19, 31)",
        "(743, 249)",
        "(941, 441)",
        "(613, 950)",
        "(786, 847)",
        "(292, 732)",
        "(919, 966)",
        "(401, 21)",
        "(97, 144)",
        "(451, 428)",
        "(228, 118)",
        "(319, 898)",
        "(196, 196)",
        "(480, 413)",
        "(913, 189)",
        "(136, 847)",
        "(321, 388)",
        "(209, 56)",
        "(513, 312)",
        "(337, 929)",
        "(397, 303)",
        "(99, 677)",
        "(833, 398)",
        "(28, 969)",
        "(213, 664)",
        "(4, 650)",
        "(757, 998)",
        "(1, 236)",
        "(902, 137)",
        "(60, 472)",
        "(921, 996)",
        "(465, 61)",
        "(345, 951)",
        "(910, 902)",
        "(354, 823)",
        "(576, 288)",
        "(642, 934)",
        "(668, 729)",
        "(721, 243)"
    ],
    "(800, 514)": [
        "(775, 909)",
        "(721, 243)",
        "(642, 934)",
        "(108, 206)",
        "(901, 112)",
        "(273, 945)",
        "(913, 189)",
        "(319, 898)",
        "(902, 137)",
        "(1, 236)",
        "(490, 52)",
        "(187, 833)",
        "(99, 677)",
        "(743, 249)",
        "(513, 312)",
        "(24, 444)",
        "(354, 823)",
        "(250, 843)",
        "(345, 951)",
        "(594, 667)",
        "(136, 847)",
        "(54, 887)",
        "(436, 71)",
        "(196, 196)",
        "(978, 617)",
        "(990, 660)",
        "(125, 962)",
        "(253, 193)",
        "(620, 552)",
        "(221, 980)",
        "(757, 998)",
        "(451, 428)",
        "(465, 61)",
        "(292, 732)",
        "(28, 969)",
        "(594, 699)",
        "(833, 398)",
        "(941, 441)",
        "(423, 882)",
        "(999, 875)",
        "(480, 413)",
        "(527, 628)",
        "(132, 770)",
        "(415, 384)",
        "(613, 950)",
        "(850, 727)",
        "(978, 90)",
        "(321, 388)",
        "(4, 650)",
        "(21, 330)"
    ],
    "(978, 90)": [
        "(913, 189)",
        "(321, 388)",
        "(451, 428)",
        "(187, 833)",
        "(757, 998)",
        "(317, 651)",
        "(221, 980)",
        "(209, 56)",
        "(775, 909)",
        "(594, 667)",
        "(415, 384)",
        "(97, 144)",
        "(24, 444)",
        "(292, 732)",
        "(136, 847)",
        "(125, 962)",
        "(941, 441)",
        "(337, 929)",
        "(480, 413)",
        "(319, 898)",
        "(253, 193)",
        "(921, 996)",
        "(4, 650)",
        "(19, 31)",
        "(213, 664)",
        "(345, 951)",
        "(60, 472)",
        "(26, 50)",
        "(613, 950)",
        "(642, 934)",
        "(513, 312)",
        "(349, 490)",
        "(576, 288)",
        "(28, 969)",
        "(950, 616)",
        "(436, 71)",
        "(620, 552)",
        "(527, 628)",
        "(999, 875)",
        "(132, 770)",
        "(1, 236)",
        "(668, 729)",
        "(721, 243)",
        "(743, 249)",
        "(196, 196)",
        "(787, 898)",
        "(465, 61)",
        "(492, 393)",
        "(273, 945)",
        "(490, 52)",
        "(932, 692)",
        "(902, 137)",
        "(850, 727)",
        "(228, 118)",
        "(21, 330)",
        "(978, 617)",
        "(800, 514)",
        "(397, 303)",
        "(401, 21)"
    ],
    "(228, 118)": [
        "(902, 137)",
        "(387, 5)",
        "(26, 50)",
        "(221, 980)",
        "(786, 847)",
        "(250, 843)",
        "(345, 951)",
        "(743, 249)",
        "(480, 413)",
        "(910, 902)",
        "(451, 428)",
        "(613, 950)",
        "(423, 882)",
        "(97, 144)",
        "(273, 945)",
        "(397, 303)",
        "(187, 833)",
        "(850, 727)",
        "(787, 898)",
        "(757, 998)",
        "(54, 887)",
        "(932, 692)",
        "(999, 875)",
        "(125, 962)",
        "(465, 61)",
        "(941, 441)",
        "(28, 969)",
        "(108, 206)",
        "(21, 330)",
        "(317, 651)",
        "(576, 288)",
        "(337, 929)",
        "(901, 112)",
        "(292, 732)",
        "(136, 847)",
        "(921, 996)",
        "(775, 909)",
        "(321, 388)",
        "(594, 667)",
        "(492, 393)",
        "(85, 163)",
        "(978, 617)",
        "(99, 677)",
        "(721, 243)",
        "(354, 823)",
        "(990, 660)",
        "(213, 664)",
        "(833, 398)",
        "(4, 650)",
        "(490, 52)",
        "(527, 628)",
        "(349, 490)",
        "(319, 898)",
        "(436, 71)",
        "(978, 90)",
        "(253, 193)",
        "(196, 196)",
        "(60, 472)",
        "(594, 699)"
    ],
    "(250, 843)": [
        "(513, 312)",
        "(24, 444)",
        "(317, 651)",
        "(932, 692)",
        "(490, 52)",
        "(228, 118)",
        "(337, 929)",
        "(321, 388)",
        "(415, 384)",
        "(28, 969)",
        "(4, 650)",
        "(921, 996)",
        "(480, 413)",
        "(833, 398)",
        "(196, 196)",
        "(387, 5)",
        "(273, 945)",
        "(642, 934)",
        "(787, 898)",
        "(85, 163)",
        "(354, 823)",
        "(19, 31)",
        "(800, 514)",
        "(978, 617)",
        "(786, 847)",
        "(60, 472)",
        "(99, 677)",
        "(999, 875)",
        "(902, 137)",
        "(423, 882)",
        "(721, 243)",
        "(594, 699)",
        "(941, 441)",
        "(950, 616)",
        "(401, 21)",
        "(757, 998)",
        "(26, 50)",
        "(620, 552)",
        "(213, 664)",
        "(594, 667)",
        "(990, 660)",
        "(901, 112)",
        "(1, 236)",
        "(436, 71)",
        "(743, 249)",
        "(54, 887)",
        "(187, 833)",
        "(253, 193)",
        "(668, 729)",
        "(850, 727)",
        "(132, 770)",
        "(465, 61)"
    ],
    "(401, 21)": [
        "(26, 50)",
        "(721, 243)",
        "(850, 727)",
        "(978, 617)",
        "(209, 56)",
        "(513, 312)",
        "(397, 303)",
        "(950, 616)",
        "(345, 951)",
        "(743, 249)",
        "(85, 163)",
        "(786, 847)",
        "(317, 651)",
        "(913, 189)",
        "(620, 552)",
        "(594, 667)",
        "(213, 664)",
        "(136, 847)",
        "(108, 206)",
        "(1, 236)",
        "(576, 288)",
        "(132, 770)",
        "(492, 393)",
        "(292, 732)",
        "(833, 398)",
        "(594, 699)",
        "(250, 843)",
        "(354, 823)",
        "(436, 71)",
        "(60, 472)",
        "(319, 898)",
        "(253, 193)",
        "(490, 52)",
        "(642, 934)",
        "(97, 144)",
        "(910, 902)",
        "(919, 966)",
        "(451, 428)",
        "(349, 490)",
        "(415, 384)",
        "(54, 887)",
        "(901, 112)",
        "(668, 729)",
        "(480, 413)",
        "(4, 650)",
        "(999, 875)",
        "(465, 61)",
        "(527, 628)",
        "(337, 929)",
        "(990, 660)",
        "(978, 90)",
        "(941, 441)"
    ],
    "(850, 727)": [
        "(99, 677)",
        "(321, 388)",
        "(401, 21)",
        "(613, 950)",
        "(786, 847)",
        "(423, 882)",
        "(990, 660)",
        "(721, 243)",
        "(221, 980)",
        "(349, 490)",
        "(932, 692)",
        "(97, 144)",
        "(668, 729)",
        "(4, 650)",
        "(26, 50)",
        "(228, 118)",
        "(757, 998)",
        "(196, 196)",
        "(253, 193)",
        "(910, 902)",
        "(576, 288)",
        "(921, 996)",
        "(28, 969)",
        "(319, 898)",
        "(337, 929)",
        "(833, 398)",
        "(642, 934)",
        "(451, 428)",
        "(209, 56)",
        "(85, 163)",
        "(24, 444)",
        "(490, 52)",
        "(354, 823)",
        "(913, 189)",
        "(527, 628)",
        "(594, 667)",
        "(292, 732)",
        "(136, 847)",
        "(21, 330)",
        "(436, 71)",
        "(132, 770)",
        "(213, 664)",
        "(492, 393)",
        "(950, 616)",
        "(743, 249)",
        "(345, 951)",
        "(787, 898)",
        "(480, 413)",
        "(415, 384)",
        "(978, 90)",
        "(800, 514)",
        "(125, 962)",
        "(1, 236)",
        "(901, 112)",
        "(250, 843)",
        "(620, 552)",
        "(60, 472)",
        "(775, 909)",
        "(387, 5)"
    ],
    "(337, 929)": [
        "(97, 144)",
        "(668, 729)",
        "(743, 249)",
        "(108, 206)",
        "(250, 843)",
        "(910, 902)",
        "(85, 163)",
        "(978, 90)",
        "(978, 617)",
        "(594, 667)",
        "(721, 243)",
        "(24, 444)",
        "(576, 288)",
        "(387, 5)",
        "(213, 664)",
        "(54, 887)",
        "(990, 660)",
        "(1, 236)",
        "(513, 312)",
        "(319, 898)",
        "(136, 847)",
        "(26, 50)",
        "(850, 727)",
        "(273, 945)",
        "(594, 699)",
        "(253, 193)",
        "(321, 388)",
        "(228, 118)",
        "(4, 650)",
        "(786, 847)",
        "(527, 628)",
        "(317, 651)",
        "(125, 962)",
        "(415, 384)",
        "(451, 428)",
        "(999, 875)",
        "(221, 980)",
        "(132, 770)",
        "(787, 898)",
        "(921, 996)",
        "(620, 552)",
        "(187, 833)",
        "(490, 52)",
        "(99, 677)",
        "(19, 31)",
        "(354, 823)",
        "(21, 330)",
        "(345, 951)",
        "(913, 189)",
        "(209, 56)",
        "(613, 950)",
        "(401, 21)",
        "(833, 398)",
        "(902, 137)",
        "(465, 61)",
        "(775, 909)"
    ]
}