{
    "(835, 360)": [
        "(362, 331)",
        "(694, 562)",
        "(883, 371)",
        "(999, 477)",
        "(812, 28)",
        "(647, 136)",
        "(299, 200)",
        "(22, 424)",
        "(204, 574)",
        "(825, 553)",
        "(47, 602)",
        "(448, 685)",
        "(140, 65)",
        "(985, 968)",
        "(759, 837)",
        "(826, 901)",
        "(805, 614)",
        "(583, 495)",
        "(732, 609)",
        "(198, 115)",
        "(977, 267)",
        "(663, 714)",
        "(576, 334)",
        "(177, 197)",
        "(794, 907)",
        "(781, 472)",
        "(633, 493)",
        "(152, 271)",
        "(130, 990)",
        "(632, 331)",
        "(322, 405)",
        "(152, 55)",
        "(402, 609)",
        "(471, 484)"
    ],
    "(471, 484)": [
        "(985, 968)",
        "(438, 920)",
        "(967, 454)",
        "(362, 331)",
        "(862, 772)",
        "(583, 495)",
        "(576, 334)",
        "(694, 562)",
        "(741, 967)",
        "(805, 614)",
        "(883, 371)",
        "(204, 574)",
        "(633, 493)",
        "(57, 822)",
        "(647, 136)",
        "(429, 99)",
        "(177, 197)",
        "(826, 901)",
        "(653, 822)",
        "(22, 424)",
        "(812, 28)",
        "(152, 55)",
        "(805, 69)",
        "(310, 647)",
        "(663, 714)",
        "(130, 990)",
        "(152, 271)",
        "(198, 115)",
        "(781, 472)",
        "(282, 56)",
        "(759, 837)",
        "(632, 331)",
        "(585, 280)",
        "(999, 477)",
        "(794, 907)",
        "(448, 685)",
        "(140, 65)",
        "(707, 150)",
        "(835, 360)"
    ],
    "(826, 901)": [
        "(31, 733)",
        "(633, 493)",
        "(140, 65)",
        "(812, 28)",
        "(362, 331)",
        "(741, 967)",
        "(322, 405)",
        "(152, 55)",
        "(585, 280)",
        "(310, 647)",
        "(707, 150)",
        "(471, 484)",
        "(732, 609)",
        "(177, 197)",
        "(781, 472)",
        "(299, 200)",
        "(22, 424)",
        "(835, 360)",
        "(999, 477)",
        "(102, 845)",
        "(402, 609)",
        "(438, 920)",
        "(653, 822)",
        "(967, 454)",
        "(57, 822)",
        "(152, 271)",
        "(694, 562)",
        "(429, 99)",
        "(647, 136)",
        "(282, 56)",
        "(198, 115)",
        "(583, 495)",
        "(130, 990)",
        "(977, 267)",
        "(805, 614)",
        "(794, 907)",
        "(825, 553)"
    ],
    "(862, 772)": [
        "(204, 574)",
        "(985, 968)",
        "(471, 484)",
        "(429, 99)",
        "(152, 271)",
        "(632, 331)",
        "(999, 477)",
        "(883, 371)",
        "(759, 837)",
        "(825, 553)",
        "(443, 420)",
        "(781, 472)",
        "(299, 200)",
        "(310, 647)",
        "(794, 907)",
        "(633, 493)",
        "(653, 822)",
        "(694, 562)",
        "(152, 55)",
        "(282, 56)",
        "(583, 495)",
        "(57, 822)",
        "(448, 685)",
        "(31, 733)",
        "(47, 602)",
        "(707, 150)",
        "(585, 280)",
        "(130, 990)",
        "(198, 115)",
        "(177, 197)",
        "(102, 845)",
        "(647, 136)",
        "(977, 267)",
        "(805, 69)",
        "(732, 609)",
        "(322, 405)"
    ],
    "(362, 331)": [
        "(152, 271)",
        "(835, 360)",
        "(471, 484)",
        "(633, 493)",
        "(694, 562)",
        "(299, 200)",
        "(794, 907)",
        "(576, 334)",
        "(826, 901)",
        "(130, 990)",
        "(429, 99)",
        "(647, 136)",
        "(825, 553)",
        "(310, 647)",
        "(102, 845)",
        "(967, 454)",
        "(632, 331)",
        "(140, 65)",
        "(759, 837)",
        "(443, 420)",
        "(152, 55)",
        "(741, 967)",
        "(707, 150)",
        "(583, 495)",
        "(322, 405)",
        "(438, 920)",
        "(585, 280)",
        "(402, 609)",
        "(663, 714)",
        "(177, 197)",
        "(22, 424)",
        "(31, 733)",
        "(204, 574)",
        "(282, 56)",
        "(198, 115)",
        "(883, 371)",
        "(47, 602)"
    ],
    "(429, 99)": [
        "(759, 837)",
        "(985, 968)",
        "(22, 424)",
        "(282, 56)",
        "(198, 115)",
        "(633, 493)",
        "(862, 772)",
        "(794, 907)",
        "(781, 472)",
        "(999, 477)",
        "(362, 331)",
        "(47, 602)",
        "(322, 405)",
        "(471, 484)",
        "(977, 267)",
        "(653, 822)",
        "(152, 271)",
        "(967, 454)",
        "(443, 420)",
        "(732, 609)",
        "(204, 574)",
        "(140, 65)",
        "(741, 967)",
        "(825, 553)",
        "(805, 614)",
        "(438, 920)",
        "(585, 280)",
        "(805, 69)",
        "(402, 609)",
        "(826, 901)",
        "(647, 136)",
        "(299, 200)",
        "(583, 495)",
        "(812, 28)",
        "(31, 733)",
        "(177, 197)",
        "(707, 150)",
        "(632, 331)",
        "(102, 845)",
        "(663, 714)"
    ],
    "(999, 477)": [
        "(805, 614)",
        "(835, 360)",
        "(647, 136)",
        "(130, 990)",
        "(177, 197)",
        "(862, 772)",
        "(429, 99)",
        "(805, 69)",
        "(152, 271)",
        "(633, 493)",
        "(140, 65)",
        "(282, 56)",
        "(438, 920)",
        "(977, 267)",
        "(576, 334)",
        "(883, 371)",
        "(585, 280)",
        "(443, 420)",
        "(47, 602)",
        "(694, 562)",
        "(448, 685)",
        "(22, 424)",
        "(583, 495)",
        "(653, 822)",
        "(826, 901)",
        "(299, 200)",
        "(152, 55)",
        "(57, 822)",
        "(102, 845)",
        "(632, 331)",
        "(732, 609)",
        "(31, 733)",
        "(741, 967)",
        "(794, 907)",
        "(402, 609)",
        "(967, 454)",
        "(812, 28)",
        "(471, 484)",
        "(322, 405)",
        "(985, 968)",
        "(204, 574)"
    ],
    "(576, 334)": [
        "(633, 493)",
        "(781, 472)",
        "(812, 28)",
        "(883, 371)",
        "(57, 822)",
        "(471, 484)",
        "(362, 331)",
        "(647, 136)",
        "(805, 69)",
        "(741, 967)",
        "(47, 602)",
        "(999, 477)",
        "(794, 907)",
        "(585, 280)",
        "(438, 920)",
        "(22, 424)",
        "(805, 614)",
        "(694, 562)",
        "(707, 150)",
        "(967, 454)",
        "(583, 495)",
        "(177, 197)",
        "(835, 360)",
        "(402, 609)",
        "(130, 990)",
        "(152, 55)",
        "(299, 200)",
        "(198, 115)",
        "(152, 271)"
    ],
    "(583, 495)": [
        "(585, 280)",
        "(130, 990)",
        "(177, 197)",
        "(663, 714)",
        "(732, 609)",
        "(22, 424)",
        "(471, 484)",
        "(282, 56)",
        "(140, 65)",
        "(805, 614)",
        "(31, 733)",
        "(198, 115)",
        "(741, 967)",
        "(707, 150)",
        "(322, 405)",
        "(647, 136)",
        "(967, 454)",
        "(812, 28)",
        "(653, 822)",
        "(759, 837)",
        "(448, 685)",
        "(362, 331)",
        "(999, 477)",
        "(883, 371)",
        "(102, 845)",
        "(633, 493)",
        "(862, 772)",
        "(835, 360)",
        "(805, 69)",
        "(576, 334)",
        "(694, 562)",
        "(57, 822)",
        "(429, 99)",
        "(826, 901)",
        "(985, 968)",
        "(438, 920)",
        "(204, 574)",
        "(152, 271)",
        "(794, 907)",
        "(781, 472)",
        "(299, 200)"
    ],
    "(633, 493)": [
        "(102, 845)",
        "(362, 331)",
        "(140, 65)",
        "(576, 334)",
        "(429, 99)",
        "(47, 602)",
        "(826, 901)",
        "(57, 822)",
        "(152, 55)",
        "(781, 472)",
        "(732, 609)",
        "(471, 484)",
        "(999, 477)",
        "(282, 56)",
        "(653, 822)",
        "(805, 69)",
        "(22, 424)",
        "(438, 920)",
        "(707, 150)",
        "(152, 271)",
        "(862, 772)",
        "(967, 454)",
        "(805, 614)",
        "(31, 733)",
        "(583, 495)",
        "(130, 990)",
        "(694, 562)",
        "(585, 280)",
        "(812, 28)",
        "(322, 405)",
        "(759, 837)",
        "(663, 714)",
        "(794, 907)",
        "(198, 115)",
        "(647, 136)",
        "(448, 685)",
        "(310, 647)",
        "(299, 200)",
        "(883, 371)",
        "(835, 360)",
        "(985, 968)"
    ],
    "(282, 56)": [
        "(663, 714)",
        "(694, 562)",
        "(429, 99)",
        "(985, 968)",
        "(732, 609)",
        "(794, 907)",
        "(583, 495)",
        "(443, 420)",
        "(152, 271)",
        "(47, 602)",
        "(883, 371)",
        "(781, 472)",
        "(633, 493)",
        "(653, 822)",
        "(999, 477)",
        "(402, 609)",
        "(130, 990)",
        "(812, 28)",
        "(967, 454)",
        "(204, 574)",
        "(22, 424)",
        "(322, 405)",
        "(585, 280)",
        "(647, 136)",
        "(759, 837)",
        "(862, 772)",
        "(632, 331)",
        "(977, 267)",
        "(438, 920)",
        "(741, 967)",
        "(198, 115)",
        "(805, 614)",
        "(471, 484)",
        "(826, 901)",
        "(362, 331)",
        "(152, 55)",
        "(707, 150)",
        "(57, 822)"
    ],
    "(140, 65)": [
        "(805, 69)",
        "(647, 136)",
        "(152, 55)",
        "(633, 493)",
        "(826, 901)",
        "(448, 685)",
        "(583, 495)",
        "(977, 267)",
        "(781, 472)",
        "(663, 714)",
        "(999, 477)",
        "(362, 331)",
        "(883, 371)",
        "(835, 360)",
        "(152, 271)",
        "(812, 28)",
        "(653, 822)",
        "(694, 562)",
        "(57, 822)",
        "(429, 99)",
        "(177, 197)",
        "(310, 647)",
        "(22, 424)",
        "(967, 454)",
        "(299, 200)",
        "(438, 920)",
        "(402, 609)",
        "(794, 907)",
        "(130, 990)",
        "(805, 614)",
        "(759, 837)",
        "(471, 484)",
        "(732, 609)",
        "(443, 420)"
    ],
    "(299, 200)": [
        "(805, 69)",
        "(812, 28)",
        "(22, 424)",
        "(362, 331)",
        "(794, 907)",
        "(985, 968)",
        "(741, 967)",
        "(835, 360)",
        "(152, 271)",
        "(438, 920)",
        "(310, 647)",
        "(647, 136)",
        "(322, 405)",
        "(402, 609)",
        "(632, 331)",
        "(862, 772)",
        "(198, 115)",
        "(130, 990)",
        "(967, 454)",
        "(977, 267)",
        "(102, 845)",
        "(707, 150)",
        "(826, 901)",
        "(694, 562)",
        "(999, 477)",
        "(443, 420)",
        "(883, 371)",
        "(759, 837)",
        "(663, 714)",
        "(57, 822)",
        "(204, 574)",
        "(805, 614)",
        "(140, 65)",
        "(47, 602)",
        "(732, 609)",
        "(429, 99)",
        "(633, 493)",
        "(825, 553)",
        "(576, 334)",
        "(653, 822)",
        "(583, 495)"
    ],
    "(152, 271)": [
        "(362, 331)",
        "(741, 967)",
        "(707, 150)",
        "(443, 420)",
        "(663, 714)",
        "(862, 772)",
        "(282, 56)",
        "(967, 454)",
        "(130, 990)",
        "(299, 200)",
        "(805, 69)",
        "(310, 647)",
        "(152, 55)",
        "(47, 602)",
        "(999, 477)",
        "(781, 472)",
        "(812, 28)",
        "(198, 115)",
        "(140, 65)",
        "(429, 99)",
        "(633, 493)",
        "(825, 553)",
        "(732, 609)",
        "(471, 484)",
        "(57, 822)",
        "(204, 574)",
        "(826, 901)",
        "(759, 837)",
        "(22, 424)",
        "(977, 267)",
        "(322, 405)",
        "(835, 360)",
        "(583, 495)",
        "(805, 614)",
        "(31, 733)",
        "(576, 334)",
        "(985, 968)"
    ],
    "(794, 907)": [
        "(57, 822)",
        "(177, 197)",
        "(759, 837)",
        "(152, 55)",
        "(204, 574)",
        "(632, 331)",
        "(362, 331)",
        "(282, 56)",
        "(299, 200)",
        "(429, 99)",
        "(438, 920)",
        "(647, 136)",
        "(694, 562)",
        "(576, 334)",
        "(448, 685)",
        "(812, 28)",
        "(31, 733)",
        "(862, 772)",
        "(22, 424)",
        "(967, 454)",
        "(707, 150)",
        "(402, 609)",
        "(102, 845)",
        "(653, 822)",
        "(130, 990)",
        "(883, 371)",
        "(999, 477)",
        "(633, 493)",
        "(322, 405)",
        "(805, 614)",
        "(835, 360)",
        "(140, 65)",
        "(471, 484)",
        "(198, 115)",
        "(585, 280)",
        "(826, 901)",
        "(985, 968)",
        "(583, 495)"
    ],
    "(663, 714)": [
        "(282, 56)",
        "(805, 69)",
        "(583, 495)",
        "(57, 822)",
        "(152, 271)",
        "(647, 136)",
        "(204, 574)",
        "(152, 55)",
        "(140, 65)",
        "(707, 150)",
        "(322, 405)",
        "(47, 602)",
        "(967, 454)",
        "(825, 553)",
        "(177, 197)",
        "(977, 267)",
        "(22, 424)",
        "(102, 845)",
        "(471, 484)",
        "(883, 371)",
        "(299, 200)",
        "(781, 472)",
        "(633, 493)",
        "(362, 331)",
        "(653, 822)",
        "(732, 609)",
        "(835, 360)",
        "(694, 562)",
        "(31, 733)",
        "(759, 837)",
        "(310, 647)",
        "(429, 99)"
    ],
    "(647, 136)": [
        "(140, 65)",
        "(967, 454)",
        "(632, 331)",
        "(663, 714)",
        "(741, 967)",
        "(835, 360)",
        "(999, 477)",
        "(130, 990)",
        "(362, 331)",
        "(576, 334)",
        "(299, 200)",
        "(583, 495)",
        "(794, 907)",
        "(471, 484)",
        "(732, 609)",
        "(585, 280)",
        "(177, 197)",
        "(31, 733)",
        "(322, 405)",
        "(102, 845)",
        "(781, 472)",
        "(282, 56)",
        "(812, 28)",
        "(985, 968)",
        "(977, 267)",
        "(204, 574)",
        "(443, 420)",
        "(22, 424)",
        "(805, 69)",
        "(707, 150)",
        "(57, 822)",
        "(826, 901)",
        "(633, 493)",
        "(429, 99)",
        "(883, 371)",
        "(152, 55)",
        "(862, 772)",
        "(402, 609)",
        "(825, 553)",
        "(694, 562)"
    ],
    "(47, 602)": [
        "(585, 280)",
        "(448, 685)",
        "(781, 472)",
        "(741, 967)",
        "(707, 150)",
        "(102, 845)",
        "(57, 822)",
        "(653, 822)",
        "(633, 493)",
        "(310, 647)",
        "(805, 614)",
        "(759, 837)",
        "(282, 56)",
        "(429, 99)",
        "(322, 405)",
        "(152, 271)",
        "(812, 28)",
        "(663, 714)",
        "(22, 424)",
        "(694, 562)",
        "(576, 334)",
        "(835, 360)",
        "(825, 553)",
        "(204, 574)",
        "(999, 477)",
        "(402, 609)",
        "(152, 55)",
        "(198, 115)",
        "(130, 990)",
        "(443, 420)",
        "(31, 733)",
        "(883, 371)",
        "(862, 772)",
        "(299, 200)",
        "(967, 454)",
        "(362, 331)"
    ],
    "(805, 614)": [
        "(883, 371)",
        "(999, 477)",
        "(57, 822)",
        "(471, 484)",
        "(583, 495)",
        "(47, 602)",
        "(31, 733)",
        "(825, 553)",
        "(402, 609)",
        "(22, 424)",
        "(310, 647)",
        "(438, 920)",
        "(732, 609)",
        "(576, 334)",
        "(204, 574)",
        "(633, 493)",
        "(835, 360)",
        "(977, 267)",
        "(429, 99)",
        "(443, 420)",
        "(282, 56)",
        "(707, 150)",
        "(653, 822)",
        "(299, 200)",
        "(781, 472)",
        "(812, 28)",
        "(177, 197)",
        "(759, 837)",
        "(794, 907)",
        "(140, 65)",
        "(826, 901)",
        "(152, 271)",
        "(322, 405)",
        "(198, 115)"
    ],
    "(322, 405)": [
        "(967, 454)",
        "(825, 553)",
        "(204, 574)",
        "(57, 822)",
        "(152, 55)",
        "(130, 990)",
        "(707, 150)",
        "(826, 901)",
        "(805, 69)",
        "(632, 331)",
        "(102, 845)",
        "(653, 822)",
        "(583, 495)",
        "(47, 602)",
        "(663, 714)",
        "(812, 28)",
        "(299, 200)",
        "(198, 115)",
        "(985, 968)",
        "(429, 99)",
        "(31, 733)",
        "(759, 837)",
        "(282, 56)",
        "(647, 136)",
        "(362, 331)",
        "(310, 647)",
        "(741, 967)",
        "(438, 920)",
        "(402, 609)",
        "(732, 609)",
        "(22, 424)",
        "(633, 493)",
        "(585, 280)",
        "(794, 907)",
        "(152, 271)",
        "(883, 371)",
        "(977, 267)",
        "(781, 472)",
        "(999, 477)",
        "(835, 360)",
        "(805, 614)",
        "(862, 772)"
    ],
    "(177, 197)": [
        "(985, 968)",
        "(583, 495)",
        "(794, 907)",
        "(102, 845)",
        "(999, 477)",
        "(310, 647)",
        "(805, 69)",
        "(31, 733)",
        "(741, 967)",
        "(471, 484)",
        "(663, 714)",
        "(647, 136)",
        "(826, 901)",
        "(707, 150)",
        "(732, 609)",
        "(825, 553)",
        "(977, 267)",
        "(759, 837)",
        "(130, 990)",
        "(448, 685)",
        "(140, 65)",
        "(812, 28)",
        "(576, 334)",
        "(967, 454)",
        "(362, 331)",
        "(22, 424)",
        "(835, 360)",
        "(805, 614)",
        "(204, 574)",
        "(694, 562)",
        "(862, 772)",
        "(443, 420)",
        "(438, 920)",
        "(429, 99)"
    ],
    "(825, 553)": [
        "(322, 405)",
        "(130, 990)",
        "(310, 647)",
        "(585, 280)",
        "(438, 920)",
        "(362, 331)",
        "(805, 614)",
        "(862, 772)",
        "(22, 424)",
        "(31, 733)",
        "(835, 360)",
        "(443, 420)",
        "(663, 714)",
        "(47, 602)",
        "(985, 968)",
        "(198, 115)",
        "(152, 271)",
        "(177, 197)",
        "(402, 609)",
        "(152, 55)",
        "(632, 331)",
        "(429, 99)",
        "(883, 371)",
        "(732, 609)",
        "(102, 845)",
        "(694, 562)",
        "(57, 822)",
        "(812, 28)",
        "(741, 967)",
        "(781, 472)",
        "(299, 200)",
        "(826, 901)",
        "(647, 136)",
        "(448, 685)"
    ],
    "(632, 331)": [
        "(647, 136)",
        "(794, 907)",
        "(402, 609)",
        "(862, 772)",
        "(707, 150)",
        "(759, 837)",
        "(322, 405)",
        "(805, 69)",
        "(299, 200)",
        "(362, 331)",
        "(585, 280)",
        "(812, 28)",
        "(781, 472)",
        "(310, 647)",
        "(438, 920)",
        "(204, 574)",
        "(31, 733)",
        "(57, 822)",
        "(130, 990)",
        "(825, 553)",
        "(282, 56)",
        "(999, 477)",
        "(967, 454)",
        "(152, 55)",
        "(985, 968)",
        "(471, 484)",
        "(835, 360)",
        "(443, 420)",
        "(429, 99)",
        "(102, 845)",
        "(741, 967)",
        "(883, 371)"
    ],
    "(967, 454)": [
        "(322, 405)",
        "(471, 484)",
        "(647, 136)",
        "(152, 271)",
        "(152, 55)",
        "(583, 495)",
        "(362, 331)",
        "(985, 968)",
        "(663, 714)",
        "(443, 420)",
        "(299, 200)",
        "(707, 150)",
        "(282, 56)",
        "(198, 115)",
        "(429, 99)",
        "(794, 907)",
        "(102, 845)",
        "(448, 685)",
        "(130, 990)",
        "(633, 493)",
        "(732, 609)",
        "(781, 472)",
        "(204, 574)",
        "(694, 562)",
        "(977, 267)",
        "(759, 837)",
        "(576, 334)",
        "(632, 331)",
        "(826, 901)",
        "(140, 65)",
        "(177, 197)",
        "(653, 822)",
        "(310, 647)",
        "(883, 371)",
        "(805, 69)",
        "(999, 477)",
        "(438, 920)",
        "(47, 602)",
        "(585, 280)",
        "(741, 967)"
    ],
    "(759, 837)": [
        "(429, 99)",
        "(732, 609)",
        "(794, 907)",
        "(694, 562)",
        "(31, 733)",
        "(47, 602)",
        "(862, 772)",
        "(805, 69)",
        "(632, 331)",
        "(130, 990)",
        "(707, 150)",
        "(443, 420)",
        "(583, 495)",
        "(152, 55)",
        "(102, 845)",
        "(362, 331)",
        "(977, 267)",
        "(402, 609)",
        "(585, 280)",
        "(438, 920)",
        "(322, 405)",
        "(448, 685)",
        "(204, 574)",
        "(883, 371)",
        "(985, 968)",
        "(835, 360)",
        "(741, 967)",
        "(282, 56)",
        "(177, 197)",
        "(299, 200)",
        "(967, 454)",
        "(633, 493)",
        "(57, 822)",
        "(152, 271)",
        "(471, 484)",
        "(812, 28)",
        "(781, 472)",
        "(805, 614)",
        "(663, 714)",
        "(140, 65)",
        "(22, 424)"
    ],
    "(130, 990)": [
        "(583, 495)",
        "(812, 28)",
        "(825, 553)",
        "(152, 55)",
        "(198, 115)",
        "(310, 647)",
        "(322, 405)",
        "(999, 477)",
        "(362, 331)",
        "(647, 136)",
        "(152, 271)",
        "(443, 420)",
        "(759, 837)",
        "(653, 822)",
        "(694, 562)",
        "(204, 574)",
        "(299, 200)",
        "(282, 56)",
        "(438, 920)",
        "(985, 968)",
        "(31, 733)",
        "(781, 472)",
        "(967, 454)",
        "(47, 602)",
        "(632, 331)",
        "(177, 197)",
        "(633, 493)",
        "(471, 484)",
        "(794, 907)",
        "(977, 267)",
        "(448, 685)",
        "(805, 69)",
        "(576, 334)",
        "(862, 772)",
        "(732, 609)",
        "(741, 967)",
        "(883, 371)",
        "(140, 65)",
        "(826, 901)",
        "(585, 280)",
        "(835, 360)",
        "(57, 822)"
    ],
    "(694, 562)": [
        "(282, 56)",
        "(759, 837)",
        "(835, 360)",
        "(805, 69)",
        "(362, 331)",
        "(977, 267)",
        "(471, 484)",
        "(152, 55)",
        "(438, 920)",
        "(732, 609)",
        "(443, 420)",
        "(448, 685)",
        "(47, 602)",
        "(130, 990)",
        "(794, 907)",
        "(883, 371)",
        "(999, 477)",
        "(140, 65)",
        "(741, 967)",
        "(402, 609)",
        "(812, 28)",
        "(862, 772)",
        "(299, 200)",
        "(985, 968)",
        "(576, 334)",
        "(633, 493)",
        "(967, 454)",
        "(781, 472)",
        "(198, 115)",
        "(583, 495)",
        "(825, 553)",
        "(310, 647)",
        "(826, 901)",
        "(57, 822)",
        "(663, 714)",
        "(177, 197)",
        "(647, 136)",
        "(22, 424)"
    ],
    "(812, 28)": [
        "(130, 990)",
        "(576, 334)",
        "(299, 200)",
        "(835, 360)",
        "(402, 609)",
        "(826, 901)",
        "(31, 733)",
        "(322, 405)",
        "(47, 602)",
        "(583, 495)",
        "(632, 331)",
        "(57, 822)",
        "(152, 271)",
        "(794, 907)",
        "(985, 968)",
        "(282, 56)",
        "(140, 65)",
        "(471, 484)",
        "(310, 647)",
        "(732, 609)",
        "(694, 562)",
        "(647, 136)",
        "(204, 574)",
        "(633, 493)",
        "(177, 197)",
        "(438, 920)",
        "(825, 553)",
        "(759, 837)",
        "(805, 614)",
        "(999, 477)",
        "(741, 967)",
        "(429, 99)",
        "(22, 424)",
        "(977, 267)",
        "(448, 685)"
    ],
    "(310, 647)": [
        "(825, 553)",
        "(130, 990)",
        "(47, 602)",
        "(177, 197)",
        "(299, 200)",
        "(152, 271)",
        "(198, 115)",
        "(152, 55)",
        "(883, 371)",
        "(362, 331)",
        "(102, 845)",
        "(862, 772)",
        "(826, 901)",
        "(632, 331)",
        "(805, 614)",
        "(653, 822)",
        "(812, 28)",
        "(322, 405)",
        "(471, 484)",
        "(732, 609)",
        "(31, 733)",
        "(402, 609)",
        "(140, 65)",
        "(448, 685)",
        "(967, 454)",
        "(707, 150)",
        "(977, 267)",
        "(694, 562)",
        "(985, 968)",
        "(633, 493)",
        "(805, 69)",
        "(585, 280)",
        "(663, 714)"
    ],
    "(152, 55)": [
        "(140, 65)",
        "(794, 907)",
        "(130, 990)",
        "(438, 920)",
        "(102, 845)",
        "(322, 405)",
        "(663, 714)",
        "(694, 562)",
        "(741, 967)",
        "(633, 493)",
        "(967, 454)",
        "(22, 424)",
        "(152, 271)",
        "(448, 685)",
        "(826, 901)",
        "(707, 150)",
        "(310, 647)",
        "(57, 822)",
        "(759, 837)",
        "(362, 331)",
        "(585, 280)",
        "(204, 574)",
        "(47, 602)",
        "(471, 484)",
        "(862, 772)",
        "(825, 553)",
        "(999, 477)",
        "(632, 331)",
        "(985, 968)",
        "(732, 609)",
        "(31, 733)",
        "(805, 69)",
        "(576, 334)",
        "(282, 56)",
        "(647, 136)",
        "(443, 420)",
        "(835, 360)",
        "(883, 371)",
        "(781, 472)",
        "(402, 609)"
    ],
    "(198, 115)": [
        "(204, 574)",
        "(429, 99)",
        "(130, 990)",
        "(653, 822)",
        "(31, 733)",
        "(583, 495)",
        "(22, 424)",
        "(310, 647)",
        "(322, 405)",
        "(438, 920)",
        "(985, 968)",
        "(299, 200)",
        "(732, 609)",
        "(152, 271)",
        "(825, 553)",
        "(967, 454)",
        "(47, 602)",
        "(883, 371)",
        "(402, 609)",
        "(471, 484)",
        "(694, 562)",
        "(448, 685)",
        "(282, 56)",
        "(835, 360)",
        "(633, 493)",
        "(102, 845)",
        "(862, 772)",
        "(826, 901)",
        "(781, 472)",
        "(794, 907)",
        "(576, 334)",
        "(362, 331)",
        "(977, 267)",
        "(805, 614)",
        "(585, 280)"
    ],
    "(977, 267)": [
        "(22, 424)",
        "(694, 562)",
        "(883, 371)",
        "(653, 822)",
        "(140, 65)",
        "(707, 150)",
        "(985, 968)",
        "(448, 685)",
        "(585, 280)",
        "(999, 477)",
        "(759, 837)",
        "(663, 714)",
        "(429, 99)",
        "(299, 200)",
        "(402, 609)",
        "(177, 197)",
        "(647, 136)",
        "(805, 614)",
        "(282, 56)",
        "(967, 454)",
        "(443, 420)",
        "(741, 967)",
        "(130, 990)",
        "(835, 360)",
        "(310, 647)",
        "(57, 822)",
        "(152, 271)",
        "(732, 609)",
        "(204, 574)",
        "(322, 405)",
        "(102, 845)",
        "(826, 901)",
        "(812, 28)",
        "(862, 772)",
        "(198, 115)"
    ],
    "(741, 967)": [
        "(152, 271)",
        "(47, 602)",
        "(647, 136)",
        "(443, 420)",
        "(471, 484)",
        "(826, 901)",
        "(299, 200)",
        "(152, 55)",
        "(583, 495)",
        "(177, 197)",
        "(781, 472)",
        "(985, 968)",
        "(576, 334)",
        "(22, 424)",
        "(362, 331)",
        "(732, 609)",
        "(883, 371)",
        "(694, 562)",
        "(759, 837)",
        "(322, 405)",
        "(448, 685)",
        "(31, 733)",
        "(402, 609)",
        "(429, 99)",
        "(282, 56)",
        "(977, 267)",
        "(999, 477)",
        "(805, 69)",
        "(825, 553)",
        "(812, 28)",
        "(130, 990)",
        "(707, 150)",
        "(967, 454)",
        "(632, 331)",
        "(57, 822)",
        "(585, 280)"
    ],
    "(585, 280)": [
        "(583, 495)",
        "(47, 602)",
        "(102, 845)",
        "(825, 553)",
        "(653, 822)",
        "(805, 69)",
        "(883, 371)",
        "(826, 901)",
        "(977, 267)",
        "(632, 331)",
        "(999, 477)",
        "(22, 424)",
        "(647, 136)",
        "(759, 837)",
        "(152, 55)",
        "(443, 420)",
        "(576, 334)",
        "(985, 968)",
        "(282, 56)",
        "(781, 472)",
        "(362, 331)",
        "(633, 493)",
        "(402, 609)",
        "(438, 920)",
        "(322, 405)",
        "(429, 99)",
        "(862, 772)",
        "(471, 484)",
        "(310, 647)",
        "(794, 907)",
        "(31, 733)",
        "(130, 990)",
        "(967, 454)",
        "(57, 822)",
        "(741, 967)",
        "(198, 115)"
    ],
    "(443, 420)": [
        "(152, 271)",
        "(805, 69)",
        "(985, 968)",
        "(741, 967)",
        "(282, 56)",
        "(130, 990)",
        "(653, 822)",
        "(694, 562)",
        "(732, 609)",
        "(781, 472)",
        "(862, 772)",
        "(759, 837)",
        "(825, 553)",
        "(362, 331)",
        "(999, 477)",
        "(967, 454)",
        "(585, 280)",
        "(22, 424)",
        "(31, 733)",
        "(429, 99)",
        "(47, 602)",
        "(299, 200)",
        "(57, 822)",
        "(647, 136)",
        "(977, 267)",
        "(707, 150)",
        "(805, 614)",
        "(448, 685)",
        "(177, 197)",
        "(152, 55)",
        "(632, 331)",
        "(140, 65)"
    ],
    "(22, 424)": [
        "(781, 472)",
        "(977, 267)",
        "(429, 99)",
        "(583, 495)",
        "(299, 200)",
        "(835, 360)",
        "(198, 115)",
        "(152, 55)",
        "(825, 553)",
        "(47, 602)",
        "(805, 614)",
        "(633, 493)",
        "(741, 967)",
        "(585, 280)",
        "(471, 484)",
        "(402, 609)",
        "(883, 371)",
        "(282, 56)",
        "(663, 714)",
        "(794, 907)",
        "(448, 685)",
        "(443, 420)",
        "(999, 477)",
        "(826, 901)",
        "(576, 334)",
        "(102, 845)",
        "(57, 822)",
        "(732, 609)",
        "(322, 405)",
        "(647, 136)",
        "(140, 65)",
        "(204, 574)",
        "(805, 69)",
        "(152, 271)",
        "(438, 920)",
        "(362, 331)",
        "(177, 197)",
        "(812, 28)",
        "(694, 562)",
        "(759, 837)"
    ],
    "(985, 968)": [
        "(471, 484)",
        "(177, 197)",
        "(429, 99)",
        "(862, 772)",
        "(282, 56)",
        "(443, 420)",
        "(299, 200)",
        "(402, 609)",
        "(977, 267)",
        "(741, 967)",
        "(322, 405)",
        "(31, 733)",
        "(198, 115)",
        "(967, 454)",
        "(812, 28)",
        "(835, 360)",
        "(825, 553)",
        "(707, 150)",
        "(759, 837)",
        "(585, 280)",
        "(102, 845)",
        "(130, 990)",
        "(694, 562)",
        "(647, 136)",
        "(204, 574)",
        "(152, 55)",
        "(653, 822)",
        "(632, 331)",
        "(310, 647)",
        "(583, 495)",
        "(805, 69)",
        "(999, 477)",
        "(781, 472)",
        "(794, 907)",
        "(633, 493)",
        "(152, 271)",
        "(883, 371)"
    ],
    "(707, 150)": [
        "(152, 271)",
        "(883, 371)",
        "(204, 574)",
        "(438, 920)",
        "(47, 602)",
        "(632, 331)",
        "(322, 405)",
        "(102, 845)",
        "(805, 69)",
        "(31, 733)",
        "(583, 495)",
        "(653, 822)",
        "(977, 267)",
        "(663, 714)",
        "(759, 837)",
        "(152, 55)",
        "(826, 901)",
        "(633, 493)",
        "(967, 454)",
        "(177, 197)",
        "(362, 331)",
        "(985, 968)",
        "(299, 200)",
        "(57, 822)",
        "(794, 907)",
        "(576, 334)",
        "(443, 420)",
        "(310, 647)",
        "(805, 614)",
        "(647, 136)",
        "(862, 772)",
        "(402, 609)",
        "(282, 56)",
        "(429, 99)",
        "(741, 967)",
        "(471, 484)"
    ],
    "(402, 609)": [
        "(632, 331)",
        "(812, 28)",
        "(732, 609)",
        "(985, 968)",
        "(653, 822)",
        "(299, 200)",
        "(57, 822)",
        "(805, 614)",
        "(282, 56)",
        "(22, 424)",
        "(759, 837)",
        "(977, 267)",
        "(781, 472)",
        "(694, 562)",
        "(47, 602)",
        "(825, 553)",
        "(794, 907)",
        "(198, 115)",
        "(322, 405)",
        "(826, 901)",
        "(310, 647)",
        "(585, 280)",
        "(741, 967)",
        "(362, 331)",
        "(438, 920)",
        "(429, 99)",
        "(31, 733)",
        "(999, 477)",
        "(576, 334)",
        "(140, 65)",
        "(707, 150)",
        "(805, 69)",
        "(835, 360)",
        "(647, 136)",
        "(152, 55)"
    ],
    "(805, 69)": [
        "(663, 714)",
        "(299, 200)",
        "(140, 65)",
        "(694, 562)",
        "(443, 420)",
        "(707, 150)",
        "(999, 477)",
        "(177, 197)",
        "(585, 280)",
        "(576, 334)",
        "(759, 837)",
        "(322, 405)",
        "(152, 271)",
        "(632, 331)",
        "(102, 845)",
        "(653, 822)",
        "(633, 493)",
        "(204, 574)",
        "(438, 920)",
        "(448, 685)",
        "(471, 484)",
        "(31, 733)",
        "(647, 136)",
        "(583, 495)",
        "(883, 371)",
        "(22, 424)",
        "(429, 99)",
        "(152, 55)",
        "(130, 990)",
        "(967, 454)",
        "(741, 967)",
        "(310, 647)",
        "(732, 609)",
        "(402, 609)",
        "(57, 822)",
        "(985, 968)",
        "(862, 772)"
    ],
    "(438, 920)": [
        "(471, 484)",
        "(204, 574)",
        "(707, 150)",
        "(152, 55)",
        "(31, 733)",
        "(694, 562)",
        "(825, 553)",
        "(794, 907)",
        "(299, 200)",
        "(198, 115)",
        "(633, 493)",
        "(999, 477)",
        "(805, 614)",
        "(632, 331)",
        "(102, 845)",
        "(759, 837)",
        "(732, 609)",
        "(130, 990)",
        "(805, 69)",
        "(448, 685)",
        "(781, 472)",
        "(576, 334)",
        "(362, 331)",
        "(322, 405)",
        "(826, 901)",
        "(585, 280)",
        "(812, 28)",
        "(282, 56)",
        "(402, 609)",
        "(429, 99)",
        "(22, 424)",
        "(883, 371)",
        "(140, 65)",
        "(583, 495)",
        "(177, 197)",
        "(57, 822)",
        "(967, 454)"
    ],
    "(732, 609)": [
        "(448, 685)",
        "(653, 822)",
        "(583, 495)",
        "(759, 837)",
        "(282, 56)",
        "(694, 562)",
        "(402, 609)",
        "(633, 493)",
        "(443, 420)",
        "(198, 115)",
        "(31, 733)",
        "(647, 136)",
        "(883, 371)",
        "(826, 901)",
        "(438, 920)",
        "(741, 967)",
        "(812, 28)",
        "(177, 197)",
        "(781, 472)",
        "(805, 614)",
        "(429, 99)",
        "(967, 454)",
        "(152, 271)",
        "(310, 647)",
        "(322, 405)",
        "(22, 424)",
        "(835, 360)",
        "(825, 553)",
        "(999, 477)",
        "(152, 55)",
        "(663, 714)",
        "(299, 200)",
        "(977, 267)",
        "(805, 69)",
        "(130, 990)",
        "(204, 574)",
        "(140, 65)",
        "(862, 772)"
    ],
    "(781, 472)": [
        "(22, 424)",
        "(47, 602)",
        "(576, 334)",
        "(653, 822)",
        "(429, 99)",
        "(282, 56)",
        "(140, 65)",
        "(633, 493)",
        "(741, 967)",
        "(443, 420)",
        "(862, 772)",
        "(204, 574)",
        "(632, 331)",
        "(152, 271)",
        "(102, 845)",
        "(57, 822)",
        "(826, 901)",
        "(402, 609)",
        "(732, 609)",
        "(438, 920)",
        "(130, 990)",
        "(647, 136)",
        "(585, 280)",
        "(967, 454)",
        "(31, 733)",
        "(694, 562)",
        "(663, 714)",
        "(471, 484)",
        "(805, 614)",
        "(759, 837)",
        "(825, 553)",
        "(835, 360)",
        "(322, 405)",
        "(198, 115)",
        "(985, 968)",
        "(152, 55)",
        "(583, 495)"
    ],
    "(204, 574)": [
        "(322, 405)",
        "(707, 150)",
        "(198, 115)",
        "(438, 920)",
        "(862, 772)",
        "(794, 907)",
        "(663, 714)",
        "(471, 484)",
        "(835, 360)",
        "(781, 472)",
        "(130, 990)",
        "(57, 822)",
        "(805, 69)",
        "(282, 56)",
        "(632, 331)",
        "(47, 602)",
        "(759, 837)",
        "(152, 55)",
        "(429, 99)",
        "(102, 845)",
        "(805, 614)",
        "(967, 454)",
        "(985, 968)",
        "(647, 136)",
        "(812, 28)",
        "(152, 271)",
        "(22, 424)",
        "(883, 371)",
        "(31, 733)",
        "(299, 200)",
        "(362, 331)",
        "(977, 267)",
        "(177, 197)",
        "(732, 609)",
        "(583, 495)",
        "(653, 822)",
        "(999, 477)"
    ],
    "(57, 822)": [
        "(794, 907)",
        "(322, 405)",
        "(805, 614)",
        "(663, 714)",
        "(47, 602)",
        "(576, 334)",
        "(633, 493)",
        "(448, 685)",
        "(152, 55)",
        "(471, 484)",
        "(402, 609)",
        "(812, 28)",
        "(781, 472)",
        "(204, 574)",
        "(653, 822)",
        "(883, 371)",
        "(707, 150)",
        "(140, 65)",
        "(632, 331)",
        "(22, 424)",
        "(443, 420)",
        "(999, 477)",
        "(152, 271)",
        "(862, 772)",
        "(826, 901)",
        "(759, 837)",
        "(825, 553)",
        "(583, 495)",
        "(977, 267)",
        "(299, 200)",
        "(694, 562)",
        "(647, 136)",
        "(438, 920)",
        "(805, 69)",
        "(130, 990)",
        "(102, 845)",
        "(282, 56)",
        "(585, 280)",
        "(741, 967)"
    ],
    "(653, 822)": [
        "(732, 609)",
        "(448, 685)",
        "(47, 602)",
        "(977, 267)",
        "(198, 115)",
        "(781, 472)",
        "(585, 280)",
        "(883, 371)",
        "(707, 150)",
        "(443, 420)",
        "(322, 405)",
        "(102, 845)",
        "(402, 609)",
        "(130, 990)",
        "(583, 495)",
        "(805, 69)",
        "(633, 493)",
        "(282, 56)",
        "(471, 484)",
        "(429, 99)",
        "(57, 822)",
        "(140, 65)",
        "(310, 647)",
        "(999, 477)",
        "(862, 772)",
        "(794, 907)",
        "(826, 901)",
        "(31, 733)",
        "(967, 454)",
        "(985, 968)",
        "(663, 714)",
        "(805, 614)",
        "(204, 574)",
        "(299, 200)"
    ],
    "(883, 371)": [
        "(805, 614)",
        "(707, 150)",
        "(835, 360)",
        "(977, 267)",
        "(576, 334)",
        "(862, 772)",
        "(653, 822)",
        "(282, 56)",
        "(471, 484)",
        "(448, 685)",
        "(585, 280)",
        "(310, 647)",
        "(102, 845)",
        "(140, 65)",
        "(999, 477)",
        "(732, 609)",
        "(22, 424)",
        "(694, 562)",
        "(759, 837)",
        "(57, 822)",
        "(741, 967)",
        "(583, 495)",
        "(198, 115)",
        "(299, 200)",
        "(663, 714)",
        "(805, 69)",
        "(825, 553)",
        "(204, 574)",
        "(47, 602)",
        "(794, 907)",
        "(967, 454)",
        "(438, 920)",
        "(322, 405)",
        "(633, 493)",
        "(647, 136)",
        "(130, 990)",
        "(152, 55)",
        "(362, 331)",
        "(632, 331)",
        "(985, 968)"
    ],
    "(31, 733)": [
        "(826, 901)",
        "(438, 920)",
        "(759, 837)",
        "(805, 614)",
        "(707, 150)",
        "(583, 495)",
        "(198, 115)",
        "(177, 197)",
        "(812, 28)",
        "(825, 553)",
        "(985, 968)",
        "(322, 405)",
        "(732, 609)",
        "(794, 907)",
        "(647, 136)",
        "(443, 420)",
        "(632, 331)",
        "(130, 990)",
        "(448, 685)",
        "(633, 493)",
        "(310, 647)",
        "(805, 69)",
        "(741, 967)",
        "(781, 472)",
        "(47, 602)",
        "(653, 822)",
        "(999, 477)",
        "(862, 772)",
        "(152, 55)",
        "(204, 574)",
        "(402, 609)",
        "(663, 714)",
        "(362, 331)",
        "(585, 280)",
        "(429, 99)",
        "(152, 271)"
    ],
    "(448, 685)": [
        "(732, 609)",
        "(47, 602)",
        "(653, 822)",
        "(140, 65)",
        "(57, 822)",
        "(883, 371)",
        "(694, 562)",
        "(152, 55)",
        "(977, 267)",
        "(583, 495)",
        "(794, 907)",
        "(835, 360)",
        "(759, 837)",
        "(22, 424)",
        "(438, 920)",
        "(999, 477)",
        "(805, 69)",
        "(967, 454)",
        "(741, 967)",
        "(31, 733)",
        "(177, 197)",
        "(310, 647)",
        "(862, 772)",
        "(198, 115)",
        "(130, 990)",
        "(443, 420)",
        "(633, 493)",
        "(471, 484)",
        "(812, 28)",
        "(825, 553)"
    ],
    "(102, 845)": [
        "(585, 280)",
        "(633, 493)",
        "(47, 602)",
        "(152, 55)",
        "(177, 197)",
        "(707, 150)",
        "(322, 405)",
        "(653, 822)",
        "(805, 69)",
        "(362, 331)",
        "(310, 647)",
        "(759, 837)",
        "(883, 371)",
        "(781, 472)",
        "(438, 920)",
        "(299, 200)",
        "(985, 968)",
        "(647, 136)",
        "(967, 454)",
        "(204, 574)",
        "(22, 424)",
        "(663, 714)",
        "(794, 907)",
        "(826, 901)",
        "(583, 495)",
        "(999, 477)",
        "(825, 553)",
        "(198, 115)",
        "(977, 267)",
        "(862, 772)",
        "(429, 99)",
        "(632, 331)",
        "(57, 822)"
    ]
}