{
    "(262, 799)": [
        "(636, 757)",
        "(731, 857)",
        "(549, 264)",
        "(775, 198)",
        "(338, 105)",
        "(59, 12)",
        "(336, 131)",
        "(942, 679)",
        "(1, 188)",
        "(65, 35)",
        "(37, 302)",
        "(227, 966)",
        "(26, 424)",
        "(809, 234)",
        "(572, 218)",
        "(980, 410)",
        "(128, 624)",
        "(329, 852)",
        "(217, 907)",
        "(982, 465)",
        "(601, 855)",
        "(546, 438)",
        "(623, 954)",
        "(767, 695)",
        "(873, 37)",
        "(386, 240)",
        "(943, 104)",
        "(208, 859)",
        "(759, 106)",
        "(30, 594)",
        "(344, 400)",
        "(526, 678)",
        "(730, 577)"
    ],
    "(26, 424)": [
        "(208, 859)",
        "(30, 594)",
        "(767, 695)",
        "(219, 399)",
        "(59, 12)",
        "(198, 507)",
        "(262, 799)",
        "(934, 161)",
        "(170, 511)",
        "(601, 855)",
        "(835, 131)",
        "(823, 872)",
        "(217, 907)",
        "(549, 264)",
        "(170, 641)",
        "(90, 455)",
        "(999, 698)",
        "(809, 234)",
        "(797, 942)",
        "(329, 852)",
        "(730, 577)",
        "(873, 37)",
        "(128, 624)",
        "(184, 883)",
        "(344, 400)",
        "(982, 465)",
        "(37, 302)",
        "(731, 857)",
        "(386, 240)",
        "(623, 954)"
    ],
    "(555, 542)": [
        "(775, 198)",
        "(30, 594)",
        "(726, 483)",
        "(730, 577)",
        "(344, 400)",
        "(37, 302)",
        "(835, 131)",
        "(809, 234)",
        "(546, 438)",
        "(170, 511)",
        "(484, 854)",
        "(198, 507)",
        "(227, 966)",
        "(526, 678)",
        "(873, 37)",
        "(202, 538)",
        "(623, 954)",
        "(761, 123)",
        "(90, 455)",
        "(184, 883)",
        "(65, 35)",
        "(208, 859)",
        "(545, 632)",
        "(572, 218)",
        "(767, 695)",
        "(731, 857)",
        "(601, 855)",
        "(219, 399)"
    ],
    "(166, 85)": [
        "(526, 678)",
        "(761, 123)",
        "(934, 161)",
        "(386, 240)",
        "(184, 883)",
        "(873, 37)",
        "(30, 594)",
        "(512, 369)",
        "(338, 105)",
        "(217, 907)",
        "(90, 455)",
        "(623, 954)",
        "(632, 106)",
        "(198, 507)",
        "(999, 698)",
        "(572, 218)",
        "(59, 12)",
        "(65, 35)",
        "(759, 106)",
        "(545, 632)",
        "(943, 104)",
        "(227, 966)",
        "(726, 483)",
        "(150, 306)",
        "(546, 438)",
        "(767, 695)",
        "(942, 679)",
        "(601, 855)",
        "(823, 872)",
        "(809, 234)",
        "(484, 854)",
        "(329, 852)"
    ],
    "(601, 855)": [
        "(484, 854)",
        "(59, 12)",
        "(767, 695)",
        "(730, 577)",
        "(999, 698)",
        "(65, 35)",
        "(835, 131)",
        "(344, 400)",
        "(761, 123)",
        "(118, 967)",
        "(526, 678)",
        "(26, 424)",
        "(512, 369)",
        "(797, 942)",
        "(30, 594)",
        "(67, 255)",
        "(942, 679)",
        "(338, 105)",
        "(90, 455)",
        "(549, 264)",
        "(262, 799)",
        "(153, 629)",
        "(775, 198)",
        "(982, 465)",
        "(219, 399)",
        "(809, 234)",
        "(731, 857)",
        "(910, 5)",
        "(546, 438)",
        "(386, 240)",
        "(166, 85)",
        "(555, 542)",
        "(400, 526)",
        "(934, 161)"
    ],
    "(484, 854)": [
        "(400, 526)",
        "(601, 855)",
        "(623, 954)",
        "(980, 410)",
        "(1, 188)",
        "(835, 131)",
        "(227, 966)",
        "(217, 907)",
        "(873, 37)",
        "(329, 852)",
        "(208, 859)",
        "(555, 542)",
        "(219, 399)",
        "(934, 161)",
        "(150, 306)",
        "(632, 106)",
        "(170, 641)",
        "(823, 872)",
        "(37, 302)",
        "(809, 234)",
        "(726, 483)",
        "(344, 400)",
        "(767, 695)",
        "(247, 192)",
        "(30, 594)",
        "(198, 507)",
        "(731, 857)",
        "(166, 85)",
        "(90, 455)",
        "(153, 629)",
        "(572, 218)"
    ],
    "(208, 859)": [
        "(219, 399)",
        "(67, 255)",
        "(512, 369)",
        "(26, 424)",
        "(835, 131)",
        "(150, 306)",
        "(980, 410)",
        "(733, 807)",
        "(90, 455)",
        "(227, 966)",
        "(386, 240)",
        "(767, 695)",
        "(484, 854)",
        "(1000, 859)",
        "(731, 857)",
        "(184, 883)",
        "(632, 106)",
        "(1, 188)",
        "(636, 757)",
        "(202, 538)",
        "(809, 234)",
        "(726, 483)",
        "(170, 511)",
        "(344, 400)",
        "(329, 852)",
        "(338, 105)",
        "(555, 542)",
        "(59, 12)",
        "(730, 577)",
        "(118, 967)",
        "(572, 218)",
        "(248, 721)",
        "(262, 799)",
        "(546, 438)",
        "(217, 907)",
        "(65, 35)",
        "(943, 104)",
        "(198, 507)",
        "(910, 5)",
        "(623, 954)"
    ],
    "(549, 264)": [
        "(338, 105)",
        "(572, 218)",
        "(128, 624)",
        "(809, 234)",
        "(262, 799)",
        "(59, 12)",
        "(545, 632)",
        "(873, 37)",
        "(526, 678)",
        "(170, 511)",
        "(26, 424)",
        "(90, 455)",
        "(386, 240)",
        "(731, 857)",
        "(601, 855)",
        "(1, 188)",
        "(835, 131)",
        "(329, 852)",
        "(118, 967)",
        "(219, 399)",
        "(400, 526)",
        "(67, 255)",
        "(546, 438)",
        "(336, 131)",
        "(636, 757)",
        "(30, 594)",
        "(733, 807)",
        "(726, 483)"
    ],
    "(823, 872)": [
        "(623, 954)",
        "(942, 679)",
        "(217, 907)",
        "(636, 757)",
        "(943, 104)",
        "(247, 192)",
        "(999, 698)",
        "(329, 852)",
        "(572, 218)",
        "(118, 967)",
        "(184, 883)",
        "(202, 538)",
        "(338, 105)",
        "(910, 5)",
        "(26, 424)",
        "(484, 854)",
        "(726, 483)",
        "(545, 632)",
        "(632, 106)",
        "(170, 641)",
        "(248, 721)",
        "(546, 438)",
        "(166, 85)",
        "(761, 123)",
        "(67, 255)",
        "(150, 306)",
        "(400, 526)"
    ],
    "(184, 883)": [
        "(67, 255)",
        "(980, 410)",
        "(219, 399)",
        "(128, 624)",
        "(227, 966)",
        "(166, 85)",
        "(942, 679)",
        "(338, 105)",
        "(65, 35)",
        "(208, 859)",
        "(823, 872)",
        "(150, 306)",
        "(623, 954)",
        "(170, 641)",
        "(809, 234)",
        "(118, 967)",
        "(545, 632)",
        "(555, 542)",
        "(999, 698)",
        "(30, 594)",
        "(329, 852)",
        "(546, 438)",
        "(767, 695)",
        "(636, 757)",
        "(26, 424)",
        "(731, 857)",
        "(59, 12)",
        "(910, 5)",
        "(90, 455)",
        "(730, 577)",
        "(37, 302)",
        "(1000, 859)",
        "(153, 629)",
        "(982, 465)"
    ],
    "(217, 907)": [
        "(775, 198)",
        "(338, 105)",
        "(943, 104)",
        "(823, 872)",
        "(572, 218)",
        "(202, 538)",
        "(153, 629)",
        "(809, 234)",
        "(248, 721)",
        "(484, 854)",
        "(980, 410)",
        "(329, 852)",
        "(118, 967)",
        "(526, 678)",
        "(227, 966)",
        "(632, 106)",
        "(166, 85)",
        "(26, 424)",
        "(982, 465)",
        "(128, 624)",
        "(761, 123)",
        "(512, 369)",
        "(942, 679)",
        "(262, 799)",
        "(1000, 859)",
        "(759, 106)",
        "(247, 192)",
        "(797, 942)",
        "(731, 857)",
        "(170, 641)",
        "(730, 577)",
        "(336, 131)",
        "(90, 455)",
        "(999, 698)",
        "(546, 438)",
        "(208, 859)",
        "(386, 240)",
        "(37, 302)"
    ],
    "(797, 942)": [
        "(809, 234)",
        "(636, 757)",
        "(90, 455)",
        "(219, 399)",
        "(726, 483)",
        "(338, 105)",
        "(227, 966)",
        "(934, 161)",
        "(170, 641)",
        "(767, 695)",
        "(601, 855)",
        "(512, 369)",
        "(572, 218)",
        "(526, 678)",
        "(153, 629)",
        "(26, 424)",
        "(733, 807)",
        "(217, 907)",
        "(248, 721)",
        "(202, 538)",
        "(336, 131)",
        "(118, 967)",
        "(623, 954)",
        "(942, 679)",
        "(198, 507)",
        "(65, 35)",
        "(943, 104)",
        "(632, 106)",
        "(67, 255)"
    ],
    "(30, 594)": [
        "(555, 542)",
        "(26, 424)",
        "(636, 757)",
        "(999, 698)",
        "(219, 399)",
        "(1, 188)",
        "(166, 85)",
        "(90, 455)",
        "(632, 106)",
        "(942, 679)",
        "(601, 855)",
        "(336, 131)",
        "(980, 410)",
        "(809, 234)",
        "(731, 857)",
        "(943, 104)",
        "(184, 883)",
        "(730, 577)",
        "(170, 641)",
        "(248, 721)",
        "(59, 12)",
        "(386, 240)",
        "(910, 5)",
        "(775, 198)",
        "(227, 966)",
        "(484, 854)",
        "(128, 624)",
        "(549, 264)",
        "(262, 799)",
        "(150, 306)",
        "(338, 105)",
        "(400, 526)"
    ],
    "(761, 123)": [
        "(166, 85)",
        "(153, 629)",
        "(980, 410)",
        "(202, 538)",
        "(809, 234)",
        "(170, 641)",
        "(1, 188)",
        "(873, 37)",
        "(601, 855)",
        "(219, 399)",
        "(526, 678)",
        "(329, 852)",
        "(1000, 859)",
        "(555, 542)",
        "(217, 907)",
        "(910, 5)",
        "(733, 807)",
        "(759, 106)",
        "(943, 104)",
        "(726, 483)",
        "(512, 369)",
        "(67, 255)",
        "(248, 721)",
        "(546, 438)",
        "(150, 306)",
        "(636, 757)",
        "(344, 400)",
        "(730, 577)",
        "(775, 198)",
        "(823, 872)",
        "(934, 161)",
        "(338, 105)",
        "(198, 507)",
        "(90, 455)"
    ],
    "(733, 807)": [
        "(170, 641)",
        "(208, 859)",
        "(730, 577)",
        "(400, 526)",
        "(982, 465)",
        "(545, 632)",
        "(759, 106)",
        "(153, 629)",
        "(526, 678)",
        "(338, 105)",
        "(219, 399)",
        "(943, 104)",
        "(761, 123)",
        "(873, 37)",
        "(128, 624)",
        "(797, 942)",
        "(767, 695)",
        "(512, 369)",
        "(636, 757)",
        "(150, 306)",
        "(90, 455)",
        "(344, 400)",
        "(835, 131)",
        "(632, 106)",
        "(118, 967)",
        "(549, 264)",
        "(1, 188)",
        "(336, 131)",
        "(198, 507)"
    ],
    "(545, 632)": [
        "(1000, 859)",
        "(835, 131)",
        "(730, 577)",
        "(248, 721)",
        "(546, 438)",
        "(759, 106)",
        "(59, 12)",
        "(65, 35)",
        "(733, 807)",
        "(344, 400)",
        "(636, 757)",
        "(512, 369)",
        "(809, 234)",
        "(549, 264)",
        "(572, 218)",
        "(400, 526)",
        "(823, 872)",
        "(775, 198)",
        "(184, 883)",
        "(118, 967)",
        "(166, 85)",
        "(767, 695)",
        "(934, 161)",
        "(555, 542)",
        "(386, 240)",
        "(153, 629)",
        "(329, 852)",
        "(90, 455)",
        "(726, 483)",
        "(943, 104)"
    ],
    "(338, 105)": [
        "(344, 400)",
        "(549, 264)",
        "(775, 198)",
        "(217, 907)",
        "(572, 218)",
        "(262, 799)",
        "(797, 942)",
        "(980, 410)",
        "(632, 106)",
        "(809, 234)",
        "(37, 302)",
        "(184, 883)",
        "(823, 872)",
        "(386, 240)",
        "(166, 85)",
        "(202, 538)",
        "(601, 855)",
        "(733, 807)",
        "(329, 852)",
        "(623, 954)",
        "(726, 483)",
        "(208, 859)",
        "(336, 131)",
        "(731, 857)",
        "(759, 106)",
        "(1000, 859)",
        "(219, 399)",
        "(546, 438)",
        "(512, 369)",
        "(1, 188)",
        "(761, 123)",
        "(30, 594)",
        "(170, 511)"
    ],
    "(65, 35)": [
        "(118, 967)",
        "(623, 954)",
        "(942, 679)",
        "(1, 188)",
        "(601, 855)",
        "(170, 511)",
        "(545, 632)",
        "(37, 302)",
        "(262, 799)",
        "(731, 857)",
        "(934, 161)",
        "(636, 757)",
        "(184, 883)",
        "(90, 455)",
        "(512, 369)",
        "(336, 131)",
        "(150, 306)",
        "(999, 698)",
        "(873, 37)",
        "(170, 641)",
        "(910, 5)",
        "(1000, 859)",
        "(166, 85)",
        "(555, 542)",
        "(809, 234)",
        "(67, 255)",
        "(128, 624)",
        "(797, 942)",
        "(208, 859)",
        "(248, 721)",
        "(943, 104)",
        "(219, 399)",
        "(344, 400)",
        "(980, 410)"
    ],
    "(982, 465)": [
        "(730, 577)",
        "(227, 966)",
        "(623, 954)",
        "(632, 106)",
        "(1000, 859)",
        "(1, 188)",
        "(198, 507)",
        "(153, 629)",
        "(733, 807)",
        "(219, 399)",
        "(767, 695)",
        "(835, 131)",
        "(217, 907)",
        "(731, 857)",
        "(262, 799)",
        "(980, 410)",
        "(572, 218)",
        "(128, 624)",
        "(934, 161)",
        "(601, 855)",
        "(400, 526)",
        "(26, 424)",
        "(759, 106)",
        "(526, 678)",
        "(184, 883)"
    ],
    "(572, 218)": [
        "(835, 131)",
        "(549, 264)",
        "(217, 907)",
        "(344, 400)",
        "(338, 105)",
        "(999, 698)",
        "(823, 872)",
        "(632, 106)",
        "(227, 966)",
        "(262, 799)",
        "(329, 852)",
        "(726, 483)",
        "(797, 942)",
        "(545, 632)",
        "(59, 12)",
        "(150, 306)",
        "(198, 507)",
        "(170, 511)",
        "(166, 85)",
        "(546, 438)",
        "(982, 465)",
        "(208, 859)",
        "(386, 240)",
        "(555, 542)",
        "(980, 410)",
        "(512, 369)",
        "(767, 695)",
        "(623, 954)",
        "(943, 104)",
        "(934, 161)",
        "(170, 641)",
        "(730, 577)",
        "(484, 854)",
        "(202, 538)"
    ],
    "(227, 966)": [
        "(767, 695)",
        "(982, 465)",
        "(198, 507)",
        "(247, 192)",
        "(219, 399)",
        "(208, 859)",
        "(484, 854)",
        "(797, 942)",
        "(202, 538)",
        "(184, 883)",
        "(262, 799)",
        "(118, 967)",
        "(572, 218)",
        "(329, 852)",
        "(555, 542)",
        "(217, 907)",
        "(386, 240)",
        "(731, 857)",
        "(999, 698)",
        "(546, 438)",
        "(166, 85)",
        "(759, 106)",
        "(37, 302)",
        "(726, 483)",
        "(809, 234)",
        "(30, 594)",
        "(1, 188)",
        "(512, 369)",
        "(623, 954)"
    ],
    "(632, 106)": [
        "(980, 410)",
        "(982, 465)",
        "(730, 577)",
        "(400, 526)",
        "(338, 105)",
        "(942, 679)",
        "(572, 218)",
        "(248, 721)",
        "(217, 907)",
        "(835, 131)",
        "(30, 594)",
        "(484, 854)",
        "(1000, 859)",
        "(1, 188)",
        "(208, 859)",
        "(943, 104)",
        "(623, 954)",
        "(166, 85)",
        "(823, 872)",
        "(731, 857)",
        "(247, 192)",
        "(198, 507)",
        "(546, 438)",
        "(336, 131)",
        "(767, 695)",
        "(219, 399)",
        "(733, 807)",
        "(797, 942)",
        "(118, 967)",
        "(386, 240)"
    ],
    "(934, 161)": [
        "(512, 369)",
        "(166, 85)",
        "(526, 678)",
        "(942, 679)",
        "(386, 240)",
        "(67, 255)",
        "(546, 438)",
        "(636, 757)",
        "(59, 12)",
        "(65, 35)",
        "(26, 424)",
        "(797, 942)",
        "(344, 400)",
        "(484, 854)",
        "(731, 857)",
        "(170, 511)",
        "(873, 37)",
        "(219, 399)",
        "(767, 695)",
        "(759, 106)",
        "(982, 465)",
        "(545, 632)",
        "(400, 526)",
        "(37, 302)",
        "(775, 198)",
        "(943, 104)",
        "(809, 234)",
        "(572, 218)",
        "(761, 123)",
        "(329, 852)",
        "(601, 855)"
    ],
    "(731, 857)": [
        "(170, 511)",
        "(636, 757)",
        "(726, 483)",
        "(262, 799)",
        "(942, 679)",
        "(170, 641)",
        "(386, 240)",
        "(1000, 859)",
        "(65, 35)",
        "(208, 859)",
        "(934, 161)",
        "(759, 106)",
        "(329, 852)",
        "(623, 954)",
        "(982, 465)",
        "(549, 264)",
        "(67, 255)",
        "(153, 629)",
        "(512, 369)",
        "(227, 966)",
        "(37, 302)",
        "(632, 106)",
        "(30, 594)",
        "(217, 907)",
        "(198, 507)",
        "(338, 105)",
        "(601, 855)",
        "(184, 883)",
        "(555, 542)",
        "(910, 5)",
        "(730, 577)",
        "(484, 854)",
        "(26, 424)",
        "(1, 188)",
        "(999, 698)",
        "(247, 192)"
    ],
    "(809, 234)": [
        "(797, 942)",
        "(549, 264)",
        "(344, 400)",
        "(1, 188)",
        "(217, 907)",
        "(761, 123)",
        "(555, 542)",
        "(118, 967)",
        "(338, 105)",
        "(262, 799)",
        "(636, 757)",
        "(545, 632)",
        "(198, 507)",
        "(386, 240)",
        "(730, 577)",
        "(30, 594)",
        "(208, 859)",
        "(184, 883)",
        "(170, 641)",
        "(623, 954)",
        "(26, 424)",
        "(999, 698)",
        "(170, 511)",
        "(65, 35)",
        "(835, 131)",
        "(873, 37)",
        "(150, 306)",
        "(601, 855)",
        "(90, 455)",
        "(484, 854)",
        "(227, 966)",
        "(1000, 859)",
        "(526, 678)",
        "(934, 161)",
        "(166, 85)",
        "(726, 483)",
        "(767, 695)"
    ],
    "(1, 188)": [
        "(170, 511)",
        "(484, 854)",
        "(65, 35)",
        "(982, 465)",
        "(809, 234)",
        "(262, 799)",
        "(873, 37)",
        "(761, 123)",
        "(30, 594)",
        "(37, 302)",
        "(512, 369)",
        "(775, 198)",
        "(632, 106)",
        "(208, 859)",
        "(329, 852)",
        "(623, 954)",
        "(219, 399)",
        "(943, 104)",
        "(549, 264)",
        "(759, 106)",
        "(118, 967)",
        "(248, 721)",
        "(1000, 859)",
        "(128, 624)",
        "(153, 629)",
        "(338, 105)",
        "(227, 966)",
        "(733, 807)",
        "(731, 857)",
        "(386, 240)",
        "(247, 192)",
        "(170, 641)"
    ],
    "(128, 624)": [
        "(512, 369)",
        "(549, 264)",
        "(184, 883)",
        "(835, 131)",
        "(170, 511)",
        "(118, 967)",
        "(526, 678)",
        "(980, 410)",
        "(217, 907)",
        "(775, 198)",
        "(262, 799)",
        "(873, 37)",
        "(400, 526)",
        "(733, 807)",
        "(37, 302)",
        "(982, 465)",
        "(153, 629)",
        "(546, 438)",
        "(65, 35)",
        "(26, 424)",
        "(336, 131)",
        "(386, 240)",
        "(202, 538)",
        "(1, 188)",
        "(30, 594)",
        "(198, 507)",
        "(90, 455)"
    ],
    "(636, 757)": [
        "(797, 942)",
        "(731, 857)",
        "(59, 12)",
        "(262, 799)",
        "(823, 872)",
        "(30, 594)",
        "(934, 161)",
        "(65, 35)",
        "(1000, 859)",
        "(545, 632)",
        "(873, 37)",
        "(809, 234)",
        "(247, 192)",
        "(90, 455)",
        "(248, 721)",
        "(208, 859)",
        "(170, 641)",
        "(546, 438)",
        "(336, 131)",
        "(153, 629)",
        "(67, 255)",
        "(386, 240)",
        "(733, 807)",
        "(184, 883)",
        "(170, 511)",
        "(761, 123)",
        "(910, 5)",
        "(999, 698)",
        "(730, 577)",
        "(549, 264)",
        "(942, 679)",
        "(623, 954)",
        "(759, 106)",
        "(37, 302)"
    ],
    "(999, 698)": [
        "(247, 192)",
        "(170, 641)",
        "(601, 855)",
        "(572, 218)",
        "(823, 872)",
        "(30, 594)",
        "(118, 967)",
        "(65, 35)",
        "(546, 438)",
        "(336, 131)",
        "(943, 104)",
        "(26, 424)",
        "(166, 85)",
        "(809, 234)",
        "(227, 966)",
        "(184, 883)",
        "(980, 410)",
        "(344, 400)",
        "(90, 455)",
        "(67, 255)",
        "(526, 678)",
        "(217, 907)",
        "(636, 757)",
        "(37, 302)",
        "(910, 5)",
        "(731, 857)",
        "(873, 37)"
    ],
    "(150, 306)": [
        "(512, 369)",
        "(208, 859)",
        "(759, 106)",
        "(835, 131)",
        "(153, 629)",
        "(219, 399)",
        "(248, 721)",
        "(980, 410)",
        "(184, 883)",
        "(484, 854)",
        "(65, 35)",
        "(336, 131)",
        "(118, 967)",
        "(572, 218)",
        "(809, 234)",
        "(733, 807)",
        "(761, 123)",
        "(90, 455)",
        "(386, 240)",
        "(1000, 859)",
        "(166, 85)",
        "(873, 37)",
        "(198, 507)",
        "(30, 594)",
        "(823, 872)",
        "(767, 695)"
    ],
    "(775, 198)": [
        "(217, 907)",
        "(555, 542)",
        "(338, 105)",
        "(262, 799)",
        "(942, 679)",
        "(835, 131)",
        "(37, 302)",
        "(247, 192)",
        "(219, 399)",
        "(170, 511)",
        "(1, 188)",
        "(128, 624)",
        "(759, 106)",
        "(336, 131)",
        "(545, 632)",
        "(910, 5)",
        "(601, 855)",
        "(730, 577)",
        "(934, 161)",
        "(329, 852)",
        "(153, 629)",
        "(30, 594)",
        "(198, 507)",
        "(761, 123)",
        "(170, 641)"
    ],
    "(198, 507)": [
        "(386, 240)",
        "(227, 966)",
        "(835, 131)",
        "(170, 511)",
        "(982, 465)",
        "(26, 424)",
        "(873, 37)",
        "(555, 542)",
        "(809, 234)",
        "(336, 131)",
        "(118, 967)",
        "(572, 218)",
        "(166, 85)",
        "(90, 455)",
        "(67, 255)",
        "(170, 641)",
        "(731, 857)",
        "(512, 369)",
        "(632, 106)",
        "(730, 577)",
        "(943, 104)",
        "(329, 852)",
        "(797, 942)",
        "(775, 198)",
        "(484, 854)",
        "(128, 624)",
        "(208, 859)",
        "(150, 306)",
        "(153, 629)",
        "(761, 123)",
        "(733, 807)"
    ],
    "(118, 967)": [
        "(59, 12)",
        "(65, 35)",
        "(170, 511)",
        "(942, 679)",
        "(730, 577)",
        "(329, 852)",
        "(809, 234)",
        "(170, 641)",
        "(128, 624)",
        "(601, 855)",
        "(227, 966)",
        "(823, 872)",
        "(217, 907)",
        "(726, 483)",
        "(248, 721)",
        "(999, 698)",
        "(37, 302)",
        "(198, 507)",
        "(150, 306)",
        "(247, 192)",
        "(184, 883)",
        "(526, 678)",
        "(545, 632)",
        "(208, 859)",
        "(153, 629)",
        "(1, 188)",
        "(549, 264)",
        "(623, 954)",
        "(797, 942)",
        "(873, 37)",
        "(733, 807)",
        "(90, 455)",
        "(546, 438)",
        "(632, 106)",
        "(835, 131)"
    ],
    "(526, 678)": [
        "(166, 85)",
        "(248, 721)",
        "(934, 161)",
        "(90, 455)",
        "(329, 852)",
        "(601, 855)",
        "(217, 907)",
        "(733, 807)",
        "(128, 624)",
        "(555, 542)",
        "(761, 123)",
        "(549, 264)",
        "(942, 679)",
        "(247, 192)",
        "(219, 399)",
        "(400, 526)",
        "(797, 942)",
        "(546, 438)",
        "(386, 240)",
        "(118, 967)",
        "(153, 629)",
        "(943, 104)",
        "(873, 37)",
        "(202, 538)",
        "(726, 483)",
        "(999, 698)",
        "(1000, 859)",
        "(809, 234)",
        "(512, 369)",
        "(262, 799)",
        "(730, 577)",
        "(982, 465)"
    ],
    "(248, 721)": [
        "(526, 678)",
        "(386, 240)",
        "(545, 632)",
        "(512, 369)",
        "(217, 907)",
        "(910, 5)",
        "(90, 455)",
        "(150, 306)",
        "(632, 106)",
        "(118, 967)",
        "(636, 757)",
        "(835, 131)",
        "(759, 106)",
        "(336, 131)",
        "(37, 302)",
        "(797, 942)",
        "(767, 695)",
        "(247, 192)",
        "(761, 123)",
        "(30, 594)",
        "(726, 483)",
        "(153, 629)",
        "(1, 188)",
        "(823, 872)",
        "(208, 859)",
        "(65, 35)",
        "(942, 679)",
        "(329, 852)"
    ],
    "(336, 131)": [
        "(767, 695)",
        "(759, 106)",
        "(262, 799)",
        "(386, 240)",
        "(153, 629)",
        "(835, 131)",
        "(726, 483)",
        "(65, 35)",
        "(943, 104)",
        "(150, 306)",
        "(198, 507)",
        "(400, 526)",
        "(1000, 859)",
        "(30, 594)",
        "(999, 698)",
        "(910, 5)",
        "(546, 438)",
        "(775, 198)",
        "(248, 721)",
        "(636, 757)",
        "(329, 852)",
        "(730, 577)",
        "(797, 942)",
        "(338, 105)",
        "(632, 106)",
        "(128, 624)",
        "(217, 907)",
        "(67, 255)",
        "(549, 264)",
        "(247, 192)",
        "(202, 538)",
        "(733, 807)",
        "(37, 302)"
    ],
    "(67, 255)": [
        "(208, 859)",
        "(184, 883)",
        "(767, 695)",
        "(726, 483)",
        "(512, 369)",
        "(934, 161)",
        "(942, 679)",
        "(601, 855)",
        "(731, 857)",
        "(198, 507)",
        "(636, 757)",
        "(65, 35)",
        "(400, 526)",
        "(835, 131)",
        "(761, 123)",
        "(910, 5)",
        "(170, 511)",
        "(999, 698)",
        "(549, 264)",
        "(336, 131)",
        "(386, 240)",
        "(823, 872)",
        "(873, 37)",
        "(797, 942)",
        "(623, 954)"
    ],
    "(329, 852)": [
        "(910, 5)",
        "(943, 104)",
        "(118, 967)",
        "(386, 240)",
        "(835, 131)",
        "(767, 695)",
        "(730, 577)",
        "(759, 106)",
        "(526, 678)",
        "(484, 854)",
        "(823, 872)",
        "(37, 302)",
        "(217, 907)",
        "(227, 966)",
        "(623, 954)",
        "(202, 538)",
        "(942, 679)",
        "(572, 218)",
        "(761, 123)",
        "(400, 526)",
        "(1, 188)",
        "(726, 483)",
        "(731, 857)",
        "(338, 105)",
        "(262, 799)",
        "(1000, 859)",
        "(208, 859)",
        "(153, 629)",
        "(336, 131)",
        "(26, 424)",
        "(184, 883)",
        "(549, 264)",
        "(546, 438)",
        "(775, 198)",
        "(198, 507)",
        "(980, 410)",
        "(344, 400)",
        "(545, 632)",
        "(512, 369)",
        "(248, 721)",
        "(873, 37)",
        "(219, 399)",
        "(59, 12)",
        "(934, 161)",
        "(166, 85)"
    ],
    "(153, 629)": [
        "(170, 511)",
        "(942, 679)",
        "(761, 123)",
        "(217, 907)",
        "(150, 306)",
        "(247, 192)",
        "(336, 131)",
        "(982, 465)",
        "(733, 807)",
        "(623, 954)",
        "(219, 399)",
        "(90, 455)",
        "(797, 942)",
        "(344, 400)",
        "(546, 438)",
        "(731, 857)",
        "(636, 757)",
        "(526, 678)",
        "(835, 131)",
        "(329, 852)",
        "(601, 855)",
        "(128, 624)",
        "(118, 967)",
        "(730, 577)",
        "(248, 721)",
        "(400, 526)",
        "(775, 198)",
        "(545, 632)",
        "(512, 369)",
        "(910, 5)",
        "(1, 188)",
        "(59, 12)",
        "(198, 507)",
        "(484, 854)",
        "(386, 240)",
        "(184, 883)",
        "(170, 641)"
    ],
    "(59, 12)": [
        "(118, 967)",
        "(910, 5)",
        "(636, 757)",
        "(601, 855)",
        "(549, 264)",
        "(262, 799)",
        "(545, 632)",
        "(26, 424)",
        "(934, 161)",
        "(767, 695)",
        "(726, 483)",
        "(170, 511)",
        "(202, 538)",
        "(873, 37)",
        "(980, 410)",
        "(572, 218)",
        "(943, 104)",
        "(247, 192)",
        "(166, 85)",
        "(208, 859)",
        "(90, 455)",
        "(30, 594)",
        "(184, 883)",
        "(344, 400)",
        "(153, 629)",
        "(400, 526)",
        "(329, 852)",
        "(835, 131)"
    ],
    "(202, 538)": [
        "(386, 240)",
        "(217, 907)",
        "(761, 123)",
        "(400, 526)",
        "(227, 966)",
        "(767, 695)",
        "(59, 12)",
        "(555, 542)",
        "(823, 872)",
        "(329, 852)",
        "(338, 105)",
        "(208, 859)",
        "(730, 577)",
        "(170, 641)",
        "(623, 954)",
        "(797, 942)",
        "(526, 678)",
        "(980, 410)",
        "(128, 624)",
        "(37, 302)",
        "(336, 131)",
        "(546, 438)",
        "(572, 218)",
        "(219, 399)"
    ],
    "(980, 410)": [
        "(632, 106)",
        "(184, 883)",
        "(761, 123)",
        "(208, 859)",
        "(484, 854)",
        "(546, 438)",
        "(338, 105)",
        "(90, 455)",
        "(767, 695)",
        "(943, 104)",
        "(217, 907)",
        "(150, 306)",
        "(262, 799)",
        "(170, 641)",
        "(726, 483)",
        "(400, 526)",
        "(623, 954)",
        "(128, 624)",
        "(30, 594)",
        "(59, 12)",
        "(982, 465)",
        "(999, 698)",
        "(835, 131)",
        "(202, 538)",
        "(386, 240)",
        "(572, 218)",
        "(247, 192)",
        "(329, 852)",
        "(65, 35)"
    ],
    "(344, 400)": [
        "(338, 105)",
        "(759, 106)",
        "(555, 542)",
        "(572, 218)",
        "(809, 234)",
        "(601, 855)",
        "(545, 632)",
        "(942, 679)",
        "(400, 526)",
        "(934, 161)",
        "(873, 37)",
        "(546, 438)",
        "(943, 104)",
        "(219, 399)",
        "(512, 369)",
        "(153, 629)",
        "(835, 131)",
        "(208, 859)",
        "(726, 483)",
        "(999, 698)",
        "(484, 854)",
        "(26, 424)",
        "(761, 123)",
        "(733, 807)",
        "(59, 12)",
        "(329, 852)",
        "(1000, 859)",
        "(623, 954)",
        "(65, 35)",
        "(262, 799)"
    ],
    "(623, 954)": [
        "(1000, 859)",
        "(823, 872)",
        "(65, 35)",
        "(982, 465)",
        "(484, 854)",
        "(767, 695)",
        "(153, 629)",
        "(329, 852)",
        "(980, 410)",
        "(184, 883)",
        "(555, 542)",
        "(632, 106)",
        "(338, 105)",
        "(166, 85)",
        "(809, 234)",
        "(731, 857)",
        "(1, 188)",
        "(386, 240)",
        "(202, 538)",
        "(943, 104)",
        "(262, 799)",
        "(942, 679)",
        "(118, 967)",
        "(835, 131)",
        "(797, 942)",
        "(572, 218)",
        "(37, 302)",
        "(636, 757)",
        "(344, 400)",
        "(208, 859)",
        "(227, 966)",
        "(26, 424)",
        "(67, 255)"
    ],
    "(170, 641)": [
        "(730, 577)",
        "(733, 807)",
        "(943, 104)",
        "(999, 698)",
        "(767, 695)",
        "(942, 679)",
        "(731, 857)",
        "(761, 123)",
        "(118, 967)",
        "(835, 131)",
        "(797, 942)",
        "(980, 410)",
        "(65, 35)",
        "(636, 757)",
        "(184, 883)",
        "(484, 854)",
        "(26, 424)",
        "(809, 234)",
        "(202, 538)",
        "(512, 369)",
        "(198, 507)",
        "(217, 907)",
        "(30, 594)",
        "(823, 872)",
        "(775, 198)",
        "(572, 218)",
        "(726, 483)",
        "(1, 188)",
        "(153, 629)"
    ],
    "(1000, 859)": [
        "(623, 954)",
        "(545, 632)",
        "(730, 577)",
        "(512, 369)",
        "(982, 465)",
        "(731, 857)",
        "(208, 859)",
        "(910, 5)",
        "(636, 757)",
        "(632, 106)",
        "(336, 131)",
        "(767, 695)",
        "(761, 123)",
        "(329, 852)",
        "(65, 35)",
        "(217, 907)",
        "(943, 104)",
        "(170, 511)",
        "(338, 105)",
        "(150, 306)",
        "(1, 188)",
        "(526, 678)",
        "(809, 234)",
        "(344, 400)",
        "(184, 883)"
    ],
    "(943, 104)": [
        "(873, 37)",
        "(170, 641)",
        "(217, 907)",
        "(329, 852)",
        "(823, 872)",
        "(980, 410)",
        "(90, 455)",
        "(910, 5)",
        "(247, 192)",
        "(336, 131)",
        "(632, 106)",
        "(344, 400)",
        "(999, 698)",
        "(59, 12)",
        "(733, 807)",
        "(761, 123)",
        "(1, 188)",
        "(526, 678)",
        "(1000, 859)",
        "(730, 577)",
        "(30, 594)",
        "(623, 954)",
        "(166, 85)",
        "(198, 507)",
        "(262, 799)",
        "(934, 161)",
        "(512, 369)",
        "(797, 942)",
        "(835, 131)",
        "(65, 35)",
        "(208, 859)",
        "(400, 526)",
        "(572, 218)",
        "(545, 632)",
        "(219, 399)"
    ],
    "(910, 5)": [
        "(329, 852)",
        "(59, 12)",
        "(386, 240)",
        "(248, 721)",
        "(512, 369)",
        "(1000, 859)",
        "(943, 104)",
        "(823, 872)",
        "(336, 131)",
        "(730, 577)",
        "(761, 123)",
        "(170, 511)",
        "(65, 35)",
        "(873, 37)",
        "(775, 198)",
        "(67, 255)",
        "(37, 302)",
        "(726, 483)",
        "(219, 399)",
        "(636, 757)",
        "(30, 594)",
        "(153, 629)",
        "(601, 855)",
        "(835, 131)",
        "(184, 883)",
        "(942, 679)",
        "(999, 698)",
        "(731, 857)",
        "(208, 859)"
    ],
    "(170, 511)": [
        "(153, 629)",
        "(731, 857)",
        "(759, 106)",
        "(118, 967)",
        "(1, 188)",
        "(400, 526)",
        "(65, 35)",
        "(198, 507)",
        "(730, 577)",
        "(128, 624)",
        "(555, 542)",
        "(512, 369)",
        "(26, 424)",
        "(775, 198)",
        "(59, 12)",
        "(934, 161)",
        "(549, 264)",
        "(910, 5)",
        "(208, 859)",
        "(572, 218)",
        "(247, 192)",
        "(809, 234)",
        "(1000, 859)",
        "(67, 255)",
        "(636, 757)",
        "(546, 438)",
        "(219, 399)",
        "(338, 105)"
    ],
    "(90, 455)": [
        "(759, 106)",
        "(797, 942)",
        "(208, 859)",
        "(526, 678)",
        "(980, 410)",
        "(943, 104)",
        "(248, 721)",
        "(65, 35)",
        "(30, 594)",
        "(636, 757)",
        "(153, 629)",
        "(835, 131)",
        "(549, 264)",
        "(166, 85)",
        "(26, 424)",
        "(555, 542)",
        "(601, 855)",
        "(198, 507)",
        "(512, 369)",
        "(999, 698)",
        "(546, 438)",
        "(150, 306)",
        "(809, 234)",
        "(59, 12)",
        "(217, 907)",
        "(219, 399)",
        "(733, 807)",
        "(128, 624)",
        "(118, 967)",
        "(184, 883)",
        "(545, 632)",
        "(484, 854)",
        "(761, 123)"
    ],
    "(730, 577)": [
        "(982, 465)",
        "(170, 641)",
        "(555, 542)",
        "(1000, 859)",
        "(118, 967)",
        "(601, 855)",
        "(545, 632)",
        "(247, 192)",
        "(733, 807)",
        "(632, 106)",
        "(170, 511)",
        "(329, 852)",
        "(546, 438)",
        "(37, 302)",
        "(835, 131)",
        "(809, 234)",
        "(910, 5)",
        "(512, 369)",
        "(726, 483)",
        "(202, 538)",
        "(943, 104)",
        "(26, 424)",
        "(336, 131)",
        "(208, 859)",
        "(775, 198)",
        "(217, 907)",
        "(30, 594)",
        "(759, 106)",
        "(153, 629)",
        "(198, 507)",
        "(636, 757)",
        "(761, 123)",
        "(400, 526)",
        "(731, 857)",
        "(219, 399)",
        "(184, 883)",
        "(572, 218)",
        "(526, 678)",
        "(262, 799)"
    ],
    "(386, 240)": [
        "(759, 106)",
        "(910, 5)",
        "(198, 507)",
        "(202, 538)",
        "(248, 721)",
        "(329, 852)",
        "(208, 859)",
        "(731, 857)",
        "(166, 85)",
        "(934, 161)",
        "(336, 131)",
        "(873, 37)",
        "(338, 105)",
        "(809, 234)",
        "(247, 192)",
        "(227, 966)",
        "(549, 264)",
        "(526, 678)",
        "(623, 954)",
        "(636, 757)",
        "(545, 632)",
        "(726, 483)",
        "(980, 410)",
        "(572, 218)",
        "(150, 306)",
        "(30, 594)",
        "(262, 799)",
        "(128, 624)",
        "(601, 855)",
        "(67, 255)",
        "(632, 106)",
        "(26, 424)",
        "(217, 907)",
        "(1, 188)",
        "(153, 629)"
    ],
    "(873, 37)": [
        "(726, 483)",
        "(943, 104)",
        "(759, 106)",
        "(386, 240)",
        "(484, 854)",
        "(1, 188)",
        "(761, 123)",
        "(198, 507)",
        "(166, 85)",
        "(636, 757)",
        "(344, 400)",
        "(555, 542)",
        "(59, 12)",
        "(549, 264)",
        "(934, 161)",
        "(65, 35)",
        "(128, 624)",
        "(733, 807)",
        "(910, 5)",
        "(526, 678)",
        "(809, 234)",
        "(26, 424)",
        "(262, 799)",
        "(37, 302)",
        "(118, 967)",
        "(219, 399)",
        "(150, 306)",
        "(329, 852)",
        "(67, 255)",
        "(999, 698)"
    ],
    "(942, 679)": [
        "(512, 369)",
        "(153, 629)",
        "(823, 872)",
        "(65, 35)",
        "(118, 967)",
        "(170, 641)",
        "(731, 857)",
        "(775, 198)",
        "(262, 799)",
        "(934, 161)",
        "(632, 106)",
        "(344, 400)",
        "(184, 883)",
        "(67, 255)",
        "(30, 594)",
        "(329, 852)",
        "(526, 678)",
        "(546, 438)",
        "(601, 855)",
        "(37, 302)",
        "(217, 907)",
        "(247, 192)",
        "(759, 106)",
        "(623, 954)",
        "(797, 942)",
        "(166, 85)",
        "(248, 721)",
        "(910, 5)",
        "(636, 757)",
        "(400, 526)"
    ],
    "(835, 131)": [
        "(572, 218)",
        "(208, 859)",
        "(545, 632)",
        "(198, 507)",
        "(555, 542)",
        "(546, 438)",
        "(601, 855)",
        "(329, 852)",
        "(775, 198)",
        "(150, 306)",
        "(484, 854)",
        "(128, 624)",
        "(336, 131)",
        "(170, 641)",
        "(730, 577)",
        "(632, 106)",
        "(26, 424)",
        "(759, 106)",
        "(982, 465)",
        "(90, 455)",
        "(248, 721)",
        "(344, 400)",
        "(153, 629)",
        "(549, 264)",
        "(809, 234)",
        "(980, 410)",
        "(67, 255)",
        "(623, 954)",
        "(512, 369)",
        "(219, 399)",
        "(733, 807)",
        "(910, 5)",
        "(943, 104)",
        "(118, 967)",
        "(59, 12)"
    ],
    "(759, 106)": [
        "(170, 511)",
        "(90, 455)",
        "(386, 240)",
        "(344, 400)",
        "(336, 131)",
        "(873, 37)",
        "(545, 632)",
        "(150, 306)",
        "(329, 852)",
        "(733, 807)",
        "(835, 131)",
        "(731, 857)",
        "(775, 198)",
        "(248, 721)",
        "(247, 192)",
        "(761, 123)",
        "(217, 907)",
        "(166, 85)",
        "(934, 161)",
        "(942, 679)",
        "(1, 188)",
        "(730, 577)",
        "(227, 966)",
        "(338, 105)",
        "(262, 799)",
        "(982, 465)",
        "(636, 757)",
        "(400, 526)"
    ],
    "(546, 438)": [
        "(512, 369)",
        "(545, 632)",
        "(980, 410)",
        "(835, 131)",
        "(37, 302)",
        "(555, 542)",
        "(934, 161)",
        "(730, 577)",
        "(726, 483)",
        "(344, 400)",
        "(999, 698)",
        "(942, 679)",
        "(636, 757)",
        "(336, 131)",
        "(767, 695)",
        "(526, 678)",
        "(153, 629)",
        "(572, 218)",
        "(227, 966)",
        "(262, 799)",
        "(128, 624)",
        "(632, 106)",
        "(761, 123)",
        "(184, 883)",
        "(90, 455)",
        "(400, 526)",
        "(329, 852)",
        "(247, 192)",
        "(166, 85)",
        "(208, 859)",
        "(217, 907)",
        "(823, 872)",
        "(338, 105)",
        "(601, 855)",
        "(549, 264)",
        "(118, 967)",
        "(170, 511)",
        "(202, 538)"
    ],
    "(726, 483)": [
        "(873, 37)",
        "(555, 542)",
        "(731, 857)",
        "(797, 942)",
        "(67, 255)",
        "(546, 438)",
        "(336, 131)",
        "(59, 12)",
        "(118, 967)",
        "(980, 410)",
        "(572, 218)",
        "(329, 852)",
        "(823, 872)",
        "(730, 577)",
        "(208, 859)",
        "(767, 695)",
        "(338, 105)",
        "(761, 123)",
        "(344, 400)",
        "(386, 240)",
        "(526, 678)",
        "(248, 721)",
        "(400, 526)",
        "(166, 85)",
        "(910, 5)",
        "(512, 369)",
        "(484, 854)",
        "(227, 966)",
        "(247, 192)",
        "(549, 264)",
        "(809, 234)",
        "(170, 641)",
        "(545, 632)"
    ],
    "(219, 399)": [
        "(208, 859)",
        "(797, 942)",
        "(184, 883)",
        "(227, 966)",
        "(26, 424)",
        "(30, 594)",
        "(150, 306)",
        "(484, 854)",
        "(761, 123)",
        "(982, 465)",
        "(775, 198)",
        "(247, 192)",
        "(153, 629)",
        "(526, 678)",
        "(344, 400)",
        "(733, 807)",
        "(934, 161)",
        "(1, 188)",
        "(37, 302)",
        "(601, 855)",
        "(632, 106)",
        "(910, 5)",
        "(549, 264)",
        "(90, 455)",
        "(338, 105)",
        "(835, 131)",
        "(512, 369)",
        "(873, 37)",
        "(329, 852)",
        "(65, 35)",
        "(730, 577)",
        "(555, 542)",
        "(170, 511)",
        "(943, 104)",
        "(202, 538)"
    ],
    "(247, 192)": [
        "(999, 698)",
        "(227, 966)",
        "(730, 577)",
        "(823, 872)",
        "(153, 629)",
        "(512, 369)",
        "(775, 198)",
        "(636, 757)",
        "(943, 104)",
        "(219, 399)",
        "(526, 678)",
        "(386, 240)",
        "(118, 967)",
        "(759, 106)",
        "(59, 12)",
        "(170, 511)",
        "(217, 907)",
        "(942, 679)",
        "(632, 106)",
        "(248, 721)",
        "(546, 438)",
        "(484, 854)",
        "(980, 410)",
        "(336, 131)",
        "(726, 483)",
        "(731, 857)",
        "(1, 188)"
    ],
    "(37, 302)": [
        "(555, 542)",
        "(546, 438)",
        "(65, 35)",
        "(262, 799)",
        "(730, 577)",
        "(329, 852)",
        "(338, 105)",
        "(775, 198)",
        "(118, 967)",
        "(1, 188)",
        "(942, 679)",
        "(731, 857)",
        "(484, 854)",
        "(128, 624)",
        "(248, 721)",
        "(219, 399)",
        "(934, 161)",
        "(910, 5)",
        "(227, 966)",
        "(873, 37)",
        "(202, 538)",
        "(26, 424)",
        "(999, 698)",
        "(623, 954)",
        "(636, 757)",
        "(400, 526)",
        "(184, 883)",
        "(336, 131)",
        "(217, 907)"
    ],
    "(767, 695)": [
        "(227, 966)",
        "(336, 131)",
        "(67, 255)",
        "(601, 855)",
        "(170, 641)",
        "(208, 859)",
        "(329, 852)",
        "(26, 424)",
        "(980, 410)",
        "(202, 538)",
        "(59, 12)",
        "(623, 954)",
        "(982, 465)",
        "(797, 942)",
        "(1000, 859)",
        "(546, 438)",
        "(934, 161)",
        "(726, 483)",
        "(512, 369)",
        "(733, 807)",
        "(248, 721)",
        "(545, 632)",
        "(262, 799)",
        "(184, 883)",
        "(632, 106)",
        "(555, 542)",
        "(484, 854)",
        "(572, 218)",
        "(166, 85)",
        "(400, 526)",
        "(150, 306)",
        "(809, 234)"
    ],
    "(512, 369)": [
        "(934, 161)",
        "(150, 306)",
        "(208, 859)",
        "(942, 679)",
        "(546, 438)",
        "(128, 624)",
        "(1000, 859)",
        "(248, 721)",
        "(67, 255)",
        "(247, 192)",
        "(170, 511)",
        "(910, 5)",
        "(65, 35)",
        "(545, 632)",
        "(601, 855)",
        "(166, 85)",
        "(1, 188)",
        "(797, 942)",
        "(730, 577)",
        "(344, 400)",
        "(217, 907)",
        "(731, 857)",
        "(767, 695)",
        "(761, 123)",
        "(170, 641)",
        "(90, 455)",
        "(198, 507)",
        "(733, 807)",
        "(726, 483)",
        "(572, 218)",
        "(153, 629)",
        "(943, 104)",
        "(835, 131)",
        "(219, 399)",
        "(329, 852)",
        "(338, 105)",
        "(526, 678)",
        "(227, 966)"
    ],
    "(400, 526)": [
        "(484, 854)",
        "(170, 511)",
        "(733, 807)",
        "(632, 106)",
        "(202, 538)",
        "(344, 400)",
        "(980, 410)",
        "(336, 131)",
        "(526, 678)",
        "(329, 852)",
        "(545, 632)",
        "(128, 624)",
        "(67, 255)",
        "(934, 161)",
        "(546, 438)",
        "(726, 483)",
        "(153, 629)",
        "(982, 465)",
        "(549, 264)",
        "(767, 695)",
        "(943, 104)",
        "(730, 577)",
        "(59, 12)",
        "(37, 302)",
        "(601, 855)",
        "(942, 679)",
        "(759, 106)",
        "(30, 594)",
        "(823, 872)"
    ]
}