{
    "(55, 198)": [
        "(403, 357)",
        "(44, 693)",
        "(424, 985)",
        "(564, 799)",
        "(822, 883)",
        "(609, 781)",
        "(301, 869)",
        "(725, 553)",
        "(371, 31)",
        "(256, 783)",
        "(778, 602)",
        "(920, 732)",
        "(959, 628)",
        "(978, 195)",
        "(267, 741)",
        "(733, 448)",
        "(621, 42)",
        "(150, 402)",
        "(364, 127)",
        "(381, 392)",
        "(472, 204)",
        "(967, 585)",
        "(936, 711)",
        "(822, 653)",
        "(100, 225)",
        "(280, 443)",
        "(382, 922)",
        "(968, 707)",
        "(685, 102)",
        "(935, 313)",
        "(292, 855)",
        "(115, 977)",
        "(845, 870)",
        "(186, 984)",
        "(578, 703)",
        "(788, 289)",
        "(356, 863)"
    ],
    "(115, 977)": [
        "(382, 922)",
        "(967, 585)",
        "(267, 741)",
        "(968, 707)",
        "(424, 985)",
        "(100, 225)",
        "(381, 392)",
        "(371, 31)",
        "(256, 783)",
        "(621, 42)",
        "(959, 628)",
        "(822, 653)",
        "(280, 443)",
        "(685, 102)",
        "(664, 275)",
        "(578, 703)",
        "(850, 2)",
        "(133, 529)",
        "(403, 357)",
        "(873, 327)",
        "(292, 855)",
        "(564, 799)",
        "(574, 57)",
        "(978, 195)",
        "(609, 781)",
        "(577, 597)",
        "(935, 313)",
        "(301, 869)",
        "(69, 438)",
        "(150, 402)",
        "(55, 198)",
        "(920, 732)",
        "(420, 22)",
        "(356, 863)",
        "(361, 379)"
    ],
    "(267, 741)": [
        "(577, 597)",
        "(115, 977)",
        "(968, 707)",
        "(356, 863)",
        "(609, 805)",
        "(256, 783)",
        "(100, 225)",
        "(364, 127)",
        "(371, 31)",
        "(822, 883)",
        "(403, 357)",
        "(788, 289)",
        "(578, 703)",
        "(733, 448)",
        "(936, 711)",
        "(69, 438)",
        "(361, 379)",
        "(55, 198)",
        "(280, 443)",
        "(641, 873)",
        "(959, 628)",
        "(292, 855)",
        "(133, 529)",
        "(621, 42)",
        "(725, 553)",
        "(920, 732)",
        "(978, 195)",
        "(424, 985)",
        "(564, 799)",
        "(609, 781)",
        "(685, 102)",
        "(420, 22)"
    ],
    "(967, 585)": [
        "(115, 977)",
        "(936, 711)",
        "(361, 379)",
        "(69, 438)",
        "(685, 102)",
        "(356, 863)",
        "(133, 529)",
        "(641, 873)",
        "(621, 42)",
        "(664, 275)",
        "(186, 984)",
        "(920, 732)",
        "(424, 985)",
        "(256, 783)",
        "(381, 392)",
        "(725, 553)",
        "(598, 694)",
        "(403, 357)",
        "(968, 707)",
        "(420, 22)",
        "(733, 448)",
        "(301, 869)",
        "(577, 597)",
        "(574, 57)",
        "(578, 703)",
        "(55, 198)",
        "(371, 31)",
        "(778, 602)",
        "(609, 805)",
        "(873, 327)",
        "(959, 628)",
        "(292, 855)",
        "(364, 127)",
        "(564, 799)",
        "(822, 883)",
        "(472, 204)",
        "(609, 781)",
        "(44, 693)"
    ],
    "(280, 443)": [
        "(420, 22)",
        "(256, 783)",
        "(382, 922)",
        "(150, 402)",
        "(356, 863)",
        "(69, 438)",
        "(44, 693)",
        "(621, 42)",
        "(609, 781)",
        "(371, 31)",
        "(845, 870)",
        "(115, 977)",
        "(364, 127)",
        "(100, 225)",
        "(873, 327)",
        "(733, 448)",
        "(361, 379)",
        "(822, 653)",
        "(267, 741)",
        "(959, 628)",
        "(935, 313)",
        "(850, 2)",
        "(920, 732)",
        "(578, 703)",
        "(191, 188)",
        "(186, 984)",
        "(55, 198)",
        "(968, 707)",
        "(725, 553)",
        "(472, 204)",
        "(609, 805)",
        "(381, 392)",
        "(598, 694)"
    ],
    "(420, 22)": [
        "(364, 127)",
        "(280, 443)",
        "(100, 225)",
        "(609, 805)",
        "(186, 984)",
        "(609, 781)",
        "(733, 448)",
        "(845, 870)",
        "(381, 392)",
        "(577, 597)",
        "(403, 357)",
        "(936, 711)",
        "(150, 402)",
        "(356, 863)",
        "(935, 313)",
        "(44, 693)",
        "(959, 628)",
        "(292, 855)",
        "(256, 783)",
        "(967, 585)",
        "(424, 985)",
        "(564, 799)",
        "(822, 883)",
        "(472, 204)",
        "(788, 289)",
        "(574, 57)",
        "(873, 327)",
        "(850, 2)",
        "(361, 379)",
        "(978, 195)",
        "(69, 438)",
        "(822, 653)",
        "(725, 553)",
        "(920, 732)",
        "(191, 188)",
        "(371, 31)",
        "(664, 275)",
        "(778, 602)",
        "(621, 42)",
        "(968, 707)",
        "(133, 529)",
        "(115, 977)",
        "(267, 741)"
    ],
    "(424, 985)": [
        "(609, 781)",
        "(577, 597)",
        "(55, 198)",
        "(115, 977)",
        "(69, 438)",
        "(685, 102)",
        "(574, 57)",
        "(361, 379)",
        "(664, 275)",
        "(403, 357)",
        "(100, 225)",
        "(936, 711)",
        "(256, 783)",
        "(564, 799)",
        "(873, 327)",
        "(920, 732)",
        "(845, 870)",
        "(725, 553)",
        "(967, 585)",
        "(935, 313)",
        "(578, 703)",
        "(598, 694)",
        "(420, 22)",
        "(292, 855)",
        "(133, 529)",
        "(822, 883)",
        "(788, 289)",
        "(301, 869)",
        "(150, 402)",
        "(621, 42)",
        "(850, 2)",
        "(267, 741)",
        "(364, 127)",
        "(186, 984)",
        "(371, 31)",
        "(968, 707)",
        "(356, 863)"
    ],
    "(968, 707)": [
        "(788, 289)",
        "(845, 870)",
        "(578, 703)",
        "(115, 977)",
        "(186, 984)",
        "(267, 741)",
        "(664, 275)",
        "(577, 597)",
        "(609, 805)",
        "(191, 188)",
        "(564, 799)",
        "(822, 883)",
        "(69, 438)",
        "(356, 863)",
        "(403, 357)",
        "(361, 379)",
        "(873, 327)",
        "(920, 732)",
        "(685, 102)",
        "(967, 585)",
        "(133, 529)",
        "(364, 127)",
        "(472, 204)",
        "(850, 2)",
        "(55, 198)",
        "(280, 443)",
        "(598, 694)",
        "(420, 22)",
        "(424, 985)",
        "(292, 855)",
        "(725, 553)",
        "(100, 225)",
        "(256, 783)",
        "(935, 313)"
    ],
    "(150, 402)": [
        "(361, 379)",
        "(133, 529)",
        "(564, 799)",
        "(280, 443)",
        "(356, 863)",
        "(69, 438)",
        "(578, 703)",
        "(382, 922)",
        "(978, 195)",
        "(935, 313)",
        "(788, 289)",
        "(850, 2)",
        "(936, 711)",
        "(959, 628)",
        "(685, 102)",
        "(420, 22)",
        "(577, 597)",
        "(292, 855)",
        "(822, 883)",
        "(371, 31)",
        "(256, 783)",
        "(301, 869)",
        "(55, 198)",
        "(381, 392)",
        "(733, 448)",
        "(725, 553)",
        "(641, 873)",
        "(920, 732)",
        "(424, 985)",
        "(186, 984)",
        "(778, 602)",
        "(873, 327)",
        "(609, 781)",
        "(822, 653)",
        "(664, 275)",
        "(609, 805)",
        "(115, 977)",
        "(191, 188)",
        "(44, 693)",
        "(574, 57)"
    ],
    "(609, 805)": [
        "(936, 711)",
        "(664, 275)",
        "(267, 741)",
        "(420, 22)",
        "(133, 529)",
        "(788, 289)",
        "(641, 873)",
        "(968, 707)",
        "(845, 870)",
        "(382, 922)",
        "(472, 204)",
        "(69, 438)",
        "(873, 327)",
        "(356, 863)",
        "(44, 693)",
        "(574, 57)",
        "(292, 855)",
        "(822, 883)",
        "(371, 31)",
        "(978, 195)",
        "(733, 448)",
        "(822, 653)",
        "(191, 188)",
        "(364, 127)",
        "(381, 392)",
        "(778, 602)",
        "(598, 694)",
        "(301, 869)",
        "(959, 628)",
        "(967, 585)",
        "(564, 799)",
        "(150, 402)",
        "(725, 553)",
        "(850, 2)",
        "(621, 42)",
        "(280, 443)",
        "(609, 781)",
        "(935, 313)",
        "(403, 357)",
        "(256, 783)",
        "(100, 225)"
    ],
    "(69, 438)": [
        "(822, 883)",
        "(664, 275)",
        "(403, 357)",
        "(381, 392)",
        "(280, 443)",
        "(424, 985)",
        "(967, 585)",
        "(150, 402)",
        "(978, 195)",
        "(959, 628)",
        "(191, 188)",
        "(100, 225)",
        "(609, 805)",
        "(968, 707)",
        "(822, 653)",
        "(371, 31)",
        "(788, 289)",
        "(301, 869)",
        "(472, 204)",
        "(361, 379)",
        "(133, 529)",
        "(267, 741)",
        "(598, 694)",
        "(873, 327)",
        "(574, 57)",
        "(609, 781)",
        "(621, 42)",
        "(778, 602)",
        "(364, 127)",
        "(382, 922)",
        "(845, 870)",
        "(186, 984)",
        "(44, 693)",
        "(578, 703)",
        "(420, 22)",
        "(850, 2)",
        "(685, 102)",
        "(115, 977)",
        "(733, 448)",
        "(356, 863)",
        "(256, 783)",
        "(564, 799)",
        "(577, 597)",
        "(292, 855)"
    ],
    "(920, 732)": [
        "(733, 448)",
        "(936, 711)",
        "(186, 984)",
        "(845, 870)",
        "(472, 204)",
        "(788, 289)",
        "(356, 863)",
        "(55, 198)",
        "(967, 585)",
        "(822, 883)",
        "(850, 2)",
        "(424, 985)",
        "(822, 653)",
        "(577, 597)",
        "(778, 602)",
        "(968, 707)",
        "(361, 379)",
        "(256, 783)",
        "(371, 31)",
        "(978, 195)",
        "(381, 392)",
        "(301, 869)",
        "(609, 781)",
        "(150, 402)",
        "(267, 741)",
        "(280, 443)",
        "(578, 703)",
        "(725, 553)",
        "(935, 313)",
        "(420, 22)",
        "(641, 873)",
        "(574, 57)",
        "(115, 977)",
        "(382, 922)",
        "(959, 628)",
        "(873, 327)"
    ],
    "(609, 781)": [
        "(424, 985)",
        "(822, 653)",
        "(598, 694)",
        "(578, 703)",
        "(641, 873)",
        "(280, 443)",
        "(978, 195)",
        "(356, 863)",
        "(845, 870)",
        "(420, 22)",
        "(55, 198)",
        "(256, 783)",
        "(301, 869)",
        "(577, 597)",
        "(664, 275)",
        "(733, 448)",
        "(685, 102)",
        "(186, 984)",
        "(100, 225)",
        "(574, 57)",
        "(472, 204)",
        "(69, 438)",
        "(873, 327)",
        "(382, 922)",
        "(850, 2)",
        "(115, 977)",
        "(920, 732)",
        "(788, 289)",
        "(191, 188)",
        "(621, 42)",
        "(150, 402)",
        "(267, 741)",
        "(725, 553)",
        "(967, 585)",
        "(609, 805)",
        "(133, 529)"
    ],
    "(472, 204)": [
        "(621, 42)",
        "(44, 693)",
        "(664, 275)",
        "(609, 805)",
        "(920, 732)",
        "(598, 694)",
        "(935, 313)",
        "(574, 57)",
        "(685, 102)",
        "(371, 31)",
        "(356, 863)",
        "(292, 855)",
        "(69, 438)",
        "(577, 597)",
        "(609, 781)",
        "(873, 327)",
        "(822, 883)",
        "(381, 392)",
        "(364, 127)",
        "(420, 22)",
        "(968, 707)",
        "(936, 711)",
        "(361, 379)",
        "(55, 198)",
        "(978, 195)",
        "(186, 984)",
        "(301, 869)",
        "(845, 870)",
        "(725, 553)",
        "(403, 357)",
        "(280, 443)",
        "(133, 529)",
        "(967, 585)",
        "(778, 602)"
    ],
    "(574, 57)": [
        "(822, 653)",
        "(935, 313)",
        "(959, 628)",
        "(424, 985)",
        "(356, 863)",
        "(381, 392)",
        "(472, 204)",
        "(301, 869)",
        "(936, 711)",
        "(850, 2)",
        "(361, 379)",
        "(621, 42)",
        "(69, 438)",
        "(609, 781)",
        "(609, 805)",
        "(598, 694)",
        "(978, 195)",
        "(788, 289)",
        "(115, 977)",
        "(256, 783)",
        "(191, 188)",
        "(778, 602)",
        "(100, 225)",
        "(577, 597)",
        "(420, 22)",
        "(967, 585)",
        "(186, 984)",
        "(364, 127)",
        "(664, 275)",
        "(685, 102)",
        "(725, 553)",
        "(292, 855)",
        "(733, 448)",
        "(641, 873)",
        "(822, 883)",
        "(920, 732)",
        "(150, 402)"
    ],
    "(822, 653)": [
        "(574, 57)",
        "(935, 313)",
        "(301, 869)",
        "(936, 711)",
        "(609, 781)",
        "(256, 783)",
        "(873, 327)",
        "(978, 195)",
        "(133, 529)",
        "(733, 448)",
        "(115, 977)",
        "(69, 438)",
        "(822, 883)",
        "(292, 855)",
        "(845, 870)",
        "(920, 732)",
        "(186, 984)",
        "(280, 443)",
        "(577, 597)",
        "(850, 2)",
        "(356, 863)",
        "(44, 693)",
        "(609, 805)",
        "(382, 922)",
        "(371, 31)",
        "(959, 628)",
        "(641, 873)",
        "(564, 799)",
        "(420, 22)",
        "(150, 402)",
        "(55, 198)",
        "(361, 379)",
        "(578, 703)",
        "(381, 392)",
        "(621, 42)"
    ],
    "(822, 883)": [
        "(69, 438)",
        "(356, 863)",
        "(55, 198)",
        "(664, 275)",
        "(850, 2)",
        "(936, 711)",
        "(133, 529)",
        "(267, 741)",
        "(968, 707)",
        "(364, 127)",
        "(778, 602)",
        "(186, 984)",
        "(100, 225)",
        "(822, 653)",
        "(371, 31)",
        "(381, 392)",
        "(920, 732)",
        "(725, 553)",
        "(361, 379)",
        "(150, 402)",
        "(403, 357)",
        "(577, 597)",
        "(44, 693)",
        "(845, 870)",
        "(598, 694)",
        "(609, 805)",
        "(978, 195)",
        "(424, 985)",
        "(472, 204)",
        "(420, 22)",
        "(641, 873)",
        "(301, 869)",
        "(578, 703)",
        "(967, 585)",
        "(574, 57)",
        "(564, 799)",
        "(788, 289)",
        "(621, 42)",
        "(256, 783)",
        "(959, 628)"
    ],
    "(371, 31)": [
        "(845, 870)",
        "(191, 188)",
        "(564, 799)",
        "(873, 327)",
        "(115, 977)",
        "(381, 392)",
        "(267, 741)",
        "(280, 443)",
        "(641, 873)",
        "(100, 225)",
        "(725, 553)",
        "(55, 198)",
        "(472, 204)",
        "(822, 883)",
        "(69, 438)",
        "(403, 357)",
        "(361, 379)",
        "(621, 42)",
        "(150, 402)",
        "(733, 448)",
        "(609, 805)",
        "(920, 732)",
        "(364, 127)",
        "(822, 653)",
        "(967, 585)",
        "(356, 863)",
        "(44, 693)",
        "(778, 602)",
        "(133, 529)",
        "(598, 694)",
        "(420, 22)",
        "(301, 869)",
        "(978, 195)",
        "(256, 783)",
        "(424, 985)",
        "(936, 711)",
        "(685, 102)",
        "(578, 703)"
    ],
    "(733, 448)": [
        "(920, 732)",
        "(403, 357)",
        "(301, 869)",
        "(186, 984)",
        "(356, 863)",
        "(935, 313)",
        "(822, 653)",
        "(420, 22)",
        "(621, 42)",
        "(959, 628)",
        "(364, 127)",
        "(778, 602)",
        "(382, 922)",
        "(609, 781)",
        "(267, 741)",
        "(845, 870)",
        "(280, 443)",
        "(361, 379)",
        "(191, 188)",
        "(371, 31)",
        "(256, 783)",
        "(292, 855)",
        "(55, 198)",
        "(967, 585)",
        "(641, 873)",
        "(577, 597)",
        "(609, 805)",
        "(664, 275)",
        "(850, 2)",
        "(150, 402)",
        "(44, 693)",
        "(978, 195)",
        "(685, 102)",
        "(936, 711)",
        "(574, 57)",
        "(598, 694)",
        "(100, 225)",
        "(69, 438)",
        "(564, 799)"
    ],
    "(685, 102)": [
        "(100, 225)",
        "(424, 985)",
        "(967, 585)",
        "(292, 855)",
        "(356, 863)",
        "(725, 553)",
        "(778, 602)",
        "(873, 327)",
        "(115, 977)",
        "(472, 204)",
        "(150, 402)",
        "(609, 781)",
        "(641, 873)",
        "(978, 195)",
        "(845, 870)",
        "(301, 869)",
        "(577, 597)",
        "(621, 42)",
        "(968, 707)",
        "(191, 188)",
        "(381, 392)",
        "(788, 289)",
        "(186, 984)",
        "(578, 703)",
        "(936, 711)",
        "(256, 783)",
        "(850, 2)",
        "(364, 127)",
        "(598, 694)",
        "(403, 357)",
        "(44, 693)",
        "(574, 57)",
        "(733, 448)",
        "(69, 438)",
        "(55, 198)",
        "(267, 741)",
        "(382, 922)",
        "(564, 799)",
        "(361, 379)",
        "(371, 31)"
    ],
    "(845, 870)": [
        "(371, 31)",
        "(361, 379)",
        "(968, 707)",
        "(959, 628)",
        "(935, 313)",
        "(301, 869)",
        "(778, 602)",
        "(609, 781)",
        "(920, 732)",
        "(609, 805)",
        "(420, 22)",
        "(382, 922)",
        "(280, 443)",
        "(725, 553)",
        "(292, 855)",
        "(733, 448)",
        "(822, 653)",
        "(685, 102)",
        "(424, 985)",
        "(577, 597)",
        "(822, 883)",
        "(403, 357)",
        "(873, 327)",
        "(69, 438)",
        "(44, 693)",
        "(664, 275)",
        "(641, 873)",
        "(472, 204)",
        "(381, 392)",
        "(55, 198)",
        "(100, 225)",
        "(578, 703)",
        "(133, 529)",
        "(788, 289)",
        "(621, 42)"
    ],
    "(621, 42)": [
        "(472, 204)",
        "(664, 275)",
        "(133, 529)",
        "(280, 443)",
        "(967, 585)",
        "(364, 127)",
        "(115, 977)",
        "(733, 448)",
        "(850, 2)",
        "(256, 783)",
        "(574, 57)",
        "(778, 602)",
        "(301, 869)",
        "(641, 873)",
        "(685, 102)",
        "(371, 31)",
        "(186, 984)",
        "(55, 198)",
        "(69, 438)",
        "(577, 597)",
        "(292, 855)",
        "(936, 711)",
        "(267, 741)",
        "(725, 553)",
        "(424, 985)",
        "(382, 922)",
        "(935, 313)",
        "(609, 781)",
        "(598, 694)",
        "(361, 379)",
        "(100, 225)",
        "(788, 289)",
        "(959, 628)",
        "(978, 195)",
        "(420, 22)",
        "(44, 693)",
        "(822, 653)",
        "(609, 805)",
        "(873, 327)",
        "(822, 883)",
        "(845, 870)",
        "(403, 357)"
    ],
    "(382, 922)": [
        "(115, 977)",
        "(280, 443)",
        "(150, 402)",
        "(935, 313)",
        "(564, 799)",
        "(256, 783)",
        "(873, 327)",
        "(356, 863)",
        "(609, 805)",
        "(845, 870)",
        "(788, 289)",
        "(598, 694)",
        "(978, 195)",
        "(733, 448)",
        "(778, 602)",
        "(100, 225)",
        "(936, 711)",
        "(578, 703)",
        "(850, 2)",
        "(725, 553)",
        "(664, 275)",
        "(191, 188)",
        "(959, 628)",
        "(609, 781)",
        "(301, 869)",
        "(577, 597)",
        "(69, 438)",
        "(822, 653)",
        "(364, 127)",
        "(621, 42)",
        "(55, 198)",
        "(685, 102)",
        "(641, 873)",
        "(920, 732)"
    ],
    "(598, 694)": [
        "(133, 529)",
        "(873, 327)",
        "(609, 781)",
        "(356, 863)",
        "(301, 869)",
        "(472, 204)",
        "(382, 922)",
        "(361, 379)",
        "(186, 984)",
        "(69, 438)",
        "(967, 585)",
        "(574, 57)",
        "(778, 602)",
        "(959, 628)",
        "(100, 225)",
        "(424, 985)",
        "(725, 553)",
        "(822, 883)",
        "(577, 597)",
        "(578, 703)",
        "(936, 711)",
        "(685, 102)",
        "(609, 805)",
        "(403, 357)",
        "(641, 873)",
        "(44, 693)",
        "(564, 799)",
        "(621, 42)",
        "(371, 31)",
        "(256, 783)",
        "(733, 448)",
        "(968, 707)",
        "(850, 2)",
        "(191, 188)",
        "(935, 313)",
        "(280, 443)",
        "(978, 195)"
    ],
    "(978, 195)": [
        "(564, 799)",
        "(935, 313)",
        "(364, 127)",
        "(873, 327)",
        "(69, 438)",
        "(822, 653)",
        "(609, 781)",
        "(150, 402)",
        "(850, 2)",
        "(382, 922)",
        "(577, 597)",
        "(44, 693)",
        "(685, 102)",
        "(381, 392)",
        "(641, 873)",
        "(55, 198)",
        "(361, 379)",
        "(959, 628)",
        "(574, 57)",
        "(936, 711)",
        "(133, 529)",
        "(115, 977)",
        "(609, 805)",
        "(301, 869)",
        "(822, 883)",
        "(920, 732)",
        "(778, 602)",
        "(356, 863)",
        "(267, 741)",
        "(256, 783)",
        "(472, 204)",
        "(420, 22)",
        "(733, 448)",
        "(371, 31)",
        "(788, 289)",
        "(621, 42)",
        "(292, 855)",
        "(598, 694)"
    ],
    "(100, 225)": [
        "(186, 984)",
        "(685, 102)",
        "(420, 22)",
        "(935, 313)",
        "(115, 977)",
        "(267, 741)",
        "(564, 799)",
        "(292, 855)",
        "(578, 703)",
        "(69, 438)",
        "(371, 31)",
        "(788, 289)",
        "(850, 2)",
        "(424, 985)",
        "(280, 443)",
        "(822, 883)",
        "(382, 922)",
        "(873, 327)",
        "(609, 781)",
        "(403, 357)",
        "(598, 694)",
        "(356, 863)",
        "(574, 57)",
        "(577, 597)",
        "(133, 529)",
        "(44, 693)",
        "(301, 869)",
        "(55, 198)",
        "(621, 42)",
        "(725, 553)",
        "(733, 448)",
        "(256, 783)",
        "(959, 628)",
        "(778, 602)",
        "(845, 870)",
        "(936, 711)",
        "(609, 805)",
        "(641, 873)",
        "(364, 127)",
        "(968, 707)"
    ],
    "(403, 357)": [
        "(55, 198)",
        "(733, 448)",
        "(69, 438)",
        "(850, 2)",
        "(564, 799)",
        "(424, 985)",
        "(267, 741)",
        "(44, 693)",
        "(420, 22)",
        "(381, 392)",
        "(356, 863)",
        "(371, 31)",
        "(115, 977)",
        "(959, 628)",
        "(133, 529)",
        "(968, 707)",
        "(664, 275)",
        "(935, 313)",
        "(822, 883)",
        "(845, 870)",
        "(967, 585)",
        "(256, 783)",
        "(100, 225)",
        "(778, 602)",
        "(685, 102)",
        "(598, 694)",
        "(936, 711)",
        "(301, 869)",
        "(186, 984)",
        "(788, 289)",
        "(472, 204)",
        "(609, 805)",
        "(621, 42)"
    ],
    "(564, 799)": [
        "(978, 195)",
        "(150, 402)",
        "(371, 31)",
        "(55, 198)",
        "(100, 225)",
        "(44, 693)",
        "(382, 922)",
        "(403, 357)",
        "(968, 707)",
        "(725, 553)",
        "(577, 597)",
        "(424, 985)",
        "(664, 275)",
        "(778, 602)",
        "(641, 873)",
        "(364, 127)",
        "(115, 977)",
        "(936, 711)",
        "(301, 869)",
        "(850, 2)",
        "(420, 22)",
        "(356, 863)",
        "(292, 855)",
        "(578, 703)",
        "(822, 653)",
        "(959, 628)",
        "(598, 694)",
        "(609, 805)",
        "(267, 741)",
        "(873, 327)",
        "(133, 529)",
        "(361, 379)",
        "(967, 585)",
        "(788, 289)",
        "(935, 313)",
        "(191, 188)",
        "(822, 883)",
        "(685, 102)",
        "(69, 438)",
        "(733, 448)",
        "(186, 984)"
    ],
    "(873, 327)": [
        "(598, 694)",
        "(371, 31)",
        "(191, 188)",
        "(301, 869)",
        "(978, 195)",
        "(822, 653)",
        "(788, 289)",
        "(382, 922)",
        "(256, 783)",
        "(685, 102)",
        "(578, 703)",
        "(424, 985)",
        "(609, 805)",
        "(280, 443)",
        "(133, 529)",
        "(100, 225)",
        "(641, 873)",
        "(69, 438)",
        "(968, 707)",
        "(364, 127)",
        "(115, 977)",
        "(725, 553)",
        "(472, 204)",
        "(845, 870)",
        "(292, 855)",
        "(609, 781)",
        "(186, 984)",
        "(356, 863)",
        "(381, 392)",
        "(44, 693)",
        "(420, 22)",
        "(778, 602)",
        "(936, 711)",
        "(664, 275)",
        "(150, 402)",
        "(564, 799)",
        "(967, 585)",
        "(621, 42)",
        "(935, 313)",
        "(920, 732)"
    ],
    "(935, 313)": [
        "(361, 379)",
        "(100, 225)",
        "(978, 195)",
        "(822, 653)",
        "(574, 57)",
        "(788, 289)",
        "(845, 870)",
        "(733, 448)",
        "(292, 855)",
        "(150, 402)",
        "(382, 922)",
        "(381, 392)",
        "(959, 628)",
        "(725, 553)",
        "(472, 204)",
        "(44, 693)",
        "(936, 711)",
        "(664, 275)",
        "(420, 22)",
        "(424, 985)",
        "(850, 2)",
        "(403, 357)",
        "(280, 443)",
        "(133, 529)",
        "(115, 977)",
        "(778, 602)",
        "(621, 42)",
        "(191, 188)",
        "(920, 732)",
        "(256, 783)",
        "(55, 198)",
        "(564, 799)",
        "(301, 869)",
        "(873, 327)",
        "(609, 805)",
        "(598, 694)",
        "(968, 707)"
    ],
    "(364, 127)": [
        "(420, 22)",
        "(850, 2)",
        "(978, 195)",
        "(361, 379)",
        "(578, 703)",
        "(267, 741)",
        "(621, 42)",
        "(936, 711)",
        "(733, 448)",
        "(822, 883)",
        "(133, 529)",
        "(280, 443)",
        "(256, 783)",
        "(564, 799)",
        "(186, 984)",
        "(873, 327)",
        "(968, 707)",
        "(959, 628)",
        "(69, 438)",
        "(472, 204)",
        "(609, 805)",
        "(55, 198)",
        "(371, 31)",
        "(725, 553)",
        "(685, 102)",
        "(292, 855)",
        "(641, 873)",
        "(382, 922)",
        "(574, 57)",
        "(424, 985)",
        "(191, 188)",
        "(967, 585)",
        "(788, 289)",
        "(664, 275)",
        "(44, 693)",
        "(100, 225)"
    ],
    "(381, 392)": [
        "(69, 438)",
        "(115, 977)",
        "(371, 31)",
        "(935, 313)",
        "(292, 855)",
        "(936, 711)",
        "(133, 529)",
        "(574, 57)",
        "(420, 22)",
        "(822, 883)",
        "(403, 357)",
        "(978, 195)",
        "(577, 597)",
        "(967, 585)",
        "(356, 863)",
        "(361, 379)",
        "(685, 102)",
        "(150, 402)",
        "(472, 204)",
        "(186, 984)",
        "(920, 732)",
        "(873, 327)",
        "(609, 805)",
        "(55, 198)",
        "(256, 783)",
        "(959, 628)",
        "(788, 289)",
        "(850, 2)",
        "(725, 553)",
        "(845, 870)",
        "(822, 653)",
        "(641, 873)",
        "(280, 443)"
    ],
    "(191, 188)": [
        "(371, 31)",
        "(873, 327)",
        "(292, 855)",
        "(788, 289)",
        "(578, 703)",
        "(968, 707)",
        "(69, 438)",
        "(186, 984)",
        "(850, 2)",
        "(733, 448)",
        "(936, 711)",
        "(685, 102)",
        "(725, 553)",
        "(382, 922)",
        "(356, 863)",
        "(574, 57)",
        "(609, 805)",
        "(778, 602)",
        "(609, 781)",
        "(280, 443)",
        "(641, 873)",
        "(959, 628)",
        "(133, 529)",
        "(935, 313)",
        "(420, 22)",
        "(664, 275)",
        "(364, 127)",
        "(564, 799)",
        "(150, 402)",
        "(598, 694)",
        "(361, 379)",
        "(577, 597)"
    ],
    "(361, 379)": [
        "(150, 402)",
        "(935, 313)",
        "(967, 585)",
        "(845, 870)",
        "(364, 127)",
        "(664, 275)",
        "(778, 602)",
        "(356, 863)",
        "(424, 985)",
        "(850, 2)",
        "(578, 703)",
        "(598, 694)",
        "(574, 57)",
        "(69, 438)",
        "(280, 443)",
        "(733, 448)",
        "(978, 195)",
        "(822, 883)",
        "(968, 707)",
        "(267, 741)",
        "(371, 31)",
        "(920, 732)",
        "(381, 392)",
        "(788, 289)",
        "(186, 984)",
        "(472, 204)",
        "(292, 855)",
        "(420, 22)",
        "(822, 653)",
        "(301, 869)",
        "(133, 529)",
        "(621, 42)",
        "(564, 799)",
        "(936, 711)",
        "(256, 783)",
        "(191, 188)",
        "(685, 102)",
        "(725, 553)",
        "(115, 977)"
    ],
    "(850, 2)": [
        "(577, 597)",
        "(364, 127)",
        "(301, 869)",
        "(403, 357)",
        "(822, 883)",
        "(361, 379)",
        "(978, 195)",
        "(150, 402)",
        "(256, 783)",
        "(100, 225)",
        "(621, 42)",
        "(133, 529)",
        "(574, 57)",
        "(115, 977)",
        "(191, 188)",
        "(725, 553)",
        "(356, 863)",
        "(920, 732)",
        "(382, 922)",
        "(935, 313)",
        "(936, 711)",
        "(822, 653)",
        "(609, 781)",
        "(564, 799)",
        "(280, 443)",
        "(733, 448)",
        "(685, 102)",
        "(420, 22)",
        "(968, 707)",
        "(186, 984)",
        "(381, 392)",
        "(69, 438)",
        "(424, 985)",
        "(292, 855)",
        "(664, 275)",
        "(609, 805)",
        "(959, 628)",
        "(578, 703)",
        "(598, 694)"
    ],
    "(788, 289)": [
        "(133, 529)",
        "(968, 707)",
        "(191, 188)",
        "(936, 711)",
        "(935, 313)",
        "(356, 863)",
        "(609, 805)",
        "(873, 327)",
        "(150, 402)",
        "(382, 922)",
        "(100, 225)",
        "(920, 732)",
        "(267, 741)",
        "(664, 275)",
        "(69, 438)",
        "(578, 703)",
        "(44, 693)",
        "(574, 57)",
        "(301, 869)",
        "(778, 602)",
        "(256, 783)",
        "(685, 102)",
        "(420, 22)",
        "(361, 379)",
        "(424, 985)",
        "(609, 781)",
        "(959, 628)",
        "(381, 392)",
        "(621, 42)",
        "(403, 357)",
        "(564, 799)",
        "(186, 984)",
        "(978, 195)",
        "(364, 127)",
        "(845, 870)",
        "(822, 883)",
        "(725, 553)",
        "(55, 198)"
    ],
    "(959, 628)": [
        "(577, 597)",
        "(574, 57)",
        "(845, 870)",
        "(641, 873)",
        "(725, 553)",
        "(69, 438)",
        "(935, 313)",
        "(115, 977)",
        "(733, 448)",
        "(356, 863)",
        "(150, 402)",
        "(55, 198)",
        "(778, 602)",
        "(403, 357)",
        "(420, 22)",
        "(978, 195)",
        "(280, 443)",
        "(292, 855)",
        "(598, 694)",
        "(267, 741)",
        "(382, 922)",
        "(186, 984)",
        "(364, 127)",
        "(256, 783)",
        "(133, 529)",
        "(788, 289)",
        "(822, 653)",
        "(381, 392)",
        "(609, 805)",
        "(44, 693)",
        "(191, 188)",
        "(564, 799)",
        "(936, 711)",
        "(967, 585)",
        "(301, 869)",
        "(621, 42)",
        "(100, 225)",
        "(850, 2)",
        "(920, 732)",
        "(822, 883)"
    ],
    "(186, 984)": [
        "(664, 275)",
        "(100, 225)",
        "(968, 707)",
        "(920, 732)",
        "(733, 448)",
        "(420, 22)",
        "(967, 585)",
        "(191, 188)",
        "(822, 883)",
        "(598, 694)",
        "(609, 781)",
        "(778, 602)",
        "(133, 529)",
        "(822, 653)",
        "(364, 127)",
        "(356, 863)",
        "(621, 42)",
        "(959, 628)",
        "(873, 327)",
        "(685, 102)",
        "(381, 392)",
        "(361, 379)",
        "(150, 402)",
        "(44, 693)",
        "(69, 438)",
        "(574, 57)",
        "(256, 783)",
        "(850, 2)",
        "(641, 873)",
        "(280, 443)",
        "(403, 357)",
        "(472, 204)",
        "(424, 985)",
        "(788, 289)",
        "(578, 703)",
        "(725, 553)",
        "(55, 198)",
        "(564, 799)"
    ],
    "(292, 855)": [
        "(577, 597)",
        "(191, 188)",
        "(685, 102)",
        "(100, 225)",
        "(935, 313)",
        "(44, 693)",
        "(381, 392)",
        "(822, 653)",
        "(472, 204)",
        "(845, 870)",
        "(150, 402)",
        "(578, 703)",
        "(420, 22)",
        "(959, 628)",
        "(115, 977)",
        "(778, 602)",
        "(609, 805)",
        "(733, 448)",
        "(267, 741)",
        "(873, 327)",
        "(664, 275)",
        "(641, 873)",
        "(424, 985)",
        "(621, 42)",
        "(564, 799)",
        "(361, 379)",
        "(364, 127)",
        "(133, 529)",
        "(936, 711)",
        "(574, 57)",
        "(850, 2)",
        "(967, 585)",
        "(55, 198)",
        "(978, 195)",
        "(968, 707)",
        "(301, 869)",
        "(69, 438)"
    ],
    "(578, 703)": [
        "(968, 707)",
        "(609, 781)",
        "(364, 127)",
        "(191, 188)",
        "(100, 225)",
        "(150, 402)",
        "(361, 379)",
        "(873, 327)",
        "(115, 977)",
        "(267, 741)",
        "(664, 275)",
        "(382, 922)",
        "(301, 869)",
        "(788, 289)",
        "(424, 985)",
        "(292, 855)",
        "(725, 553)",
        "(256, 783)",
        "(598, 694)",
        "(685, 102)",
        "(133, 529)",
        "(778, 602)",
        "(564, 799)",
        "(280, 443)",
        "(967, 585)",
        "(69, 438)",
        "(920, 732)",
        "(577, 597)",
        "(822, 653)",
        "(822, 883)",
        "(186, 984)",
        "(44, 693)",
        "(55, 198)",
        "(845, 870)",
        "(850, 2)",
        "(371, 31)"
    ],
    "(936, 711)": [
        "(609, 805)",
        "(967, 585)",
        "(822, 653)",
        "(788, 289)",
        "(920, 732)",
        "(356, 863)",
        "(725, 553)",
        "(822, 883)",
        "(364, 127)",
        "(150, 402)",
        "(381, 392)",
        "(133, 529)",
        "(424, 985)",
        "(574, 57)",
        "(420, 22)",
        "(935, 313)",
        "(382, 922)",
        "(267, 741)",
        "(641, 873)",
        "(191, 188)",
        "(850, 2)",
        "(978, 195)",
        "(564, 799)",
        "(685, 102)",
        "(621, 42)",
        "(472, 204)",
        "(598, 694)",
        "(873, 327)",
        "(301, 869)",
        "(55, 198)",
        "(403, 357)",
        "(292, 855)",
        "(733, 448)",
        "(959, 628)",
        "(361, 379)",
        "(100, 225)",
        "(371, 31)",
        "(256, 783)"
    ],
    "(301, 869)": [
        "(664, 275)",
        "(822, 653)",
        "(873, 327)",
        "(733, 448)",
        "(850, 2)",
        "(845, 870)",
        "(778, 602)",
        "(598, 694)",
        "(609, 781)",
        "(55, 198)",
        "(574, 57)",
        "(69, 438)",
        "(44, 693)",
        "(356, 863)",
        "(685, 102)",
        "(578, 703)",
        "(577, 597)",
        "(621, 42)",
        "(788, 289)",
        "(150, 402)",
        "(978, 195)",
        "(382, 922)",
        "(641, 873)",
        "(564, 799)",
        "(967, 585)",
        "(920, 732)",
        "(424, 985)",
        "(115, 977)",
        "(609, 805)",
        "(936, 711)",
        "(100, 225)",
        "(361, 379)",
        "(256, 783)",
        "(403, 357)",
        "(472, 204)",
        "(822, 883)",
        "(959, 628)",
        "(371, 31)",
        "(935, 313)",
        "(725, 553)",
        "(292, 855)",
        "(133, 529)"
    ],
    "(725, 553)": [
        "(959, 628)",
        "(133, 529)",
        "(936, 711)",
        "(44, 693)",
        "(935, 313)",
        "(685, 102)",
        "(55, 198)",
        "(564, 799)",
        "(845, 870)",
        "(371, 31)",
        "(850, 2)",
        "(641, 873)",
        "(424, 985)",
        "(822, 883)",
        "(967, 585)",
        "(778, 602)",
        "(382, 922)",
        "(873, 327)",
        "(578, 703)",
        "(191, 188)",
        "(598, 694)",
        "(577, 597)",
        "(256, 783)",
        "(267, 741)",
        "(356, 863)",
        "(621, 42)",
        "(150, 402)",
        "(364, 127)",
        "(574, 57)",
        "(920, 732)",
        "(420, 22)",
        "(381, 392)",
        "(100, 225)",
        "(280, 443)",
        "(472, 204)",
        "(609, 805)",
        "(186, 984)",
        "(609, 781)",
        "(301, 869)",
        "(788, 289)",
        "(361, 379)",
        "(968, 707)"
    ],
    "(133, 529)": [
        "(598, 694)",
        "(150, 402)",
        "(788, 289)",
        "(621, 42)",
        "(609, 805)",
        "(967, 585)",
        "(822, 653)",
        "(725, 553)",
        "(822, 883)",
        "(778, 602)",
        "(936, 711)",
        "(381, 392)",
        "(364, 127)",
        "(850, 2)",
        "(873, 327)",
        "(115, 977)",
        "(356, 863)",
        "(69, 438)",
        "(186, 984)",
        "(403, 357)",
        "(44, 693)",
        "(968, 707)",
        "(267, 741)",
        "(978, 195)",
        "(935, 313)",
        "(424, 985)",
        "(578, 703)",
        "(959, 628)",
        "(100, 225)",
        "(292, 855)",
        "(191, 188)",
        "(361, 379)",
        "(371, 31)",
        "(564, 799)",
        "(641, 873)",
        "(472, 204)",
        "(845, 870)",
        "(420, 22)",
        "(609, 781)",
        "(301, 869)"
    ],
    "(664, 275)": [
        "(69, 438)",
        "(186, 984)",
        "(301, 869)",
        "(472, 204)",
        "(621, 42)",
        "(609, 805)",
        "(968, 707)",
        "(361, 379)",
        "(822, 883)",
        "(424, 985)",
        "(967, 585)",
        "(609, 781)",
        "(44, 693)",
        "(115, 977)",
        "(788, 289)",
        "(564, 799)",
        "(935, 313)",
        "(578, 703)",
        "(403, 357)",
        "(382, 922)",
        "(292, 855)",
        "(733, 448)",
        "(256, 783)",
        "(873, 327)",
        "(845, 870)",
        "(641, 873)",
        "(574, 57)",
        "(420, 22)",
        "(150, 402)",
        "(191, 188)",
        "(850, 2)",
        "(364, 127)"
    ],
    "(577, 597)": [
        "(267, 741)",
        "(44, 693)",
        "(850, 2)",
        "(424, 985)",
        "(959, 628)",
        "(292, 855)",
        "(968, 707)",
        "(778, 602)",
        "(609, 781)",
        "(978, 195)",
        "(420, 22)",
        "(564, 799)",
        "(256, 783)",
        "(150, 402)",
        "(685, 102)",
        "(301, 869)",
        "(472, 204)",
        "(381, 392)",
        "(920, 732)",
        "(845, 870)",
        "(822, 883)",
        "(822, 653)",
        "(598, 694)",
        "(733, 448)",
        "(115, 977)",
        "(621, 42)",
        "(725, 553)",
        "(382, 922)",
        "(574, 57)",
        "(100, 225)",
        "(967, 585)",
        "(356, 863)",
        "(578, 703)",
        "(69, 438)",
        "(191, 188)"
    ],
    "(44, 693)": [
        "(472, 204)",
        "(577, 597)",
        "(778, 602)",
        "(55, 198)",
        "(280, 443)",
        "(564, 799)",
        "(725, 553)",
        "(292, 855)",
        "(664, 275)",
        "(978, 195)",
        "(403, 357)",
        "(935, 313)",
        "(301, 869)",
        "(788, 289)",
        "(420, 22)",
        "(609, 805)",
        "(822, 883)",
        "(133, 529)",
        "(822, 653)",
        "(845, 870)",
        "(873, 327)",
        "(186, 984)",
        "(100, 225)",
        "(69, 438)",
        "(959, 628)",
        "(733, 448)",
        "(685, 102)",
        "(598, 694)",
        "(371, 31)",
        "(641, 873)",
        "(150, 402)",
        "(621, 42)",
        "(578, 703)",
        "(967, 585)",
        "(364, 127)",
        "(256, 783)"
    ],
    "(641, 873)": [
        "(959, 628)",
        "(356, 863)",
        "(967, 585)",
        "(609, 781)",
        "(609, 805)",
        "(371, 31)",
        "(685, 102)",
        "(564, 799)",
        "(725, 553)",
        "(873, 327)",
        "(978, 195)",
        "(936, 711)",
        "(621, 42)",
        "(267, 741)",
        "(292, 855)",
        "(733, 448)",
        "(301, 869)",
        "(150, 402)",
        "(822, 653)",
        "(364, 127)",
        "(845, 870)",
        "(598, 694)",
        "(191, 188)",
        "(186, 984)",
        "(664, 275)",
        "(44, 693)",
        "(133, 529)",
        "(822, 883)",
        "(574, 57)",
        "(920, 732)",
        "(382, 922)",
        "(381, 392)",
        "(100, 225)"
    ],
    "(778, 602)": [
        "(44, 693)",
        "(361, 379)",
        "(301, 869)",
        "(845, 870)",
        "(133, 529)",
        "(577, 597)",
        "(685, 102)",
        "(733, 448)",
        "(822, 883)",
        "(382, 922)",
        "(356, 863)",
        "(55, 198)",
        "(564, 799)",
        "(959, 628)",
        "(186, 984)",
        "(256, 783)",
        "(920, 732)",
        "(621, 42)",
        "(725, 553)",
        "(598, 694)",
        "(292, 855)",
        "(788, 289)",
        "(69, 438)",
        "(574, 57)",
        "(935, 313)",
        "(978, 195)",
        "(191, 188)",
        "(609, 805)",
        "(403, 357)",
        "(578, 703)",
        "(873, 327)",
        "(150, 402)",
        "(967, 585)",
        "(371, 31)",
        "(420, 22)",
        "(100, 225)",
        "(472, 204)"
    ],
    "(356, 863)": [
        "(822, 883)",
        "(280, 443)",
        "(150, 402)",
        "(267, 741)",
        "(788, 289)",
        "(574, 57)",
        "(967, 585)",
        "(641, 873)",
        "(733, 448)",
        "(361, 379)",
        "(936, 711)",
        "(598, 694)",
        "(685, 102)",
        "(609, 781)",
        "(382, 922)",
        "(959, 628)",
        "(968, 707)",
        "(778, 602)",
        "(472, 204)",
        "(920, 732)",
        "(850, 2)",
        "(403, 357)",
        "(420, 22)",
        "(133, 529)",
        "(301, 869)",
        "(609, 805)",
        "(822, 653)",
        "(381, 392)",
        "(186, 984)",
        "(191, 188)",
        "(873, 327)",
        "(100, 225)",
        "(725, 553)",
        "(564, 799)",
        "(978, 195)",
        "(577, 597)",
        "(371, 31)",
        "(69, 438)",
        "(424, 985)",
        "(115, 977)",
        "(55, 198)"
    ],
    "(256, 783)": [
        "(280, 443)",
        "(822, 653)",
        "(267, 741)",
        "(115, 977)",
        "(382, 922)",
        "(609, 781)",
        "(850, 2)",
        "(873, 327)",
        "(424, 985)",
        "(55, 198)",
        "(577, 597)",
        "(621, 42)",
        "(364, 127)",
        "(778, 602)",
        "(967, 585)",
        "(150, 402)",
        "(403, 357)",
        "(420, 22)",
        "(733, 448)",
        "(574, 57)",
        "(920, 732)",
        "(578, 703)",
        "(788, 289)",
        "(959, 628)",
        "(664, 275)",
        "(725, 553)",
        "(685, 102)",
        "(381, 392)",
        "(978, 195)",
        "(186, 984)",
        "(301, 869)",
        "(935, 313)",
        "(598, 694)",
        "(100, 225)",
        "(69, 438)",
        "(371, 31)",
        "(361, 379)",
        "(822, 883)",
        "(44, 693)",
        "(609, 805)",
        "(936, 711)",
        "(968, 707)"
    ]
}