{
    "(679, 681)": [
        "(477, 680)",
        "(56, 140)",
        "(952, 617)",
        "(65, 299)",
        "(90, 851)",
        "(539, 155)",
        "(837, 130)",
        "(234, 835)",
        "(331, 429)",
        "(851, 197)",
        "(55, 198)",
        "(477, 576)",
        "(283, 310)",
        "(99, 999)",
        "(594, 558)",
        "(402, 66)",
        "(405, 177)",
        "(602, 805)",
        "(804, 275)",
        "(200, 152)",
        "(2, 491)",
        "(334, 583)",
        "(952, 245)",
        "(187, 36)",
        "(714, 647)",
        "(674, 119)",
        "(990, 694)",
        "(614, 322)",
        "(392, 106)",
        "(532, 100)",
        "(315, 537)",
        "(772, 362)",
        "(317, 890)",
        "(331, 967)",
        "(630, 512)"
    ],
    "(319, 618)": [
        "(317, 890)",
        "(493, 282)",
        "(647, 152)",
        "(933, 1)",
        "(594, 558)",
        "(648, 398)",
        "(918, 576)",
        "(219, 680)",
        "(405, 177)",
        "(55, 198)",
        "(562, 812)",
        "(769, 101)",
        "(952, 245)",
        "(982, 239)",
        "(952, 617)",
        "(477, 576)",
        "(614, 322)",
        "(714, 647)",
        "(293, 177)",
        "(477, 680)",
        "(674, 119)",
        "(37, 654)",
        "(387, 877)",
        "(360, 471)",
        "(334, 583)",
        "(315, 537)",
        "(65, 299)",
        "(990, 694)",
        "(187, 36)",
        "(553, 632)",
        "(532, 100)",
        "(837, 130)",
        "(419, 583)",
        "(28, 310)",
        "(393, 620)",
        "(507, 180)",
        "(876, 269)",
        "(804, 275)"
    ],
    "(392, 106)": [
        "(187, 36)",
        "(939, 70)",
        "(990, 694)",
        "(55, 198)",
        "(851, 197)",
        "(919, 92)",
        "(402, 66)",
        "(907, 663)",
        "(674, 119)",
        "(28, 310)",
        "(136, 47)",
        "(334, 583)",
        "(553, 632)",
        "(387, 877)",
        "(360, 471)",
        "(539, 155)",
        "(293, 177)",
        "(115, 977)",
        "(405, 177)",
        "(484, 826)",
        "(982, 239)",
        "(984, 395)",
        "(952, 617)",
        "(679, 681)",
        "(493, 282)",
        "(111, 860)",
        "(647, 152)",
        "(65, 299)",
        "(507, 180)",
        "(219, 680)",
        "(393, 620)",
        "(602, 805)",
        "(351, 204)",
        "(317, 890)",
        "(99, 999)",
        "(454, 759)",
        "(495, 633)"
    ],
    "(387, 877)": [
        "(837, 130)",
        "(630, 512)",
        "(321, 902)",
        "(484, 826)",
        "(393, 620)",
        "(197, 825)",
        "(901, 862)",
        "(392, 106)",
        "(37, 654)",
        "(493, 282)",
        "(602, 805)",
        "(234, 835)",
        "(933, 1)",
        "(2, 491)",
        "(200, 152)",
        "(283, 310)",
        "(614, 322)",
        "(90, 851)",
        "(648, 398)",
        "(28, 310)",
        "(851, 197)",
        "(876, 269)",
        "(539, 155)",
        "(319, 618)",
        "(507, 180)",
        "(804, 275)",
        "(360, 471)",
        "(631, 50)",
        "(553, 632)",
        "(982, 239)",
        "(402, 66)",
        "(55, 198)",
        "(293, 177)",
        "(919, 92)",
        "(674, 119)"
    ],
    "(876, 269)": [
        "(283, 310)",
        "(37, 654)",
        "(594, 558)",
        "(99, 999)",
        "(317, 890)",
        "(56, 140)",
        "(851, 197)",
        "(115, 977)",
        "(200, 152)",
        "(532, 100)",
        "(187, 36)",
        "(647, 152)",
        "(949, 978)",
        "(111, 860)",
        "(90, 851)",
        "(648, 398)",
        "(405, 177)",
        "(219, 680)",
        "(315, 537)",
        "(901, 862)",
        "(493, 282)",
        "(331, 429)",
        "(387, 877)",
        "(631, 50)",
        "(602, 805)",
        "(918, 576)",
        "(234, 835)",
        "(952, 617)",
        "(933, 1)",
        "(562, 812)",
        "(507, 180)",
        "(321, 902)",
        "(334, 583)",
        "(990, 694)",
        "(351, 204)",
        "(319, 618)"
    ],
    "(283, 310)": [
        "(614, 322)",
        "(65, 299)",
        "(876, 269)",
        "(901, 862)",
        "(539, 155)",
        "(477, 680)",
        "(495, 633)",
        "(200, 152)",
        "(234, 835)",
        "(674, 119)",
        "(419, 583)",
        "(136, 47)",
        "(562, 812)",
        "(90, 851)",
        "(507, 180)",
        "(493, 282)",
        "(187, 36)",
        "(648, 398)",
        "(714, 647)",
        "(631, 50)",
        "(679, 681)",
        "(647, 152)",
        "(387, 877)",
        "(907, 663)",
        "(271, 794)",
        "(219, 680)",
        "(454, 759)",
        "(331, 967)",
        "(331, 429)",
        "(197, 825)",
        "(111, 860)",
        "(952, 245)",
        "(99, 999)",
        "(115, 977)",
        "(315, 537)"
    ],
    "(851, 197)": [
        "(28, 310)",
        "(952, 245)",
        "(837, 130)",
        "(392, 106)",
        "(614, 322)",
        "(769, 101)",
        "(876, 269)",
        "(99, 999)",
        "(37, 654)",
        "(679, 681)",
        "(507, 180)",
        "(405, 177)",
        "(321, 902)",
        "(477, 680)",
        "(387, 877)",
        "(360, 471)",
        "(990, 694)",
        "(219, 680)",
        "(539, 155)",
        "(647, 152)",
        "(56, 140)",
        "(331, 429)",
        "(393, 620)",
        "(334, 583)",
        "(939, 70)",
        "(982, 239)",
        "(115, 977)",
        "(674, 119)",
        "(901, 862)",
        "(532, 100)",
        "(197, 825)",
        "(271, 794)",
        "(90, 851)",
        "(919, 92)"
    ],
    "(402, 66)": [
        "(90, 851)",
        "(907, 663)",
        "(65, 299)",
        "(484, 826)",
        "(111, 860)",
        "(392, 106)",
        "(990, 694)",
        "(507, 180)",
        "(674, 119)",
        "(321, 902)",
        "(952, 245)",
        "(493, 282)",
        "(454, 759)",
        "(317, 890)",
        "(28, 310)",
        "(901, 862)",
        "(271, 794)",
        "(553, 632)",
        "(679, 681)",
        "(532, 100)",
        "(334, 583)",
        "(197, 825)",
        "(602, 805)",
        "(331, 967)",
        "(952, 617)",
        "(360, 471)",
        "(562, 812)",
        "(982, 239)",
        "(949, 978)",
        "(648, 398)",
        "(495, 633)",
        "(234, 835)",
        "(837, 130)",
        "(933, 1)",
        "(918, 576)",
        "(772, 362)",
        "(387, 877)",
        "(630, 512)",
        "(539, 155)",
        "(136, 47)",
        "(200, 152)"
    ],
    "(477, 680)": [
        "(614, 322)",
        "(679, 681)",
        "(234, 835)",
        "(283, 310)",
        "(419, 583)",
        "(907, 663)",
        "(772, 362)",
        "(28, 310)",
        "(477, 576)",
        "(602, 805)",
        "(631, 50)",
        "(351, 204)",
        "(331, 967)",
        "(919, 92)",
        "(949, 978)",
        "(271, 794)",
        "(648, 398)",
        "(952, 245)",
        "(647, 152)",
        "(321, 902)",
        "(851, 197)",
        "(319, 618)",
        "(769, 101)",
        "(56, 140)",
        "(315, 537)",
        "(334, 583)",
        "(484, 826)",
        "(2, 491)"
    ],
    "(315, 537)": [
        "(772, 362)",
        "(984, 395)",
        "(602, 805)",
        "(484, 826)",
        "(317, 890)",
        "(553, 632)",
        "(769, 101)",
        "(901, 862)",
        "(334, 583)",
        "(804, 275)",
        "(419, 583)",
        "(351, 204)",
        "(990, 694)",
        "(876, 269)",
        "(614, 322)",
        "(918, 576)",
        "(539, 155)",
        "(111, 860)",
        "(2, 491)",
        "(319, 618)",
        "(187, 36)",
        "(532, 100)",
        "(648, 398)",
        "(982, 239)",
        "(65, 299)",
        "(331, 967)",
        "(679, 681)",
        "(405, 177)",
        "(674, 119)",
        "(837, 130)",
        "(200, 152)",
        "(360, 471)",
        "(321, 902)",
        "(331, 429)",
        "(477, 680)",
        "(234, 835)",
        "(283, 310)"
    ],
    "(769, 101)": [
        "(334, 583)",
        "(919, 92)",
        "(714, 647)",
        "(56, 140)",
        "(990, 694)",
        "(562, 812)",
        "(851, 197)",
        "(484, 826)",
        "(933, 1)",
        "(319, 618)",
        "(952, 617)",
        "(351, 204)",
        "(952, 245)",
        "(315, 537)",
        "(37, 654)",
        "(630, 512)",
        "(454, 759)",
        "(331, 429)",
        "(90, 851)",
        "(317, 890)",
        "(321, 902)",
        "(539, 155)",
        "(271, 794)",
        "(614, 322)",
        "(631, 50)",
        "(136, 47)",
        "(2, 491)",
        "(918, 576)",
        "(477, 680)",
        "(187, 36)",
        "(901, 862)",
        "(115, 977)",
        "(495, 633)",
        "(602, 805)",
        "(674, 119)"
    ],
    "(952, 617)": [
        "(56, 140)",
        "(939, 70)",
        "(949, 978)",
        "(317, 890)",
        "(990, 694)",
        "(907, 663)",
        "(679, 681)",
        "(984, 395)",
        "(772, 362)",
        "(334, 583)",
        "(614, 322)",
        "(55, 198)",
        "(28, 310)",
        "(602, 805)",
        "(769, 101)",
        "(630, 512)",
        "(319, 618)",
        "(111, 860)",
        "(594, 558)",
        "(982, 239)",
        "(331, 429)",
        "(402, 66)",
        "(136, 47)",
        "(90, 851)",
        "(507, 180)",
        "(392, 106)",
        "(197, 825)",
        "(484, 826)",
        "(919, 92)",
        "(37, 654)",
        "(477, 576)",
        "(876, 269)",
        "(321, 902)",
        "(419, 583)",
        "(674, 119)",
        "(837, 130)"
    ],
    "(111, 860)": [
        "(187, 36)",
        "(631, 50)",
        "(918, 576)",
        "(402, 66)",
        "(919, 92)",
        "(553, 632)",
        "(293, 177)",
        "(984, 395)",
        "(562, 812)",
        "(495, 633)",
        "(901, 862)",
        "(952, 245)",
        "(56, 140)",
        "(55, 198)",
        "(136, 47)",
        "(493, 282)",
        "(602, 805)",
        "(351, 204)",
        "(876, 269)",
        "(952, 617)",
        "(65, 299)",
        "(647, 152)",
        "(317, 890)",
        "(419, 583)",
        "(219, 680)",
        "(28, 310)",
        "(315, 537)",
        "(982, 239)",
        "(392, 106)",
        "(360, 471)",
        "(90, 851)",
        "(949, 978)",
        "(454, 759)",
        "(283, 310)",
        "(532, 100)",
        "(804, 275)",
        "(331, 429)"
    ],
    "(952, 245)": [
        "(271, 794)",
        "(901, 862)",
        "(851, 197)",
        "(56, 140)",
        "(495, 633)",
        "(351, 204)",
        "(136, 47)",
        "(111, 860)",
        "(319, 618)",
        "(402, 66)",
        "(982, 239)",
        "(331, 429)",
        "(804, 275)",
        "(602, 805)",
        "(594, 558)",
        "(769, 101)",
        "(477, 576)",
        "(477, 680)",
        "(614, 322)",
        "(714, 647)",
        "(99, 999)",
        "(2, 491)",
        "(28, 310)",
        "(630, 512)",
        "(679, 681)",
        "(772, 362)",
        "(293, 177)",
        "(197, 825)",
        "(674, 119)",
        "(949, 978)",
        "(317, 890)",
        "(647, 152)",
        "(283, 310)",
        "(360, 471)",
        "(321, 902)",
        "(484, 826)",
        "(55, 198)",
        "(939, 70)",
        "(115, 977)",
        "(990, 694)"
    ],
    "(37, 654)": [
        "(630, 512)",
        "(293, 177)",
        "(334, 583)",
        "(876, 269)",
        "(351, 204)",
        "(136, 47)",
        "(495, 633)",
        "(419, 583)",
        "(562, 812)",
        "(65, 299)",
        "(851, 197)",
        "(387, 877)",
        "(614, 322)",
        "(769, 101)",
        "(187, 36)",
        "(454, 759)",
        "(477, 576)",
        "(200, 152)",
        "(56, 140)",
        "(2, 491)",
        "(319, 618)",
        "(532, 100)",
        "(493, 282)",
        "(952, 617)",
        "(918, 576)",
        "(553, 632)",
        "(197, 825)",
        "(55, 198)",
        "(234, 835)",
        "(28, 310)",
        "(331, 429)",
        "(321, 902)",
        "(990, 694)",
        "(901, 862)",
        "(984, 395)",
        "(674, 119)",
        "(594, 558)",
        "(219, 680)",
        "(90, 851)"
    ],
    "(317, 890)": [
        "(319, 618)",
        "(952, 617)",
        "(553, 632)",
        "(630, 512)",
        "(901, 862)",
        "(876, 269)",
        "(477, 576)",
        "(351, 204)",
        "(402, 66)",
        "(315, 537)",
        "(495, 633)",
        "(90, 851)",
        "(918, 576)",
        "(804, 275)",
        "(28, 310)",
        "(111, 860)",
        "(984, 395)",
        "(454, 759)",
        "(769, 101)",
        "(772, 362)",
        "(648, 398)",
        "(631, 50)",
        "(197, 825)",
        "(405, 177)",
        "(234, 835)",
        "(647, 152)",
        "(562, 812)",
        "(837, 130)",
        "(952, 245)",
        "(982, 239)",
        "(679, 681)",
        "(594, 558)",
        "(393, 620)",
        "(331, 429)",
        "(602, 805)",
        "(539, 155)",
        "(392, 106)",
        "(331, 967)"
    ],
    "(393, 620)": [
        "(56, 140)",
        "(136, 47)",
        "(90, 851)",
        "(949, 978)",
        "(562, 812)",
        "(387, 877)",
        "(331, 429)",
        "(804, 275)",
        "(28, 310)",
        "(219, 680)",
        "(990, 694)",
        "(293, 177)",
        "(532, 100)",
        "(405, 177)",
        "(647, 152)",
        "(674, 119)",
        "(234, 835)",
        "(648, 398)",
        "(919, 92)",
        "(851, 197)",
        "(982, 239)",
        "(772, 362)",
        "(454, 759)",
        "(495, 633)",
        "(351, 204)",
        "(507, 180)",
        "(55, 198)",
        "(392, 106)",
        "(200, 152)",
        "(317, 890)",
        "(319, 618)",
        "(553, 632)",
        "(99, 999)",
        "(334, 583)"
    ],
    "(507, 180)": [
        "(331, 429)",
        "(949, 978)",
        "(630, 512)",
        "(495, 633)",
        "(990, 694)",
        "(648, 398)",
        "(55, 198)",
        "(402, 66)",
        "(283, 310)",
        "(271, 794)",
        "(197, 825)",
        "(405, 177)",
        "(334, 583)",
        "(187, 36)",
        "(454, 759)",
        "(493, 282)",
        "(851, 197)",
        "(28, 310)",
        "(331, 967)",
        "(674, 119)",
        "(360, 471)",
        "(2, 491)",
        "(631, 50)",
        "(419, 583)",
        "(952, 617)",
        "(99, 999)",
        "(387, 877)",
        "(136, 47)",
        "(234, 835)",
        "(876, 269)",
        "(392, 106)",
        "(293, 177)",
        "(984, 395)",
        "(714, 647)",
        "(393, 620)",
        "(319, 618)",
        "(982, 239)",
        "(56, 140)"
    ],
    "(630, 512)": [
        "(387, 877)",
        "(90, 851)",
        "(918, 576)",
        "(939, 70)",
        "(37, 654)",
        "(317, 890)",
        "(507, 180)",
        "(919, 92)",
        "(293, 177)",
        "(674, 119)",
        "(647, 152)",
        "(901, 862)",
        "(952, 617)",
        "(454, 759)",
        "(321, 902)",
        "(200, 152)",
        "(271, 794)",
        "(602, 805)",
        "(769, 101)",
        "(952, 245)",
        "(351, 204)",
        "(984, 395)",
        "(907, 663)",
        "(532, 100)",
        "(594, 558)",
        "(419, 583)",
        "(402, 66)",
        "(982, 239)",
        "(990, 694)",
        "(495, 633)",
        "(679, 681)"
    ],
    "(919, 92)": [
        "(55, 198)",
        "(539, 155)",
        "(933, 1)",
        "(360, 471)",
        "(769, 101)",
        "(647, 152)",
        "(631, 50)",
        "(392, 106)",
        "(111, 860)",
        "(630, 512)",
        "(28, 310)",
        "(219, 680)",
        "(331, 429)",
        "(477, 576)",
        "(200, 152)",
        "(65, 299)",
        "(477, 680)",
        "(454, 759)",
        "(562, 812)",
        "(648, 398)",
        "(234, 835)",
        "(594, 558)",
        "(907, 663)",
        "(939, 70)",
        "(990, 694)",
        "(952, 617)",
        "(393, 620)",
        "(419, 583)",
        "(56, 140)",
        "(99, 999)",
        "(115, 977)",
        "(271, 794)",
        "(387, 877)",
        "(602, 805)",
        "(837, 130)",
        "(197, 825)",
        "(851, 197)"
    ],
    "(648, 398)": [
        "(319, 618)",
        "(90, 851)",
        "(714, 647)",
        "(507, 180)",
        "(837, 130)",
        "(532, 100)",
        "(484, 826)",
        "(454, 759)",
        "(283, 310)",
        "(200, 152)",
        "(293, 177)",
        "(2, 491)",
        "(136, 47)",
        "(876, 269)",
        "(477, 680)",
        "(197, 825)",
        "(918, 576)",
        "(772, 362)",
        "(387, 877)",
        "(982, 239)",
        "(919, 92)",
        "(402, 66)",
        "(317, 890)",
        "(907, 663)",
        "(933, 1)",
        "(419, 583)",
        "(393, 620)",
        "(315, 537)",
        "(219, 680)",
        "(984, 395)",
        "(187, 36)",
        "(990, 694)",
        "(562, 812)",
        "(493, 282)",
        "(602, 805)",
        "(901, 862)",
        "(949, 978)",
        "(614, 322)",
        "(539, 155)"
    ],
    "(984, 395)": [
        "(949, 978)",
        "(2, 491)",
        "(405, 177)",
        "(602, 805)",
        "(351, 204)",
        "(952, 617)",
        "(331, 967)",
        "(419, 583)",
        "(315, 537)",
        "(111, 860)",
        "(772, 362)",
        "(933, 1)",
        "(334, 583)",
        "(493, 282)",
        "(918, 576)",
        "(55, 198)",
        "(907, 663)",
        "(360, 471)",
        "(484, 826)",
        "(594, 558)",
        "(837, 130)",
        "(317, 890)",
        "(187, 36)",
        "(939, 70)",
        "(392, 106)",
        "(630, 512)",
        "(648, 398)",
        "(647, 152)",
        "(200, 152)",
        "(507, 180)",
        "(234, 835)",
        "(197, 825)",
        "(804, 275)",
        "(477, 576)",
        "(454, 759)",
        "(321, 902)",
        "(37, 654)",
        "(982, 239)",
        "(539, 155)",
        "(562, 812)"
    ],
    "(532, 100)": [
        "(674, 119)",
        "(331, 967)",
        "(648, 398)",
        "(907, 663)",
        "(876, 269)",
        "(405, 177)",
        "(419, 583)",
        "(990, 694)",
        "(933, 1)",
        "(321, 902)",
        "(393, 620)",
        "(402, 66)",
        "(484, 826)",
        "(331, 429)",
        "(37, 654)",
        "(315, 537)",
        "(679, 681)",
        "(630, 512)",
        "(319, 618)",
        "(493, 282)",
        "(837, 130)",
        "(2, 491)",
        "(495, 633)",
        "(111, 860)",
        "(647, 152)",
        "(851, 197)",
        "(982, 239)",
        "(918, 576)"
    ],
    "(539, 155)": [
        "(772, 362)",
        "(553, 632)",
        "(919, 92)",
        "(901, 862)",
        "(331, 429)",
        "(283, 310)",
        "(65, 299)",
        "(990, 694)",
        "(28, 310)",
        "(939, 70)",
        "(631, 50)",
        "(679, 681)",
        "(321, 902)",
        "(219, 680)",
        "(187, 36)",
        "(392, 106)",
        "(90, 851)",
        "(647, 152)",
        "(271, 794)",
        "(949, 978)",
        "(674, 119)",
        "(315, 537)",
        "(933, 1)",
        "(387, 877)",
        "(769, 101)",
        "(851, 197)",
        "(99, 999)",
        "(602, 805)",
        "(55, 198)",
        "(351, 204)",
        "(234, 835)",
        "(918, 576)",
        "(317, 890)",
        "(402, 66)",
        "(984, 395)",
        "(648, 398)"
    ],
    "(982, 239)": [
        "(271, 794)",
        "(187, 36)",
        "(594, 558)",
        "(55, 198)",
        "(602, 805)",
        "(200, 152)",
        "(952, 245)",
        "(319, 618)",
        "(907, 663)",
        "(939, 70)",
        "(952, 617)",
        "(331, 429)",
        "(648, 398)",
        "(933, 1)",
        "(392, 106)",
        "(402, 66)",
        "(331, 967)",
        "(111, 860)",
        "(315, 537)",
        "(674, 119)",
        "(393, 620)",
        "(2, 491)",
        "(387, 877)",
        "(477, 576)",
        "(851, 197)",
        "(630, 512)",
        "(317, 890)",
        "(90, 851)",
        "(507, 180)",
        "(984, 395)",
        "(532, 100)",
        "(990, 694)"
    ],
    "(804, 275)": [
        "(65, 299)",
        "(334, 583)",
        "(293, 177)",
        "(939, 70)",
        "(454, 759)",
        "(714, 647)",
        "(907, 663)",
        "(918, 576)",
        "(234, 835)",
        "(271, 794)",
        "(484, 826)",
        "(200, 152)",
        "(393, 620)",
        "(360, 471)",
        "(952, 245)",
        "(495, 633)",
        "(315, 537)",
        "(837, 130)",
        "(317, 890)",
        "(419, 583)",
        "(679, 681)",
        "(562, 812)",
        "(949, 978)",
        "(387, 877)",
        "(594, 558)",
        "(990, 694)",
        "(321, 902)",
        "(674, 119)",
        "(602, 805)",
        "(984, 395)",
        "(111, 860)",
        "(405, 177)",
        "(319, 618)"
    ],
    "(949, 978)": [
        "(984, 395)",
        "(331, 429)",
        "(952, 617)",
        "(507, 180)",
        "(334, 583)",
        "(393, 620)",
        "(351, 204)",
        "(933, 1)",
        "(876, 269)",
        "(477, 680)",
        "(602, 805)",
        "(907, 663)",
        "(477, 576)",
        "(647, 152)",
        "(539, 155)",
        "(99, 999)",
        "(714, 647)",
        "(990, 694)",
        "(614, 322)",
        "(115, 977)",
        "(402, 66)",
        "(234, 835)",
        "(804, 275)",
        "(553, 632)",
        "(674, 119)",
        "(28, 310)",
        "(111, 860)",
        "(484, 826)",
        "(321, 902)",
        "(493, 282)",
        "(197, 825)",
        "(952, 245)",
        "(90, 851)",
        "(55, 198)",
        "(648, 398)",
        "(918, 576)",
        "(454, 759)"
    ],
    "(187, 36)": [
        "(234, 835)",
        "(111, 860)",
        "(392, 106)",
        "(331, 429)",
        "(982, 239)",
        "(115, 977)",
        "(674, 119)",
        "(493, 282)",
        "(419, 583)",
        "(136, 47)",
        "(334, 583)",
        "(283, 310)",
        "(507, 180)",
        "(647, 152)",
        "(495, 633)",
        "(293, 177)",
        "(876, 269)",
        "(539, 155)",
        "(65, 299)",
        "(907, 663)",
        "(602, 805)",
        "(454, 759)",
        "(37, 654)",
        "(553, 632)",
        "(984, 395)",
        "(679, 681)",
        "(315, 537)",
        "(319, 618)",
        "(901, 862)",
        "(648, 398)",
        "(594, 558)",
        "(939, 70)",
        "(769, 101)",
        "(484, 826)"
    ],
    "(631, 50)": [
        "(562, 812)",
        "(2, 491)",
        "(111, 860)",
        "(919, 92)",
        "(360, 471)",
        "(56, 140)",
        "(539, 155)",
        "(454, 759)",
        "(477, 680)",
        "(331, 967)",
        "(772, 362)",
        "(115, 977)",
        "(283, 310)",
        "(477, 576)",
        "(647, 152)",
        "(293, 177)",
        "(933, 1)",
        "(271, 794)",
        "(419, 583)",
        "(507, 180)",
        "(876, 269)",
        "(769, 101)",
        "(317, 890)",
        "(907, 663)",
        "(387, 877)",
        "(602, 805)",
        "(331, 429)",
        "(334, 583)",
        "(405, 177)",
        "(495, 633)",
        "(918, 576)",
        "(136, 47)",
        "(351, 204)",
        "(234, 835)",
        "(484, 826)",
        "(99, 999)"
    ],
    "(674, 119)": [
        "(234, 835)",
        "(532, 100)",
        "(55, 198)",
        "(187, 36)",
        "(283, 310)",
        "(901, 862)",
        "(402, 66)",
        "(392, 106)",
        "(630, 512)",
        "(507, 180)",
        "(933, 1)",
        "(553, 632)",
        "(293, 177)",
        "(200, 152)",
        "(714, 647)",
        "(837, 130)",
        "(477, 576)",
        "(918, 576)",
        "(539, 155)",
        "(990, 694)",
        "(393, 620)",
        "(319, 618)",
        "(614, 322)",
        "(679, 681)",
        "(351, 204)",
        "(647, 152)",
        "(949, 978)",
        "(982, 239)",
        "(334, 583)",
        "(939, 70)",
        "(952, 245)",
        "(804, 275)",
        "(315, 537)",
        "(65, 299)",
        "(851, 197)",
        "(2, 491)",
        "(594, 558)",
        "(331, 967)",
        "(952, 617)",
        "(387, 877)",
        "(37, 654)",
        "(769, 101)"
    ],
    "(594, 558)": [
        "(907, 663)",
        "(982, 239)",
        "(319, 618)",
        "(90, 851)",
        "(876, 269)",
        "(65, 299)",
        "(200, 152)",
        "(28, 310)",
        "(901, 862)",
        "(99, 999)",
        "(2, 491)",
        "(952, 245)",
        "(939, 70)",
        "(679, 681)",
        "(493, 282)",
        "(772, 362)",
        "(952, 617)",
        "(331, 429)",
        "(602, 805)",
        "(351, 204)",
        "(984, 395)",
        "(495, 633)",
        "(360, 471)",
        "(562, 812)",
        "(919, 92)",
        "(837, 130)",
        "(804, 275)",
        "(56, 140)",
        "(334, 583)",
        "(918, 576)",
        "(234, 835)",
        "(630, 512)",
        "(454, 759)",
        "(187, 36)",
        "(317, 890)",
        "(674, 119)",
        "(55, 198)",
        "(553, 632)",
        "(136, 47)",
        "(714, 647)",
        "(37, 654)",
        "(321, 902)"
    ],
    "(90, 851)": [
        "(2, 491)",
        "(200, 152)",
        "(402, 66)",
        "(630, 512)",
        "(990, 694)",
        "(648, 398)",
        "(594, 558)",
        "(679, 681)",
        "(393, 620)",
        "(136, 47)",
        "(283, 310)",
        "(271, 794)",
        "(321, 902)",
        "(876, 269)",
        "(317, 890)",
        "(115, 977)",
        "(918, 576)",
        "(539, 155)",
        "(65, 299)",
        "(387, 877)",
        "(234, 835)",
        "(769, 101)",
        "(419, 583)",
        "(197, 825)",
        "(952, 617)",
        "(55, 198)",
        "(901, 862)",
        "(111, 860)",
        "(614, 322)",
        "(933, 1)",
        "(334, 583)",
        "(331, 429)",
        "(949, 978)",
        "(484, 826)",
        "(553, 632)",
        "(477, 576)",
        "(982, 239)",
        "(851, 197)",
        "(99, 999)",
        "(37, 654)"
    ],
    "(933, 1)": [
        "(319, 618)",
        "(714, 647)",
        "(919, 92)",
        "(647, 152)",
        "(65, 299)",
        "(769, 101)",
        "(949, 978)",
        "(553, 632)",
        "(984, 395)",
        "(990, 694)",
        "(55, 198)",
        "(918, 576)",
        "(602, 805)",
        "(532, 100)",
        "(271, 794)",
        "(493, 282)",
        "(674, 119)",
        "(387, 877)",
        "(631, 50)",
        "(837, 130)",
        "(982, 239)",
        "(351, 204)",
        "(539, 155)",
        "(321, 902)",
        "(648, 398)",
        "(56, 140)",
        "(419, 583)",
        "(876, 269)",
        "(90, 851)",
        "(402, 66)",
        "(99, 999)",
        "(484, 826)",
        "(293, 177)",
        "(360, 471)",
        "(477, 576)"
    ],
    "(321, 902)": [
        "(115, 977)",
        "(293, 177)",
        "(360, 471)",
        "(901, 862)",
        "(918, 576)",
        "(387, 877)",
        "(56, 140)",
        "(539, 155)",
        "(402, 66)",
        "(454, 759)",
        "(136, 47)",
        "(271, 794)",
        "(907, 663)",
        "(331, 967)",
        "(90, 851)",
        "(532, 100)",
        "(99, 999)",
        "(630, 512)",
        "(495, 633)",
        "(484, 826)",
        "(55, 198)",
        "(477, 680)",
        "(851, 197)",
        "(351, 204)",
        "(769, 101)",
        "(933, 1)",
        "(200, 152)",
        "(952, 617)",
        "(772, 362)",
        "(837, 130)",
        "(876, 269)",
        "(804, 275)",
        "(949, 978)",
        "(477, 576)",
        "(562, 812)",
        "(37, 654)",
        "(2, 491)",
        "(952, 245)",
        "(602, 805)",
        "(984, 395)",
        "(315, 537)",
        "(594, 558)"
    ],
    "(351, 204)": [
        "(55, 198)",
        "(271, 794)",
        "(984, 395)",
        "(37, 654)",
        "(495, 633)",
        "(949, 978)",
        "(952, 245)",
        "(115, 977)",
        "(317, 890)",
        "(990, 694)",
        "(2, 491)",
        "(647, 152)",
        "(454, 759)",
        "(714, 647)",
        "(769, 101)",
        "(111, 860)",
        "(477, 680)",
        "(602, 805)",
        "(331, 429)",
        "(315, 537)",
        "(594, 558)",
        "(334, 583)",
        "(933, 1)",
        "(321, 902)",
        "(837, 130)",
        "(630, 512)",
        "(674, 119)",
        "(772, 362)",
        "(293, 177)",
        "(907, 663)",
        "(539, 155)",
        "(918, 576)",
        "(393, 620)",
        "(631, 50)",
        "(219, 680)",
        "(392, 106)",
        "(493, 282)",
        "(876, 269)",
        "(99, 999)",
        "(477, 576)",
        "(614, 322)"
    ],
    "(939, 70)": [
        "(952, 617)",
        "(392, 106)",
        "(630, 512)",
        "(804, 275)",
        "(539, 155)",
        "(219, 680)",
        "(197, 825)",
        "(493, 282)",
        "(56, 140)",
        "(594, 558)",
        "(982, 239)",
        "(495, 633)",
        "(454, 759)",
        "(907, 663)",
        "(614, 322)",
        "(984, 395)",
        "(919, 92)",
        "(837, 130)",
        "(136, 47)",
        "(419, 583)",
        "(674, 119)",
        "(851, 197)",
        "(99, 999)",
        "(187, 36)",
        "(952, 245)",
        "(55, 198)",
        "(2, 491)"
    ],
    "(2, 491)": [
        "(90, 851)",
        "(631, 50)",
        "(984, 395)",
        "(918, 576)",
        "(351, 204)",
        "(594, 558)",
        "(55, 198)",
        "(647, 152)",
        "(901, 862)",
        "(648, 398)",
        "(387, 877)",
        "(271, 794)",
        "(507, 180)",
        "(952, 245)",
        "(37, 654)",
        "(331, 429)",
        "(679, 681)",
        "(65, 299)",
        "(484, 826)",
        "(315, 537)",
        "(99, 999)",
        "(714, 647)",
        "(990, 694)",
        "(602, 805)",
        "(982, 239)",
        "(769, 101)",
        "(674, 119)",
        "(532, 100)",
        "(321, 902)",
        "(334, 583)",
        "(493, 282)",
        "(614, 322)",
        "(495, 633)",
        "(939, 70)",
        "(477, 680)"
    ],
    "(419, 583)": [
        "(477, 680)",
        "(283, 310)",
        "(984, 395)",
        "(187, 36)",
        "(37, 654)",
        "(532, 100)",
        "(484, 826)",
        "(647, 152)",
        "(315, 537)",
        "(804, 275)",
        "(631, 50)",
        "(111, 860)",
        "(454, 759)",
        "(219, 680)",
        "(90, 851)",
        "(495, 633)",
        "(562, 812)",
        "(918, 576)",
        "(507, 180)",
        "(648, 398)",
        "(933, 1)",
        "(919, 92)",
        "(939, 70)",
        "(99, 999)",
        "(477, 576)",
        "(714, 647)",
        "(630, 512)",
        "(952, 617)",
        "(334, 583)",
        "(614, 322)",
        "(319, 618)",
        "(331, 429)",
        "(901, 862)"
    ],
    "(219, 680)": [
        "(907, 663)",
        "(319, 618)",
        "(939, 70)",
        "(918, 576)",
        "(553, 632)",
        "(919, 92)",
        "(393, 620)",
        "(539, 155)",
        "(647, 152)",
        "(331, 967)",
        "(495, 633)",
        "(360, 471)",
        "(136, 47)",
        "(876, 269)",
        "(331, 429)",
        "(111, 860)",
        "(419, 583)",
        "(234, 835)",
        "(283, 310)",
        "(851, 197)",
        "(293, 177)",
        "(990, 694)",
        "(648, 398)",
        "(714, 647)",
        "(392, 106)",
        "(351, 204)",
        "(614, 322)",
        "(562, 812)",
        "(56, 140)",
        "(37, 654)"
    ],
    "(293, 177)": [
        "(804, 275)",
        "(321, 902)",
        "(990, 694)",
        "(37, 654)",
        "(234, 835)",
        "(115, 977)",
        "(111, 860)",
        "(553, 632)",
        "(630, 512)",
        "(99, 999)",
        "(484, 826)",
        "(187, 36)",
        "(648, 398)",
        "(393, 620)",
        "(901, 862)",
        "(674, 119)",
        "(454, 759)",
        "(631, 50)",
        "(495, 633)",
        "(392, 106)",
        "(319, 618)",
        "(197, 825)",
        "(331, 967)",
        "(647, 152)",
        "(219, 680)",
        "(271, 794)",
        "(952, 245)",
        "(351, 204)",
        "(334, 583)",
        "(507, 180)",
        "(387, 877)",
        "(360, 471)",
        "(933, 1)",
        "(55, 198)"
    ],
    "(918, 576)": [
        "(630, 512)",
        "(907, 663)",
        "(319, 618)",
        "(111, 860)",
        "(321, 902)",
        "(2, 491)",
        "(804, 275)",
        "(219, 680)",
        "(331, 429)",
        "(360, 471)",
        "(200, 152)",
        "(562, 812)",
        "(647, 152)",
        "(933, 1)",
        "(990, 694)",
        "(984, 395)",
        "(90, 851)",
        "(317, 890)",
        "(648, 398)",
        "(772, 362)",
        "(56, 140)",
        "(197, 825)",
        "(674, 119)",
        "(315, 537)",
        "(419, 583)",
        "(837, 130)",
        "(876, 269)",
        "(454, 759)",
        "(37, 654)",
        "(594, 558)",
        "(602, 805)",
        "(402, 66)",
        "(334, 583)",
        "(271, 794)",
        "(477, 576)",
        "(714, 647)",
        "(351, 204)",
        "(631, 50)",
        "(769, 101)",
        "(136, 47)",
        "(539, 155)",
        "(99, 999)",
        "(532, 100)",
        "(115, 977)",
        "(949, 978)"
    ],
    "(234, 835)": [
        "(674, 119)",
        "(187, 36)",
        "(477, 680)",
        "(99, 999)",
        "(293, 177)",
        "(901, 862)",
        "(714, 647)",
        "(283, 310)",
        "(136, 47)",
        "(804, 275)",
        "(990, 694)",
        "(679, 681)",
        "(55, 198)",
        "(65, 299)",
        "(495, 633)",
        "(387, 877)",
        "(200, 152)",
        "(454, 759)",
        "(28, 310)",
        "(331, 967)",
        "(647, 152)",
        "(360, 471)",
        "(56, 140)",
        "(90, 851)",
        "(772, 362)",
        "(271, 794)",
        "(919, 92)",
        "(219, 680)",
        "(393, 620)",
        "(949, 978)",
        "(876, 269)",
        "(405, 177)",
        "(507, 180)",
        "(837, 130)",
        "(402, 66)",
        "(594, 558)",
        "(317, 890)",
        "(37, 654)",
        "(984, 395)",
        "(197, 825)",
        "(493, 282)",
        "(539, 155)",
        "(484, 826)",
        "(315, 537)",
        "(631, 50)"
    ],
    "(360, 471)": [
        "(919, 92)",
        "(321, 902)",
        "(631, 50)",
        "(918, 576)",
        "(28, 310)",
        "(405, 177)",
        "(331, 967)",
        "(804, 275)",
        "(392, 106)",
        "(984, 395)",
        "(614, 322)",
        "(507, 180)",
        "(219, 680)",
        "(234, 835)",
        "(197, 825)",
        "(402, 66)",
        "(594, 558)",
        "(851, 197)",
        "(319, 618)",
        "(111, 860)",
        "(334, 583)",
        "(56, 140)",
        "(387, 877)",
        "(136, 47)",
        "(952, 245)",
        "(65, 299)",
        "(477, 576)",
        "(293, 177)",
        "(602, 805)",
        "(315, 537)",
        "(484, 826)",
        "(933, 1)"
    ],
    "(484, 826)": [
        "(614, 322)",
        "(402, 66)",
        "(28, 310)",
        "(553, 632)",
        "(115, 977)",
        "(387, 877)",
        "(769, 101)",
        "(99, 999)",
        "(315, 537)",
        "(804, 275)",
        "(648, 398)",
        "(293, 177)",
        "(772, 362)",
        "(419, 583)",
        "(321, 902)",
        "(984, 395)",
        "(56, 140)",
        "(392, 106)",
        "(907, 663)",
        "(901, 862)",
        "(532, 100)",
        "(493, 282)",
        "(331, 429)",
        "(197, 825)",
        "(2, 491)",
        "(952, 617)",
        "(65, 299)",
        "(477, 576)",
        "(949, 978)",
        "(334, 583)",
        "(90, 851)",
        "(55, 198)",
        "(952, 245)",
        "(933, 1)",
        "(360, 471)",
        "(234, 835)",
        "(631, 50)",
        "(187, 36)",
        "(477, 680)",
        "(405, 177)"
    ],
    "(901, 862)": [
        "(539, 155)",
        "(952, 245)",
        "(283, 310)",
        "(317, 890)",
        "(321, 902)",
        "(234, 835)",
        "(614, 322)",
        "(674, 119)",
        "(55, 198)",
        "(111, 860)",
        "(594, 558)",
        "(387, 877)",
        "(271, 794)",
        "(630, 512)",
        "(402, 66)",
        "(293, 177)",
        "(714, 647)",
        "(315, 537)",
        "(2, 491)",
        "(115, 977)",
        "(647, 152)",
        "(65, 299)",
        "(484, 826)",
        "(553, 632)",
        "(876, 269)",
        "(90, 851)",
        "(187, 36)",
        "(851, 197)",
        "(136, 47)",
        "(331, 967)",
        "(37, 654)",
        "(648, 398)",
        "(769, 101)",
        "(419, 583)",
        "(495, 633)",
        "(334, 583)"
    ],
    "(772, 362)": [
        "(539, 155)",
        "(477, 576)",
        "(315, 537)",
        "(614, 322)",
        "(477, 680)",
        "(562, 812)",
        "(55, 198)",
        "(952, 617)",
        "(984, 395)",
        "(631, 50)",
        "(484, 826)",
        "(331, 967)",
        "(594, 558)",
        "(99, 999)",
        "(648, 398)",
        "(918, 576)",
        "(115, 977)",
        "(714, 647)",
        "(334, 583)",
        "(234, 835)",
        "(317, 890)",
        "(952, 245)",
        "(405, 177)",
        "(493, 282)",
        "(136, 47)",
        "(321, 902)",
        "(393, 620)",
        "(351, 204)",
        "(647, 152)",
        "(402, 66)",
        "(679, 681)",
        "(331, 429)",
        "(200, 152)",
        "(495, 633)"
    ],
    "(331, 429)": [
        "(507, 180)",
        "(331, 967)",
        "(187, 36)",
        "(949, 978)",
        "(539, 155)",
        "(28, 310)",
        "(405, 177)",
        "(918, 576)",
        "(990, 694)",
        "(495, 633)",
        "(56, 140)",
        "(393, 620)",
        "(334, 583)",
        "(919, 92)",
        "(952, 245)",
        "(679, 681)",
        "(115, 977)",
        "(907, 663)",
        "(351, 204)",
        "(594, 558)",
        "(197, 825)",
        "(982, 239)",
        "(952, 617)",
        "(647, 152)",
        "(769, 101)",
        "(219, 680)",
        "(454, 759)",
        "(876, 269)",
        "(2, 491)",
        "(532, 100)",
        "(484, 826)",
        "(271, 794)",
        "(851, 197)",
        "(283, 310)",
        "(631, 50)",
        "(90, 851)",
        "(37, 654)",
        "(772, 362)",
        "(317, 890)",
        "(419, 583)",
        "(553, 632)",
        "(315, 537)",
        "(111, 860)"
    ],
    "(99, 999)": [
        "(907, 663)",
        "(495, 633)",
        "(647, 152)",
        "(234, 835)",
        "(553, 632)",
        "(876, 269)",
        "(484, 826)",
        "(594, 558)",
        "(331, 967)",
        "(293, 177)",
        "(65, 299)",
        "(851, 197)",
        "(321, 902)",
        "(679, 681)",
        "(772, 362)",
        "(614, 322)",
        "(952, 245)",
        "(949, 978)",
        "(507, 180)",
        "(405, 177)",
        "(539, 155)",
        "(2, 491)",
        "(55, 198)",
        "(562, 812)",
        "(115, 977)",
        "(933, 1)",
        "(419, 583)",
        "(919, 92)",
        "(990, 694)",
        "(939, 70)",
        "(283, 310)",
        "(454, 759)",
        "(392, 106)",
        "(393, 620)",
        "(918, 576)",
        "(351, 204)",
        "(90, 851)",
        "(631, 50)"
    ],
    "(477, 576)": [
        "(714, 647)",
        "(772, 362)",
        "(136, 47)",
        "(317, 890)",
        "(919, 92)",
        "(477, 680)",
        "(553, 632)",
        "(679, 681)",
        "(631, 50)",
        "(952, 245)",
        "(319, 618)",
        "(949, 978)",
        "(200, 152)",
        "(674, 119)",
        "(37, 654)",
        "(197, 825)",
        "(28, 310)",
        "(907, 663)",
        "(952, 617)",
        "(484, 826)",
        "(419, 583)",
        "(321, 902)",
        "(918, 576)",
        "(982, 239)",
        "(562, 812)",
        "(65, 299)",
        "(271, 794)",
        "(360, 471)",
        "(90, 851)",
        "(984, 395)",
        "(351, 204)",
        "(933, 1)"
    ],
    "(334, 583)": [
        "(804, 275)",
        "(949, 978)",
        "(769, 101)",
        "(271, 794)",
        "(37, 654)",
        "(952, 617)",
        "(187, 36)",
        "(714, 647)",
        "(507, 180)",
        "(331, 429)",
        "(56, 140)",
        "(392, 106)",
        "(28, 310)",
        "(984, 395)",
        "(315, 537)",
        "(402, 66)",
        "(907, 663)",
        "(351, 204)",
        "(772, 362)",
        "(55, 198)",
        "(602, 805)",
        "(679, 681)",
        "(319, 618)",
        "(331, 967)",
        "(553, 632)",
        "(360, 471)",
        "(990, 694)",
        "(594, 558)",
        "(293, 177)",
        "(851, 197)",
        "(674, 119)",
        "(876, 269)",
        "(918, 576)",
        "(90, 851)",
        "(631, 50)",
        "(419, 583)",
        "(484, 826)",
        "(2, 491)",
        "(562, 812)",
        "(477, 680)",
        "(393, 620)",
        "(901, 862)"
    ],
    "(495, 633)": [
        "(990, 694)",
        "(99, 999)",
        "(405, 177)",
        "(714, 647)",
        "(283, 310)",
        "(507, 180)",
        "(952, 245)",
        "(351, 204)",
        "(37, 654)",
        "(56, 140)",
        "(647, 152)",
        "(200, 152)",
        "(111, 860)",
        "(331, 429)",
        "(331, 967)",
        "(317, 890)",
        "(197, 825)",
        "(187, 36)",
        "(271, 794)",
        "(234, 835)",
        "(321, 902)",
        "(804, 275)",
        "(293, 177)",
        "(939, 70)",
        "(219, 680)",
        "(136, 47)",
        "(594, 558)",
        "(419, 583)",
        "(402, 66)",
        "(393, 620)",
        "(631, 50)",
        "(532, 100)",
        "(454, 759)",
        "(2, 491)",
        "(907, 663)",
        "(772, 362)",
        "(392, 106)",
        "(769, 101)",
        "(901, 862)",
        "(630, 512)"
    ],
    "(493, 282)": [
        "(319, 618)",
        "(197, 825)",
        "(405, 177)",
        "(187, 36)",
        "(553, 632)",
        "(55, 198)",
        "(402, 66)",
        "(283, 310)",
        "(939, 70)",
        "(111, 860)",
        "(507, 180)",
        "(387, 877)",
        "(990, 694)",
        "(984, 395)",
        "(933, 1)",
        "(594, 558)",
        "(837, 130)",
        "(454, 759)",
        "(602, 805)",
        "(484, 826)",
        "(876, 269)",
        "(647, 152)",
        "(37, 654)",
        "(392, 106)",
        "(772, 362)",
        "(56, 140)",
        "(949, 978)",
        "(532, 100)",
        "(234, 835)",
        "(200, 152)",
        "(2, 491)",
        "(648, 398)",
        "(351, 204)"
    ],
    "(56, 140)": [
        "(393, 620)",
        "(28, 310)",
        "(952, 617)",
        "(679, 681)",
        "(769, 101)",
        "(952, 245)",
        "(631, 50)",
        "(405, 177)",
        "(553, 632)",
        "(876, 269)",
        "(321, 902)",
        "(495, 633)",
        "(331, 429)",
        "(111, 860)",
        "(200, 152)",
        "(334, 583)",
        "(939, 70)",
        "(197, 825)",
        "(602, 805)",
        "(234, 835)",
        "(484, 826)",
        "(918, 576)",
        "(37, 654)",
        "(562, 812)",
        "(933, 1)",
        "(851, 197)",
        "(360, 471)",
        "(493, 282)",
        "(594, 558)",
        "(919, 92)",
        "(477, 680)",
        "(219, 680)",
        "(507, 180)",
        "(714, 647)"
    ],
    "(65, 299)": [
        "(804, 275)",
        "(283, 310)",
        "(402, 66)",
        "(539, 155)",
        "(647, 152)",
        "(679, 681)",
        "(714, 647)",
        "(271, 794)",
        "(933, 1)",
        "(594, 558)",
        "(907, 663)",
        "(99, 999)",
        "(37, 654)",
        "(919, 92)",
        "(234, 835)",
        "(111, 860)",
        "(187, 36)",
        "(90, 851)",
        "(901, 862)",
        "(837, 130)",
        "(454, 759)",
        "(2, 491)",
        "(405, 177)",
        "(319, 618)",
        "(484, 826)",
        "(392, 106)",
        "(315, 537)",
        "(674, 119)",
        "(477, 576)",
        "(360, 471)"
    ],
    "(200, 152)": [
        "(90, 851)",
        "(553, 632)",
        "(283, 310)",
        "(271, 794)",
        "(594, 558)",
        "(918, 576)",
        "(495, 633)",
        "(28, 310)",
        "(982, 239)",
        "(56, 140)",
        "(804, 275)",
        "(876, 269)",
        "(648, 398)",
        "(919, 92)",
        "(197, 825)",
        "(234, 835)",
        "(647, 152)",
        "(630, 512)",
        "(674, 119)",
        "(387, 877)",
        "(477, 576)",
        "(136, 47)",
        "(679, 681)",
        "(37, 654)",
        "(321, 902)",
        "(331, 967)",
        "(990, 694)",
        "(984, 395)",
        "(602, 805)",
        "(315, 537)",
        "(493, 282)",
        "(393, 620)",
        "(772, 362)",
        "(402, 66)"
    ],
    "(271, 794)": [
        "(982, 239)",
        "(405, 177)",
        "(952, 245)",
        "(351, 204)",
        "(990, 694)",
        "(334, 583)",
        "(65, 299)",
        "(200, 152)",
        "(90, 851)",
        "(507, 180)",
        "(804, 275)",
        "(901, 862)",
        "(321, 902)",
        "(495, 633)",
        "(402, 66)",
        "(933, 1)",
        "(477, 680)",
        "(2, 491)",
        "(630, 512)",
        "(631, 50)",
        "(539, 155)",
        "(283, 310)",
        "(614, 322)",
        "(234, 835)",
        "(769, 101)",
        "(331, 429)",
        "(293, 177)",
        "(136, 47)",
        "(918, 576)",
        "(714, 647)",
        "(919, 92)",
        "(477, 576)",
        "(602, 805)",
        "(851, 197)"
    ],
    "(907, 663)": [
        "(594, 558)",
        "(99, 999)",
        "(402, 66)",
        "(918, 576)",
        "(952, 617)",
        "(562, 812)",
        "(219, 680)",
        "(477, 680)",
        "(804, 275)",
        "(392, 106)",
        "(65, 299)",
        "(532, 100)",
        "(614, 322)",
        "(115, 977)",
        "(321, 902)",
        "(454, 759)",
        "(405, 177)",
        "(982, 239)",
        "(331, 429)",
        "(949, 978)",
        "(984, 395)",
        "(187, 36)",
        "(334, 583)",
        "(283, 310)",
        "(484, 826)",
        "(939, 70)",
        "(136, 47)",
        "(602, 805)",
        "(477, 576)",
        "(919, 92)",
        "(55, 198)",
        "(648, 398)",
        "(631, 50)",
        "(630, 512)",
        "(351, 204)",
        "(495, 633)",
        "(553, 632)"
    ],
    "(714, 647)": [
        "(477, 576)",
        "(405, 177)",
        "(933, 1)",
        "(647, 152)",
        "(495, 633)",
        "(769, 101)",
        "(234, 835)",
        "(65, 299)",
        "(804, 275)",
        "(648, 398)",
        "(334, 583)",
        "(990, 694)",
        "(351, 204)",
        "(283, 310)",
        "(602, 805)",
        "(553, 632)",
        "(901, 862)",
        "(674, 119)",
        "(319, 618)",
        "(772, 362)",
        "(952, 245)",
        "(949, 978)",
        "(679, 681)",
        "(562, 812)",
        "(2, 491)",
        "(219, 680)",
        "(507, 180)",
        "(419, 583)",
        "(918, 576)",
        "(271, 794)",
        "(331, 967)",
        "(594, 558)",
        "(56, 140)"
    ],
    "(136, 47)": [
        "(393, 620)",
        "(477, 576)",
        "(283, 310)",
        "(952, 245)",
        "(454, 759)",
        "(37, 654)",
        "(55, 198)",
        "(90, 851)",
        "(234, 835)",
        "(187, 36)",
        "(392, 106)",
        "(111, 860)",
        "(321, 902)",
        "(648, 398)",
        "(28, 310)",
        "(495, 633)",
        "(219, 680)",
        "(200, 152)",
        "(553, 632)",
        "(952, 617)",
        "(907, 663)",
        "(507, 180)",
        "(939, 70)",
        "(772, 362)",
        "(769, 101)",
        "(271, 794)",
        "(360, 471)",
        "(901, 862)",
        "(631, 50)",
        "(918, 576)",
        "(402, 66)",
        "(594, 558)"
    ],
    "(602, 805)": [
        "(984, 395)",
        "(315, 537)",
        "(982, 239)",
        "(990, 694)",
        "(952, 617)",
        "(111, 860)",
        "(477, 680)",
        "(714, 647)",
        "(933, 1)",
        "(952, 245)",
        "(387, 877)",
        "(614, 322)",
        "(351, 204)",
        "(562, 812)",
        "(949, 978)",
        "(187, 36)",
        "(630, 512)",
        "(594, 558)",
        "(56, 140)",
        "(402, 66)",
        "(679, 681)",
        "(493, 282)",
        "(115, 977)",
        "(334, 583)",
        "(837, 130)",
        "(907, 663)",
        "(876, 269)",
        "(539, 155)",
        "(631, 50)",
        "(918, 576)",
        "(2, 491)",
        "(200, 152)",
        "(919, 92)",
        "(804, 275)",
        "(28, 310)",
        "(360, 471)",
        "(317, 890)",
        "(392, 106)",
        "(271, 794)",
        "(321, 902)",
        "(648, 398)",
        "(769, 101)"
    ],
    "(614, 322)": [
        "(477, 680)",
        "(283, 310)",
        "(484, 826)",
        "(647, 152)",
        "(772, 362)",
        "(851, 197)",
        "(952, 617)",
        "(901, 862)",
        "(907, 663)",
        "(990, 694)",
        "(602, 805)",
        "(37, 654)",
        "(99, 999)",
        "(952, 245)",
        "(360, 471)",
        "(319, 618)",
        "(387, 877)",
        "(271, 794)",
        "(315, 537)",
        "(837, 130)",
        "(939, 70)",
        "(949, 978)",
        "(769, 101)",
        "(674, 119)",
        "(679, 681)",
        "(90, 851)",
        "(197, 825)",
        "(419, 583)",
        "(219, 680)",
        "(2, 491)",
        "(28, 310)",
        "(351, 204)",
        "(648, 398)"
    ],
    "(405, 177)": [
        "(271, 794)",
        "(714, 647)",
        "(495, 633)",
        "(553, 632)",
        "(984, 395)",
        "(493, 282)",
        "(331, 429)",
        "(56, 140)",
        "(319, 618)",
        "(360, 471)",
        "(507, 180)",
        "(837, 130)",
        "(532, 100)",
        "(907, 663)",
        "(851, 197)",
        "(393, 620)",
        "(679, 681)",
        "(876, 269)",
        "(392, 106)",
        "(647, 152)",
        "(65, 299)",
        "(99, 999)",
        "(772, 362)",
        "(197, 825)",
        "(234, 835)",
        "(990, 694)",
        "(317, 890)",
        "(28, 310)",
        "(315, 537)",
        "(631, 50)",
        "(55, 198)",
        "(804, 275)",
        "(484, 826)"
    ],
    "(197, 825)": [
        "(493, 282)",
        "(939, 70)",
        "(507, 180)",
        "(387, 877)",
        "(56, 140)",
        "(495, 633)",
        "(200, 152)",
        "(648, 398)",
        "(331, 429)",
        "(990, 694)",
        "(402, 66)",
        "(837, 130)",
        "(918, 576)",
        "(360, 471)",
        "(477, 576)",
        "(293, 177)",
        "(90, 851)",
        "(55, 198)",
        "(484, 826)",
        "(952, 617)",
        "(647, 152)",
        "(317, 890)",
        "(405, 177)",
        "(37, 654)",
        "(283, 310)",
        "(949, 978)",
        "(952, 245)",
        "(614, 322)",
        "(234, 835)",
        "(984, 395)",
        "(331, 967)",
        "(851, 197)",
        "(919, 92)"
    ],
    "(553, 632)": [
        "(539, 155)",
        "(405, 177)",
        "(317, 890)",
        "(200, 152)",
        "(484, 826)",
        "(99, 999)",
        "(56, 140)",
        "(493, 282)",
        "(111, 860)",
        "(219, 680)",
        "(293, 177)",
        "(562, 812)",
        "(933, 1)",
        "(392, 106)",
        "(477, 576)",
        "(115, 977)",
        "(315, 537)",
        "(714, 647)",
        "(402, 66)",
        "(674, 119)",
        "(990, 694)",
        "(136, 47)",
        "(901, 862)",
        "(187, 36)",
        "(28, 310)",
        "(334, 583)",
        "(949, 978)",
        "(37, 654)",
        "(319, 618)",
        "(387, 877)",
        "(594, 558)",
        "(90, 851)",
        "(393, 620)",
        "(331, 429)",
        "(331, 967)",
        "(907, 663)"
    ],
    "(331, 967)": [
        "(331, 429)",
        "(562, 812)",
        "(532, 100)",
        "(984, 395)",
        "(837, 130)",
        "(99, 999)",
        "(495, 633)",
        "(360, 471)",
        "(647, 152)",
        "(631, 50)",
        "(321, 902)",
        "(507, 180)",
        "(477, 680)",
        "(772, 362)",
        "(219, 680)",
        "(234, 835)",
        "(402, 66)",
        "(293, 177)",
        "(283, 310)",
        "(982, 239)",
        "(334, 583)",
        "(200, 152)",
        "(315, 537)",
        "(714, 647)",
        "(674, 119)",
        "(901, 862)",
        "(679, 681)",
        "(197, 825)",
        "(317, 890)",
        "(553, 632)"
    ],
    "(454, 759)": [
        "(804, 275)",
        "(136, 47)",
        "(631, 50)",
        "(402, 66)",
        "(351, 204)",
        "(321, 902)",
        "(648, 398)",
        "(507, 180)",
        "(907, 663)",
        "(630, 512)",
        "(234, 835)",
        "(293, 177)",
        "(562, 812)",
        "(939, 70)",
        "(493, 282)",
        "(919, 92)",
        "(187, 36)",
        "(769, 101)",
        "(419, 583)",
        "(37, 654)",
        "(331, 429)",
        "(65, 299)",
        "(283, 310)",
        "(317, 890)",
        "(918, 576)",
        "(111, 860)",
        "(393, 620)",
        "(594, 558)",
        "(495, 633)",
        "(99, 999)",
        "(392, 106)",
        "(984, 395)",
        "(949, 978)"
    ],
    "(837, 130)": [
        "(387, 877)",
        "(28, 310)",
        "(851, 197)",
        "(331, 967)",
        "(55, 198)",
        "(648, 398)",
        "(115, 977)",
        "(679, 681)",
        "(405, 177)",
        "(493, 282)",
        "(804, 275)",
        "(674, 119)",
        "(984, 395)",
        "(197, 825)",
        "(933, 1)",
        "(65, 299)",
        "(614, 322)",
        "(602, 805)",
        "(351, 204)",
        "(918, 576)",
        "(939, 70)",
        "(594, 558)",
        "(234, 835)",
        "(321, 902)",
        "(402, 66)",
        "(317, 890)",
        "(532, 100)",
        "(315, 537)",
        "(319, 618)",
        "(990, 694)",
        "(919, 92)",
        "(647, 152)",
        "(952, 617)"
    ],
    "(990, 694)": [
        "(495, 633)",
        "(952, 617)",
        "(90, 851)",
        "(293, 177)",
        "(271, 794)",
        "(539, 155)",
        "(392, 106)",
        "(769, 101)",
        "(402, 66)",
        "(562, 812)",
        "(507, 180)",
        "(55, 198)",
        "(331, 429)",
        "(602, 805)",
        "(351, 204)",
        "(234, 835)",
        "(714, 647)",
        "(933, 1)",
        "(918, 576)",
        "(532, 100)",
        "(614, 322)",
        "(393, 620)",
        "(493, 282)",
        "(197, 825)",
        "(315, 537)",
        "(553, 632)",
        "(949, 978)",
        "(851, 197)",
        "(674, 119)",
        "(679, 681)",
        "(919, 92)",
        "(219, 680)",
        "(200, 152)",
        "(405, 177)",
        "(319, 618)",
        "(334, 583)",
        "(804, 275)",
        "(2, 491)",
        "(876, 269)",
        "(99, 999)",
        "(648, 398)",
        "(37, 654)",
        "(630, 512)",
        "(837, 130)",
        "(982, 239)",
        "(952, 245)"
    ],
    "(562, 812)": [
        "(631, 50)",
        "(28, 310)",
        "(907, 663)",
        "(769, 101)",
        "(772, 362)",
        "(331, 967)",
        "(990, 694)",
        "(393, 620)",
        "(283, 310)",
        "(319, 618)",
        "(111, 860)",
        "(918, 576)",
        "(553, 632)",
        "(37, 654)",
        "(602, 805)",
        "(454, 759)",
        "(919, 92)",
        "(402, 66)",
        "(594, 558)",
        "(419, 583)",
        "(714, 647)",
        "(56, 140)",
        "(804, 275)",
        "(115, 977)",
        "(99, 999)",
        "(876, 269)",
        "(317, 890)",
        "(321, 902)",
        "(477, 576)",
        "(648, 398)",
        "(219, 680)",
        "(334, 583)",
        "(984, 395)",
        "(55, 198)"
    ],
    "(28, 310)": [
        "(56, 140)",
        "(562, 812)",
        "(837, 130)",
        "(851, 197)",
        "(331, 429)",
        "(539, 155)",
        "(484, 826)",
        "(952, 617)",
        "(360, 471)",
        "(200, 152)",
        "(919, 92)",
        "(594, 558)",
        "(477, 680)",
        "(392, 106)",
        "(402, 66)",
        "(393, 620)",
        "(334, 583)",
        "(507, 180)",
        "(234, 835)",
        "(136, 47)",
        "(317, 890)",
        "(952, 245)",
        "(387, 877)",
        "(111, 860)",
        "(553, 632)",
        "(477, 576)",
        "(949, 978)",
        "(405, 177)",
        "(37, 654)",
        "(602, 805)",
        "(319, 618)",
        "(647, 152)",
        "(614, 322)"
    ],
    "(647, 152)": [
        "(319, 618)",
        "(714, 647)",
        "(614, 322)",
        "(99, 999)",
        "(919, 92)",
        "(65, 299)",
        "(933, 1)",
        "(115, 977)",
        "(495, 633)",
        "(351, 204)",
        "(918, 576)",
        "(187, 36)",
        "(331, 967)",
        "(630, 512)",
        "(2, 491)",
        "(876, 269)",
        "(219, 680)",
        "(200, 152)",
        "(631, 50)",
        "(419, 583)",
        "(283, 310)",
        "(234, 835)",
        "(477, 680)",
        "(901, 862)",
        "(949, 978)",
        "(539, 155)",
        "(111, 860)",
        "(331, 429)",
        "(393, 620)",
        "(405, 177)",
        "(55, 198)",
        "(493, 282)",
        "(293, 177)",
        "(851, 197)",
        "(197, 825)",
        "(674, 119)",
        "(392, 106)",
        "(984, 395)",
        "(772, 362)",
        "(317, 890)",
        "(952, 245)",
        "(532, 100)",
        "(28, 310)",
        "(837, 130)"
    ],
    "(55, 198)": [
        "(919, 92)",
        "(351, 204)",
        "(392, 106)",
        "(674, 119)",
        "(319, 618)",
        "(772, 362)",
        "(837, 130)",
        "(507, 180)",
        "(136, 47)",
        "(990, 694)",
        "(952, 617)",
        "(982, 239)",
        "(901, 862)",
        "(493, 282)",
        "(111, 860)",
        "(933, 1)",
        "(234, 835)",
        "(2, 491)",
        "(679, 681)",
        "(984, 395)",
        "(321, 902)",
        "(334, 583)",
        "(647, 152)",
        "(197, 825)",
        "(115, 977)",
        "(907, 663)",
        "(90, 851)",
        "(99, 999)",
        "(37, 654)",
        "(539, 155)",
        "(387, 877)",
        "(405, 177)",
        "(393, 620)",
        "(484, 826)",
        "(594, 558)",
        "(949, 978)",
        "(952, 245)",
        "(939, 70)",
        "(562, 812)",
        "(293, 177)"
    ],
    "(115, 977)": [
        "(321, 902)",
        "(293, 177)",
        "(187, 36)",
        "(484, 826)",
        "(351, 204)",
        "(647, 152)",
        "(837, 130)",
        "(876, 269)",
        "(907, 663)",
        "(331, 429)",
        "(553, 632)",
        "(631, 50)",
        "(901, 862)",
        "(90, 851)",
        "(392, 106)",
        "(772, 362)",
        "(602, 805)",
        "(949, 978)",
        "(55, 198)",
        "(562, 812)",
        "(99, 999)",
        "(919, 92)",
        "(851, 197)",
        "(952, 245)",
        "(769, 101)",
        "(283, 310)",
        "(918, 576)"
    ]
}