{
    "(759, 141)": [
        "(209, 236)",
        "(454, 408)",
        "(764, 491)"
    ],
    "(435, 448)": [
        "(355, 614)",
        "(764, 491)"
    ],
    "(781, 58)": [
        "(454, 408)",
        "(502, 432)"
    ],
    "(454, 408)": [
        "(588, 598)",
        "(781, 58)",
        "(759, 141)"
    ],
    "(385, 307)": [
        "(502, 432)"
    ],
    "(118, 709)": [
        "(580, 247)"
    ],
    "(209, 236)": [
        "(764, 491)",
        "(759, 141)",
        "(502, 432)"
    ],
    "(764, 491)": [
        "(209, 236)",
        "(435, 448)",
        "(759, 141)"
    ],
    "(698, 745)": [
        "(685, 355)"
    ],
    "(997, 331)": [
        "(588, 598)"
    ],
    "(617, 400)": [],
    "(551, 665)": [
        "(588, 598)"
    ],
    "(355, 614)": [
        "(435, 448)",
        "(580, 247)"
    ],
    "(502, 432)": [
        "(385, 307)",
        "(209, 236)",
        "(781, 58)"
    ],
    "(580, 247)": [
        "(685, 355)",
        "(118, 709)",
        "(355, 614)"
    ],
    "(685, 355)": [
        "(580, 247)",
        "(698, 745)"
    ],
    "(588, 598)": [
        "(551, 665)",
        "(454, 408)",
        "(997, 331)"
    ]
}