{
    "(873, 37)": [
        "(384, 955)",
        "(918, 627)",
        "(546, 438)",
        "(740, 219)",
        "(290, 799)",
        "(832, 182)",
        "(756, 219)",
        "(942, 679)",
        "(764, 598)",
        "(457, 208)",
        "(952, 768)",
        "(146, 186)",
        "(206, 615)",
        "(353, 889)",
        "(342, 420)",
        "(400, 526)",
        "(841, 376)",
        "(767, 695)",
        "(497, 148)",
        "(541, 308)",
        "(108, 818)",
        "(327, 727)",
        "(248, 385)",
        "(219, 399)",
        "(724, 840)",
        "(383, 862)",
        "(171, 163)"
    ],
    "(942, 679)": [
        "(546, 438)",
        "(307, 203)",
        "(219, 399)",
        "(492, 193)",
        "(873, 37)",
        "(763, 89)",
        "(37, 302)",
        "(226, 609)",
        "(400, 526)",
        "(384, 955)",
        "(756, 219)",
        "(90, 103)",
        "(497, 148)",
        "(311, 87)",
        "(440, 438)",
        "(759, 106)",
        "(649, 303)",
        "(952, 768)",
        "(327, 727)",
        "(838, 776)",
        "(8, 440)"
    ],
    "(835, 131)": [
        "(959, 77)",
        "(239, 12)",
        "(290, 799)",
        "(18, 300)",
        "(681, 571)",
        "(430, 4)",
        "(740, 219)",
        "(681, 942)",
        "(83, 771)",
        "(189, 305)",
        "(475, 567)",
        "(507, 851)",
        "(68, 98)",
        "(34, 256)",
        "(92, 15)",
        "(841, 376)",
        "(326, 556)",
        "(724, 840)",
        "(837, 925)",
        "(503, 914)",
        "(935, 210)",
        "(206, 615)",
        "(247, 192)",
        "(216, 279)",
        "(172, 483)",
        "(492, 193)",
        "(342, 420)"
    ],
    "(759, 106)": [
        "(984, 938)",
        "(124, 172)",
        "(546, 438)",
        "(326, 556)",
        "(290, 799)",
        "(146, 186)",
        "(767, 695)",
        "(199, 297)",
        "(815, 343)",
        "(832, 182)",
        "(507, 851)",
        "(171, 163)",
        "(219, 399)",
        "(681, 571)",
        "(503, 914)",
        "(942, 679)",
        "(383, 862)",
        "(492, 193)",
        "(83, 771)",
        "(108, 818)",
        "(216, 279)",
        "(20, 753)",
        "(282, 754)"
    ],
    "(546, 438)": [
        "(942, 679)",
        "(215, 531)",
        "(873, 37)",
        "(135, 257)",
        "(724, 840)",
        "(472, 815)",
        "(759, 106)",
        "(311, 87)",
        "(307, 203)",
        "(837, 925)",
        "(904, 978)",
        "(92, 15)",
        "(384, 955)",
        "(8, 440)",
        "(411, 14)",
        "(239, 12)",
        "(353, 889)",
        "(172, 483)",
        "(206, 615)",
        "(959, 77)",
        "(219, 399)",
        "(681, 942)",
        "(430, 4)",
        "(446, 220)",
        "(999, 971)",
        "(611, 197)",
        "(83, 771)"
    ],
    "(726, 483)": [
        "(327, 727)",
        "(326, 556)",
        "(503, 914)",
        "(172, 483)",
        "(146, 186)",
        "(497, 148)",
        "(239, 12)",
        "(226, 609)",
        "(838, 776)",
        "(411, 14)",
        "(918, 627)",
        "(899, 492)",
        "(769, 141)",
        "(756, 219)",
        "(216, 279)",
        "(611, 197)",
        "(675, 876)",
        "(799, 296)",
        "(457, 208)",
        "(853, 338)",
        "(613, 494)",
        "(922, 130)",
        "(171, 163)",
        "(8, 440)",
        "(841, 376)"
    ],
    "(219, 399)": [
        "(383, 862)",
        "(541, 308)",
        "(764, 598)",
        "(384, 955)",
        "(942, 679)",
        "(171, 163)",
        "(512, 369)",
        "(853, 338)",
        "(146, 186)",
        "(497, 148)",
        "(261, 916)",
        "(507, 851)",
        "(546, 438)",
        "(759, 106)",
        "(799, 296)",
        "(199, 297)",
        "(486, 931)",
        "(999, 971)",
        "(135, 257)",
        "(124, 172)",
        "(411, 14)",
        "(681, 942)",
        "(342, 420)",
        "(873, 37)",
        "(215, 531)",
        "(769, 141)",
        "(763, 89)",
        "(172, 483)",
        "(37, 302)",
        "(756, 219)"
    ],
    "(247, 192)": [
        "(922, 130)",
        "(90, 103)",
        "(764, 598)",
        "(619, 739)",
        "(832, 182)",
        "(83, 771)",
        "(37, 302)",
        "(837, 925)",
        "(611, 197)",
        "(899, 492)",
        "(290, 799)",
        "(18, 300)",
        "(146, 186)",
        "(583, 805)",
        "(904, 978)",
        "(226, 609)",
        "(486, 931)",
        "(613, 494)",
        "(763, 89)",
        "(984, 938)",
        "(108, 818)",
        "(835, 131)",
        "(724, 840)",
        "(440, 438)"
    ],
    "(37, 302)": [
        "(383, 862)",
        "(503, 914)",
        "(247, 192)",
        "(446, 220)",
        "(90, 103)",
        "(8, 440)",
        "(430, 4)",
        "(307, 203)",
        "(541, 308)",
        "(172, 483)",
        "(135, 257)",
        "(942, 679)",
        "(206, 615)",
        "(171, 163)",
        "(472, 815)",
        "(282, 754)",
        "(764, 598)",
        "(68, 98)",
        "(189, 305)",
        "(838, 776)",
        "(709, 701)",
        "(326, 556)",
        "(922, 130)",
        "(108, 818)",
        "(763, 89)",
        "(124, 172)",
        "(435, 959)",
        "(799, 296)",
        "(83, 771)",
        "(411, 14)",
        "(219, 399)"
    ],
    "(767, 695)": [
        "(8, 440)",
        "(216, 279)",
        "(327, 727)",
        "(307, 203)",
        "(759, 106)",
        "(497, 148)",
        "(853, 338)",
        "(959, 77)",
        "(261, 916)",
        "(90, 103)",
        "(873, 37)",
        "(400, 526)",
        "(215, 531)",
        "(282, 754)",
        "(68, 98)",
        "(451, 481)",
        "(512, 369)",
        "(904, 978)",
        "(724, 840)",
        "(999, 971)",
        "(503, 914)",
        "(600, 985)"
    ],
    "(512, 369)": [
        "(261, 916)",
        "(353, 889)",
        "(681, 942)",
        "(756, 219)",
        "(838, 776)",
        "(984, 938)",
        "(503, 914)",
        "(219, 399)",
        "(199, 297)",
        "(837, 925)",
        "(922, 130)",
        "(90, 103)",
        "(37, 441)",
        "(400, 526)",
        "(763, 89)",
        "(832, 182)",
        "(583, 805)",
        "(541, 308)",
        "(326, 556)",
        "(172, 483)",
        "(767, 695)",
        "(327, 727)",
        "(600, 985)",
        "(435, 959)",
        "(206, 615)",
        "(215, 531)"
    ],
    "(400, 526)": [
        "(600, 985)",
        "(838, 776)",
        "(959, 77)",
        "(984, 938)",
        "(899, 492)",
        "(740, 219)",
        "(239, 12)",
        "(92, 15)",
        "(307, 203)",
        "(837, 925)",
        "(942, 679)",
        "(841, 376)",
        "(904, 978)",
        "(446, 220)",
        "(18, 300)",
        "(512, 369)",
        "(873, 37)",
        "(922, 130)",
        "(619, 739)",
        "(767, 695)",
        "(384, 955)",
        "(999, 971)",
        "(475, 567)",
        "(327, 727)"
    ],
    "(326, 556)": [
        "(541, 308)",
        "(726, 483)",
        "(952, 768)",
        "(935, 210)",
        "(435, 959)",
        "(759, 106)",
        "(619, 739)",
        "(206, 615)",
        "(583, 805)",
        "(841, 376)",
        "(835, 131)",
        "(37, 302)",
        "(457, 208)",
        "(146, 186)",
        "(430, 4)",
        "(799, 296)",
        "(504, 152)",
        "(92, 15)",
        "(261, 916)",
        "(512, 369)",
        "(675, 876)",
        "(83, 771)",
        "(740, 219)",
        "(769, 141)",
        "(475, 567)",
        "(613, 494)",
        "(239, 12)"
    ],
    "(507, 851)": [
        "(554, 414)",
        "(307, 203)",
        "(504, 152)",
        "(952, 768)",
        "(290, 799)",
        "(83, 771)",
        "(899, 492)",
        "(835, 131)",
        "(681, 942)",
        "(759, 106)",
        "(18, 300)",
        "(219, 399)",
        "(709, 701)",
        "(583, 805)",
        "(904, 978)",
        "(675, 876)",
        "(248, 385)",
        "(518, 555)",
        "(68, 98)",
        "(492, 193)",
        "(918, 627)",
        "(446, 220)",
        "(8, 440)",
        "(959, 77)",
        "(226, 609)"
    ],
    "(108, 818)": [
        "(411, 14)",
        "(832, 182)",
        "(837, 925)",
        "(763, 89)",
        "(799, 296)",
        "(171, 163)",
        "(613, 494)",
        "(124, 172)",
        "(486, 931)",
        "(189, 305)",
        "(83, 771)",
        "(446, 220)",
        "(37, 302)",
        "(873, 37)",
        "(999, 971)",
        "(239, 12)",
        "(290, 799)",
        "(247, 192)",
        "(199, 297)",
        "(759, 106)",
        "(261, 916)",
        "(216, 279)",
        "(384, 955)"
    ],
    "(457, 208)": [
        "(740, 219)",
        "(613, 494)",
        "(935, 210)",
        "(199, 297)",
        "(497, 148)",
        "(873, 37)",
        "(311, 87)",
        "(841, 376)",
        "(430, 4)",
        "(261, 916)",
        "(326, 556)",
        "(172, 483)",
        "(435, 959)",
        "(832, 182)",
        "(999, 971)",
        "(726, 483)",
        "(994, 525)",
        "(709, 701)",
        "(135, 257)"
    ],
    "(764, 598)": [
        "(247, 192)",
        "(215, 531)",
        "(135, 257)",
        "(219, 399)",
        "(248, 385)",
        "(832, 182)",
        "(18, 300)",
        "(873, 37)",
        "(8, 440)",
        "(853, 338)",
        "(799, 296)",
        "(681, 942)",
        "(384, 955)",
        "(497, 148)",
        "(37, 302)",
        "(446, 220)",
        "(619, 739)",
        "(290, 799)",
        "(709, 701)"
    ],
    "(475, 567)": [
        "(411, 14)",
        "(383, 862)",
        "(837, 925)",
        "(171, 163)",
        "(899, 492)",
        "(740, 219)",
        "(189, 305)",
        "(172, 483)",
        "(327, 727)",
        "(835, 131)",
        "(613, 494)",
        "(994, 525)",
        "(815, 343)",
        "(342, 420)",
        "(20, 753)",
        "(922, 130)",
        "(68, 98)",
        "(649, 303)",
        "(492, 193)",
        "(400, 526)",
        "(326, 556)",
        "(619, 739)"
    ],
    "(611, 197)": [
        "(92, 15)",
        "(248, 385)",
        "(247, 192)",
        "(261, 916)",
        "(709, 701)",
        "(216, 279)",
        "(600, 985)",
        "(440, 438)",
        "(853, 338)",
        "(922, 130)",
        "(497, 148)",
        "(518, 555)",
        "(486, 931)",
        "(342, 420)",
        "(68, 98)",
        "(769, 141)",
        "(675, 876)",
        "(8, 440)",
        "(726, 483)",
        "(311, 87)",
        "(451, 481)",
        "(899, 492)",
        "(554, 414)",
        "(83, 771)",
        "(172, 483)",
        "(546, 438)",
        "(583, 805)"
    ],
    "(904, 978)": [
        "(216, 279)",
        "(999, 971)",
        "(290, 799)",
        "(649, 303)",
        "(546, 438)",
        "(446, 220)",
        "(400, 526)",
        "(430, 4)",
        "(90, 103)",
        "(935, 210)",
        "(411, 14)",
        "(37, 441)",
        "(247, 192)",
        "(124, 172)",
        "(282, 754)",
        "(83, 771)",
        "(507, 851)",
        "(799, 296)",
        "(675, 876)",
        "(767, 695)"
    ],
    "(838, 776)": [
        "(400, 526)",
        "(756, 219)",
        "(512, 369)",
        "(261, 916)",
        "(411, 14)",
        "(20, 753)",
        "(518, 555)",
        "(554, 414)",
        "(726, 483)",
        "(583, 805)",
        "(837, 925)",
        "(740, 219)",
        "(37, 302)",
        "(600, 985)",
        "(34, 256)",
        "(675, 876)",
        "(290, 799)",
        "(446, 220)",
        "(613, 494)",
        "(327, 727)",
        "(430, 4)",
        "(942, 679)",
        "(248, 385)"
    ],
    "(952, 768)": [
        "(326, 556)",
        "(756, 219)",
        "(541, 308)",
        "(994, 525)",
        "(507, 851)",
        "(815, 343)",
        "(353, 889)",
        "(769, 141)",
        "(873, 37)",
        "(724, 840)",
        "(841, 376)",
        "(959, 77)",
        "(206, 615)",
        "(999, 971)",
        "(307, 203)",
        "(942, 679)",
        "(451, 481)",
        "(199, 297)",
        "(503, 914)",
        "(435, 959)"
    ],
    "(649, 303)": [
        "(724, 840)",
        "(239, 12)",
        "(172, 483)",
        "(922, 130)",
        "(904, 978)",
        "(430, 4)",
        "(841, 376)",
        "(503, 914)",
        "(740, 219)",
        "(999, 971)",
        "(799, 296)",
        "(994, 525)",
        "(554, 414)",
        "(124, 172)",
        "(384, 955)",
        "(475, 567)",
        "(226, 609)",
        "(248, 385)",
        "(942, 679)",
        "(472, 815)",
        "(146, 186)"
    ],
    "(959, 77)": [
        "(248, 385)",
        "(835, 131)",
        "(724, 840)",
        "(384, 955)",
        "(400, 526)",
        "(290, 799)",
        "(767, 695)",
        "(681, 571)",
        "(83, 771)",
        "(546, 438)",
        "(952, 768)",
        "(763, 89)",
        "(239, 12)",
        "(171, 163)",
        "(472, 815)",
        "(619, 739)",
        "(507, 851)",
        "(411, 14)"
    ],
    "(327, 727)": [
        "(726, 483)",
        "(935, 210)",
        "(199, 297)",
        "(841, 376)",
        "(767, 695)",
        "(475, 567)",
        "(411, 14)",
        "(984, 938)",
        "(37, 441)",
        "(918, 627)",
        "(20, 753)",
        "(756, 219)",
        "(189, 305)",
        "(873, 37)",
        "(472, 815)",
        "(512, 369)",
        "(838, 776)",
        "(942, 679)",
        "(135, 257)",
        "(400, 526)",
        "(709, 701)",
        "(172, 483)"
    ],
    "(999, 971)": [
        "(215, 531)",
        "(904, 978)",
        "(18, 300)",
        "(290, 799)",
        "(353, 889)",
        "(189, 305)",
        "(918, 627)",
        "(922, 130)",
        "(342, 420)",
        "(146, 186)",
        "(430, 4)",
        "(649, 303)",
        "(239, 12)",
        "(841, 376)",
        "(68, 98)",
        "(20, 753)",
        "(435, 959)",
        "(219, 399)",
        "(583, 805)",
        "(486, 931)",
        "(92, 15)",
        "(135, 257)",
        "(108, 818)",
        "(554, 414)",
        "(675, 876)",
        "(952, 768)",
        "(546, 438)",
        "(457, 208)",
        "(400, 526)",
        "(767, 695)",
        "(600, 985)",
        "(935, 210)"
    ],
    "(935, 210)": [
        "(799, 296)",
        "(457, 208)",
        "(326, 556)",
        "(327, 727)",
        "(504, 152)",
        "(681, 571)",
        "(216, 279)",
        "(922, 130)",
        "(486, 931)",
        "(724, 840)",
        "(837, 925)",
        "(383, 862)",
        "(740, 219)",
        "(90, 103)",
        "(904, 978)",
        "(841, 376)",
        "(248, 385)",
        "(68, 98)",
        "(199, 297)",
        "(853, 338)",
        "(835, 131)",
        "(600, 985)",
        "(999, 971)",
        "(189, 305)"
    ],
    "(600, 985)": [
        "(400, 526)",
        "(226, 609)",
        "(503, 914)",
        "(837, 925)",
        "(311, 87)",
        "(248, 385)",
        "(216, 279)",
        "(611, 197)",
        "(146, 186)",
        "(815, 343)",
        "(430, 4)",
        "(90, 103)",
        "(486, 931)",
        "(838, 776)",
        "(171, 163)",
        "(497, 148)",
        "(34, 256)",
        "(472, 815)",
        "(83, 771)",
        "(763, 89)",
        "(935, 210)",
        "(512, 369)",
        "(769, 141)",
        "(999, 971)",
        "(767, 695)"
    ],
    "(853, 338)": [
        "(20, 753)",
        "(440, 438)",
        "(342, 420)",
        "(709, 701)",
        "(34, 256)",
        "(311, 87)",
        "(611, 197)",
        "(832, 182)",
        "(767, 695)",
        "(764, 598)",
        "(219, 399)",
        "(503, 914)",
        "(769, 141)",
        "(383, 862)",
        "(763, 89)",
        "(935, 210)",
        "(726, 483)",
        "(681, 571)"
    ],
    "(34, 256)": [
        "(740, 219)",
        "(583, 805)",
        "(554, 414)",
        "(261, 916)",
        "(681, 942)",
        "(124, 172)",
        "(215, 531)",
        "(411, 14)",
        "(853, 338)",
        "(922, 130)",
        "(18, 300)",
        "(994, 525)",
        "(835, 131)",
        "(8, 440)",
        "(675, 876)",
        "(600, 985)",
        "(838, 776)",
        "(984, 938)",
        "(799, 296)",
        "(472, 815)",
        "(307, 203)"
    ],
    "(215, 531)": [
        "(999, 971)",
        "(546, 438)",
        "(503, 914)",
        "(764, 598)",
        "(740, 219)",
        "(34, 256)",
        "(261, 916)",
        "(135, 257)",
        "(146, 186)",
        "(8, 440)",
        "(353, 889)",
        "(918, 627)",
        "(724, 840)",
        "(383, 862)",
        "(90, 103)",
        "(239, 12)",
        "(311, 87)",
        "(841, 376)",
        "(767, 695)",
        "(206, 615)",
        "(681, 571)",
        "(219, 399)",
        "(172, 483)",
        "(189, 305)",
        "(512, 369)"
    ],
    "(261, 916)": [
        "(18, 300)",
        "(512, 369)",
        "(34, 256)",
        "(611, 197)",
        "(472, 815)",
        "(838, 776)",
        "(215, 531)",
        "(307, 203)",
        "(675, 876)",
        "(83, 771)",
        "(554, 414)",
        "(342, 420)",
        "(899, 492)",
        "(189, 305)",
        "(219, 399)",
        "(457, 208)",
        "(619, 739)",
        "(767, 695)",
        "(171, 163)",
        "(492, 193)",
        "(740, 219)",
        "(326, 556)",
        "(172, 483)",
        "(384, 955)",
        "(108, 818)",
        "(290, 799)",
        "(282, 754)",
        "(206, 615)"
    ],
    "(68, 98)": [
        "(440, 438)",
        "(899, 492)",
        "(451, 481)",
        "(492, 193)",
        "(282, 754)",
        "(189, 305)",
        "(20, 753)",
        "(835, 131)",
        "(613, 494)",
        "(37, 302)",
        "(18, 300)",
        "(311, 87)",
        "(611, 197)",
        "(8, 440)",
        "(353, 889)",
        "(503, 914)",
        "(999, 971)",
        "(935, 210)",
        "(507, 851)",
        "(475, 567)",
        "(206, 615)",
        "(767, 695)",
        "(172, 483)",
        "(994, 525)",
        "(383, 862)"
    ],
    "(383, 862)": [
        "(219, 399)",
        "(37, 302)",
        "(763, 89)",
        "(475, 567)",
        "(492, 193)",
        "(681, 942)",
        "(504, 152)",
        "(411, 14)",
        "(430, 4)",
        "(935, 210)",
        "(8, 440)",
        "(206, 615)",
        "(215, 531)",
        "(124, 172)",
        "(171, 163)",
        "(853, 338)",
        "(384, 955)",
        "(832, 182)",
        "(815, 343)",
        "(759, 106)",
        "(451, 481)",
        "(146, 186)",
        "(873, 37)",
        "(311, 87)",
        "(440, 438)",
        "(68, 98)"
    ],
    "(681, 942)": [
        "(512, 369)",
        "(34, 256)",
        "(554, 414)",
        "(681, 571)",
        "(446, 220)",
        "(613, 494)",
        "(435, 959)",
        "(383, 862)",
        "(835, 131)",
        "(764, 598)",
        "(492, 193)",
        "(507, 851)",
        "(546, 438)",
        "(307, 203)",
        "(171, 163)",
        "(504, 152)",
        "(219, 399)",
        "(994, 525)",
        "(135, 257)",
        "(837, 925)",
        "(353, 889)",
        "(8, 440)"
    ],
    "(435, 959)": [
        "(497, 148)",
        "(353, 889)",
        "(384, 955)",
        "(326, 556)",
        "(918, 627)",
        "(619, 739)",
        "(681, 942)",
        "(37, 441)",
        "(430, 4)",
        "(541, 308)",
        "(613, 494)",
        "(740, 219)",
        "(799, 296)",
        "(199, 297)",
        "(472, 815)",
        "(999, 971)",
        "(457, 208)",
        "(681, 571)",
        "(124, 172)",
        "(675, 876)",
        "(146, 186)",
        "(512, 369)",
        "(37, 302)",
        "(922, 130)",
        "(952, 768)",
        "(216, 279)"
    ],
    "(216, 279)": [
        "(904, 978)",
        "(709, 701)",
        "(681, 571)",
        "(226, 609)",
        "(935, 210)",
        "(767, 695)",
        "(611, 197)",
        "(600, 985)",
        "(740, 219)",
        "(504, 152)",
        "(994, 525)",
        "(146, 186)",
        "(290, 799)",
        "(282, 754)",
        "(541, 308)",
        "(503, 914)",
        "(726, 483)",
        "(492, 193)",
        "(724, 840)",
        "(835, 131)",
        "(108, 818)",
        "(759, 106)",
        "(20, 753)",
        "(435, 959)"
    ],
    "(90, 103)": [
        "(247, 192)",
        "(342, 420)",
        "(769, 141)",
        "(497, 148)",
        "(756, 219)",
        "(37, 302)",
        "(799, 296)",
        "(709, 701)",
        "(307, 203)",
        "(206, 615)",
        "(239, 12)",
        "(512, 369)",
        "(146, 186)",
        "(935, 210)",
        "(600, 985)",
        "(904, 978)",
        "(942, 679)",
        "(215, 531)",
        "(767, 695)",
        "(815, 343)",
        "(899, 492)"
    ],
    "(832, 182)": [
        "(108, 818)",
        "(247, 192)",
        "(873, 37)",
        "(709, 701)",
        "(764, 598)",
        "(541, 308)",
        "(853, 338)",
        "(759, 106)",
        "(20, 753)",
        "(307, 203)",
        "(171, 163)",
        "(457, 208)",
        "(146, 186)",
        "(512, 369)",
        "(383, 862)",
        "(994, 525)",
        "(430, 4)",
        "(486, 931)",
        "(899, 492)",
        "(922, 130)",
        "(18, 300)",
        "(124, 172)"
    ],
    "(282, 754)": [
        "(503, 914)",
        "(918, 627)",
        "(189, 305)",
        "(68, 98)",
        "(342, 420)",
        "(681, 571)",
        "(446, 220)",
        "(83, 771)",
        "(216, 279)",
        "(37, 302)",
        "(384, 955)",
        "(518, 555)",
        "(740, 219)",
        "(922, 130)",
        "(497, 148)",
        "(904, 978)",
        "(440, 438)",
        "(226, 609)",
        "(767, 695)",
        "(451, 481)",
        "(146, 186)",
        "(261, 916)",
        "(759, 106)",
        "(769, 141)"
    ],
    "(675, 876)": [
        "(384, 955)",
        "(486, 931)",
        "(815, 343)",
        "(918, 627)",
        "(92, 15)",
        "(261, 916)",
        "(541, 308)",
        "(799, 296)",
        "(411, 14)",
        "(984, 938)",
        "(611, 197)",
        "(613, 494)",
        "(34, 256)",
        "(507, 851)",
        "(838, 776)",
        "(726, 483)",
        "(904, 978)",
        "(326, 556)",
        "(999, 971)",
        "(435, 959)",
        "(199, 297)",
        "(430, 4)",
        "(994, 525)"
    ],
    "(411, 14)": [
        "(108, 818)",
        "(342, 420)",
        "(799, 296)",
        "(206, 615)",
        "(307, 203)",
        "(475, 567)",
        "(841, 376)",
        "(769, 141)",
        "(446, 220)",
        "(554, 414)",
        "(838, 776)",
        "(34, 256)",
        "(383, 862)",
        "(541, 308)",
        "(327, 727)",
        "(472, 815)",
        "(546, 438)",
        "(675, 876)",
        "(726, 483)",
        "(904, 978)",
        "(613, 494)",
        "(219, 399)",
        "(583, 805)",
        "(384, 955)",
        "(709, 701)",
        "(92, 15)",
        "(497, 148)",
        "(37, 302)",
        "(959, 77)"
    ],
    "(899, 492)": [
        "(68, 98)",
        "(492, 193)",
        "(400, 526)",
        "(475, 567)",
        "(247, 192)",
        "(37, 441)",
        "(837, 925)",
        "(507, 851)",
        "(613, 494)",
        "(841, 376)",
        "(261, 916)",
        "(146, 186)",
        "(763, 89)",
        "(726, 483)",
        "(353, 889)",
        "(307, 203)",
        "(290, 799)",
        "(504, 152)",
        "(611, 197)",
        "(832, 182)",
        "(90, 103)"
    ],
    "(451, 481)": [
        "(68, 98)",
        "(290, 799)",
        "(769, 141)",
        "(918, 627)",
        "(83, 771)",
        "(171, 163)",
        "(189, 305)",
        "(486, 931)",
        "(384, 955)",
        "(311, 87)",
        "(984, 938)",
        "(239, 12)",
        "(994, 525)",
        "(611, 197)",
        "(383, 862)",
        "(282, 754)",
        "(767, 695)",
        "(952, 768)",
        "(226, 609)",
        "(135, 257)"
    ],
    "(799, 296)": [
        "(935, 210)",
        "(411, 14)",
        "(497, 148)",
        "(430, 4)",
        "(108, 818)",
        "(769, 141)",
        "(583, 805)",
        "(90, 103)",
        "(504, 152)",
        "(764, 598)",
        "(649, 303)",
        "(815, 343)",
        "(675, 876)",
        "(20, 753)",
        "(435, 959)",
        "(219, 399)",
        "(290, 799)",
        "(326, 556)",
        "(353, 889)",
        "(135, 257)",
        "(904, 978)",
        "(248, 385)",
        "(726, 483)",
        "(34, 256)",
        "(83, 771)",
        "(146, 186)",
        "(681, 571)",
        "(518, 555)",
        "(172, 483)",
        "(37, 302)"
    ],
    "(206, 615)": [
        "(353, 889)",
        "(411, 14)",
        "(984, 938)",
        "(199, 297)",
        "(384, 955)",
        "(326, 556)",
        "(815, 343)",
        "(37, 302)",
        "(90, 103)",
        "(446, 220)",
        "(873, 37)",
        "(383, 862)",
        "(546, 438)",
        "(994, 525)",
        "(918, 627)",
        "(681, 571)",
        "(92, 15)",
        "(952, 768)",
        "(68, 98)",
        "(835, 131)",
        "(215, 531)",
        "(512, 369)",
        "(261, 916)"
    ],
    "(503, 914)": [
        "(282, 754)",
        "(215, 531)",
        "(726, 483)",
        "(922, 130)",
        "(709, 701)",
        "(37, 302)",
        "(815, 343)",
        "(600, 985)",
        "(613, 494)",
        "(649, 303)",
        "(512, 369)",
        "(20, 753)",
        "(124, 172)",
        "(504, 152)",
        "(853, 338)",
        "(68, 98)",
        "(216, 279)",
        "(837, 925)",
        "(759, 106)",
        "(226, 609)",
        "(835, 131)",
        "(8, 440)",
        "(307, 203)",
        "(952, 768)",
        "(767, 695)"
    ],
    "(311, 87)": [
        "(756, 219)",
        "(681, 571)",
        "(546, 438)",
        "(600, 985)",
        "(853, 338)",
        "(457, 208)",
        "(307, 203)",
        "(135, 257)",
        "(68, 98)",
        "(451, 481)",
        "(497, 148)",
        "(446, 220)",
        "(172, 483)",
        "(215, 531)",
        "(763, 89)",
        "(942, 679)",
        "(837, 925)",
        "(841, 376)",
        "(611, 197)",
        "(18, 300)",
        "(342, 420)",
        "(384, 955)",
        "(769, 141)",
        "(383, 862)"
    ],
    "(837, 925)": [
        "(108, 818)",
        "(475, 567)",
        "(247, 192)",
        "(600, 985)",
        "(546, 438)",
        "(899, 492)",
        "(440, 438)",
        "(935, 210)",
        "(400, 526)",
        "(512, 369)",
        "(838, 776)",
        "(815, 343)",
        "(135, 257)",
        "(472, 815)",
        "(841, 376)",
        "(486, 931)",
        "(311, 87)",
        "(503, 914)",
        "(541, 308)",
        "(248, 385)",
        "(835, 131)",
        "(342, 420)",
        "(681, 942)",
        "(239, 12)",
        "(37, 441)"
    ],
    "(239, 12)": [
        "(835, 131)",
        "(20, 753)",
        "(440, 438)",
        "(649, 303)",
        "(815, 343)",
        "(726, 483)",
        "(400, 526)",
        "(446, 220)",
        "(90, 103)",
        "(546, 438)",
        "(999, 971)",
        "(215, 531)",
        "(451, 481)",
        "(504, 152)",
        "(959, 77)",
        "(984, 938)",
        "(108, 818)",
        "(918, 627)",
        "(763, 89)",
        "(199, 297)",
        "(837, 925)",
        "(326, 556)",
        "(518, 555)"
    ],
    "(248, 385)": [
        "(959, 77)",
        "(171, 163)",
        "(611, 197)",
        "(764, 598)",
        "(504, 152)",
        "(600, 985)",
        "(83, 771)",
        "(37, 441)",
        "(994, 525)",
        "(769, 141)",
        "(935, 210)",
        "(353, 889)",
        "(507, 851)",
        "(18, 300)",
        "(837, 925)",
        "(799, 296)",
        "(497, 148)",
        "(649, 303)",
        "(873, 37)",
        "(20, 753)",
        "(838, 776)"
    ],
    "(492, 193)": [
        "(8, 440)",
        "(899, 492)",
        "(68, 98)",
        "(172, 483)",
        "(383, 862)",
        "(446, 220)",
        "(20, 753)",
        "(942, 679)",
        "(171, 163)",
        "(841, 376)",
        "(681, 942)",
        "(724, 840)",
        "(619, 739)",
        "(994, 525)",
        "(342, 420)",
        "(554, 414)",
        "(507, 851)",
        "(261, 916)",
        "(216, 279)",
        "(226, 609)",
        "(475, 567)",
        "(759, 106)",
        "(835, 131)",
        "(984, 938)",
        "(613, 494)"
    ],
    "(486, 931)": [
        "(675, 876)",
        "(763, 89)",
        "(935, 210)",
        "(497, 148)",
        "(740, 219)",
        "(172, 483)",
        "(451, 481)",
        "(611, 197)",
        "(600, 985)",
        "(837, 925)",
        "(108, 818)",
        "(446, 220)",
        "(922, 130)",
        "(583, 805)",
        "(769, 141)",
        "(247, 192)",
        "(219, 399)",
        "(999, 971)",
        "(226, 609)",
        "(832, 182)"
    ],
    "(124, 172)": [
        "(815, 343)",
        "(759, 106)",
        "(34, 256)",
        "(171, 163)",
        "(503, 914)",
        "(769, 141)",
        "(709, 701)",
        "(763, 89)",
        "(108, 818)",
        "(904, 978)",
        "(984, 938)",
        "(649, 303)",
        "(8, 440)",
        "(613, 494)",
        "(383, 862)",
        "(307, 203)",
        "(681, 571)",
        "(219, 399)",
        "(756, 219)",
        "(541, 308)",
        "(435, 959)",
        "(37, 302)",
        "(832, 182)"
    ],
    "(199, 297)": [
        "(994, 525)",
        "(504, 152)",
        "(37, 441)",
        "(984, 938)",
        "(554, 414)",
        "(327, 727)",
        "(457, 208)",
        "(206, 615)",
        "(307, 203)",
        "(92, 15)",
        "(759, 106)",
        "(512, 369)",
        "(583, 805)",
        "(709, 701)",
        "(435, 959)",
        "(219, 399)",
        "(541, 308)",
        "(935, 210)",
        "(171, 163)",
        "(108, 818)",
        "(675, 876)",
        "(430, 4)",
        "(239, 12)",
        "(952, 768)",
        "(518, 555)",
        "(740, 219)"
    ],
    "(83, 771)": [
        "(815, 343)",
        "(247, 192)",
        "(440, 438)",
        "(451, 481)",
        "(261, 916)",
        "(763, 89)",
        "(507, 851)",
        "(835, 131)",
        "(248, 385)",
        "(290, 799)",
        "(282, 754)",
        "(472, 815)",
        "(959, 77)",
        "(841, 376)",
        "(37, 441)",
        "(904, 978)",
        "(600, 985)",
        "(108, 818)",
        "(554, 414)",
        "(171, 163)",
        "(799, 296)",
        "(446, 220)",
        "(724, 840)",
        "(918, 627)",
        "(326, 556)",
        "(611, 197)",
        "(759, 106)",
        "(37, 302)",
        "(8, 440)",
        "(546, 438)"
    ],
    "(769, 141)": [
        "(613, 494)",
        "(451, 481)",
        "(90, 103)",
        "(518, 555)",
        "(799, 296)",
        "(918, 627)",
        "(922, 130)",
        "(411, 14)",
        "(724, 840)",
        "(952, 768)",
        "(307, 203)",
        "(124, 172)",
        "(440, 438)",
        "(763, 89)",
        "(815, 343)",
        "(611, 197)",
        "(248, 385)",
        "(541, 308)",
        "(384, 955)",
        "(853, 338)",
        "(486, 931)",
        "(726, 483)",
        "(756, 219)",
        "(18, 300)",
        "(219, 399)",
        "(600, 985)",
        "(326, 556)",
        "(353, 889)",
        "(172, 483)",
        "(311, 87)",
        "(554, 414)",
        "(282, 754)"
    ],
    "(171, 163)": [
        "(189, 305)",
        "(248, 385)",
        "(504, 152)",
        "(475, 567)",
        "(472, 815)",
        "(219, 399)",
        "(124, 172)",
        "(451, 481)",
        "(492, 193)",
        "(108, 818)",
        "(37, 302)",
        "(613, 494)",
        "(759, 106)",
        "(832, 182)",
        "(994, 525)",
        "(600, 985)",
        "(446, 220)",
        "(681, 571)",
        "(261, 916)",
        "(681, 942)",
        "(383, 862)",
        "(83, 771)",
        "(959, 77)",
        "(199, 297)",
        "(763, 89)",
        "(726, 483)",
        "(307, 203)",
        "(172, 483)",
        "(873, 37)",
        "(709, 701)"
    ],
    "(504, 152)": [
        "(918, 627)",
        "(199, 297)",
        "(994, 525)",
        "(507, 851)",
        "(935, 210)",
        "(171, 163)",
        "(248, 385)",
        "(619, 739)",
        "(922, 130)",
        "(383, 862)",
        "(740, 219)",
        "(554, 414)",
        "(216, 279)",
        "(799, 296)",
        "(92, 15)",
        "(503, 914)",
        "(239, 12)",
        "(326, 556)",
        "(681, 942)",
        "(8, 440)",
        "(472, 815)",
        "(899, 492)",
        "(135, 257)",
        "(497, 148)",
        "(307, 203)",
        "(583, 805)"
    ],
    "(541, 308)": [
        "(326, 556)",
        "(219, 399)",
        "(952, 768)",
        "(37, 302)",
        "(832, 182)",
        "(411, 14)",
        "(675, 876)",
        "(435, 959)",
        "(769, 141)",
        "(216, 279)",
        "(199, 297)",
        "(873, 37)",
        "(837, 925)",
        "(124, 172)",
        "(518, 555)",
        "(512, 369)",
        "(384, 955)"
    ],
    "(709, 701)": [
        "(92, 15)",
        "(503, 914)",
        "(216, 279)",
        "(611, 197)",
        "(832, 182)",
        "(613, 494)",
        "(853, 338)",
        "(90, 103)",
        "(124, 172)",
        "(507, 851)",
        "(37, 302)",
        "(199, 297)",
        "(446, 220)",
        "(994, 525)",
        "(172, 483)",
        "(815, 343)",
        "(440, 438)",
        "(764, 598)",
        "(411, 14)",
        "(307, 203)",
        "(619, 739)",
        "(430, 4)",
        "(457, 208)",
        "(327, 727)",
        "(171, 163)"
    ],
    "(146, 186)": [
        "(759, 106)",
        "(726, 483)",
        "(613, 494)",
        "(215, 531)",
        "(999, 971)",
        "(216, 279)",
        "(247, 192)",
        "(873, 37)",
        "(219, 399)",
        "(899, 492)",
        "(600, 985)",
        "(90, 103)",
        "(326, 556)",
        "(832, 182)",
        "(740, 219)",
        "(799, 296)",
        "(282, 754)",
        "(435, 959)",
        "(383, 862)",
        "(649, 303)"
    ],
    "(994, 525)": [
        "(199, 297)",
        "(504, 152)",
        "(8, 440)",
        "(740, 219)",
        "(518, 555)",
        "(952, 768)",
        "(497, 148)",
        "(216, 279)",
        "(34, 256)",
        "(649, 303)",
        "(922, 130)",
        "(475, 567)",
        "(248, 385)",
        "(171, 163)",
        "(492, 193)",
        "(709, 701)",
        "(206, 615)",
        "(451, 481)",
        "(681, 942)",
        "(832, 182)",
        "(984, 938)",
        "(681, 571)",
        "(457, 208)",
        "(68, 98)",
        "(675, 876)"
    ],
    "(135, 257)": [
        "(918, 627)",
        "(290, 799)",
        "(546, 438)",
        "(764, 598)",
        "(172, 483)",
        "(215, 531)",
        "(37, 302)",
        "(440, 438)",
        "(311, 87)",
        "(554, 414)",
        "(837, 925)",
        "(219, 399)",
        "(799, 296)",
        "(613, 494)",
        "(999, 971)",
        "(681, 942)",
        "(307, 203)",
        "(504, 152)",
        "(327, 727)",
        "(451, 481)",
        "(619, 739)",
        "(457, 208)",
        "(756, 219)",
        "(922, 130)"
    ],
    "(446, 220)": [
        "(37, 302)",
        "(681, 942)",
        "(37, 441)",
        "(492, 193)",
        "(724, 840)",
        "(430, 4)",
        "(411, 14)",
        "(239, 12)",
        "(282, 754)",
        "(92, 15)",
        "(206, 615)",
        "(904, 978)",
        "(764, 598)",
        "(311, 87)",
        "(226, 609)",
        "(400, 526)",
        "(486, 931)",
        "(709, 701)",
        "(918, 627)",
        "(171, 163)",
        "(472, 815)",
        "(108, 818)",
        "(546, 438)",
        "(838, 776)",
        "(83, 771)",
        "(507, 851)",
        "(583, 805)",
        "(497, 148)",
        "(384, 955)",
        "(763, 89)"
    ],
    "(472, 815)": [
        "(353, 889)",
        "(546, 438)",
        "(171, 163)",
        "(984, 938)",
        "(261, 916)",
        "(497, 148)",
        "(411, 14)",
        "(37, 302)",
        "(83, 771)",
        "(619, 739)",
        "(837, 925)",
        "(435, 959)",
        "(446, 220)",
        "(600, 985)",
        "(18, 300)",
        "(504, 152)",
        "(327, 727)",
        "(959, 77)",
        "(554, 414)",
        "(649, 303)",
        "(922, 130)",
        "(34, 256)",
        "(430, 4)"
    ],
    "(384, 955)": [
        "(675, 876)",
        "(873, 37)",
        "(959, 77)",
        "(219, 399)",
        "(435, 959)",
        "(497, 148)",
        "(206, 615)",
        "(546, 438)",
        "(92, 15)",
        "(764, 598)",
        "(282, 754)",
        "(619, 739)",
        "(583, 805)",
        "(942, 679)",
        "(451, 481)",
        "(769, 141)",
        "(649, 303)",
        "(430, 4)",
        "(383, 862)",
        "(261, 916)",
        "(400, 526)",
        "(411, 14)",
        "(311, 87)",
        "(108, 818)",
        "(290, 799)",
        "(446, 220)",
        "(541, 308)"
    ],
    "(307, 203)": [
        "(507, 851)",
        "(411, 14)",
        "(942, 679)",
        "(546, 438)",
        "(261, 916)",
        "(767, 695)",
        "(37, 302)",
        "(199, 297)",
        "(172, 483)",
        "(400, 526)",
        "(769, 141)",
        "(90, 103)",
        "(311, 87)",
        "(832, 182)",
        "(430, 4)",
        "(681, 942)",
        "(124, 172)",
        "(740, 219)",
        "(899, 492)",
        "(135, 257)",
        "(709, 701)",
        "(952, 768)",
        "(504, 152)",
        "(984, 938)",
        "(503, 914)",
        "(171, 163)",
        "(34, 256)"
    ],
    "(518, 555)": [
        "(430, 4)",
        "(994, 525)",
        "(769, 141)",
        "(756, 219)",
        "(440, 438)",
        "(838, 776)",
        "(189, 305)",
        "(724, 840)",
        "(611, 197)",
        "(282, 754)",
        "(172, 483)",
        "(507, 851)",
        "(226, 609)",
        "(541, 308)",
        "(799, 296)",
        "(20, 753)",
        "(199, 297)",
        "(583, 805)",
        "(239, 12)",
        "(740, 219)"
    ],
    "(440, 438)": [
        "(68, 98)",
        "(239, 12)",
        "(853, 338)",
        "(83, 771)",
        "(353, 889)",
        "(518, 555)",
        "(837, 925)",
        "(611, 197)",
        "(135, 257)",
        "(226, 609)",
        "(769, 141)",
        "(984, 938)",
        "(282, 754)",
        "(583, 805)",
        "(756, 219)",
        "(942, 679)",
        "(37, 441)",
        "(709, 701)",
        "(383, 862)",
        "(247, 192)"
    ],
    "(815, 343)": [
        "(20, 753)",
        "(124, 172)",
        "(83, 771)",
        "(503, 914)",
        "(675, 876)",
        "(239, 12)",
        "(952, 768)",
        "(290, 799)",
        "(206, 615)",
        "(759, 106)",
        "(799, 296)",
        "(600, 985)",
        "(769, 141)",
        "(475, 567)",
        "(837, 925)",
        "(353, 889)",
        "(984, 938)",
        "(709, 701)",
        "(383, 862)",
        "(90, 103)",
        "(226, 609)"
    ],
    "(922, 130)": [
        "(247, 192)",
        "(503, 914)",
        "(226, 609)",
        "(649, 303)",
        "(935, 210)",
        "(769, 141)",
        "(999, 971)",
        "(504, 152)",
        "(34, 256)",
        "(611, 197)",
        "(512, 369)",
        "(994, 525)",
        "(282, 754)",
        "(486, 931)",
        "(475, 567)",
        "(37, 302)",
        "(400, 526)",
        "(342, 420)",
        "(353, 889)",
        "(472, 815)",
        "(832, 182)",
        "(726, 483)",
        "(435, 959)",
        "(497, 148)",
        "(613, 494)",
        "(135, 257)",
        "(756, 219)"
    ],
    "(756, 219)": [
        "(311, 87)",
        "(430, 4)",
        "(512, 369)",
        "(90, 103)",
        "(290, 799)",
        "(952, 768)",
        "(838, 776)",
        "(518, 555)",
        "(873, 37)",
        "(841, 376)",
        "(583, 805)",
        "(942, 679)",
        "(226, 609)",
        "(726, 483)",
        "(440, 438)",
        "(327, 727)",
        "(124, 172)",
        "(769, 141)",
        "(554, 414)",
        "(135, 257)",
        "(219, 399)",
        "(922, 130)"
    ],
    "(430, 4)": [
        "(756, 219)",
        "(799, 296)",
        "(518, 555)",
        "(497, 148)",
        "(835, 131)",
        "(649, 303)",
        "(446, 220)",
        "(37, 302)",
        "(435, 959)",
        "(383, 862)",
        "(999, 971)",
        "(619, 739)",
        "(457, 208)",
        "(600, 985)",
        "(307, 203)",
        "(904, 978)",
        "(546, 438)",
        "(326, 556)",
        "(342, 420)",
        "(384, 955)",
        "(226, 609)",
        "(20, 753)",
        "(832, 182)",
        "(675, 876)",
        "(199, 297)",
        "(709, 701)",
        "(838, 776)",
        "(472, 815)"
    ],
    "(92, 15)": [
        "(611, 197)",
        "(709, 701)",
        "(675, 876)",
        "(546, 438)",
        "(841, 376)",
        "(199, 297)",
        "(18, 300)",
        "(400, 526)",
        "(740, 219)",
        "(446, 220)",
        "(384, 955)",
        "(835, 131)",
        "(504, 152)",
        "(326, 556)",
        "(206, 615)",
        "(999, 971)",
        "(411, 14)"
    ],
    "(290, 799)": [
        "(999, 971)",
        "(451, 481)",
        "(135, 257)",
        "(835, 131)",
        "(904, 978)",
        "(873, 37)",
        "(756, 219)",
        "(507, 851)",
        "(759, 106)",
        "(815, 343)",
        "(247, 192)",
        "(216, 279)",
        "(959, 77)",
        "(83, 771)",
        "(619, 739)",
        "(189, 305)",
        "(799, 296)",
        "(342, 420)",
        "(838, 776)",
        "(764, 598)",
        "(899, 492)",
        "(108, 818)",
        "(353, 889)",
        "(261, 916)",
        "(841, 376)",
        "(724, 840)",
        "(384, 955)"
    ],
    "(763, 89)": [
        "(383, 862)",
        "(486, 931)",
        "(108, 818)",
        "(841, 376)",
        "(619, 739)",
        "(83, 771)",
        "(942, 679)",
        "(769, 141)",
        "(124, 172)",
        "(899, 492)",
        "(512, 369)",
        "(311, 87)",
        "(853, 338)",
        "(959, 77)",
        "(247, 192)",
        "(37, 441)",
        "(37, 302)",
        "(600, 985)",
        "(583, 805)",
        "(239, 12)",
        "(171, 163)",
        "(219, 399)",
        "(446, 220)"
    ],
    "(172, 483)": [
        "(649, 303)",
        "(726, 483)",
        "(492, 193)",
        "(135, 257)",
        "(37, 302)",
        "(475, 567)",
        "(307, 203)",
        "(486, 931)",
        "(226, 609)",
        "(546, 438)",
        "(518, 555)",
        "(311, 87)",
        "(457, 208)",
        "(841, 376)",
        "(709, 701)",
        "(261, 916)",
        "(512, 369)",
        "(611, 197)",
        "(8, 440)",
        "(835, 131)",
        "(215, 531)",
        "(799, 296)",
        "(769, 141)",
        "(68, 98)",
        "(327, 727)",
        "(171, 163)",
        "(219, 399)"
    ],
    "(918, 627)": [
        "(504, 152)",
        "(873, 37)",
        "(135, 257)",
        "(740, 219)",
        "(451, 481)",
        "(282, 754)",
        "(435, 959)",
        "(675, 876)",
        "(769, 141)",
        "(999, 971)",
        "(681, 571)",
        "(20, 753)",
        "(215, 531)",
        "(726, 483)",
        "(327, 727)",
        "(18, 300)",
        "(446, 220)",
        "(353, 889)",
        "(206, 615)",
        "(342, 420)",
        "(507, 851)",
        "(583, 805)",
        "(83, 771)",
        "(239, 12)"
    ],
    "(583, 805)": [
        "(34, 256)",
        "(799, 296)",
        "(8, 440)",
        "(326, 556)",
        "(838, 776)",
        "(247, 192)",
        "(384, 955)",
        "(756, 219)",
        "(199, 297)",
        "(486, 931)",
        "(507, 851)",
        "(440, 438)",
        "(411, 14)",
        "(999, 971)",
        "(512, 369)",
        "(918, 627)",
        "(763, 89)",
        "(18, 300)",
        "(446, 220)",
        "(613, 494)",
        "(518, 555)",
        "(504, 152)",
        "(611, 197)"
    ],
    "(37, 441)": [
        "(199, 297)",
        "(446, 220)",
        "(435, 959)",
        "(899, 492)",
        "(248, 385)",
        "(327, 727)",
        "(20, 753)",
        "(512, 369)",
        "(904, 978)",
        "(83, 771)",
        "(189, 305)",
        "(440, 438)",
        "(763, 89)",
        "(984, 938)",
        "(837, 925)"
    ],
    "(353, 889)": [
        "(206, 615)",
        "(512, 369)",
        "(435, 959)",
        "(999, 971)",
        "(472, 815)",
        "(18, 300)",
        "(189, 305)",
        "(681, 571)",
        "(440, 438)",
        "(952, 768)",
        "(215, 531)",
        "(20, 753)",
        "(740, 219)",
        "(546, 438)",
        "(815, 343)",
        "(68, 98)",
        "(873, 37)",
        "(918, 627)",
        "(899, 492)",
        "(248, 385)",
        "(799, 296)",
        "(922, 130)",
        "(290, 799)",
        "(681, 942)",
        "(769, 141)"
    ],
    "(8, 440)": [
        "(492, 193)",
        "(994, 525)",
        "(554, 414)",
        "(767, 695)",
        "(37, 302)",
        "(546, 438)",
        "(583, 805)",
        "(215, 531)",
        "(764, 598)",
        "(383, 862)",
        "(189, 305)",
        "(740, 219)",
        "(34, 256)",
        "(68, 98)",
        "(124, 172)",
        "(497, 148)",
        "(611, 197)",
        "(504, 152)",
        "(503, 914)",
        "(172, 483)",
        "(984, 938)",
        "(507, 851)",
        "(942, 679)",
        "(83, 771)",
        "(726, 483)",
        "(681, 942)"
    ],
    "(554, 414)": [
        "(507, 851)",
        "(34, 256)",
        "(681, 942)",
        "(199, 297)",
        "(8, 440)",
        "(411, 14)",
        "(261, 916)",
        "(504, 152)",
        "(838, 776)",
        "(135, 257)",
        "(649, 303)",
        "(492, 193)",
        "(83, 771)",
        "(999, 971)",
        "(611, 197)",
        "(472, 815)",
        "(756, 219)",
        "(769, 141)"
    ],
    "(681, 571)": [
        "(613, 494)",
        "(311, 87)",
        "(20, 753)",
        "(681, 942)",
        "(216, 279)",
        "(353, 889)",
        "(835, 131)",
        "(935, 210)",
        "(918, 627)",
        "(740, 219)",
        "(282, 754)",
        "(984, 938)",
        "(959, 77)",
        "(171, 163)",
        "(619, 739)",
        "(759, 106)",
        "(206, 615)",
        "(124, 172)",
        "(435, 959)",
        "(799, 296)",
        "(215, 531)",
        "(994, 525)",
        "(342, 420)",
        "(853, 338)"
    ],
    "(613, 494)": [
        "(457, 208)",
        "(681, 571)",
        "(769, 141)",
        "(681, 942)",
        "(503, 914)",
        "(709, 701)",
        "(146, 186)",
        "(740, 219)",
        "(899, 492)",
        "(497, 148)",
        "(475, 567)",
        "(68, 98)",
        "(435, 959)",
        "(108, 818)",
        "(171, 163)",
        "(18, 300)",
        "(675, 876)",
        "(124, 172)",
        "(247, 192)",
        "(724, 840)",
        "(411, 14)",
        "(135, 257)",
        "(838, 776)",
        "(726, 483)",
        "(583, 805)",
        "(326, 556)",
        "(492, 193)",
        "(922, 130)"
    ],
    "(226, 609)": [
        "(600, 985)",
        "(922, 130)",
        "(216, 279)",
        "(724, 840)",
        "(726, 483)",
        "(740, 219)",
        "(942, 679)",
        "(440, 438)",
        "(172, 483)",
        "(446, 220)",
        "(20, 753)",
        "(247, 192)",
        "(756, 219)",
        "(518, 555)",
        "(282, 754)",
        "(503, 914)",
        "(649, 303)",
        "(492, 193)",
        "(430, 4)",
        "(486, 931)",
        "(451, 481)",
        "(507, 851)",
        "(815, 343)"
    ],
    "(619, 739)": [
        "(189, 305)",
        "(247, 192)",
        "(435, 959)",
        "(504, 152)",
        "(326, 556)",
        "(763, 89)",
        "(290, 799)",
        "(384, 955)",
        "(472, 815)",
        "(430, 4)",
        "(492, 193)",
        "(681, 571)",
        "(261, 916)",
        "(740, 219)",
        "(764, 598)",
        "(841, 376)",
        "(400, 526)",
        "(709, 701)",
        "(959, 77)",
        "(135, 257)",
        "(475, 567)"
    ],
    "(724, 840)": [
        "(959, 77)",
        "(649, 303)",
        "(18, 300)",
        "(546, 438)",
        "(446, 220)",
        "(769, 141)",
        "(226, 609)",
        "(935, 210)",
        "(342, 420)",
        "(518, 555)",
        "(952, 768)",
        "(492, 193)",
        "(835, 131)",
        "(215, 531)",
        "(984, 938)",
        "(613, 494)",
        "(83, 771)",
        "(216, 279)",
        "(767, 695)",
        "(247, 192)",
        "(873, 37)",
        "(290, 799)"
    ],
    "(984, 938)": [
        "(759, 106)",
        "(199, 297)",
        "(400, 526)",
        "(206, 615)",
        "(472, 815)",
        "(512, 369)",
        "(681, 571)",
        "(327, 727)",
        "(675, 876)",
        "(440, 438)",
        "(724, 840)",
        "(815, 343)",
        "(124, 172)",
        "(451, 481)",
        "(34, 256)",
        "(247, 192)",
        "(239, 12)",
        "(841, 376)",
        "(37, 441)",
        "(994, 525)",
        "(8, 440)",
        "(307, 203)",
        "(492, 193)"
    ],
    "(20, 753)": [
        "(239, 12)",
        "(841, 376)",
        "(815, 343)",
        "(681, 571)",
        "(853, 338)",
        "(492, 193)",
        "(503, 914)",
        "(838, 776)",
        "(68, 98)",
        "(189, 305)",
        "(37, 441)",
        "(799, 296)",
        "(353, 889)",
        "(832, 182)",
        "(918, 627)",
        "(475, 567)",
        "(226, 609)",
        "(497, 148)",
        "(999, 971)",
        "(327, 727)",
        "(430, 4)",
        "(518, 555)",
        "(248, 385)",
        "(216, 279)",
        "(759, 106)"
    ],
    "(18, 300)": [
        "(261, 916)",
        "(999, 971)",
        "(724, 840)",
        "(353, 889)",
        "(835, 131)",
        "(764, 598)",
        "(92, 15)",
        "(247, 192)",
        "(34, 256)",
        "(68, 98)",
        "(507, 851)",
        "(613, 494)",
        "(918, 627)",
        "(400, 526)",
        "(472, 815)",
        "(248, 385)",
        "(311, 87)",
        "(769, 141)",
        "(583, 805)",
        "(832, 182)"
    ],
    "(342, 420)": [
        "(411, 14)",
        "(90, 103)",
        "(853, 338)",
        "(999, 971)",
        "(261, 916)",
        "(282, 754)",
        "(724, 840)",
        "(475, 567)",
        "(611, 197)",
        "(873, 37)",
        "(492, 193)",
        "(430, 4)",
        "(922, 130)",
        "(290, 799)",
        "(918, 627)",
        "(837, 925)",
        "(311, 87)",
        "(219, 399)",
        "(681, 571)",
        "(189, 305)",
        "(835, 131)"
    ],
    "(189, 305)": [
        "(619, 739)",
        "(171, 163)",
        "(999, 971)",
        "(353, 889)",
        "(282, 754)",
        "(68, 98)",
        "(475, 567)",
        "(835, 131)",
        "(497, 148)",
        "(518, 555)",
        "(20, 753)",
        "(451, 481)",
        "(261, 916)",
        "(290, 799)",
        "(37, 302)",
        "(8, 440)",
        "(37, 441)",
        "(108, 818)",
        "(327, 727)",
        "(215, 531)",
        "(342, 420)",
        "(935, 210)"
    ],
    "(497, 148)": [
        "(435, 959)",
        "(799, 296)",
        "(90, 103)",
        "(430, 4)",
        "(384, 955)",
        "(994, 525)",
        "(726, 483)",
        "(457, 208)",
        "(767, 695)",
        "(486, 931)",
        "(472, 815)",
        "(613, 494)",
        "(189, 305)",
        "(611, 197)",
        "(219, 399)",
        "(764, 598)",
        "(311, 87)",
        "(282, 754)",
        "(600, 985)",
        "(942, 679)",
        "(20, 753)",
        "(8, 440)",
        "(873, 37)",
        "(248, 385)",
        "(504, 152)",
        "(411, 14)",
        "(446, 220)",
        "(922, 130)"
    ],
    "(841, 376)": [
        "(20, 753)",
        "(763, 89)",
        "(327, 727)",
        "(411, 14)",
        "(649, 303)",
        "(92, 15)",
        "(899, 492)",
        "(492, 193)",
        "(326, 556)",
        "(400, 526)",
        "(835, 131)",
        "(457, 208)",
        "(756, 219)",
        "(952, 768)",
        "(837, 925)",
        "(935, 210)",
        "(83, 771)",
        "(999, 971)",
        "(172, 483)",
        "(619, 739)",
        "(873, 37)",
        "(311, 87)",
        "(215, 531)",
        "(984, 938)",
        "(290, 799)",
        "(740, 219)",
        "(726, 483)"
    ],
    "(740, 219)": [
        "(457, 208)",
        "(34, 256)",
        "(873, 37)",
        "(994, 525)",
        "(918, 627)",
        "(215, 531)",
        "(475, 567)",
        "(835, 131)",
        "(613, 494)",
        "(504, 152)",
        "(400, 526)",
        "(681, 571)",
        "(216, 279)",
        "(226, 609)",
        "(649, 303)",
        "(935, 210)",
        "(92, 15)",
        "(486, 931)",
        "(353, 889)",
        "(838, 776)",
        "(435, 959)",
        "(282, 754)",
        "(8, 440)",
        "(619, 739)",
        "(261, 916)",
        "(146, 186)",
        "(307, 203)",
        "(326, 556)",
        "(199, 297)",
        "(841, 376)",
        "(518, 555)"
    ]
}