{
    "(498, 997)": [
        "(735, 626)",
        "(129, 161)",
        "(271, 99)",
        "(826, 367)"
    ],
    "(304, 830)": [
        "(907, 296)",
        "(697, 647)",
        "(515, 12)",
        "(219, 90)",
        "(912, 56)",
        "(677, 730)"
    ],
    "(765, 826)": [
        "(86, 663)",
        "(877, 112)",
        "(677, 730)"
    ],
    "(271, 99)": [
        "(877, 112)",
        "(907, 296)",
        "(551, 577)",
        "(219, 90)",
        "(498, 997)",
        "(145, 151)",
        "(515, 12)",
        "(763, 761)"
    ],
    "(677, 730)": [
        "(826, 367)",
        "(499, 968)",
        "(145, 151)",
        "(515, 12)",
        "(765, 826)",
        "(304, 830)"
    ],
    "(907, 296)": [
        "(697, 647)",
        "(271, 99)",
        "(304, 830)",
        "(877, 112)",
        "(499, 968)"
    ],
    "(551, 577)": [
        "(696, 683)",
        "(271, 99)",
        "(86, 663)",
        "(697, 647)",
        "(515, 12)",
        "(877, 112)",
        "(129, 161)",
        "(912, 56)"
    ],
    "(826, 367)": [
        "(677, 730)",
        "(735, 626)",
        "(498, 997)",
        "(697, 647)",
        "(499, 968)",
        "(219, 90)",
        "(17, 621)",
        "(156, 690)"
    ],
    "(515, 12)": [
        "(677, 730)",
        "(271, 99)",
        "(304, 830)",
        "(551, 577)",
        "(696, 683)",
        "(912, 56)",
        "(499, 968)"
    ],
    "(735, 626)": [
        "(826, 367)",
        "(498, 997)",
        "(877, 112)",
        "(731, 832)"
    ],
    "(156, 690)": [
        "(912, 56)",
        "(826, 367)",
        "(17, 621)"
    ],
    "(86, 663)": [
        "(696, 683)",
        "(551, 577)",
        "(765, 826)"
    ],
    "(912, 56)": [
        "(156, 690)",
        "(697, 647)",
        "(304, 830)",
        "(515, 12)",
        "(499, 968)",
        "(551, 577)"
    ],
    "(17, 621)": [
        "(763, 761)",
        "(696, 683)",
        "(499, 968)",
        "(129, 161)",
        "(826, 367)",
        "(156, 690)"
    ],
    "(697, 647)": [
        "(907, 296)",
        "(219, 90)",
        "(499, 968)",
        "(304, 830)",
        "(145, 151)",
        "(551, 577)",
        "(912, 56)",
        "(826, 367)",
        "(129, 161)"
    ],
    "(877, 112)": [
        "(271, 99)",
        "(735, 626)",
        "(696, 683)",
        "(907, 296)",
        "(551, 577)",
        "(765, 826)"
    ],
    "(219, 90)": [
        "(271, 99)",
        "(697, 647)",
        "(731, 832)",
        "(304, 830)",
        "(826, 367)"
    ],
    "(129, 161)": [
        "(498, 997)",
        "(499, 968)",
        "(763, 761)",
        "(551, 577)",
        "(697, 647)",
        "(17, 621)"
    ],
    "(763, 761)": [
        "(17, 621)",
        "(129, 161)",
        "(271, 99)",
        "(499, 968)"
    ],
    "(499, 968)": [
        "(677, 730)",
        "(697, 647)",
        "(129, 161)",
        "(907, 296)",
        "(17, 621)",
        "(826, 367)",
        "(912, 56)",
        "(763, 761)",
        "(515, 12)"
    ],
    "(731, 832)": [
        "(219, 90)",
        "(735, 626)"
    ],
    "(696, 683)": [
        "(551, 577)",
        "(86, 663)",
        "(877, 112)",
        "(17, 621)",
        "(515, 12)"
    ],
    "(145, 151)": [
        "(677, 730)",
        "(697, 647)",
        "(271, 99)"
    ]
}