{
    "(868, 40)": [
        "(552, 284)",
        "(469, 915)",
        "(552, 457)",
        "(15, 125)",
        "(60, 128)",
        "(131, 728)",
        "(598, 842)",
        "(864, 934)",
        "(561, 608)",
        "(282, 468)",
        "(954, 187)",
        "(372, 479)",
        "(318, 658)",
        "(141, 792)",
        "(410, 530)",
        "(154, 798)",
        "(605, 854)",
        "(443, 557)",
        "(730, 70)",
        "(927, 445)",
        "(914, 339)",
        "(394, 692)",
        "(998, 315)",
        "(373, 831)",
        "(518, 203)",
        "(510, 974)",
        "(725, 468)",
        "(327, 994)"
    ],
    "(60, 128)": [
        "(868, 40)",
        "(914, 339)",
        "(725, 468)",
        "(954, 187)",
        "(131, 728)",
        "(469, 915)",
        "(552, 457)",
        "(154, 798)",
        "(327, 994)",
        "(864, 934)",
        "(998, 315)",
        "(410, 530)",
        "(141, 792)",
        "(518, 203)",
        "(730, 70)",
        "(15, 125)",
        "(50, 450)",
        "(318, 658)",
        "(605, 854)",
        "(443, 557)",
        "(346, 109)",
        "(552, 284)",
        "(373, 831)"
    ],
    "(154, 798)": [
        "(914, 339)",
        "(346, 109)",
        "(327, 994)",
        "(282, 468)",
        "(373, 831)",
        "(518, 203)",
        "(552, 284)",
        "(60, 128)",
        "(50, 450)",
        "(998, 315)",
        "(15, 125)",
        "(296, 659)",
        "(394, 692)",
        "(605, 854)",
        "(318, 658)",
        "(864, 934)",
        "(730, 70)",
        "(954, 187)",
        "(598, 842)",
        "(868, 40)",
        "(469, 915)",
        "(725, 468)",
        "(372, 479)",
        "(413, 136)",
        "(927, 445)",
        "(777, 872)"
    ],
    "(552, 284)": [
        "(868, 40)",
        "(777, 872)",
        "(327, 994)",
        "(141, 792)",
        "(605, 854)",
        "(725, 468)",
        "(914, 339)",
        "(131, 728)",
        "(510, 974)",
        "(372, 479)",
        "(373, 831)",
        "(154, 798)",
        "(552, 457)",
        "(518, 203)",
        "(561, 608)",
        "(730, 70)",
        "(443, 557)",
        "(410, 530)",
        "(927, 445)",
        "(998, 315)",
        "(864, 934)",
        "(954, 187)",
        "(15, 125)",
        "(318, 658)",
        "(598, 842)",
        "(60, 128)",
        "(413, 136)"
    ],
    "(443, 557)": [
        "(469, 915)",
        "(730, 70)",
        "(510, 974)",
        "(605, 854)",
        "(927, 445)",
        "(373, 831)",
        "(372, 479)",
        "(346, 109)",
        "(954, 187)",
        "(282, 468)",
        "(318, 658)",
        "(413, 136)",
        "(552, 284)",
        "(552, 457)",
        "(410, 530)",
        "(394, 692)",
        "(868, 40)",
        "(296, 659)",
        "(60, 128)",
        "(777, 872)",
        "(561, 608)",
        "(998, 315)",
        "(50, 450)"
    ],
    "(598, 842)": [
        "(605, 854)",
        "(868, 40)",
        "(318, 658)",
        "(282, 468)",
        "(561, 608)",
        "(998, 315)",
        "(864, 934)",
        "(50, 450)",
        "(372, 479)",
        "(154, 798)",
        "(552, 457)",
        "(131, 728)",
        "(373, 831)",
        "(346, 109)",
        "(141, 792)",
        "(469, 915)",
        "(552, 284)",
        "(510, 974)",
        "(296, 659)",
        "(777, 872)"
    ],
    "(372, 479)": [
        "(15, 125)",
        "(605, 854)",
        "(141, 792)",
        "(318, 658)",
        "(552, 284)",
        "(443, 557)",
        "(868, 40)",
        "(296, 659)",
        "(394, 692)",
        "(914, 339)",
        "(561, 608)",
        "(346, 109)",
        "(598, 842)",
        "(954, 187)",
        "(725, 468)",
        "(373, 831)",
        "(154, 798)",
        "(552, 457)",
        "(777, 872)",
        "(50, 450)",
        "(864, 934)",
        "(469, 915)",
        "(131, 728)"
    ],
    "(410, 530)": [
        "(50, 450)",
        "(998, 315)",
        "(141, 792)",
        "(510, 974)",
        "(373, 831)",
        "(469, 915)",
        "(296, 659)",
        "(927, 445)",
        "(954, 187)",
        "(777, 872)",
        "(914, 339)",
        "(413, 136)",
        "(60, 128)",
        "(561, 608)",
        "(868, 40)",
        "(394, 692)",
        "(552, 284)",
        "(443, 557)",
        "(327, 994)",
        "(15, 125)",
        "(518, 203)",
        "(282, 468)",
        "(725, 468)",
        "(864, 934)",
        "(605, 854)",
        "(318, 658)"
    ],
    "(605, 854)": [
        "(730, 70)",
        "(469, 915)",
        "(372, 479)",
        "(131, 728)",
        "(598, 842)",
        "(443, 557)",
        "(552, 284)",
        "(282, 468)",
        "(50, 450)",
        "(413, 136)",
        "(296, 659)",
        "(864, 934)",
        "(510, 974)",
        "(561, 608)",
        "(154, 798)",
        "(373, 831)",
        "(868, 40)",
        "(318, 658)",
        "(60, 128)",
        "(777, 872)",
        "(552, 457)",
        "(725, 468)",
        "(410, 530)",
        "(927, 445)",
        "(327, 994)",
        "(998, 315)",
        "(346, 109)"
    ],
    "(927, 445)": [
        "(131, 728)",
        "(15, 125)",
        "(50, 450)",
        "(443, 557)",
        "(410, 530)",
        "(413, 136)",
        "(318, 658)",
        "(394, 692)",
        "(725, 468)",
        "(141, 792)",
        "(469, 915)",
        "(552, 284)",
        "(868, 40)",
        "(282, 468)",
        "(777, 872)",
        "(552, 457)",
        "(296, 659)",
        "(510, 974)",
        "(730, 70)",
        "(518, 203)",
        "(346, 109)",
        "(154, 798)",
        "(605, 854)"
    ],
    "(730, 70)": [
        "(373, 831)",
        "(605, 854)",
        "(443, 557)",
        "(552, 457)",
        "(413, 136)",
        "(998, 315)",
        "(725, 468)",
        "(50, 450)",
        "(510, 974)",
        "(777, 872)",
        "(552, 284)",
        "(15, 125)",
        "(60, 128)",
        "(154, 798)",
        "(296, 659)",
        "(131, 728)",
        "(868, 40)",
        "(327, 994)",
        "(927, 445)",
        "(318, 658)",
        "(141, 792)",
        "(394, 692)",
        "(954, 187)",
        "(469, 915)"
    ],
    "(725, 468)": [
        "(413, 136)",
        "(864, 934)",
        "(15, 125)",
        "(60, 128)",
        "(552, 284)",
        "(318, 658)",
        "(730, 70)",
        "(561, 608)",
        "(131, 728)",
        "(927, 445)",
        "(282, 468)",
        "(510, 974)",
        "(296, 659)",
        "(914, 339)",
        "(552, 457)",
        "(154, 798)",
        "(372, 479)",
        "(141, 792)",
        "(50, 450)",
        "(954, 187)",
        "(777, 872)",
        "(410, 530)",
        "(605, 854)",
        "(868, 40)"
    ],
    "(518, 203)": [
        "(777, 872)",
        "(561, 608)",
        "(510, 974)",
        "(282, 468)",
        "(131, 728)",
        "(394, 692)",
        "(373, 831)",
        "(154, 798)",
        "(998, 315)",
        "(954, 187)",
        "(552, 284)",
        "(552, 457)",
        "(60, 128)",
        "(410, 530)",
        "(15, 125)",
        "(327, 994)",
        "(864, 934)",
        "(927, 445)",
        "(141, 792)",
        "(868, 40)"
    ],
    "(864, 934)": [
        "(141, 792)",
        "(725, 468)",
        "(510, 974)",
        "(868, 40)",
        "(346, 109)",
        "(296, 659)",
        "(394, 692)",
        "(60, 128)",
        "(552, 457)",
        "(777, 872)",
        "(598, 842)",
        "(605, 854)",
        "(154, 798)",
        "(413, 136)",
        "(914, 339)",
        "(282, 468)",
        "(518, 203)",
        "(552, 284)",
        "(50, 450)",
        "(131, 728)",
        "(998, 315)",
        "(410, 530)",
        "(372, 479)"
    ],
    "(50, 450)": [
        "(410, 530)",
        "(998, 315)",
        "(296, 659)",
        "(561, 608)",
        "(346, 109)",
        "(552, 457)",
        "(914, 339)",
        "(927, 445)",
        "(605, 854)",
        "(510, 974)",
        "(373, 831)",
        "(154, 798)",
        "(730, 70)",
        "(394, 692)",
        "(282, 468)",
        "(598, 842)",
        "(141, 792)",
        "(954, 187)",
        "(318, 658)",
        "(60, 128)",
        "(327, 994)",
        "(413, 136)",
        "(725, 468)",
        "(777, 872)",
        "(864, 934)",
        "(469, 915)",
        "(372, 479)",
        "(443, 557)"
    ],
    "(561, 608)": [
        "(318, 658)",
        "(518, 203)",
        "(50, 450)",
        "(346, 109)",
        "(413, 136)",
        "(141, 792)",
        "(394, 692)",
        "(777, 872)",
        "(510, 974)",
        "(868, 40)",
        "(954, 187)",
        "(725, 468)",
        "(598, 842)",
        "(998, 315)",
        "(552, 284)",
        "(372, 479)",
        "(410, 530)",
        "(914, 339)",
        "(327, 994)",
        "(605, 854)",
        "(443, 557)",
        "(15, 125)",
        "(469, 915)"
    ],
    "(914, 339)": [
        "(154, 798)",
        "(141, 792)",
        "(60, 128)",
        "(777, 872)",
        "(327, 994)",
        "(50, 450)",
        "(998, 315)",
        "(552, 284)",
        "(296, 659)",
        "(372, 479)",
        "(318, 658)",
        "(410, 530)",
        "(510, 974)",
        "(413, 136)",
        "(552, 457)",
        "(282, 468)",
        "(561, 608)",
        "(725, 468)",
        "(15, 125)",
        "(864, 934)",
        "(346, 109)",
        "(954, 187)",
        "(868, 40)",
        "(131, 728)",
        "(469, 915)"
    ],
    "(141, 792)": [
        "(864, 934)",
        "(410, 530)",
        "(318, 658)",
        "(914, 339)",
        "(552, 284)",
        "(296, 659)",
        "(561, 608)",
        "(372, 479)",
        "(327, 994)",
        "(998, 315)",
        "(131, 728)",
        "(927, 445)",
        "(868, 40)",
        "(60, 128)",
        "(50, 450)",
        "(413, 136)",
        "(282, 468)",
        "(552, 457)",
        "(725, 468)",
        "(510, 974)",
        "(598, 842)",
        "(518, 203)",
        "(373, 831)",
        "(394, 692)",
        "(730, 70)"
    ],
    "(282, 468)": [
        "(318, 658)",
        "(518, 203)",
        "(605, 854)",
        "(373, 831)",
        "(868, 40)",
        "(15, 125)",
        "(394, 692)",
        "(131, 728)",
        "(154, 798)",
        "(598, 842)",
        "(725, 468)",
        "(510, 974)",
        "(469, 915)",
        "(50, 450)",
        "(998, 315)",
        "(914, 339)",
        "(443, 557)",
        "(777, 872)",
        "(552, 457)",
        "(410, 530)",
        "(141, 792)",
        "(927, 445)",
        "(296, 659)",
        "(864, 934)",
        "(413, 136)",
        "(954, 187)"
    ],
    "(318, 658)": [
        "(561, 608)",
        "(141, 792)",
        "(282, 468)",
        "(372, 479)",
        "(927, 445)",
        "(725, 468)",
        "(598, 842)",
        "(296, 659)",
        "(868, 40)",
        "(914, 339)",
        "(998, 315)",
        "(346, 109)",
        "(552, 457)",
        "(443, 557)",
        "(154, 798)",
        "(50, 450)",
        "(605, 854)",
        "(60, 128)",
        "(777, 872)",
        "(394, 692)",
        "(730, 70)",
        "(552, 284)",
        "(131, 728)",
        "(469, 915)",
        "(954, 187)",
        "(410, 530)",
        "(413, 136)"
    ],
    "(327, 994)": [
        "(552, 284)",
        "(777, 872)",
        "(413, 136)",
        "(914, 339)",
        "(15, 125)",
        "(154, 798)",
        "(141, 792)",
        "(469, 915)",
        "(60, 128)",
        "(346, 109)",
        "(998, 315)",
        "(561, 608)",
        "(131, 728)",
        "(410, 530)",
        "(50, 450)",
        "(730, 70)",
        "(518, 203)",
        "(394, 692)",
        "(954, 187)",
        "(373, 831)",
        "(510, 974)",
        "(605, 854)",
        "(868, 40)"
    ],
    "(131, 728)": [
        "(373, 831)",
        "(927, 445)",
        "(510, 974)",
        "(605, 854)",
        "(518, 203)",
        "(868, 40)",
        "(552, 457)",
        "(777, 872)",
        "(60, 128)",
        "(552, 284)",
        "(282, 468)",
        "(141, 792)",
        "(725, 468)",
        "(413, 136)",
        "(327, 994)",
        "(15, 125)",
        "(730, 70)",
        "(598, 842)",
        "(346, 109)",
        "(914, 339)",
        "(864, 934)",
        "(318, 658)",
        "(394, 692)",
        "(296, 659)",
        "(372, 479)"
    ],
    "(998, 315)": [
        "(410, 530)",
        "(50, 450)",
        "(15, 125)",
        "(346, 109)",
        "(914, 339)",
        "(141, 792)",
        "(469, 915)",
        "(296, 659)",
        "(730, 70)",
        "(394, 692)",
        "(598, 842)",
        "(154, 798)",
        "(561, 608)",
        "(518, 203)",
        "(318, 658)",
        "(552, 457)",
        "(777, 872)",
        "(327, 994)",
        "(60, 128)",
        "(282, 468)",
        "(954, 187)",
        "(373, 831)",
        "(552, 284)",
        "(868, 40)",
        "(510, 974)",
        "(443, 557)",
        "(864, 934)",
        "(605, 854)"
    ],
    "(394, 692)": [
        "(954, 187)",
        "(777, 872)",
        "(561, 608)",
        "(518, 203)",
        "(927, 445)",
        "(15, 125)",
        "(282, 468)",
        "(373, 831)",
        "(552, 457)",
        "(864, 934)",
        "(998, 315)",
        "(372, 479)",
        "(50, 450)",
        "(413, 136)",
        "(410, 530)",
        "(154, 798)",
        "(443, 557)",
        "(327, 994)",
        "(318, 658)",
        "(868, 40)",
        "(131, 728)",
        "(141, 792)",
        "(730, 70)"
    ],
    "(510, 974)": [
        "(777, 872)",
        "(410, 530)",
        "(518, 203)",
        "(443, 557)",
        "(131, 728)",
        "(469, 915)",
        "(864, 934)",
        "(561, 608)",
        "(50, 450)",
        "(552, 284)",
        "(725, 468)",
        "(282, 468)",
        "(914, 339)",
        "(730, 70)",
        "(346, 109)",
        "(552, 457)",
        "(605, 854)",
        "(296, 659)",
        "(373, 831)",
        "(413, 136)",
        "(927, 445)",
        "(15, 125)",
        "(141, 792)",
        "(998, 315)",
        "(327, 994)",
        "(868, 40)",
        "(598, 842)"
    ],
    "(777, 872)": [
        "(552, 284)",
        "(510, 974)",
        "(518, 203)",
        "(327, 994)",
        "(413, 136)",
        "(914, 339)",
        "(394, 692)",
        "(469, 915)",
        "(552, 457)",
        "(561, 608)",
        "(954, 187)",
        "(131, 728)",
        "(296, 659)",
        "(410, 530)",
        "(864, 934)",
        "(998, 315)",
        "(15, 125)",
        "(730, 70)",
        "(282, 468)",
        "(373, 831)",
        "(927, 445)",
        "(318, 658)",
        "(50, 450)",
        "(372, 479)",
        "(443, 557)",
        "(605, 854)",
        "(725, 468)",
        "(154, 798)",
        "(598, 842)"
    ],
    "(413, 136)": [
        "(725, 468)",
        "(777, 872)",
        "(327, 994)",
        "(561, 608)",
        "(15, 125)",
        "(927, 445)",
        "(730, 70)",
        "(469, 915)",
        "(605, 854)",
        "(394, 692)",
        "(914, 339)",
        "(410, 530)",
        "(296, 659)",
        "(131, 728)",
        "(443, 557)",
        "(141, 792)",
        "(864, 934)",
        "(346, 109)",
        "(510, 974)",
        "(50, 450)",
        "(282, 468)",
        "(154, 798)",
        "(318, 658)",
        "(552, 284)"
    ],
    "(552, 457)": [
        "(868, 40)",
        "(50, 450)",
        "(131, 728)",
        "(730, 70)",
        "(777, 872)",
        "(469, 915)",
        "(296, 659)",
        "(60, 128)",
        "(394, 692)",
        "(864, 934)",
        "(552, 284)",
        "(998, 315)",
        "(318, 658)",
        "(914, 339)",
        "(510, 974)",
        "(518, 203)",
        "(282, 468)",
        "(443, 557)",
        "(725, 468)",
        "(598, 842)",
        "(346, 109)",
        "(141, 792)",
        "(927, 445)",
        "(372, 479)",
        "(605, 854)",
        "(954, 187)"
    ],
    "(296, 659)": [
        "(50, 450)",
        "(141, 792)",
        "(410, 530)",
        "(998, 315)",
        "(777, 872)",
        "(552, 457)",
        "(864, 934)",
        "(914, 339)",
        "(372, 479)",
        "(318, 658)",
        "(605, 854)",
        "(413, 136)",
        "(725, 468)",
        "(154, 798)",
        "(510, 974)",
        "(730, 70)",
        "(954, 187)",
        "(346, 109)",
        "(443, 557)",
        "(927, 445)",
        "(282, 468)",
        "(15, 125)",
        "(373, 831)",
        "(598, 842)",
        "(131, 728)"
    ],
    "(346, 109)": [
        "(50, 450)",
        "(998, 315)",
        "(561, 608)",
        "(154, 798)",
        "(864, 934)",
        "(318, 658)",
        "(327, 994)",
        "(443, 557)",
        "(510, 974)",
        "(372, 479)",
        "(413, 136)",
        "(296, 659)",
        "(914, 339)",
        "(552, 457)",
        "(598, 842)",
        "(469, 915)",
        "(15, 125)",
        "(131, 728)",
        "(927, 445)",
        "(60, 128)",
        "(605, 854)"
    ],
    "(954, 187)": [
        "(394, 692)",
        "(469, 915)",
        "(777, 872)",
        "(60, 128)",
        "(410, 530)",
        "(561, 608)",
        "(868, 40)",
        "(15, 125)",
        "(518, 203)",
        "(443, 557)",
        "(998, 315)",
        "(50, 450)",
        "(154, 798)",
        "(296, 659)",
        "(372, 479)",
        "(914, 339)",
        "(725, 468)",
        "(282, 468)",
        "(327, 994)",
        "(552, 284)",
        "(373, 831)",
        "(318, 658)",
        "(552, 457)",
        "(730, 70)"
    ],
    "(373, 831)": [
        "(730, 70)",
        "(131, 728)",
        "(410, 530)",
        "(282, 468)",
        "(394, 692)",
        "(154, 798)",
        "(518, 203)",
        "(443, 557)",
        "(50, 450)",
        "(552, 284)",
        "(469, 915)",
        "(510, 974)",
        "(15, 125)",
        "(605, 854)",
        "(777, 872)",
        "(998, 315)",
        "(372, 479)",
        "(598, 842)",
        "(327, 994)",
        "(296, 659)",
        "(954, 187)",
        "(868, 40)",
        "(141, 792)",
        "(60, 128)"
    ],
    "(469, 915)": [
        "(443, 557)",
        "(868, 40)",
        "(605, 854)",
        "(410, 530)",
        "(777, 872)",
        "(954, 187)",
        "(510, 974)",
        "(552, 457)",
        "(998, 315)",
        "(327, 994)",
        "(60, 128)",
        "(413, 136)",
        "(282, 468)",
        "(927, 445)",
        "(373, 831)",
        "(15, 125)",
        "(154, 798)",
        "(346, 109)",
        "(50, 450)",
        "(914, 339)",
        "(598, 842)",
        "(318, 658)",
        "(561, 608)",
        "(372, 479)",
        "(730, 70)"
    ],
    "(15, 125)": [
        "(372, 479)",
        "(868, 40)",
        "(998, 315)",
        "(725, 468)",
        "(927, 445)",
        "(327, 994)",
        "(413, 136)",
        "(394, 692)",
        "(282, 468)",
        "(954, 187)",
        "(154, 798)",
        "(777, 872)",
        "(730, 70)",
        "(373, 831)",
        "(410, 530)",
        "(131, 728)",
        "(914, 339)",
        "(60, 128)",
        "(469, 915)",
        "(518, 203)",
        "(510, 974)",
        "(346, 109)",
        "(552, 284)",
        "(296, 659)",
        "(561, 608)"
    ]
}