{
    "(129, 161)": [
        "(708, 261)",
        "(499, 968)",
        "(696, 683)",
        "(145, 151)",
        "(35, 485)",
        "(258, 339)",
        "(298, 436)"
    ],
    "(763, 761)": [
        "(525, 785)",
        "(731, 832)",
        "(298, 436)",
        "(103, 538)",
        "(145, 151)",
        "(35, 485)",
        "(258, 339)",
        "(301, 385)",
        "(696, 683)",
        "(874, 850)"
    ],
    "(499, 968)": [
        "(731, 832)",
        "(129, 161)",
        "(103, 538)",
        "(145, 151)"
    ],
    "(731, 832)": [
        "(499, 968)",
        "(258, 339)",
        "(301, 385)",
        "(763, 761)",
        "(525, 785)",
        "(874, 850)",
        "(298, 436)"
    ],
    "(696, 683)": [
        "(258, 339)",
        "(35, 485)",
        "(129, 161)",
        "(874, 850)",
        "(763, 761)"
    ],
    "(145, 151)": [
        "(298, 436)",
        "(35, 485)",
        "(301, 385)",
        "(129, 161)",
        "(499, 968)",
        "(763, 761)",
        "(874, 850)",
        "(258, 339)"
    ],
    "(525, 785)": [
        "(763, 761)",
        "(35, 485)",
        "(298, 436)",
        "(731, 832)",
        "(103, 538)",
        "(258, 339)"
    ],
    "(298, 436)": [
        "(763, 761)",
        "(145, 151)",
        "(525, 785)",
        "(731, 832)",
        "(129, 161)",
        "(258, 339)"
    ],
    "(258, 339)": [
        "(696, 683)",
        "(731, 832)",
        "(708, 261)",
        "(103, 538)",
        "(763, 761)",
        "(129, 161)",
        "(298, 436)",
        "(525, 785)",
        "(145, 151)"
    ],
    "(708, 261)": [
        "(129, 161)",
        "(874, 850)",
        "(258, 339)",
        "(301, 385)",
        "(35, 485)"
    ],
    "(301, 385)": [
        "(731, 832)",
        "(145, 151)",
        "(708, 261)",
        "(763, 761)",
        "(103, 538)"
    ],
    "(103, 538)": [
        "(35, 485)",
        "(499, 968)",
        "(763, 761)",
        "(258, 339)",
        "(525, 785)",
        "(301, 385)"
    ],
    "(874, 850)": [
        "(708, 261)",
        "(145, 151)",
        "(731, 832)",
        "(696, 683)",
        "(763, 761)"
    ],
    "(35, 485)": [
        "(103, 538)",
        "(696, 683)",
        "(145, 151)",
        "(525, 785)",
        "(129, 161)",
        "(763, 761)",
        "(708, 261)"
    ]
}