{
    "(151, 525)": [
        "(139, 66)",
        "(797, 691)",
        "(560, 132)",
        "(785, 298)",
        "(65, 669)",
        "(987, 116)",
        "(272, 439)",
        "(221, 179)"
    ],
    "(785, 298)": [
        "(339, 708)",
        "(151, 525)",
        "(940, 862)"
    ],
    "(436, 258)": [
        "(339, 708)",
        "(10, 899)",
        "(850, 35)",
        "(221, 179)",
        "(261, 301)",
        "(326, 343)",
        "(208, 922)",
        "(65, 669)",
        "(641, 845)"
    ],
    "(339, 708)": [
        "(385, 103)",
        "(436, 258)",
        "(785, 298)",
        "(148, 455)",
        "(221, 179)",
        "(208, 922)"
    ],
    "(261, 301)": [
        "(940, 862)",
        "(139, 66)",
        "(10, 899)",
        "(436, 258)",
        "(25, 502)",
        "(272, 439)",
        "(643, 36)",
        "(797, 691)",
        "(221, 179)"
    ],
    "(385, 103)": [
        "(339, 708)",
        "(987, 116)",
        "(25, 502)",
        "(65, 669)",
        "(538, 874)",
        "(10, 899)",
        "(272, 439)"
    ],
    "(538, 874)": [
        "(272, 439)",
        "(385, 103)",
        "(485, 397)",
        "(797, 691)",
        "(221, 179)"
    ],
    "(850, 35)": [
        "(485, 397)",
        "(886, 849)",
        "(436, 258)",
        "(272, 439)",
        "(148, 455)"
    ],
    "(485, 397)": [
        "(850, 35)",
        "(139, 66)",
        "(560, 132)",
        "(148, 455)",
        "(641, 845)",
        "(538, 874)",
        "(643, 36)",
        "(987, 116)"
    ],
    "(65, 669)": [
        "(10, 899)",
        "(385, 103)",
        "(151, 525)",
        "(436, 258)",
        "(272, 439)"
    ],
    "(208, 922)": [
        "(886, 849)",
        "(641, 845)",
        "(148, 455)",
        "(436, 258)",
        "(339, 708)"
    ],
    "(886, 849)": [
        "(850, 35)",
        "(208, 922)",
        "(221, 179)",
        "(139, 66)",
        "(940, 862)",
        "(326, 343)"
    ],
    "(139, 66)": [
        "(641, 845)",
        "(485, 397)",
        "(151, 525)",
        "(261, 301)",
        "(797, 691)",
        "(886, 849)",
        "(560, 132)"
    ],
    "(10, 899)": [
        "(797, 691)",
        "(65, 669)",
        "(436, 258)",
        "(987, 116)",
        "(641, 845)",
        "(261, 301)",
        "(940, 862)",
        "(385, 103)",
        "(643, 36)"
    ],
    "(940, 862)": [
        "(261, 301)",
        "(221, 179)",
        "(10, 899)",
        "(497, 476)",
        "(886, 849)",
        "(785, 298)"
    ],
    "(326, 343)": [
        "(641, 845)",
        "(272, 439)",
        "(436, 258)",
        "(886, 849)"
    ],
    "(272, 439)": [
        "(497, 476)",
        "(560, 132)",
        "(326, 343)",
        "(538, 874)",
        "(850, 35)",
        "(385, 103)",
        "(261, 301)",
        "(25, 502)",
        "(65, 669)",
        "(151, 525)"
    ],
    "(987, 116)": [
        "(148, 455)",
        "(385, 103)",
        "(10, 899)",
        "(485, 397)",
        "(151, 525)",
        "(797, 691)"
    ],
    "(148, 455)": [
        "(987, 116)",
        "(221, 179)",
        "(485, 397)",
        "(797, 691)",
        "(339, 708)",
        "(850, 35)",
        "(208, 922)"
    ],
    "(497, 476)": [
        "(272, 439)",
        "(940, 862)"
    ],
    "(25, 502)": [
        "(385, 103)",
        "(261, 301)",
        "(272, 439)"
    ],
    "(643, 36)": [
        "(221, 179)",
        "(485, 397)",
        "(261, 301)",
        "(10, 899)"
    ],
    "(797, 691)": [
        "(10, 899)",
        "(151, 525)",
        "(139, 66)",
        "(148, 455)",
        "(538, 874)",
        "(261, 301)",
        "(987, 116)"
    ],
    "(641, 845)": [
        "(326, 343)",
        "(139, 66)",
        "(10, 899)",
        "(221, 179)",
        "(485, 397)",
        "(208, 922)",
        "(436, 258)"
    ],
    "(221, 179)": [
        "(148, 455)",
        "(643, 36)",
        "(436, 258)",
        "(940, 862)",
        "(886, 849)",
        "(641, 845)",
        "(339, 708)",
        "(261, 301)",
        "(538, 874)",
        "(151, 525)"
    ],
    "(560, 132)": [
        "(272, 439)",
        "(485, 397)",
        "(151, 525)",
        "(139, 66)"
    ]
}