{
    "(700, 696)": [
        "(242, 81)",
        "(18, 192)",
        "(885, 57)",
        "(956, 375)",
        "(404, 388)",
        "(240, 61)",
        "(261, 80)",
        "(736, 711)",
        "(928, 330)",
        "(482, 976)",
        "(59, 383)",
        "(700, 737)",
        "(270, 120)",
        "(56, 988)",
        "(990, 77)",
        "(982, 883)",
        "(279, 992)",
        "(36, 788)"
    ],
    "(59, 383)": [
        "(454, 502)",
        "(248, 703)",
        "(270, 120)",
        "(562, 437)",
        "(133, 977)",
        "(916, 868)",
        "(672, 770)",
        "(240, 61)",
        "(700, 696)",
        "(736, 711)",
        "(448, 421)",
        "(567, 347)",
        "(242, 81)",
        "(412, 757)",
        "(261, 80)",
        "(18, 192)",
        "(421, 409)",
        "(700, 737)",
        "(885, 57)"
    ],
    "(982, 883)": [
        "(342, 201)",
        "(448, 421)",
        "(767, 69)",
        "(404, 388)",
        "(562, 437)",
        "(242, 81)",
        "(700, 737)",
        "(990, 77)",
        "(412, 757)",
        "(56, 988)",
        "(248, 703)",
        "(700, 696)",
        "(421, 409)"
    ],
    "(676, 334)": [
        "(36, 788)",
        "(562, 437)",
        "(885, 57)",
        "(270, 120)",
        "(454, 502)",
        "(928, 330)",
        "(18, 192)",
        "(404, 388)",
        "(990, 77)",
        "(412, 757)",
        "(558, 66)",
        "(956, 375)",
        "(916, 868)",
        "(342, 201)",
        "(658, 737)",
        "(736, 711)",
        "(482, 976)"
    ],
    "(767, 69)": [
        "(270, 120)",
        "(736, 711)",
        "(916, 868)",
        "(558, 66)",
        "(769, 396)",
        "(982, 883)",
        "(56, 988)",
        "(956, 375)",
        "(248, 703)",
        "(421, 409)",
        "(275, 869)",
        "(242, 81)",
        "(133, 977)",
        "(990, 77)",
        "(658, 737)",
        "(279, 992)",
        "(18, 192)",
        "(412, 757)"
    ],
    "(700, 737)": [
        "(240, 61)",
        "(36, 788)",
        "(421, 409)",
        "(658, 737)",
        "(916, 868)",
        "(448, 421)",
        "(275, 869)",
        "(928, 330)",
        "(567, 347)",
        "(982, 883)",
        "(700, 696)",
        "(342, 201)",
        "(990, 77)",
        "(885, 57)",
        "(59, 383)",
        "(56, 988)",
        "(769, 396)",
        "(18, 192)"
    ],
    "(769, 396)": [
        "(275, 869)",
        "(767, 69)",
        "(412, 757)",
        "(482, 976)",
        "(133, 977)",
        "(242, 81)",
        "(454, 502)",
        "(18, 192)",
        "(270, 120)",
        "(736, 711)",
        "(562, 437)",
        "(520, 63)",
        "(700, 737)"
    ],
    "(658, 737)": [
        "(736, 711)",
        "(56, 988)",
        "(261, 80)",
        "(421, 409)",
        "(928, 330)",
        "(885, 57)",
        "(990, 77)",
        "(956, 375)",
        "(700, 737)",
        "(133, 977)",
        "(558, 66)",
        "(36, 788)",
        "(482, 976)",
        "(454, 502)",
        "(767, 69)",
        "(242, 81)",
        "(404, 388)",
        "(676, 334)",
        "(412, 757)",
        "(279, 992)",
        "(567, 347)"
    ],
    "(990, 77)": [
        "(279, 992)",
        "(448, 421)",
        "(736, 711)",
        "(240, 61)",
        "(658, 737)",
        "(676, 334)",
        "(270, 120)",
        "(248, 703)",
        "(242, 81)",
        "(454, 502)",
        "(982, 883)",
        "(421, 409)",
        "(767, 69)",
        "(275, 869)",
        "(567, 347)",
        "(700, 737)",
        "(700, 696)",
        "(956, 375)",
        "(412, 757)",
        "(562, 437)",
        "(133, 977)"
    ],
    "(672, 770)": [
        "(279, 992)",
        "(133, 977)",
        "(448, 421)",
        "(885, 57)",
        "(421, 409)",
        "(59, 383)",
        "(18, 192)",
        "(404, 388)",
        "(36, 788)",
        "(412, 757)",
        "(558, 66)",
        "(261, 80)",
        "(56, 988)"
    ],
    "(454, 502)": [
        "(59, 383)",
        "(736, 711)",
        "(404, 388)",
        "(248, 703)",
        "(676, 334)",
        "(18, 192)",
        "(275, 869)",
        "(279, 992)",
        "(421, 409)",
        "(885, 57)",
        "(520, 63)",
        "(562, 437)",
        "(990, 77)",
        "(769, 396)",
        "(658, 737)",
        "(56, 988)",
        "(928, 330)"
    ],
    "(956, 375)": [
        "(342, 201)",
        "(279, 992)",
        "(916, 868)",
        "(448, 421)",
        "(700, 696)",
        "(767, 69)",
        "(658, 737)",
        "(676, 334)",
        "(248, 703)",
        "(928, 330)",
        "(412, 757)",
        "(562, 437)",
        "(482, 976)",
        "(56, 988)",
        "(18, 192)",
        "(990, 77)",
        "(404, 388)"
    ],
    "(736, 711)": [
        "(261, 80)",
        "(658, 737)",
        "(767, 69)",
        "(454, 502)",
        "(885, 57)",
        "(482, 976)",
        "(990, 77)",
        "(700, 696)",
        "(270, 120)",
        "(342, 201)",
        "(248, 703)",
        "(59, 383)",
        "(928, 330)",
        "(769, 396)",
        "(404, 388)",
        "(676, 334)",
        "(562, 437)"
    ],
    "(240, 61)": [
        "(700, 737)",
        "(275, 869)",
        "(56, 988)",
        "(404, 388)",
        "(567, 347)",
        "(558, 66)",
        "(990, 77)",
        "(248, 703)",
        "(700, 696)",
        "(448, 421)",
        "(279, 992)",
        "(59, 383)",
        "(885, 57)",
        "(421, 409)",
        "(133, 977)",
        "(928, 330)"
    ],
    "(279, 992)": [
        "(990, 77)",
        "(672, 770)",
        "(242, 81)",
        "(956, 375)",
        "(520, 63)",
        "(562, 437)",
        "(885, 57)",
        "(248, 703)",
        "(454, 502)",
        "(240, 61)",
        "(482, 976)",
        "(928, 330)",
        "(18, 192)",
        "(767, 69)",
        "(270, 120)",
        "(700, 696)",
        "(658, 737)"
    ],
    "(916, 868)": [
        "(885, 57)",
        "(767, 69)",
        "(342, 201)",
        "(956, 375)",
        "(18, 192)",
        "(275, 869)",
        "(520, 63)",
        "(59, 383)",
        "(242, 81)",
        "(700, 737)",
        "(928, 330)",
        "(676, 334)",
        "(133, 977)",
        "(56, 988)",
        "(558, 66)",
        "(482, 976)",
        "(412, 757)",
        "(421, 409)",
        "(562, 437)",
        "(261, 80)",
        "(36, 788)"
    ],
    "(482, 976)": [
        "(412, 757)",
        "(736, 711)",
        "(133, 977)",
        "(36, 788)",
        "(342, 201)",
        "(404, 388)",
        "(928, 330)",
        "(700, 696)",
        "(916, 868)",
        "(279, 992)",
        "(658, 737)",
        "(769, 396)",
        "(261, 80)",
        "(956, 375)",
        "(448, 421)",
        "(520, 63)",
        "(248, 703)",
        "(567, 347)",
        "(676, 334)"
    ],
    "(36, 788)": [
        "(676, 334)",
        "(562, 437)",
        "(700, 737)",
        "(482, 976)",
        "(261, 80)",
        "(658, 737)",
        "(672, 770)",
        "(448, 421)",
        "(558, 66)",
        "(885, 57)",
        "(412, 757)",
        "(567, 347)",
        "(18, 192)",
        "(404, 388)",
        "(700, 696)",
        "(270, 120)",
        "(916, 868)"
    ],
    "(558, 66)": [
        "(56, 988)",
        "(767, 69)",
        "(133, 977)",
        "(240, 61)",
        "(18, 192)",
        "(404, 388)",
        "(412, 757)",
        "(676, 334)",
        "(658, 737)",
        "(916, 868)",
        "(36, 788)",
        "(672, 770)",
        "(567, 347)",
        "(928, 330)",
        "(275, 869)",
        "(885, 57)",
        "(342, 201)",
        "(248, 703)",
        "(421, 409)"
    ],
    "(133, 977)": [
        "(672, 770)",
        "(558, 66)",
        "(59, 383)",
        "(482, 976)",
        "(658, 737)",
        "(56, 988)",
        "(916, 868)",
        "(767, 69)",
        "(928, 330)",
        "(769, 396)",
        "(342, 201)",
        "(562, 437)",
        "(240, 61)",
        "(421, 409)",
        "(990, 77)"
    ],
    "(261, 80)": [
        "(736, 711)",
        "(18, 192)",
        "(658, 737)",
        "(275, 869)",
        "(242, 81)",
        "(342, 201)",
        "(562, 437)",
        "(700, 696)",
        "(36, 788)",
        "(928, 330)",
        "(56, 988)",
        "(672, 770)",
        "(448, 421)",
        "(482, 976)",
        "(520, 63)",
        "(59, 383)",
        "(412, 757)",
        "(270, 120)",
        "(916, 868)",
        "(421, 409)"
    ],
    "(448, 421)": [
        "(990, 77)",
        "(672, 770)",
        "(421, 409)",
        "(562, 437)",
        "(982, 883)",
        "(275, 869)",
        "(520, 63)",
        "(956, 375)",
        "(240, 61)",
        "(700, 737)",
        "(36, 788)",
        "(59, 383)",
        "(18, 192)",
        "(270, 120)",
        "(242, 81)",
        "(261, 80)",
        "(885, 57)",
        "(482, 976)",
        "(928, 330)"
    ],
    "(885, 57)": [
        "(916, 868)",
        "(248, 703)",
        "(736, 711)",
        "(700, 696)",
        "(658, 737)",
        "(676, 334)",
        "(672, 770)",
        "(279, 992)",
        "(454, 502)",
        "(36, 788)",
        "(240, 61)",
        "(342, 201)",
        "(700, 737)",
        "(558, 66)",
        "(412, 757)",
        "(448, 421)",
        "(59, 383)",
        "(56, 988)"
    ],
    "(404, 388)": [
        "(412, 757)",
        "(454, 502)",
        "(240, 61)",
        "(982, 883)",
        "(242, 81)",
        "(558, 66)",
        "(421, 409)",
        "(700, 696)",
        "(482, 976)",
        "(676, 334)",
        "(248, 703)",
        "(56, 988)",
        "(672, 770)",
        "(562, 437)",
        "(567, 347)",
        "(270, 120)",
        "(36, 788)",
        "(658, 737)",
        "(736, 711)",
        "(928, 330)",
        "(520, 63)",
        "(956, 375)"
    ],
    "(421, 409)": [
        "(248, 703)",
        "(448, 421)",
        "(658, 737)",
        "(270, 120)",
        "(404, 388)",
        "(700, 737)",
        "(672, 770)",
        "(767, 69)",
        "(454, 502)",
        "(916, 868)",
        "(562, 437)",
        "(342, 201)",
        "(240, 61)",
        "(990, 77)",
        "(59, 383)",
        "(133, 977)",
        "(982, 883)",
        "(261, 80)",
        "(558, 66)"
    ],
    "(56, 988)": [
        "(520, 63)",
        "(558, 66)",
        "(658, 737)",
        "(240, 61)",
        "(767, 69)",
        "(275, 869)",
        "(404, 388)",
        "(242, 81)",
        "(133, 977)",
        "(916, 868)",
        "(261, 80)",
        "(412, 757)",
        "(567, 347)",
        "(700, 696)",
        "(672, 770)",
        "(454, 502)",
        "(982, 883)",
        "(956, 375)",
        "(700, 737)",
        "(885, 57)",
        "(248, 703)"
    ],
    "(520, 63)": [
        "(56, 988)",
        "(279, 992)",
        "(270, 120)",
        "(248, 703)",
        "(342, 201)",
        "(448, 421)",
        "(916, 868)",
        "(275, 869)",
        "(454, 502)",
        "(261, 80)",
        "(404, 388)",
        "(769, 396)",
        "(482, 976)"
    ],
    "(275, 869)": [
        "(240, 61)",
        "(261, 80)",
        "(769, 396)",
        "(448, 421)",
        "(248, 703)",
        "(916, 868)",
        "(520, 63)",
        "(56, 988)",
        "(767, 69)",
        "(454, 502)",
        "(700, 737)",
        "(18, 192)",
        "(242, 81)",
        "(990, 77)",
        "(558, 66)",
        "(412, 757)",
        "(562, 437)",
        "(567, 347)"
    ],
    "(18, 192)": [
        "(700, 696)",
        "(261, 80)",
        "(558, 66)",
        "(916, 868)",
        "(676, 334)",
        "(454, 502)",
        "(242, 81)",
        "(672, 770)",
        "(275, 869)",
        "(562, 437)",
        "(448, 421)",
        "(36, 788)",
        "(279, 992)",
        "(769, 396)",
        "(342, 201)",
        "(248, 703)",
        "(59, 383)",
        "(767, 69)",
        "(956, 375)",
        "(700, 737)"
    ],
    "(567, 347)": [
        "(562, 437)",
        "(240, 61)",
        "(928, 330)",
        "(242, 81)",
        "(700, 737)",
        "(558, 66)",
        "(59, 383)",
        "(36, 788)",
        "(404, 388)",
        "(56, 988)",
        "(990, 77)",
        "(248, 703)",
        "(270, 120)",
        "(275, 869)",
        "(482, 976)",
        "(658, 737)"
    ],
    "(270, 120)": [
        "(767, 69)",
        "(59, 383)",
        "(520, 63)",
        "(421, 409)",
        "(676, 334)",
        "(412, 757)",
        "(990, 77)",
        "(736, 711)",
        "(342, 201)",
        "(700, 696)",
        "(448, 421)",
        "(769, 396)",
        "(404, 388)",
        "(261, 80)",
        "(279, 992)",
        "(567, 347)",
        "(36, 788)"
    ],
    "(242, 81)": [
        "(700, 696)",
        "(279, 992)",
        "(404, 388)",
        "(261, 80)",
        "(916, 868)",
        "(567, 347)",
        "(982, 883)",
        "(56, 988)",
        "(18, 192)",
        "(767, 69)",
        "(990, 77)",
        "(769, 396)",
        "(275, 869)",
        "(448, 421)",
        "(59, 383)",
        "(658, 737)"
    ],
    "(342, 201)": [
        "(956, 375)",
        "(982, 883)",
        "(916, 868)",
        "(520, 63)",
        "(261, 80)",
        "(482, 976)",
        "(270, 120)",
        "(736, 711)",
        "(676, 334)",
        "(421, 409)",
        "(928, 330)",
        "(133, 977)",
        "(18, 192)",
        "(700, 737)",
        "(885, 57)",
        "(558, 66)"
    ],
    "(412, 757)": [
        "(404, 388)",
        "(482, 976)",
        "(769, 396)",
        "(248, 703)",
        "(270, 120)",
        "(928, 330)",
        "(558, 66)",
        "(562, 437)",
        "(676, 334)",
        "(672, 770)",
        "(916, 868)",
        "(36, 788)",
        "(56, 988)",
        "(956, 375)",
        "(982, 883)",
        "(59, 383)",
        "(261, 80)",
        "(885, 57)",
        "(658, 737)",
        "(275, 869)",
        "(767, 69)",
        "(990, 77)"
    ],
    "(562, 437)": [
        "(928, 330)",
        "(36, 788)",
        "(676, 334)",
        "(567, 347)",
        "(448, 421)",
        "(59, 383)",
        "(279, 992)",
        "(982, 883)",
        "(261, 80)",
        "(412, 757)",
        "(454, 502)",
        "(421, 409)",
        "(404, 388)",
        "(916, 868)",
        "(18, 192)",
        "(133, 977)",
        "(956, 375)",
        "(769, 396)",
        "(736, 711)",
        "(275, 869)",
        "(248, 703)",
        "(990, 77)"
    ],
    "(928, 330)": [
        "(562, 437)",
        "(658, 737)",
        "(412, 757)",
        "(567, 347)",
        "(676, 334)",
        "(916, 868)",
        "(700, 696)",
        "(482, 976)",
        "(700, 737)",
        "(261, 80)",
        "(558, 66)",
        "(133, 977)",
        "(342, 201)",
        "(279, 992)",
        "(956, 375)",
        "(736, 711)",
        "(454, 502)",
        "(240, 61)",
        "(404, 388)",
        "(448, 421)"
    ],
    "(248, 703)": [
        "(421, 409)",
        "(885, 57)",
        "(59, 383)",
        "(454, 502)",
        "(520, 63)",
        "(275, 869)",
        "(412, 757)",
        "(240, 61)",
        "(767, 69)",
        "(404, 388)",
        "(279, 992)",
        "(990, 77)",
        "(736, 711)",
        "(956, 375)",
        "(18, 192)",
        "(982, 883)",
        "(567, 347)",
        "(558, 66)",
        "(482, 976)",
        "(56, 988)",
        "(562, 437)"
    ]
}