{
    "(131, 67)": [
        "(567, 611)",
        "(455, 730)",
        "(5, 170)",
        "(12, 202)",
        "(577, 386)",
        "(776, 952)",
        "(954, 170)",
        "(106, 546)",
        "(679, 835)",
        "(369, 400)",
        "(511, 90)",
        "(641, 1000)",
        "(851, 108)",
        "(859, 943)",
        "(255, 329)",
        "(598, 475)",
        "(438, 726)",
        "(556, 507)",
        "(526, 326)",
        "(131, 759)",
        "(37, 942)",
        "(400, 623)",
        "(399, 247)",
        "(208, 764)",
        "(629, 59)",
        "(483, 219)",
        "(538, 980)",
        "(302, 767)",
        "(197, 904)",
        "(768, 649)"
    ],
    "(255, 329)": [
        "(818, 457)",
        "(776, 952)",
        "(302, 767)",
        "(399, 247)",
        "(455, 730)",
        "(859, 943)",
        "(369, 400)",
        "(131, 67)",
        "(538, 980)",
        "(679, 835)",
        "(197, 904)",
        "(511, 90)",
        "(5, 170)",
        "(400, 623)",
        "(598, 475)",
        "(526, 326)",
        "(438, 726)",
        "(106, 546)",
        "(852, 153)",
        "(37, 942)",
        "(410, 344)",
        "(978, 838)",
        "(695, 512)",
        "(240, 873)",
        "(131, 759)",
        "(641, 1000)",
        "(954, 170)",
        "(483, 219)",
        "(567, 611)",
        "(768, 649)",
        "(851, 108)"
    ],
    "(852, 153)": [
        "(12, 202)",
        "(302, 767)",
        "(37, 942)",
        "(851, 108)",
        "(455, 730)",
        "(859, 943)",
        "(131, 759)",
        "(240, 873)",
        "(511, 90)",
        "(399, 247)",
        "(538, 980)",
        "(577, 386)",
        "(641, 1000)",
        "(629, 59)",
        "(954, 170)",
        "(567, 611)",
        "(483, 219)",
        "(679, 835)",
        "(369, 400)",
        "(255, 329)",
        "(818, 457)",
        "(978, 838)",
        "(556, 507)",
        "(695, 512)",
        "(438, 726)",
        "(208, 764)",
        "(197, 904)",
        "(104, 910)"
    ],
    "(629, 59)": [
        "(240, 873)",
        "(598, 475)",
        "(768, 649)",
        "(369, 400)",
        "(483, 219)",
        "(567, 611)",
        "(641, 1000)",
        "(106, 546)",
        "(556, 507)",
        "(859, 943)",
        "(851, 108)",
        "(5, 170)",
        "(852, 153)",
        "(131, 759)",
        "(511, 90)",
        "(438, 726)",
        "(526, 326)",
        "(12, 202)",
        "(954, 170)",
        "(208, 764)",
        "(192, 37)",
        "(818, 457)",
        "(131, 67)",
        "(577, 386)",
        "(978, 838)",
        "(410, 344)"
    ],
    "(12, 202)": [
        "(852, 153)",
        "(851, 108)",
        "(556, 507)",
        "(438, 726)",
        "(859, 943)",
        "(131, 67)",
        "(410, 344)",
        "(197, 904)",
        "(679, 835)",
        "(511, 90)",
        "(567, 611)",
        "(369, 400)",
        "(104, 910)",
        "(776, 952)",
        "(598, 475)",
        "(629, 59)",
        "(818, 457)",
        "(768, 649)",
        "(400, 623)",
        "(641, 1000)",
        "(538, 980)",
        "(106, 546)",
        "(399, 247)",
        "(302, 767)",
        "(577, 386)",
        "(240, 873)",
        "(37, 942)",
        "(131, 759)",
        "(526, 326)",
        "(192, 37)",
        "(5, 170)",
        "(208, 764)"
    ],
    "(538, 980)": [
        "(197, 904)",
        "(400, 623)",
        "(818, 457)",
        "(679, 835)",
        "(192, 37)",
        "(104, 910)",
        "(526, 326)",
        "(455, 730)",
        "(556, 507)",
        "(567, 611)",
        "(598, 475)",
        "(255, 329)",
        "(695, 512)",
        "(577, 386)",
        "(954, 170)",
        "(852, 153)",
        "(208, 764)",
        "(641, 1000)",
        "(240, 873)",
        "(37, 942)",
        "(131, 759)",
        "(12, 202)",
        "(978, 838)",
        "(131, 67)",
        "(438, 726)",
        "(483, 219)",
        "(399, 247)",
        "(369, 400)"
    ],
    "(410, 344)": [
        "(954, 170)",
        "(641, 1000)",
        "(208, 764)",
        "(511, 90)",
        "(5, 170)",
        "(131, 759)",
        "(12, 202)",
        "(776, 952)",
        "(400, 623)",
        "(192, 37)",
        "(851, 108)",
        "(978, 838)",
        "(567, 611)",
        "(438, 726)",
        "(37, 942)",
        "(577, 386)",
        "(483, 219)",
        "(197, 904)",
        "(255, 329)",
        "(695, 512)",
        "(399, 247)",
        "(455, 730)",
        "(556, 507)",
        "(629, 59)",
        "(679, 835)"
    ],
    "(400, 623)": [
        "(679, 835)",
        "(399, 247)",
        "(538, 980)",
        "(859, 943)",
        "(131, 759)",
        "(695, 512)",
        "(978, 838)",
        "(598, 475)",
        "(577, 386)",
        "(5, 170)",
        "(818, 457)",
        "(208, 764)",
        "(410, 344)",
        "(197, 904)",
        "(526, 326)",
        "(37, 942)",
        "(255, 329)",
        "(768, 649)",
        "(12, 202)",
        "(192, 37)",
        "(438, 726)",
        "(131, 67)",
        "(483, 219)",
        "(641, 1000)",
        "(511, 90)",
        "(240, 873)",
        "(851, 108)",
        "(106, 546)",
        "(104, 910)"
    ],
    "(954, 170)": [
        "(197, 904)",
        "(410, 344)",
        "(104, 910)",
        "(455, 730)",
        "(526, 326)",
        "(556, 507)",
        "(483, 219)",
        "(131, 67)",
        "(208, 764)",
        "(776, 952)",
        "(768, 649)",
        "(106, 546)",
        "(978, 838)",
        "(538, 980)",
        "(851, 108)",
        "(852, 153)",
        "(302, 767)",
        "(438, 726)",
        "(37, 942)",
        "(5, 170)",
        "(629, 59)",
        "(695, 512)",
        "(240, 873)",
        "(818, 457)",
        "(255, 329)",
        "(641, 1000)",
        "(598, 475)",
        "(679, 835)"
    ],
    "(641, 1000)": [
        "(851, 108)",
        "(410, 344)",
        "(455, 730)",
        "(104, 910)",
        "(859, 943)",
        "(302, 767)",
        "(629, 59)",
        "(131, 67)",
        "(369, 400)",
        "(526, 326)",
        "(852, 153)",
        "(538, 980)",
        "(818, 457)",
        "(399, 247)",
        "(197, 904)",
        "(131, 759)",
        "(12, 202)",
        "(776, 952)",
        "(598, 475)",
        "(37, 942)",
        "(400, 623)",
        "(768, 649)",
        "(255, 329)",
        "(208, 764)",
        "(954, 170)",
        "(695, 512)",
        "(5, 170)"
    ],
    "(859, 943)": [
        "(511, 90)",
        "(400, 623)",
        "(852, 153)",
        "(12, 202)",
        "(641, 1000)",
        "(679, 835)",
        "(526, 326)",
        "(37, 942)",
        "(255, 329)",
        "(131, 67)",
        "(369, 400)",
        "(629, 59)",
        "(104, 910)",
        "(208, 764)",
        "(556, 507)",
        "(577, 386)",
        "(192, 37)",
        "(106, 546)",
        "(818, 457)",
        "(695, 512)",
        "(197, 904)",
        "(399, 247)",
        "(776, 952)",
        "(5, 170)",
        "(598, 475)",
        "(768, 649)",
        "(978, 838)",
        "(851, 108)"
    ],
    "(104, 910)": [
        "(818, 457)",
        "(954, 170)",
        "(598, 475)",
        "(641, 1000)",
        "(538, 980)",
        "(208, 764)",
        "(192, 37)",
        "(567, 611)",
        "(302, 767)",
        "(240, 873)",
        "(768, 649)",
        "(12, 202)",
        "(859, 943)",
        "(5, 170)",
        "(197, 904)",
        "(438, 726)",
        "(369, 400)",
        "(851, 108)",
        "(399, 247)",
        "(978, 838)",
        "(483, 219)",
        "(852, 153)",
        "(679, 835)",
        "(400, 623)"
    ],
    "(5, 170)": [
        "(598, 475)",
        "(131, 67)",
        "(410, 344)",
        "(978, 838)",
        "(106, 546)",
        "(679, 835)",
        "(768, 649)",
        "(400, 623)",
        "(851, 108)",
        "(577, 386)",
        "(369, 400)",
        "(104, 910)",
        "(629, 59)",
        "(438, 726)",
        "(526, 326)",
        "(255, 329)",
        "(302, 767)",
        "(208, 764)",
        "(954, 170)",
        "(37, 942)",
        "(240, 873)",
        "(483, 219)",
        "(567, 611)",
        "(192, 37)",
        "(818, 457)",
        "(556, 507)",
        "(197, 904)",
        "(859, 943)",
        "(511, 90)",
        "(12, 202)",
        "(641, 1000)",
        "(131, 759)"
    ],
    "(511, 90)": [
        "(859, 943)",
        "(208, 764)",
        "(410, 344)",
        "(776, 952)",
        "(197, 904)",
        "(369, 400)",
        "(768, 649)",
        "(37, 942)",
        "(556, 507)",
        "(131, 67)",
        "(679, 835)",
        "(12, 202)",
        "(852, 153)",
        "(818, 457)",
        "(399, 247)",
        "(483, 219)",
        "(629, 59)",
        "(255, 329)",
        "(438, 726)",
        "(695, 512)",
        "(240, 873)",
        "(131, 759)",
        "(567, 611)",
        "(106, 546)",
        "(400, 623)",
        "(192, 37)",
        "(5, 170)",
        "(526, 326)",
        "(978, 838)",
        "(851, 108)"
    ],
    "(455, 730)": [
        "(954, 170)",
        "(131, 67)",
        "(192, 37)",
        "(641, 1000)",
        "(852, 153)",
        "(131, 759)",
        "(538, 980)",
        "(851, 108)",
        "(255, 329)",
        "(106, 546)",
        "(438, 726)",
        "(37, 942)",
        "(208, 764)",
        "(598, 475)",
        "(776, 952)",
        "(369, 400)",
        "(526, 326)",
        "(556, 507)",
        "(679, 835)",
        "(768, 649)",
        "(240, 873)",
        "(302, 767)",
        "(695, 512)",
        "(483, 219)",
        "(818, 457)",
        "(410, 344)",
        "(197, 904)"
    ],
    "(577, 386)": [
        "(818, 457)",
        "(978, 838)",
        "(483, 219)",
        "(131, 67)",
        "(598, 475)",
        "(438, 726)",
        "(400, 623)",
        "(106, 546)",
        "(240, 873)",
        "(399, 247)",
        "(5, 170)",
        "(538, 980)",
        "(567, 611)",
        "(369, 400)",
        "(852, 153)",
        "(131, 759)",
        "(37, 942)",
        "(851, 108)",
        "(679, 835)",
        "(197, 904)",
        "(859, 943)",
        "(410, 344)",
        "(208, 764)",
        "(12, 202)",
        "(629, 59)",
        "(768, 649)"
    ],
    "(240, 873)": [
        "(106, 546)",
        "(818, 457)",
        "(629, 59)",
        "(208, 764)",
        "(852, 153)",
        "(483, 219)",
        "(302, 767)",
        "(37, 942)",
        "(556, 507)",
        "(104, 910)",
        "(577, 386)",
        "(679, 835)",
        "(538, 980)",
        "(598, 475)",
        "(369, 400)",
        "(5, 170)",
        "(511, 90)",
        "(954, 170)",
        "(776, 952)",
        "(455, 730)",
        "(255, 329)",
        "(12, 202)",
        "(400, 623)",
        "(851, 108)",
        "(567, 611)"
    ],
    "(37, 942)": [
        "(768, 649)",
        "(852, 153)",
        "(208, 764)",
        "(302, 767)",
        "(859, 943)",
        "(511, 90)",
        "(240, 873)",
        "(438, 726)",
        "(679, 835)",
        "(131, 759)",
        "(455, 730)",
        "(483, 219)",
        "(577, 386)",
        "(954, 170)",
        "(5, 170)",
        "(400, 623)",
        "(538, 980)",
        "(197, 904)",
        "(131, 67)",
        "(410, 344)",
        "(641, 1000)",
        "(255, 329)",
        "(192, 37)",
        "(369, 400)",
        "(851, 108)",
        "(12, 202)",
        "(526, 326)",
        "(978, 838)"
    ],
    "(679, 835)": [
        "(400, 623)",
        "(538, 980)",
        "(526, 326)",
        "(859, 943)",
        "(131, 67)",
        "(12, 202)",
        "(511, 90)",
        "(208, 764)",
        "(5, 170)",
        "(567, 611)",
        "(255, 329)",
        "(240, 873)",
        "(598, 475)",
        "(37, 942)",
        "(483, 219)",
        "(577, 386)",
        "(131, 759)",
        "(818, 457)",
        "(852, 153)",
        "(302, 767)",
        "(455, 730)",
        "(851, 108)",
        "(106, 546)",
        "(768, 649)",
        "(556, 507)",
        "(192, 37)",
        "(978, 838)",
        "(399, 247)",
        "(104, 910)",
        "(776, 952)",
        "(197, 904)",
        "(954, 170)",
        "(695, 512)",
        "(410, 344)"
    ],
    "(131, 759)": [
        "(400, 623)",
        "(455, 730)",
        "(399, 247)",
        "(852, 153)",
        "(483, 219)",
        "(410, 344)",
        "(37, 942)",
        "(197, 904)",
        "(629, 59)",
        "(577, 386)",
        "(679, 835)",
        "(598, 475)",
        "(192, 37)",
        "(641, 1000)",
        "(302, 767)",
        "(511, 90)",
        "(538, 980)",
        "(131, 67)",
        "(978, 838)",
        "(208, 764)",
        "(768, 649)",
        "(556, 507)",
        "(106, 546)",
        "(255, 329)",
        "(695, 512)",
        "(12, 202)",
        "(851, 108)",
        "(818, 457)",
        "(5, 170)"
    ],
    "(106, 546)": [
        "(240, 873)",
        "(598, 475)",
        "(438, 726)",
        "(131, 67)",
        "(526, 326)",
        "(197, 904)",
        "(5, 170)",
        "(455, 730)",
        "(851, 108)",
        "(399, 247)",
        "(629, 59)",
        "(577, 386)",
        "(954, 170)",
        "(302, 767)",
        "(776, 952)",
        "(208, 764)",
        "(859, 943)",
        "(12, 202)",
        "(511, 90)",
        "(556, 507)",
        "(255, 329)",
        "(679, 835)",
        "(695, 512)",
        "(131, 759)",
        "(768, 649)",
        "(369, 400)",
        "(400, 623)"
    ],
    "(438, 726)": [
        "(598, 475)",
        "(12, 202)",
        "(106, 546)",
        "(695, 512)",
        "(302, 767)",
        "(526, 326)",
        "(577, 386)",
        "(455, 730)",
        "(768, 649)",
        "(37, 942)",
        "(208, 764)",
        "(131, 67)",
        "(5, 170)",
        "(954, 170)",
        "(369, 400)",
        "(511, 90)",
        "(629, 59)",
        "(104, 910)",
        "(978, 838)",
        "(567, 611)",
        "(851, 108)",
        "(410, 344)",
        "(400, 623)",
        "(255, 329)",
        "(399, 247)",
        "(197, 904)",
        "(538, 980)",
        "(776, 952)",
        "(852, 153)",
        "(192, 37)"
    ],
    "(483, 219)": [
        "(208, 764)",
        "(577, 386)",
        "(629, 59)",
        "(954, 170)",
        "(131, 759)",
        "(851, 108)",
        "(240, 873)",
        "(695, 512)",
        "(978, 838)",
        "(556, 507)",
        "(511, 90)",
        "(37, 942)",
        "(679, 835)",
        "(598, 475)",
        "(852, 153)",
        "(5, 170)",
        "(768, 649)",
        "(410, 344)",
        "(197, 904)",
        "(400, 623)",
        "(131, 67)",
        "(302, 767)",
        "(538, 980)",
        "(776, 952)",
        "(369, 400)",
        "(104, 910)",
        "(255, 329)",
        "(399, 247)",
        "(455, 730)"
    ],
    "(399, 247)": [
        "(400, 623)",
        "(131, 759)",
        "(556, 507)",
        "(255, 329)",
        "(852, 153)",
        "(106, 546)",
        "(695, 512)",
        "(818, 457)",
        "(577, 386)",
        "(511, 90)",
        "(598, 475)",
        "(641, 1000)",
        "(302, 767)",
        "(567, 611)",
        "(12, 202)",
        "(526, 326)",
        "(131, 67)",
        "(208, 764)",
        "(438, 726)",
        "(859, 943)",
        "(104, 910)",
        "(197, 904)",
        "(978, 838)",
        "(776, 952)",
        "(538, 980)",
        "(410, 344)",
        "(369, 400)",
        "(679, 835)",
        "(483, 219)",
        "(192, 37)"
    ],
    "(192, 37)": [
        "(455, 730)",
        "(538, 980)",
        "(104, 910)",
        "(978, 838)",
        "(410, 344)",
        "(369, 400)",
        "(598, 475)",
        "(131, 759)",
        "(859, 943)",
        "(818, 457)",
        "(5, 170)",
        "(197, 904)",
        "(400, 623)",
        "(629, 59)",
        "(37, 942)",
        "(511, 90)",
        "(526, 326)",
        "(679, 835)",
        "(208, 764)",
        "(776, 952)",
        "(438, 726)",
        "(399, 247)",
        "(12, 202)"
    ],
    "(302, 767)": [
        "(852, 153)",
        "(37, 942)",
        "(240, 873)",
        "(641, 1000)",
        "(438, 726)",
        "(208, 764)",
        "(255, 329)",
        "(104, 910)",
        "(106, 546)",
        "(776, 952)",
        "(768, 649)",
        "(954, 170)",
        "(695, 512)",
        "(978, 838)",
        "(5, 170)",
        "(131, 759)",
        "(679, 835)",
        "(851, 108)",
        "(399, 247)",
        "(12, 202)",
        "(197, 904)",
        "(369, 400)",
        "(483, 219)",
        "(131, 67)",
        "(455, 730)",
        "(556, 507)"
    ],
    "(695, 512)": [
        "(768, 649)",
        "(776, 952)",
        "(483, 219)",
        "(598, 475)",
        "(400, 623)",
        "(438, 726)",
        "(399, 247)",
        "(851, 108)",
        "(538, 980)",
        "(302, 767)",
        "(511, 90)",
        "(197, 904)",
        "(954, 170)",
        "(208, 764)",
        "(859, 943)",
        "(978, 838)",
        "(255, 329)",
        "(106, 546)",
        "(410, 344)",
        "(852, 153)",
        "(131, 759)",
        "(455, 730)",
        "(641, 1000)",
        "(679, 835)"
    ],
    "(369, 400)": [
        "(598, 475)",
        "(629, 59)",
        "(511, 90)",
        "(131, 67)",
        "(641, 1000)",
        "(12, 202)",
        "(255, 329)",
        "(818, 457)",
        "(859, 943)",
        "(5, 170)",
        "(577, 386)",
        "(438, 726)",
        "(455, 730)",
        "(192, 37)",
        "(240, 873)",
        "(851, 108)",
        "(776, 952)",
        "(526, 326)",
        "(978, 838)",
        "(852, 153)",
        "(197, 904)",
        "(104, 910)",
        "(556, 507)",
        "(567, 611)",
        "(37, 942)",
        "(768, 649)",
        "(302, 767)",
        "(483, 219)",
        "(399, 247)",
        "(106, 546)",
        "(538, 980)"
    ],
    "(526, 326)": [
        "(954, 170)",
        "(679, 835)",
        "(538, 980)",
        "(859, 943)",
        "(106, 546)",
        "(438, 726)",
        "(776, 952)",
        "(851, 108)",
        "(818, 457)",
        "(641, 1000)",
        "(5, 170)",
        "(629, 59)",
        "(768, 649)",
        "(131, 67)",
        "(455, 730)",
        "(400, 623)",
        "(369, 400)",
        "(197, 904)",
        "(255, 329)",
        "(399, 247)",
        "(37, 942)",
        "(192, 37)",
        "(556, 507)",
        "(12, 202)",
        "(511, 90)",
        "(978, 838)"
    ],
    "(556, 507)": [
        "(954, 170)",
        "(12, 202)",
        "(818, 457)",
        "(399, 247)",
        "(538, 980)",
        "(776, 952)",
        "(511, 90)",
        "(483, 219)",
        "(240, 873)",
        "(197, 904)",
        "(208, 764)",
        "(629, 59)",
        "(768, 649)",
        "(131, 67)",
        "(859, 943)",
        "(455, 730)",
        "(106, 546)",
        "(851, 108)",
        "(369, 400)",
        "(978, 838)",
        "(5, 170)",
        "(131, 759)",
        "(852, 153)",
        "(679, 835)",
        "(526, 326)",
        "(567, 611)",
        "(302, 767)",
        "(410, 344)",
        "(598, 475)"
    ],
    "(851, 108)": [
        "(641, 1000)",
        "(852, 153)",
        "(12, 202)",
        "(483, 219)",
        "(455, 730)",
        "(131, 67)",
        "(106, 546)",
        "(526, 326)",
        "(695, 512)",
        "(5, 170)",
        "(629, 59)",
        "(954, 170)",
        "(598, 475)",
        "(410, 344)",
        "(577, 386)",
        "(776, 952)",
        "(197, 904)",
        "(369, 400)",
        "(302, 767)",
        "(438, 726)",
        "(818, 457)",
        "(679, 835)",
        "(556, 507)",
        "(978, 838)",
        "(104, 910)",
        "(37, 942)",
        "(240, 873)",
        "(567, 611)",
        "(131, 759)",
        "(400, 623)",
        "(511, 90)",
        "(859, 943)",
        "(255, 329)"
    ],
    "(818, 457)": [
        "(255, 329)",
        "(104, 910)",
        "(577, 386)",
        "(538, 980)",
        "(240, 873)",
        "(598, 475)",
        "(556, 507)",
        "(511, 90)",
        "(526, 326)",
        "(399, 247)",
        "(369, 400)",
        "(400, 623)",
        "(641, 1000)",
        "(12, 202)",
        "(679, 835)",
        "(192, 37)",
        "(859, 943)",
        "(851, 108)",
        "(5, 170)",
        "(852, 153)",
        "(954, 170)",
        "(629, 59)",
        "(978, 838)",
        "(208, 764)",
        "(776, 952)",
        "(567, 611)",
        "(455, 730)",
        "(131, 759)"
    ],
    "(208, 764)": [
        "(511, 90)",
        "(483, 219)",
        "(410, 344)",
        "(240, 873)",
        "(37, 942)",
        "(104, 910)",
        "(954, 170)",
        "(302, 767)",
        "(567, 611)",
        "(679, 835)",
        "(556, 507)",
        "(400, 623)",
        "(438, 726)",
        "(455, 730)",
        "(538, 980)",
        "(859, 943)",
        "(5, 170)",
        "(106, 546)",
        "(695, 512)",
        "(629, 59)",
        "(577, 386)",
        "(131, 759)",
        "(399, 247)",
        "(776, 952)",
        "(131, 67)",
        "(818, 457)",
        "(641, 1000)",
        "(852, 153)",
        "(192, 37)",
        "(978, 838)",
        "(12, 202)",
        "(768, 649)"
    ],
    "(598, 475)": [
        "(567, 611)",
        "(438, 726)",
        "(369, 400)",
        "(5, 170)",
        "(104, 910)",
        "(818, 457)",
        "(629, 59)",
        "(577, 386)",
        "(106, 546)",
        "(695, 512)",
        "(538, 980)",
        "(400, 623)",
        "(679, 835)",
        "(131, 67)",
        "(197, 904)",
        "(399, 247)",
        "(851, 108)",
        "(455, 730)",
        "(12, 202)",
        "(131, 759)",
        "(240, 873)",
        "(776, 952)",
        "(483, 219)",
        "(192, 37)",
        "(978, 838)",
        "(255, 329)",
        "(641, 1000)",
        "(859, 943)",
        "(768, 649)",
        "(954, 170)",
        "(556, 507)"
    ],
    "(567, 611)": [
        "(598, 475)",
        "(131, 67)",
        "(104, 910)",
        "(538, 980)",
        "(629, 59)",
        "(208, 764)",
        "(12, 202)",
        "(679, 835)",
        "(577, 386)",
        "(852, 153)",
        "(438, 726)",
        "(410, 344)",
        "(5, 170)",
        "(776, 952)",
        "(511, 90)",
        "(399, 247)",
        "(369, 400)",
        "(978, 838)",
        "(851, 108)",
        "(240, 873)",
        "(556, 507)",
        "(255, 329)",
        "(818, 457)",
        "(197, 904)"
    ],
    "(197, 904)": [
        "(954, 170)",
        "(538, 980)",
        "(511, 90)",
        "(12, 202)",
        "(106, 546)",
        "(556, 507)",
        "(255, 329)",
        "(598, 475)",
        "(131, 759)",
        "(104, 910)",
        "(400, 623)",
        "(577, 386)",
        "(695, 512)",
        "(851, 108)",
        "(641, 1000)",
        "(526, 326)",
        "(37, 942)",
        "(192, 37)",
        "(369, 400)",
        "(483, 219)",
        "(410, 344)",
        "(5, 170)",
        "(859, 943)",
        "(302, 767)",
        "(438, 726)",
        "(399, 247)",
        "(768, 649)",
        "(131, 67)",
        "(852, 153)",
        "(679, 835)",
        "(567, 611)",
        "(455, 730)"
    ],
    "(978, 838)": [
        "(577, 386)",
        "(5, 170)",
        "(483, 219)",
        "(776, 952)",
        "(400, 623)",
        "(192, 37)",
        "(954, 170)",
        "(768, 649)",
        "(302, 767)",
        "(438, 726)",
        "(410, 344)",
        "(598, 475)",
        "(369, 400)",
        "(538, 980)",
        "(695, 512)",
        "(131, 759)",
        "(851, 108)",
        "(556, 507)",
        "(852, 153)",
        "(255, 329)",
        "(104, 910)",
        "(399, 247)",
        "(818, 457)",
        "(567, 611)",
        "(629, 59)",
        "(679, 835)",
        "(208, 764)",
        "(511, 90)",
        "(37, 942)",
        "(526, 326)",
        "(859, 943)"
    ],
    "(776, 952)": [
        "(511, 90)",
        "(131, 67)",
        "(695, 512)",
        "(954, 170)",
        "(978, 838)",
        "(556, 507)",
        "(255, 329)",
        "(526, 326)",
        "(410, 344)",
        "(12, 202)",
        "(302, 767)",
        "(455, 730)",
        "(598, 475)",
        "(851, 108)",
        "(106, 546)",
        "(369, 400)",
        "(641, 1000)",
        "(567, 611)",
        "(768, 649)",
        "(208, 764)",
        "(240, 873)",
        "(859, 943)",
        "(399, 247)",
        "(438, 726)",
        "(483, 219)",
        "(818, 457)",
        "(192, 37)",
        "(679, 835)"
    ],
    "(768, 649)": [
        "(37, 942)",
        "(695, 512)",
        "(629, 59)",
        "(511, 90)",
        "(104, 910)",
        "(5, 170)",
        "(954, 170)",
        "(438, 726)",
        "(556, 507)",
        "(978, 838)",
        "(302, 767)",
        "(526, 326)",
        "(483, 219)",
        "(400, 623)",
        "(12, 202)",
        "(455, 730)",
        "(776, 952)",
        "(131, 759)",
        "(641, 1000)",
        "(369, 400)",
        "(197, 904)",
        "(679, 835)",
        "(577, 386)",
        "(598, 475)",
        "(106, 546)",
        "(859, 943)",
        "(255, 329)",
        "(131, 67)",
        "(208, 764)"
    ]
}