{
    "processed_English.txt": {
        "algorithm": "decreasing_probability_counter",
        "num_trials": 5,
        "trial_results": [
            {
                "most_common": [
                    [
                        "said",
                        511
                    ],
                    [
                        "alice",
                        255
                    ],
                    [
                        "would",
                        255
                    ],
                    [
                        "thought",
                        127
                    ],
                    [
                        "see",
                        127
                    ],
                    [
                        "went",
                        127
                    ],
                    [
                        "\u201ci",
                        127
                    ],
                    [
                        "tell",
                        127
                    ],
                    [
                        "little",
                        63
                    ],
                    [
                        "mock",
                        63
                    ]
                ],
                "less_common": [
                    [
                        "riper",
                        1
                    ],
                    [
                        "years",
                        1
                    ],
                    [
                        "loving",
                        1
                    ],
                    [
                        "childhood",
                        1
                    ],
                    [
                        "gather",
                        1
                    ],
                    [
                        "sorrows",
                        1
                    ],
                    [
                        "joys",
                        1
                    ],
                    [
                        "remembering",
                        1
                    ],
                    [
                        "childlife",
                        1
                    ],
                    [
                        "happy",
                        1
                    ]
                ],
                "execution_time": 0.005982398986816406
            },
            {
                "most_common": [
                    [
                        "said",
                        511
                    ],
                    [
                        "alice",
                        255
                    ],
                    [
                        "went",
                        255
                    ],
                    [
                        "gryphon",
                        255
                    ],
                    [
                        "little",
                        127
                    ],
                    [
                        "see",
                        127
                    ],
                    [
                        "one",
                        127
                    ],
                    [
                        "\u201ci",
                        127
                    ],
                    [
                        "king",
                        127
                    ],
                    [
                        "thought",
                        63
                    ]
                ],
                "less_common": [
                    [
                        "riper",
                        1
                    ],
                    [
                        "years",
                        1
                    ],
                    [
                        "loving",
                        1
                    ],
                    [
                        "childhood",
                        1
                    ],
                    [
                        "gather",
                        1
                    ],
                    [
                        "sorrows",
                        1
                    ],
                    [
                        "joys",
                        1
                    ],
                    [
                        "remembering",
                        1
                    ],
                    [
                        "childlife",
                        1
                    ],
                    [
                        "happy",
                        1
                    ]
                ],
                "execution_time": 0.004959583282470703
            },
            {
                "most_common": [
                    [
                        "said",
                        511
                    ],
                    [
                        "thought",
                        255
                    ],
                    [
                        "went",
                        255
                    ],
                    [
                        "little",
                        127
                    ],
                    [
                        "alice",
                        127
                    ],
                    [
                        "could",
                        127
                    ],
                    [
                        "much",
                        127
                    ],
                    [
                        "time",
                        127
                    ],
                    [
                        "like",
                        127
                    ],
                    [
                        "one",
                        127
                    ]
                ],
                "less_common": [
                    [
                        "riper",
                        1
                    ],
                    [
                        "years",
                        1
                    ],
                    [
                        "loving",
                        1
                    ],
                    [
                        "childhood",
                        1
                    ],
                    [
                        "gather",
                        1
                    ],
                    [
                        "sorrows",
                        1
                    ],
                    [
                        "joys",
                        1
                    ],
                    [
                        "remembering",
                        1
                    ],
                    [
                        "childlife",
                        1
                    ],
                    [
                        "happy",
                        1
                    ]
                ],
                "execution_time": 0.005332469940185547
            },
            {
                "most_common": [
                    [
                        "said",
                        511
                    ],
                    [
                        "alice",
                        255
                    ],
                    [
                        "long",
                        127
                    ],
                    [
                        "little",
                        127
                    ],
                    [
                        "thought",
                        127
                    ],
                    [
                        "could",
                        127
                    ],
                    [
                        "would",
                        127
                    ],
                    [
                        "went",
                        127
                    ],
                    [
                        "cat",
                        127
                    ],
                    [
                        "chapter",
                        63
                    ]
                ],
                "less_common": [
                    [
                        "riper",
                        1
                    ],
                    [
                        "years",
                        1
                    ],
                    [
                        "loving",
                        1
                    ],
                    [
                        "childhood",
                        1
                    ],
                    [
                        "gather",
                        1
                    ],
                    [
                        "sorrows",
                        1
                    ],
                    [
                        "joys",
                        1
                    ],
                    [
                        "remembering",
                        1
                    ],
                    [
                        "childlife",
                        1
                    ],
                    [
                        "happy",
                        1
                    ]
                ],
                "execution_time": 0.004921674728393555
            },
            {
                "most_common": [
                    [
                        "said",
                        1023
                    ],
                    [
                        "could",
                        255
                    ],
                    [
                        "turtle",
                        255
                    ],
                    [
                        "little",
                        127
                    ],
                    [
                        "alice",
                        127
                    ],
                    [
                        "looked",
                        127
                    ],
                    [
                        "went",
                        127
                    ],
                    [
                        "\u201ci",
                        127
                    ],
                    [
                        "got",
                        127
                    ],
                    [
                        "king",
                        127
                    ]
                ],
                "less_common": [
                    [
                        "riper",
                        1
                    ],
                    [
                        "years",
                        1
                    ],
                    [
                        "loving",
                        1
                    ],
                    [
                        "childhood",
                        1
                    ],
                    [
                        "gather",
                        1
                    ],
                    [
                        "sorrows",
                        1
                    ],
                    [
                        "joys",
                        1
                    ],
                    [
                        "remembering",
                        1
                    ],
                    [
                        "childlife",
                        1
                    ],
                    [
                        "happy",
                        1
                    ]
                ],
                "execution_time": 0.0065534114837646484
            }
        ],
        "average_execution_time": 0.005549907684326172
    },
    "processed_Esperanto.txt": {
        "algorithm": "decreasing_probability_counter",
        "num_trials": 5,
        "trial_results": [
            {
                "most_common": [
                    [
                        "la",
                        2047
                    ],
                    [
                        "kaj",
                        2047
                    ],
                    [
                        "sxi",
                        1023
                    ],
                    [
                        "mi",
                        511
                    ],
                    [
                        "vi",
                        511
                    ],
                    [
                        "diris",
                        511
                    ],
                    [
                        "de",
                        255
                    ],
                    [
                        "alicio",
                        255
                    ],
                    [
                        "en",
                        255
                    ],
                    [
                        "sed",
                        255
                    ]
                ],
                "less_common": [
                    [
                        "anglaj",
                        1
                    ],
                    [
                        "falskelonia",
                        1
                    ],
                    [
                        "viando",
                        1
                    ],
                    [
                        "gusto",
                        1
                    ],
                    [
                        "simila",
                        1
                    ],
                    [
                        "konkludas",
                        1
                    ],
                    [
                        "turnbull",
                        1
                    ],
                    [
                        "spears",
                        1
                    ],
                    [
                        "printers",
                        1
                    ],
                    [
                        "edinburgh",
                        1
                    ]
                ],
                "execution_time": 0.011256933212280273
            },
            {
                "most_common": [
                    [
                        "la",
                        1023
                    ],
                    [
                        "alicio",
                        1023
                    ],
                    [
                        "kaj",
                        1023
                    ],
                    [
                        "en",
                        511
                    ],
                    [
                        "vi",
                        511
                    ],
                    [
                        "sxi",
                        511
                    ],
                    [
                        "ja",
                        511
                    ],
                    [
                        "li",
                        511
                    ],
                    [
                        "per",
                        255
                    ],
                    [
                        "tre",
                        255
                    ]
                ],
                "less_common": [
                    [
                        "supoj",
                        1
                    ],
                    [
                        "anglaj",
                        1
                    ],
                    [
                        "viando",
                        1
                    ],
                    [
                        "gusto",
                        1
                    ],
                    [
                        "simila",
                        1
                    ],
                    [
                        "konkludas",
                        1
                    ],
                    [
                        "turnbull",
                        1
                    ],
                    [
                        "spears",
                        1
                    ],
                    [
                        "printers",
                        1
                    ],
                    [
                        "edinburgh",
                        1
                    ]
                ],
                "execution_time": 0.009859323501586914
            },
            {
                "most_common": [
                    [
                        "la",
                        2047
                    ],
                    [
                        "diris",
                        2047
                    ],
                    [
                        "al",
                        1023
                    ],
                    [
                        "en",
                        511
                    ],
                    [
                        "kaj",
                        511
                    ],
                    [
                        "mi",
                        511
                    ],
                    [
                        "ne",
                        511
                    ],
                    [
                        "vi",
                        511
                    ],
                    [
                        "sxi",
                        511
                    ],
                    [
                        "alicio",
                        255
                    ]
                ],
                "less_common": [
                    [
                        "anglaj",
                        1
                    ],
                    [
                        "falskelonia",
                        1
                    ],
                    [
                        "viando",
                        1
                    ],
                    [
                        "gusto",
                        1
                    ],
                    [
                        "simila",
                        1
                    ],
                    [
                        "konkludas",
                        1
                    ],
                    [
                        "turnbull",
                        1
                    ],
                    [
                        "spears",
                        1
                    ],
                    [
                        "printers",
                        1
                    ],
                    [
                        "edinburgh",
                        1
                    ]
                ],
                "execution_time": 0.009280681610107422
            },
            {
                "most_common": [
                    [
                        "alicio",
                        1023
                    ],
                    [
                        "diris",
                        1023
                    ],
                    [
                        "la",
                        511
                    ],
                    [
                        "en",
                        511
                    ],
                    [
                        "kaj",
                        511
                    ],
                    [
                        "mi",
                        511
                    ],
                    [
                        "oni",
                        511
                    ],
                    [
                        "vi",
                        511
                    ],
                    [
                        "ne",
                        255
                    ],
                    [
                        "da",
                        255
                    ]
                ],
                "less_common": [
                    [
                        "falskelonia",
                        1
                    ],
                    [
                        "farata",
                        1
                    ],
                    [
                        "viando",
                        1
                    ],
                    [
                        "gusto",
                        1
                    ],
                    [
                        "simila",
                        1
                    ],
                    [
                        "konkludas",
                        1
                    ],
                    [
                        "turnbull",
                        1
                    ],
                    [
                        "spears",
                        1
                    ],
                    [
                        "printers",
                        1
                    ],
                    [
                        "edinburgh",
                        1
                    ]
                ],
                "execution_time": 0.009858131408691406
            },
            {
                "most_common": [
                    [
                        "la",
                        2047
                    ],
                    [
                        "en",
                        511
                    ],
                    [
                        "kaj",
                        511
                    ],
                    [
                        "mi",
                        511
                    ],
                    [
                        "ke",
                        511
                    ],
                    [
                        "se",
                        511
                    ],
                    [
                        "sxi",
                        511
                    ],
                    [
                        "de",
                        255
                    ],
                    [
                        "alicio",
                        255
                    ],
                    [
                        "tre",
                        255
                    ]
                ],
                "less_common": [
                    [
                        "supoj",
                        1
                    ],
                    [
                        "anglaj",
                        1
                    ],
                    [
                        "viando",
                        1
                    ],
                    [
                        "gusto",
                        1
                    ],
                    [
                        "simila",
                        1
                    ],
                    [
                        "konkludas",
                        1
                    ],
                    [
                        "turnbull",
                        1
                    ],
                    [
                        "spears",
                        1
                    ],
                    [
                        "printers",
                        1
                    ],
                    [
                        "edinburgh",
                        1
                    ]
                ],
                "execution_time": 0.00887298583984375
            }
        ],
        "average_execution_time": 0.009825611114501953
    },
    "processed_Finnish.txt": {
        "algorithm": "decreasing_probability_counter",
        "num_trials": 5,
        "trial_results": [
            {
                "most_common": [
                    [
                        "ja",
                        511
                    ],
                    [
                        "ei",
                        511
                    ],
                    [
                        "liisa",
                        511
                    ],
                    [
                        "kuin",
                        511
                    ],
                    [
                        "sanoi",
                        511
                    ],
                    [
                        "h\u00e4n",
                        255
                    ],
                    [
                        "oli",
                        255
                    ],
                    [
                        "se",
                        255
                    ],
                    [
                        "mutta",
                        127
                    ],
                    [
                        "ollut",
                        127
                    ]
                ],
                "less_common": [
                    [
                        "nauttii",
                        1
                    ],
                    [
                        "iloistaan",
                        1
                    ],
                    [
                        "muistellen",
                        1
                    ],
                    [
                        "lapsuuttaan",
                        1
                    ],
                    [
                        "onnellisia",
                        1
                    ],
                    [
                        "kultap\u00e4ivi\u00e4",
                        1
                    ],
                    [
                        "loppu",
                        1
                    ],
                    [
                        "end",
                        1
                    ],
                    [
                        "project",
                        1
                    ],
                    [
                        "gutenbergs",
                        1
                    ]
                ],
                "execution_time": 0.008422136306762695
            },
            {
                "most_common": [
                    [
                        "ja",
                        511
                    ],
                    [
                        "liisa",
                        511
                    ],
                    [
                        "h\u00e4n",
                        255
                    ],
                    [
                        "oli",
                        255
                    ],
                    [
                        "niin",
                        255
                    ],
                    [
                        "mit\u00e4",
                        255
                    ],
                    [
                        "min\u00e4",
                        255
                    ],
                    [
                        "nyt",
                        127
                    ],
                    [
                        "ei",
                        127
                    ],
                    [
                        "kun",
                        127
                    ]
                ],
                "less_common": [
                    [
                        "nauttii",
                        1
                    ],
                    [
                        "iloistaan",
                        1
                    ],
                    [
                        "muistellen",
                        1
                    ],
                    [
                        "lapsuuttaan",
                        1
                    ],
                    [
                        "onnellisia",
                        1
                    ],
                    [
                        "kultap\u00e4ivi\u00e4",
                        1
                    ],
                    [
                        "loppu",
                        1
                    ],
                    [
                        "end",
                        1
                    ],
                    [
                        "project",
                        1
                    ],
                    [
                        "gutenbergs",
                        1
                    ]
                ],
                "execution_time": 0.008080244064331055
            },
            {
                "most_common": [
                    [
                        "ja",
                        511
                    ],
                    [
                        "liisa",
                        511
                    ],
                    [
                        "h\u00e4n",
                        255
                    ],
                    [
                        "oli",
                        255
                    ],
                    [
                        "mutta",
                        255
                    ],
                    [
                        "sanoi",
                        255
                    ],
                    [
                        "kuinka",
                        127
                    ],
                    [
                        "ei",
                        127
                    ],
                    [
                        "h\u00e4nen",
                        127
                    ],
                    [
                        "kun",
                        127
                    ]
                ],
                "less_common": [
                    [
                        "nauttii",
                        1
                    ],
                    [
                        "iloistaan",
                        1
                    ],
                    [
                        "muistellen",
                        1
                    ],
                    [
                        "lapsuuttaan",
                        1
                    ],
                    [
                        "onnellisia",
                        1
                    ],
                    [
                        "kultap\u00e4ivi\u00e4",
                        1
                    ],
                    [
                        "loppu",
                        1
                    ],
                    [
                        "end",
                        1
                    ],
                    [
                        "project",
                        1
                    ],
                    [
                        "gutenbergs",
                        1
                    ]
                ],
                "execution_time": 0.008257627487182617
            },
            {
                "most_common": [
                    [
                        "oli",
                        511
                    ],
                    [
                        "sanoi",
                        511
                    ],
                    [
                        "ja",
                        255
                    ],
                    [
                        "h\u00e4n",
                        255
                    ],
                    [
                        "ei",
                        255
                    ],
                    [
                        "liisa",
                        255
                    ],
                    [
                        "mutta",
                        127
                    ],
                    [
                        "h\u00e4nen",
                        127
                    ],
                    [
                        "ett\u00e4",
                        127
                    ],
                    [
                        "se",
                        127
                    ]
                ],
                "less_common": [
                    [
                        "nauttii",
                        1
                    ],
                    [
                        "iloistaan",
                        1
                    ],
                    [
                        "muistellen",
                        1
                    ],
                    [
                        "lapsuuttaan",
                        1
                    ],
                    [
                        "onnellisia",
                        1
                    ],
                    [
                        "kultap\u00e4ivi\u00e4",
                        1
                    ],
                    [
                        "loppu",
                        1
                    ],
                    [
                        "end",
                        1
                    ],
                    [
                        "project",
                        1
                    ],
                    [
                        "gutenbergs",
                        1
                    ]
                ],
                "execution_time": 0.007707118988037109
            },
            {
                "most_common": [
                    [
                        "ja",
                        511
                    ],
                    [
                        "h\u00e4n",
                        511
                    ],
                    [
                        "liisa",
                        511
                    ],
                    [
                        "oli",
                        255
                    ],
                    [
                        "sen",
                        255
                    ],
                    [
                        "en",
                        255
                    ],
                    [
                        "nyt",
                        127
                    ],
                    [
                        "ei",
                        127
                    ],
                    [
                        "h\u00e4nen",
                        127
                    ],
                    [
                        "se",
                        127
                    ]
                ],
                "less_common": [
                    [
                        "nauttii",
                        1
                    ],
                    [
                        "iloistaan",
                        1
                    ],
                    [
                        "muistellen",
                        1
                    ],
                    [
                        "lapsuuttaan",
                        1
                    ],
                    [
                        "onnellisia",
                        1
                    ],
                    [
                        "kultap\u00e4ivi\u00e4",
                        1
                    ],
                    [
                        "loppu",
                        1
                    ],
                    [
                        "end",
                        1
                    ],
                    [
                        "project",
                        1
                    ],
                    [
                        "gutenbergs",
                        1
                    ]
                ],
                "execution_time": 0.007302522659301758
            }
        ],
        "average_execution_time": 0.007953929901123046
    },
    "processed_French.txt": {
        "algorithm": "decreasing_probability_counter",
        "num_trials": 5,
        "trial_results": [
            {
                "most_common": [
                    [
                        "de",
                        1023
                    ],
                    [
                        "le",
                        1023
                    ],
                    [
                        "la",
                        511
                    ],
                    [
                        "pas",
                        511
                    ],
                    [
                        "et",
                        511
                    ],
                    [
                        "que",
                        511
                    ],
                    [
                        "les",
                        511
                    ],
                    [
                        "cest",
                        511
                    ],
                    [
                        "alice",
                        511
                    ],
                    [
                        "elle",
                        511
                    ]
                ],
                "less_common": [
                    [
                        "innocentes",
                        1
                    ],
                    [
                        "joies",
                        1
                    ],
                    [
                        "rappelant",
                        1
                    ],
                    [
                        "d\u00e9t\u00e9",
                        1
                    ],
                    [
                        "140",
                        1
                    ],
                    [
                        "\u00abcondamm\u00e9s\u00bb",
                        1
                    ],
                    [
                        "\u00abcondamn\u00e9s\u00bb",
                        1
                    ],
                    [
                        "166",
                        1
                    ],
                    [
                        "\u00abtr\u00e8soccupp\u00e9s\u00bb",
                        1
                    ],
                    [
                        "\u00abtr\u00e8soccup\u00e9s\u00bb",
                        1
                    ]
                ],
                "execution_time": 0.010402202606201172
            },
            {
                "most_common": [
                    [
                        "de",
                        1023
                    ],
                    [
                        "la",
                        511
                    ],
                    [
                        "\u00e0",
                        511
                    ],
                    [
                        "le",
                        511
                    ],
                    [
                        "et",
                        511
                    ],
                    [
                        "en",
                        511
                    ],
                    [
                        "les",
                        511
                    ],
                    [
                        "je",
                        511
                    ],
                    [
                        "dit",
                        511
                    ],
                    [
                        "vous",
                        511
                    ]
                ],
                "less_common": [
                    [
                        "innocentes",
                        1
                    ],
                    [
                        "joies",
                        1
                    ],
                    [
                        "rappelant",
                        1
                    ],
                    [
                        "d\u00e9t\u00e9",
                        1
                    ],
                    [
                        "140",
                        1
                    ],
                    [
                        "\u00abcondamm\u00e9s\u00bb",
                        1
                    ],
                    [
                        "\u00abcondamn\u00e9s\u00bb",
                        1
                    ],
                    [
                        "166",
                        1
                    ],
                    [
                        "\u00abtr\u00e8soccupp\u00e9s\u00bb",
                        1
                    ],
                    [
                        "\u00abtr\u00e8soccup\u00e9s\u00bb",
                        1
                    ]
                ],
                "execution_time": 0.008963823318481445
            },
            {
                "most_common": [
                    [
                        "et",
                        2047
                    ],
                    [
                        "la",
                        1023
                    ],
                    [
                        "de",
                        1023
                    ],
                    [
                        "le",
                        1023
                    ],
                    [
                        "les",
                        1023
                    ],
                    [
                        "ce",
                        511
                    ],
                    [
                        "un",
                        511
                    ],
                    [
                        "\u00e0",
                        255
                    ],
                    [
                        "que",
                        255
                    ],
                    [
                        "pour",
                        255
                    ]
                ],
                "less_common": [
                    [
                        "innocentes",
                        1
                    ],
                    [
                        "joies",
                        1
                    ],
                    [
                        "rappelant",
                        1
                    ],
                    [
                        "d\u00e9t\u00e9",
                        1
                    ],
                    [
                        "140",
                        1
                    ],
                    [
                        "\u00abcondamm\u00e9s\u00bb",
                        1
                    ],
                    [
                        "\u00abcondamn\u00e9s\u00bb",
                        1
                    ],
                    [
                        "166",
                        1
                    ],
                    [
                        "\u00abtr\u00e8soccupp\u00e9s\u00bb",
                        1
                    ],
                    [
                        "\u00abtr\u00e8soccup\u00e9s\u00bb",
                        1
                    ]
                ],
                "execution_time": 0.00982213020324707
            },
            {
                "most_common": [
                    [
                        "la",
                        2047
                    ],
                    [
                        "le",
                        2047
                    ],
                    [
                        "pas",
                        511
                    ],
                    [
                        "de",
                        511
                    ],
                    [
                        "et",
                        511
                    ],
                    [
                        "en",
                        511
                    ],
                    [
                        "bien",
                        511
                    ],
                    [
                        "dit",
                        511
                    ],
                    [
                        "vous",
                        511
                    ],
                    [
                        "se",
                        255
                    ]
                ],
                "less_common": [
                    [
                        "innocentes",
                        1
                    ],
                    [
                        "joies",
                        1
                    ],
                    [
                        "rappelant",
                        1
                    ],
                    [
                        "d\u00e9t\u00e9",
                        1
                    ],
                    [
                        "140",
                        1
                    ],
                    [
                        "\u00abcondamm\u00e9s\u00bb",
                        1
                    ],
                    [
                        "\u00abcondamn\u00e9s\u00bb",
                        1
                    ],
                    [
                        "166",
                        1
                    ],
                    [
                        "\u00abtr\u00e8soccupp\u00e9s\u00bb",
                        1
                    ],
                    [
                        "\u00abtr\u00e8soccup\u00e9s\u00bb",
                        1
                    ]
                ],
                "execution_time": 0.011000871658325195
            },
            {
                "most_common": [
                    [
                        "que",
                        2047
                    ],
                    [
                        "la",
                        1023
                    ],
                    [
                        "\u00e0",
                        1023
                    ],
                    [
                        "pas",
                        511
                    ],
                    [
                        "de",
                        511
                    ],
                    [
                        "le",
                        511
                    ],
                    [
                        "et",
                        511
                    ],
                    [
                        "au",
                        255
                    ],
                    [
                        "dans",
                        255
                    ],
                    [
                        "des",
                        255
                    ]
                ],
                "less_common": [
                    [
                        "innocentes",
                        1
                    ],
                    [
                        "joies",
                        1
                    ],
                    [
                        "rappelant",
                        1
                    ],
                    [
                        "d\u00e9t\u00e9",
                        1
                    ],
                    [
                        "140",
                        1
                    ],
                    [
                        "\u00abcondamm\u00e9s\u00bb",
                        1
                    ],
                    [
                        "\u00abcondamn\u00e9s\u00bb",
                        1
                    ],
                    [
                        "166",
                        1
                    ],
                    [
                        "\u00abtr\u00e8soccupp\u00e9s\u00bb",
                        1
                    ],
                    [
                        "\u00abtr\u00e8soccup\u00e9s\u00bb",
                        1
                    ]
                ],
                "execution_time": 0.00933980941772461
            }
        ],
        "average_execution_time": 0.009905767440795899
    },
    "processed_German.txt": {
        "algorithm": "decreasing_probability_counter",
        "num_trials": 5,
        "trial_results": [
            {
                "most_common": [
                    [
                        "zu",
                        1023
                    ],
                    [
                        "alice",
                        1023
                    ],
                    [
                        "sagte",
                        1023
                    ],
                    [
                        "und",
                        511
                    ],
                    [
                        "der",
                        511
                    ],
                    [
                        "mit",
                        255
                    ],
                    [
                        "die",
                        255
                    ],
                    [
                        "das",
                        255
                    ],
                    [
                        "sich",
                        255
                    ],
                    [
                        "den",
                        255
                    ]
                ],
                "less_common": [
                    [
                        "sorgen",
                        1
                    ],
                    [
                        "nachf\u00fchlen",
                        1
                    ],
                    [
                        "freuden",
                        1
                    ],
                    [
                        "mitfreuen",
                        1
                    ],
                    [
                        "kindesleben",
                        1
                    ],
                    [
                        "gl\u00fccklichen",
                        1
                    ],
                    [
                        "sommertage",
                        1
                    ],
                    [
                        "end",
                        1
                    ],
                    [
                        "project",
                        1
                    ],
                    [
                        "gutenbergs",
                        1
                    ]
                ],
                "execution_time": 0.010449886322021484
            },
            {
                "most_common": [
                    [
                        "sie",
                        2047
                    ],
                    [
                        "die",
                        1023
                    ],
                    [
                        "und",
                        511
                    ],
                    [
                        "zu",
                        511
                    ],
                    [
                        "es",
                        511
                    ],
                    [
                        "der",
                        511
                    ],
                    [
                        "da",
                        511
                    ],
                    [
                        "ein",
                        255
                    ],
                    [
                        "auf",
                        255
                    ],
                    [
                        "sich",
                        255
                    ]
                ],
                "less_common": [
                    [
                        "sorgen",
                        1
                    ],
                    [
                        "nachf\u00fchlen",
                        1
                    ],
                    [
                        "freuden",
                        1
                    ],
                    [
                        "mitfreuen",
                        1
                    ],
                    [
                        "kindesleben",
                        1
                    ],
                    [
                        "gl\u00fccklichen",
                        1
                    ],
                    [
                        "sommertage",
                        1
                    ],
                    [
                        "end",
                        1
                    ],
                    [
                        "project",
                        1
                    ],
                    [
                        "gutenbergs",
                        1
                    ]
                ],
                "execution_time": 0.009711503982543945
            },
            {
                "most_common": [
                    [
                        "die",
                        1023
                    ],
                    [
                        "und",
                        511
                    ],
                    [
                        "sie",
                        511
                    ],
                    [
                        "der",
                        511
                    ],
                    [
                        "sehr",
                        511
                    ],
                    [
                        "ich",
                        511
                    ],
                    [
                        "sagte",
                        511
                    ],
                    [
                        "ein",
                        255
                    ],
                    [
                        "auf",
                        255
                    ],
                    [
                        "sich",
                        255
                    ]
                ],
                "less_common": [
                    [
                        "sorgen",
                        1
                    ],
                    [
                        "nachf\u00fchlen",
                        1
                    ],
                    [
                        "freuden",
                        1
                    ],
                    [
                        "mitfreuen",
                        1
                    ],
                    [
                        "kindesleben",
                        1
                    ],
                    [
                        "gl\u00fccklichen",
                        1
                    ],
                    [
                        "sommertage",
                        1
                    ],
                    [
                        "end",
                        1
                    ],
                    [
                        "project",
                        1
                    ],
                    [
                        "gutenbergs",
                        1
                    ]
                ],
                "execution_time": 0.009817361831665039
            },
            {
                "most_common": [
                    [
                        "die",
                        1023
                    ],
                    [
                        "sie",
                        1023
                    ],
                    [
                        "zu",
                        511
                    ],
                    [
                        "der",
                        511
                    ],
                    [
                        "nicht",
                        511
                    ],
                    [
                        "eine",
                        511
                    ],
                    [
                        "sagte",
                        511
                    ],
                    [
                        "und",
                        255
                    ],
                    [
                        "das",
                        255
                    ],
                    [
                        "ein",
                        255
                    ]
                ],
                "less_common": [
                    [
                        "sorgen",
                        1
                    ],
                    [
                        "nachf\u00fchlen",
                        1
                    ],
                    [
                        "freuden",
                        1
                    ],
                    [
                        "mitfreuen",
                        1
                    ],
                    [
                        "kindesleben",
                        1
                    ],
                    [
                        "gl\u00fccklichen",
                        1
                    ],
                    [
                        "sommertage",
                        1
                    ],
                    [
                        "end",
                        1
                    ],
                    [
                        "project",
                        1
                    ],
                    [
                        "gutenbergs",
                        1
                    ]
                ],
                "execution_time": 0.008951663970947266
            },
            {
                "most_common": [
                    [
                        "und",
                        1023
                    ],
                    [
                        "sie",
                        1023
                    ],
                    [
                        "mit",
                        511
                    ],
                    [
                        "das",
                        511
                    ],
                    [
                        "von",
                        255
                    ],
                    [
                        "die",
                        255
                    ],
                    [
                        "ein",
                        255
                    ],
                    [
                        "auf",
                        255
                    ],
                    [
                        "den",
                        255
                    ],
                    [
                        "zu",
                        255
                    ]
                ],
                "less_common": [
                    [
                        "sorgen",
                        1
                    ],
                    [
                        "nachf\u00fchlen",
                        1
                    ],
                    [
                        "freuden",
                        1
                    ],
                    [
                        "mitfreuen",
                        1
                    ],
                    [
                        "kindesleben",
                        1
                    ],
                    [
                        "gl\u00fccklichen",
                        1
                    ],
                    [
                        "sommertage",
                        1
                    ],
                    [
                        "end",
                        1
                    ],
                    [
                        "project",
                        1
                    ],
                    [
                        "gutenbergs",
                        1
                    ]
                ],
                "execution_time": 0.00902557373046875
            }
        ],
        "average_execution_time": 0.009591197967529297
    },
    "processed_Italian.txt": {
        "algorithm": "decreasing_probability_counter",
        "num_trials": 5,
        "trial_results": [
            {
                "most_common": [
                    [
                        "il",
                        1023
                    ],
                    [
                        "di",
                        511
                    ],
                    [
                        "e",
                        511
                    ],
                    [
                        "la",
                        511
                    ],
                    [
                        "non",
                        511
                    ],
                    [
                        "le",
                        255
                    ],
                    [
                        "con",
                        255
                    ],
                    [
                        "che",
                        255
                    ],
                    [
                        "un",
                        255
                    ],
                    [
                        "alice",
                        255
                    ]
                ],
                "less_common": [
                    [
                        "seguenti",
                        1
                    ],
                    [
                        "refusi",
                        1
                    ],
                    [
                        "tra",
                        1
                    ],
                    [
                        "parentesi",
                        1
                    ],
                    [
                        "testo",
                        1
                    ],
                    [
                        "gielo",
                        1
                    ],
                    [
                        "faze",
                        1
                    ],
                    [
                        "avvicinata",
                        1
                    ],
                    [
                        "voule",
                        1
                    ],
                    [
                        "sommaronol",
                        1
                    ]
                ],
                "execution_time": 0.009671688079833984
            },
            {
                "most_common": [
                    [
                        "che",
                        1023
                    ],
                    [
                        "alice",
                        1023
                    ],
                    [
                        "e",
                        511
                    ],
                    [
                        "il",
                        511
                    ],
                    [
                        "un",
                        511
                    ],
                    [
                        "con",
                        255
                    ],
                    [
                        "la",
                        255
                    ],
                    [
                        "non",
                        255
                    ],
                    [
                        "del",
                        255
                    ],
                    [
                        "\u00e8",
                        255
                    ]
                ],
                "less_common": [
                    [
                        "seguenti",
                        1
                    ],
                    [
                        "refusi",
                        1
                    ],
                    [
                        "tra",
                        1
                    ],
                    [
                        "parentesi",
                        1
                    ],
                    [
                        "testo",
                        1
                    ],
                    [
                        "gielo",
                        1
                    ],
                    [
                        "faze",
                        1
                    ],
                    [
                        "avvicinata",
                        1
                    ],
                    [
                        "voule",
                        1
                    ],
                    [
                        "sommaronol",
                        1
                    ]
                ],
                "execution_time": 0.00991201400756836
            },
            {
                "most_common": [
                    [
                        "che",
                        1023
                    ],
                    [
                        "il",
                        1023
                    ],
                    [
                        "per",
                        511
                    ],
                    [
                        "e",
                        511
                    ],
                    [
                        "non",
                        511
                    ],
                    [
                        "di",
                        255
                    ],
                    [
                        "la",
                        255
                    ],
                    [
                        "un",
                        255
                    ],
                    [
                        "una",
                        255
                    ],
                    [
                        "alice",
                        255
                    ]
                ],
                "less_common": [
                    [
                        "seguenti",
                        1
                    ],
                    [
                        "refusi",
                        1
                    ],
                    [
                        "tra",
                        1
                    ],
                    [
                        "parentesi",
                        1
                    ],
                    [
                        "testo",
                        1
                    ],
                    [
                        "gielo",
                        1
                    ],
                    [
                        "faze",
                        1
                    ],
                    [
                        "avvicinata",
                        1
                    ],
                    [
                        "voule",
                        1
                    ],
                    [
                        "sommaronol",
                        1
                    ]
                ],
                "execution_time": 0.009315729141235352
            },
            {
                "most_common": [
                    [
                        "il",
                        1023
                    ],
                    [
                        "un",
                        1023
                    ],
                    [
                        "le",
                        511
                    ],
                    [
                        "di",
                        511
                    ],
                    [
                        "che",
                        511
                    ],
                    [
                        "una",
                        511
                    ],
                    [
                        "e",
                        255
                    ],
                    [
                        "la",
                        255
                    ],
                    [
                        "non",
                        255
                    ],
                    [
                        "volta",
                        255
                    ]
                ],
                "less_common": [
                    [
                        "seguenti",
                        1
                    ],
                    [
                        "refusi",
                        1
                    ],
                    [
                        "tra",
                        1
                    ],
                    [
                        "parentesi",
                        1
                    ],
                    [
                        "testo",
                        1
                    ],
                    [
                        "gielo",
                        1
                    ],
                    [
                        "faze",
                        1
                    ],
                    [
                        "avvicinata",
                        1
                    ],
                    [
                        "voule",
                        1
                    ],
                    [
                        "sommaronol",
                        1
                    ]
                ],
                "execution_time": 0.00864720344543457
            },
            {
                "most_common": [
                    [
                        "che",
                        1023
                    ],
                    [
                        "e",
                        511
                    ],
                    [
                        "la",
                        511
                    ],
                    [
                        "il",
                        511
                    ],
                    [
                        "non",
                        511
                    ],
                    [
                        "per",
                        255
                    ],
                    [
                        "di",
                        255
                    ],
                    [
                        "un",
                        255
                    ],
                    [
                        "\u00e8",
                        255
                    ],
                    [
                        "al",
                        255
                    ]
                ],
                "less_common": [
                    [
                        "seguenti",
                        1
                    ],
                    [
                        "refusi",
                        1
                    ],
                    [
                        "tra",
                        1
                    ],
                    [
                        "parentesi",
                        1
                    ],
                    [
                        "testo",
                        1
                    ],
                    [
                        "gielo",
                        1
                    ],
                    [
                        "faze",
                        1
                    ],
                    [
                        "avvicinata",
                        1
                    ],
                    [
                        "voule",
                        1
                    ],
                    [
                        "sommaronol",
                        1
                    ]
                ],
                "execution_time": 0.008980751037597656
            }
        ],
        "average_execution_time": 0.009305477142333984
    }
}