{
    "processed_English.txt": {
        "total_words": 3357,
        "most_common": [
            [
                "said",
                457
            ],
            [
                "alice",
                383
            ],
            [
                "little",
                126
            ],
            [
                "\u201ci",
                123
            ],
            [
                "one",
                90
            ],
            [
                "went",
                83
            ],
            [
                "like",
                78
            ],
            [
                "could",
                77
            ],
            [
                "would",
                77
            ],
            [
                "thought",
                74
            ]
        ],
        "less_common": [
            [
                "happy",
                1
            ],
            [
                "childlife",
                1
            ],
            [
                "remembering",
                1
            ],
            [
                "joys",
                1
            ],
            [
                "sorrows",
                1
            ],
            [
                "gather",
                1
            ],
            [
                "childhood",
                1
            ],
            [
                "loving",
                1
            ],
            [
                "years",
                1
            ],
            [
                "riper",
                1
            ]
        ],
        "execution_time": 0.0018558502197265625
    },
    "processed_Esperanto.txt": {
        "total_words": 4920,
        "most_common": [
            [
                "la",
                2257
            ],
            [
                "kaj",
                678
            ],
            [
                "sxi",
                565
            ],
            [
                "mi",
                526
            ],
            [
                "ne",
                466
            ],
            [
                "vi",
                376
            ],
            [
                "alicio",
                356
            ],
            [
                "diris",
                335
            ],
            [
                "al",
                325
            ],
            [
                "en",
                318
            ]
        ],
        "less_common": [
            [
                "edinburgh",
                1
            ],
            [
                "printers",
                1
            ],
            [
                "spears",
                1
            ],
            [
                "turnbull",
                1
            ],
            [
                "konkludas",
                1
            ],
            [
                "simila",
                1
            ],
            [
                "gusto",
                1
            ],
            [
                "viando",
                1
            ],
            [
                "anglaj",
                1
            ],
            [
                "supoj",
                1
            ]
        ],
        "execution_time": 0.0026230812072753906
    },
    "processed_Finnish.txt": {
        "total_words": 5576,
        "most_common": [
            [
                "ja",
                661
            ],
            [
                "h\u00e4n",
                413
            ],
            [
                "liisa",
                346
            ],
            [
                "oli",
                272
            ],
            [
                "sanoi",
                246
            ],
            [
                "ei",
                222
            ],
            [
                "se",
                219
            ],
            [
                "mutta",
                186
            ],
            [
                "niin",
                178
            ],
            [
                "ett\u00e4",
                135
            ]
        ],
        "less_common": [
            [
                "gutenbergs",
                1
            ],
            [
                "project",
                1
            ],
            [
                "end",
                1
            ],
            [
                "loppu",
                1
            ],
            [
                "kultap\u00e4ivi\u00e4",
                1
            ],
            [
                "onnellisia",
                1
            ],
            [
                "lapsuuttaan",
                1
            ],
            [
                "muistellen",
                1
            ],
            [
                "iloistaan",
                1
            ],
            [
                "nauttii",
                1
            ]
        ],
        "execution_time": 0.0027091503143310547
    },
    "processed_French.txt": {
        "total_words": 4045,
        "most_common": [
            [
                "de",
                936
            ],
            [
                "la",
                818
            ],
            [
                "le",
                724
            ],
            [
                "et",
                682
            ],
            [
                "\u00e0",
                533
            ],
            [
                "que",
                393
            ],
            [
                "dit",
                383
            ],
            [
                "alice",
                371
            ],
            [
                "elle",
                368
            ],
            [
                "je",
                361
            ]
        ],
        "less_common": [
            [
                "\u00abtr\u00e8soccup\u00e9s\u00bb",
                1
            ],
            [
                "\u00abtr\u00e8soccupp\u00e9s\u00bb",
                1
            ],
            [
                "166",
                1
            ],
            [
                "\u00abcondamn\u00e9s\u00bb",
                1
            ],
            [
                "\u00abcondamm\u00e9s\u00bb",
                1
            ],
            [
                "140",
                1
            ],
            [
                "d\u00e9t\u00e9",
                1
            ],
            [
                "rappelant",
                1
            ],
            [
                "joies",
                1
            ],
            [
                "innocentes",
                1
            ]
        ],
        "execution_time": 0.0032949447631835938
    },
    "processed_German.txt": {
        "total_words": 4555,
        "most_common": [
            [
                "sie",
                859
            ],
            [
                "und",
                765
            ],
            [
                "die",
                669
            ],
            [
                "der",
                505
            ],
            [
                "zu",
                423
            ],
            [
                "alice",
                379
            ],
            [
                "es",
                367
            ],
            [
                "sagte",
                361
            ],
            [
                "ich",
                352
            ],
            [
                "das",
                326
            ]
        ],
        "less_common": [
            [
                "gutenbergs",
                1
            ],
            [
                "project",
                1
            ],
            [
                "end",
                1
            ],
            [
                "sommertage",
                1
            ],
            [
                "gl\u00fccklichen",
                1
            ],
            [
                "kindesleben",
                1
            ],
            [
                "mitfreuen",
                1
            ],
            [
                "freuden",
                1
            ],
            [
                "nachf\u00fchlen",
                1
            ],
            [
                "sorgen",
                1
            ]
        ],
        "execution_time": 0.0035865306854248047
    },
    "processed_Italian.txt": {
        "total_words": 4823,
        "most_common": [
            [
                "e",
                854
            ],
            [
                "il",
                684
            ],
            [
                "la",
                610
            ],
            [
                "che",
                605
            ],
            [
                "di",
                539
            ],
            [
                "non",
                460
            ],
            [
                "alice",
                388
            ],
            [
                "un",
                359
            ],
            [
                "disse",
                278
            ],
            [
                "si",
                227
            ]
        ],
        "less_common": [
            [
                "sommaronol",
                1
            ],
            [
                "voule",
                1
            ],
            [
                "avvicinata",
                1
            ],
            [
                "faze",
                1
            ],
            [
                "gielo",
                1
            ],
            [
                "testo",
                1
            ],
            [
                "parentesi",
                1
            ],
            [
                "tra",
                1
            ],
            [
                "refusi",
                1
            ],
            [
                "seguenti",
                1
            ]
        ],
        "execution_time": 0.002515554428100586
    }
}