{
    "processed_English.txt": {
        "algorithm": "lossy_count_stream",
        "parameters": {
            "error": 0.001,
            "n_values_tested": [
                5,
                10,
                15,
                20
            ]
        },
        "n_value_results": {
            "5": {
                "most_frequent_items": [
                    [
                        "said",
                        457
                    ],
                    [
                        "alice",
                        383
                    ],
                    [
                        "little",
                        126
                    ],
                    [
                        "\u201ci",
                        123
                    ],
                    [
                        "one",
                        90
                    ]
                ],
                "number_of_items": 5
            },
            "10": {
                "most_frequent_items": [
                    [
                        "said",
                        457
                    ],
                    [
                        "alice",
                        383
                    ],
                    [
                        "little",
                        126
                    ],
                    [
                        "\u201ci",
                        123
                    ],
                    [
                        "one",
                        90
                    ],
                    [
                        "went",
                        83
                    ],
                    [
                        "like",
                        78
                    ],
                    [
                        "could",
                        77
                    ],
                    [
                        "would",
                        77
                    ],
                    [
                        "thought",
                        74
                    ]
                ],
                "number_of_items": 10
            },
            "15": {
                "most_frequent_items": [
                    [
                        "said",
                        457
                    ],
                    [
                        "alice",
                        383
                    ],
                    [
                        "little",
                        126
                    ],
                    [
                        "\u201ci",
                        123
                    ],
                    [
                        "one",
                        90
                    ],
                    [
                        "went",
                        83
                    ],
                    [
                        "like",
                        78
                    ],
                    [
                        "could",
                        77
                    ],
                    [
                        "would",
                        77
                    ],
                    [
                        "thought",
                        74
                    ],
                    [
                        "queen",
                        65
                    ],
                    [
                        "see",
                        62
                    ],
                    [
                        "time",
                        60
                    ],
                    [
                        "know",
                        60
                    ],
                    [
                        "king",
                        60
                    ]
                ],
                "number_of_items": 15
            },
            "20": {
                "most_frequent_items": [
                    [
                        "said",
                        457
                    ],
                    [
                        "alice",
                        383
                    ],
                    [
                        "little",
                        126
                    ],
                    [
                        "\u201ci",
                        123
                    ],
                    [
                        "one",
                        90
                    ],
                    [
                        "went",
                        83
                    ],
                    [
                        "like",
                        78
                    ],
                    [
                        "could",
                        77
                    ],
                    [
                        "would",
                        77
                    ],
                    [
                        "thought",
                        74
                    ],
                    [
                        "queen",
                        65
                    ],
                    [
                        "see",
                        62
                    ],
                    [
                        "time",
                        60
                    ],
                    [
                        "know",
                        60
                    ],
                    [
                        "king",
                        60
                    ],
                    [
                        "began",
                        57
                    ],
                    [
                        "mock",
                        56
                    ],
                    [
                        "\u201cand",
                        55
                    ],
                    [
                        "quite",
                        55
                    ],
                    [
                        "gryphon",
                        55
                    ]
                ],
                "number_of_items": 20
            }
        },
        "total_items_processed": 13797,
        "final_distinct_items": 715,
        "least_frequent_items": [
            [
                "ago",
                1
            ],
            [
                "feel",
                1
            ],
            [
                "sorrows",
                1
            ],
            [
                "pleasure",
                1
            ],
            [
                "joys",
                1
            ],
            [
                "remembering",
                1
            ],
            [
                "childlife",
                1
            ],
            [
                "happy",
                1
            ],
            [
                "summer",
                1
            ],
            [
                "days",
                1
            ]
        ],
        "execution_time": 0.0064389705657958984
    },
    "processed_Esperanto.txt": {
        "algorithm": "lossy_count_stream",
        "parameters": {
            "error": 0.001,
            "n_values_tested": [
                5,
                10,
                15,
                20
            ]
        },
        "n_value_results": {
            "5": {
                "most_frequent_items": [
                    [
                        "la",
                        2257
                    ],
                    [
                        "kaj",
                        678
                    ],
                    [
                        "sxi",
                        565
                    ],
                    [
                        "mi",
                        526
                    ],
                    [
                        "ne",
                        466
                    ]
                ],
                "number_of_items": 5
            },
            "10": {
                "most_frequent_items": [
                    [
                        "la",
                        2257
                    ],
                    [
                        "kaj",
                        678
                    ],
                    [
                        "sxi",
                        565
                    ],
                    [
                        "mi",
                        526
                    ],
                    [
                        "ne",
                        466
                    ],
                    [
                        "vi",
                        376
                    ],
                    [
                        "alicio",
                        356
                    ],
                    [
                        "diris",
                        334
                    ],
                    [
                        "al",
                        325
                    ],
                    [
                        "en",
                        318
                    ]
                ],
                "number_of_items": 10
            },
            "15": {
                "most_frequent_items": [
                    [
                        "la",
                        2257
                    ],
                    [
                        "kaj",
                        678
                    ],
                    [
                        "sxi",
                        565
                    ],
                    [
                        "mi",
                        526
                    ],
                    [
                        "ne",
                        466
                    ],
                    [
                        "vi",
                        376
                    ],
                    [
                        "alicio",
                        356
                    ],
                    [
                        "diris",
                        334
                    ],
                    [
                        "al",
                        325
                    ],
                    [
                        "en",
                        318
                    ],
                    [
                        "ke",
                        293
                    ],
                    [
                        "estas",
                        266
                    ],
                    [
                        "tre",
                        249
                    ],
                    [
                        "de",
                        238
                    ],
                    [
                        "gxi",
                        171
                    ]
                ],
                "number_of_items": 15
            },
            "20": {
                "most_frequent_items": [
                    [
                        "la",
                        2257
                    ],
                    [
                        "kaj",
                        678
                    ],
                    [
                        "sxi",
                        565
                    ],
                    [
                        "mi",
                        526
                    ],
                    [
                        "ne",
                        466
                    ],
                    [
                        "vi",
                        376
                    ],
                    [
                        "alicio",
                        356
                    ],
                    [
                        "diris",
                        334
                    ],
                    [
                        "al",
                        325
                    ],
                    [
                        "en",
                        318
                    ],
                    [
                        "ke",
                        293
                    ],
                    [
                        "estas",
                        266
                    ],
                    [
                        "tre",
                        249
                    ],
                    [
                        "de",
                        238
                    ],
                    [
                        "gxi",
                        171
                    ],
                    [
                        "li",
                        169
                    ],
                    [
                        "por",
                        168
                    ],
                    [
                        "sed",
                        165
                    ],
                    [
                        "per",
                        159
                    ],
                    [
                        "ja",
                        122
                    ]
                ],
                "number_of_items": 20
            }
        },
        "total_items_processed": 25189,
        "final_distinct_items": 335,
        "least_frequent_items": [
            [
                "viando",
                1
            ],
            [
                "je",
                1
            ],
            [
                "gusto",
                1
            ],
            [
                "simila",
                1
            ],
            [
                "konkludas",
                1
            ],
            [
                "vera",
                1
            ],
            [
                "turnbull",
                1
            ],
            [
                "spears",
                1
            ],
            [
                "printers",
                1
            ],
            [
                "edinburgh",
                1
            ]
        ],
        "execution_time": 0.010032415390014648
    },
    "processed_Finnish.txt": {
        "algorithm": "lossy_count_stream",
        "parameters": {
            "error": 0.001,
            "n_values_tested": [
                5,
                10,
                15,
                20
            ]
        },
        "n_value_results": {
            "5": {
                "most_frequent_items": [
                    [
                        "ja",
                        661
                    ],
                    [
                        "h\u00e4n",
                        413
                    ],
                    [
                        "liisa",
                        346
                    ],
                    [
                        "oli",
                        272
                    ],
                    [
                        "sanoi",
                        243
                    ]
                ],
                "number_of_items": 5
            },
            "10": {
                "most_frequent_items": [
                    [
                        "ja",
                        661
                    ],
                    [
                        "h\u00e4n",
                        413
                    ],
                    [
                        "liisa",
                        346
                    ],
                    [
                        "oli",
                        272
                    ],
                    [
                        "sanoi",
                        243
                    ],
                    [
                        "ei",
                        222
                    ],
                    [
                        "se",
                        219
                    ],
                    [
                        "mutta",
                        186
                    ],
                    [
                        "niin",
                        178
                    ],
                    [
                        "ett\u00e4",
                        135
                    ]
                ],
                "number_of_items": 10
            },
            "15": {
                "most_frequent_items": [
                    [
                        "ja",
                        661
                    ],
                    [
                        "h\u00e4n",
                        413
                    ],
                    [
                        "liisa",
                        346
                    ],
                    [
                        "oli",
                        272
                    ],
                    [
                        "sanoi",
                        243
                    ],
                    [
                        "ei",
                        222
                    ],
                    [
                        "se",
                        219
                    ],
                    [
                        "mutta",
                        186
                    ],
                    [
                        "niin",
                        178
                    ],
                    [
                        "ett\u00e4",
                        135
                    ],
                    [
                        "kuin",
                        130
                    ],
                    [
                        "min\u00e4",
                        126
                    ],
                    [
                        "sen",
                        115
                    ],
                    [
                        "kun",
                        107
                    ],
                    [
                        "h\u00e4nen",
                        104
                    ]
                ],
                "number_of_items": 15
            },
            "20": {
                "most_frequent_items": [
                    [
                        "ja",
                        661
                    ],
                    [
                        "h\u00e4n",
                        413
                    ],
                    [
                        "liisa",
                        346
                    ],
                    [
                        "oli",
                        272
                    ],
                    [
                        "sanoi",
                        243
                    ],
                    [
                        "ei",
                        222
                    ],
                    [
                        "se",
                        219
                    ],
                    [
                        "mutta",
                        186
                    ],
                    [
                        "niin",
                        178
                    ],
                    [
                        "ett\u00e4",
                        135
                    ],
                    [
                        "kuin",
                        130
                    ],
                    [
                        "min\u00e4",
                        126
                    ],
                    [
                        "sen",
                        115
                    ],
                    [
                        "kun",
                        107
                    ],
                    [
                        "h\u00e4nen",
                        104
                    ],
                    [
                        "mit\u00e4",
                        97
                    ],
                    [
                        "en",
                        96
                    ],
                    [
                        "ole",
                        90
                    ],
                    [
                        "nyt",
                        89
                    ],
                    [
                        "sit\u00e4",
                        84
                    ]
                ],
                "number_of_items": 20
            }
        },
        "total_items_processed": 18450,
        "final_distinct_items": 521,
        "least_frequent_items": [
            [
                "lapsuuttaan",
                1
            ],
            [
                "onnellisia",
                1
            ],
            [
                "kultap\u00e4ivi\u00e4",
                1
            ],
            [
                "loppu",
                1
            ],
            [
                "end",
                1
            ],
            [
                "project",
                1
            ],
            [
                "gutenbergs",
                1
            ],
            [
                "ihmemaassa",
                1
            ],
            [
                "lewis",
                1
            ],
            [
                "carroll",
                1
            ]
        ],
        "execution_time": 0.008707046508789062
    },
    "processed_French.txt": {
        "algorithm": "lossy_count_stream",
        "parameters": {
            "error": 0.001,
            "n_values_tested": [
                5,
                10,
                15,
                20
            ]
        },
        "n_value_results": {
            "5": {
                "most_frequent_items": [
                    [
                        "de",
                        936
                    ],
                    [
                        "la",
                        818
                    ],
                    [
                        "le",
                        724
                    ],
                    [
                        "et",
                        682
                    ],
                    [
                        "\u00e0",
                        533
                    ]
                ],
                "number_of_items": 5
            },
            "10": {
                "most_frequent_items": [
                    [
                        "de",
                        936
                    ],
                    [
                        "la",
                        818
                    ],
                    [
                        "le",
                        724
                    ],
                    [
                        "et",
                        682
                    ],
                    [
                        "\u00e0",
                        533
                    ],
                    [
                        "que",
                        393
                    ],
                    [
                        "dit",
                        382
                    ],
                    [
                        "alice",
                        371
                    ],
                    [
                        "elle",
                        368
                    ],
                    [
                        "je",
                        361
                    ]
                ],
                "number_of_items": 10
            },
            "15": {
                "most_frequent_items": [
                    [
                        "de",
                        936
                    ],
                    [
                        "la",
                        818
                    ],
                    [
                        "le",
                        724
                    ],
                    [
                        "et",
                        682
                    ],
                    [
                        "\u00e0",
                        533
                    ],
                    [
                        "que",
                        393
                    ],
                    [
                        "dit",
                        382
                    ],
                    [
                        "alice",
                        371
                    ],
                    [
                        "elle",
                        368
                    ],
                    [
                        "je",
                        361
                    ],
                    [
                        "les",
                        333
                    ],
                    [
                        "se",
                        319
                    ],
                    [
                        "un",
                        318
                    ],
                    [
                        "en",
                        317
                    ],
                    [
                        "vous",
                        314
                    ]
                ],
                "number_of_items": 15
            },
            "20": {
                "most_frequent_items": [
                    [
                        "de",
                        936
                    ],
                    [
                        "la",
                        818
                    ],
                    [
                        "le",
                        724
                    ],
                    [
                        "et",
                        682
                    ],
                    [
                        "\u00e0",
                        533
                    ],
                    [
                        "que",
                        393
                    ],
                    [
                        "dit",
                        382
                    ],
                    [
                        "alice",
                        371
                    ],
                    [
                        "elle",
                        368
                    ],
                    [
                        "je",
                        361
                    ],
                    [
                        "les",
                        333
                    ],
                    [
                        "se",
                        319
                    ],
                    [
                        "un",
                        318
                    ],
                    [
                        "en",
                        317
                    ],
                    [
                        "vous",
                        314
                    ],
                    [
                        "pas",
                        313
                    ],
                    [
                        "ne",
                        273
                    ],
                    [
                        "tout",
                        244
                    ],
                    [
                        "il",
                        229
                    ],
                    [
                        "bien",
                        216
                    ]
                ],
                "number_of_items": 20
            }
        },
        "total_items_processed": 25959,
        "final_distinct_items": 559,
        "least_frequent_items": [
            [
                "140",
                1
            ],
            [
                "\u00abcondamm\u00e9s\u00bb",
                1
            ],
            [
                "remplac\u00e9",
                1
            ],
            [
                "\u00abcondamn\u00e9s\u00bb",
                1
            ],
            [
                "arr\u00eat\u00e9s",
                1
            ],
            [
                "condamn\u00e9s",
                1
            ],
            [
                "166",
                1
            ],
            [
                "\u00abtr\u00e8soccupp\u00e9s\u00bb",
                1
            ],
            [
                "\u00abtr\u00e8soccup\u00e9s\u00bb",
                1
            ],
            [
                "tr\u00e8soccup\u00e9s",
                1
            ]
        ],
        "execution_time": 0.010541915893554688
    },
    "processed_German.txt": {
        "algorithm": "lossy_count_stream",
        "parameters": {
            "error": 0.001,
            "n_values_tested": [
                5,
                10,
                15,
                20
            ]
        },
        "n_value_results": {
            "5": {
                "most_frequent_items": [
                    [
                        "sie",
                        859
                    ],
                    [
                        "und",
                        765
                    ],
                    [
                        "die",
                        669
                    ],
                    [
                        "der",
                        505
                    ],
                    [
                        "zu",
                        423
                    ]
                ],
                "number_of_items": 5
            },
            "10": {
                "most_frequent_items": [
                    [
                        "sie",
                        859
                    ],
                    [
                        "und",
                        765
                    ],
                    [
                        "die",
                        669
                    ],
                    [
                        "der",
                        505
                    ],
                    [
                        "zu",
                        423
                    ],
                    [
                        "alice",
                        379
                    ],
                    [
                        "es",
                        367
                    ],
                    [
                        "sagte",
                        360
                    ],
                    [
                        "ich",
                        352
                    ],
                    [
                        "das",
                        326
                    ]
                ],
                "number_of_items": 10
            },
            "15": {
                "most_frequent_items": [
                    [
                        "sie",
                        859
                    ],
                    [
                        "und",
                        765
                    ],
                    [
                        "die",
                        669
                    ],
                    [
                        "der",
                        505
                    ],
                    [
                        "zu",
                        423
                    ],
                    [
                        "alice",
                        379
                    ],
                    [
                        "es",
                        367
                    ],
                    [
                        "sagte",
                        360
                    ],
                    [
                        "ich",
                        352
                    ],
                    [
                        "das",
                        326
                    ],
                    [
                        "nicht",
                        325
                    ],
                    [
                        "sich",
                        286
                    ],
                    [
                        "ein",
                        213
                    ],
                    [
                        "den",
                        212
                    ],
                    [
                        "war",
                        212
                    ]
                ],
                "number_of_items": 15
            },
            "20": {
                "most_frequent_items": [
                    [
                        "sie",
                        859
                    ],
                    [
                        "und",
                        765
                    ],
                    [
                        "die",
                        669
                    ],
                    [
                        "der",
                        505
                    ],
                    [
                        "zu",
                        423
                    ],
                    [
                        "alice",
                        379
                    ],
                    [
                        "es",
                        367
                    ],
                    [
                        "sagte",
                        360
                    ],
                    [
                        "ich",
                        352
                    ],
                    [
                        "das",
                        326
                    ],
                    [
                        "nicht",
                        325
                    ],
                    [
                        "sich",
                        286
                    ],
                    [
                        "ein",
                        213
                    ],
                    [
                        "den",
                        212
                    ],
                    [
                        "war",
                        212
                    ],
                    [
                        "mit",
                        210
                    ],
                    [
                        "ist",
                        182
                    ],
                    [
                        "da\u00df",
                        166
                    ],
                    [
                        "du",
                        164
                    ],
                    [
                        "auf",
                        157
                    ]
                ],
                "number_of_items": 20
            }
        },
        "total_items_processed": 24670,
        "final_distinct_items": 518,
        "least_frequent_items": [
            [
                "kindesleben",
                1
            ],
            [
                "gl\u00fccklichen",
                1
            ],
            [
                "sommertage",
                1
            ],
            [
                "end",
                1
            ],
            [
                "project",
                1
            ],
            [
                "gutenbergs",
                1
            ],
            [
                "alices",
                1
            ],
            [
                "wunderland",
                1
            ],
            [
                "lewis",
                1
            ],
            [
                "carroll",
                1
            ]
        ],
        "execution_time": 0.01060032844543457
    },
    "processed_Italian.txt": {
        "algorithm": "lossy_count_stream",
        "parameters": {
            "error": 0.001,
            "n_values_tested": [
                5,
                10,
                15,
                20
            ]
        },
        "n_value_results": {
            "5": {
                "most_frequent_items": [
                    [
                        "e",
                        854
                    ],
                    [
                        "il",
                        684
                    ],
                    [
                        "la",
                        610
                    ],
                    [
                        "che",
                        605
                    ],
                    [
                        "di",
                        539
                    ]
                ],
                "number_of_items": 5
            },
            "10": {
                "most_frequent_items": [
                    [
                        "e",
                        854
                    ],
                    [
                        "il",
                        684
                    ],
                    [
                        "la",
                        610
                    ],
                    [
                        "che",
                        605
                    ],
                    [
                        "di",
                        539
                    ],
                    [
                        "non",
                        460
                    ],
                    [
                        "alice",
                        388
                    ],
                    [
                        "un",
                        359
                    ],
                    [
                        "disse",
                        277
                    ],
                    [
                        "si",
                        227
                    ]
                ],
                "number_of_items": 10
            },
            "15": {
                "most_frequent_items": [
                    [
                        "e",
                        854
                    ],
                    [
                        "il",
                        684
                    ],
                    [
                        "la",
                        610
                    ],
                    [
                        "che",
                        605
                    ],
                    [
                        "di",
                        539
                    ],
                    [
                        "non",
                        460
                    ],
                    [
                        "alice",
                        388
                    ],
                    [
                        "un",
                        359
                    ],
                    [
                        "disse",
                        277
                    ],
                    [
                        "si",
                        227
                    ],
                    [
                        "con",
                        226
                    ],
                    [
                        "le",
                        216
                    ],
                    [
                        "una",
                        198
                    ],
                    [
                        "per",
                        191
                    ],
                    [
                        "\u00e8",
                        159
                    ]
                ],
                "number_of_items": 15
            },
            "20": {
                "most_frequent_items": [
                    [
                        "e",
                        854
                    ],
                    [
                        "il",
                        684
                    ],
                    [
                        "la",
                        610
                    ],
                    [
                        "che",
                        605
                    ],
                    [
                        "di",
                        539
                    ],
                    [
                        "non",
                        460
                    ],
                    [
                        "alice",
                        388
                    ],
                    [
                        "un",
                        359
                    ],
                    [
                        "disse",
                        277
                    ],
                    [
                        "si",
                        227
                    ],
                    [
                        "con",
                        226
                    ],
                    [
                        "le",
                        216
                    ],
                    [
                        "una",
                        198
                    ],
                    [
                        "per",
                        191
                    ],
                    [
                        "\u00e8",
                        159
                    ],
                    [
                        "se",
                        126
                    ],
                    [
                        "era",
                        122
                    ],
                    [
                        "come",
                        114
                    ],
                    [
                        "rispose",
                        101
                    ],
                    [
                        "gli",
                        98
                    ]
                ],
                "number_of_items": 20
            }
        },
        "total_items_processed": 22573,
        "final_distinct_items": 526,
        "least_frequent_items": [
            [
                "fanciulla",
                1
            ],
            [
                "avvicinato",
                1
            ],
            [
                "avvicinata",
                1
            ],
            [
                "osservava",
                1
            ],
            [
                "vuole",
                1
            ],
            [
                "voule",
                1
            ],
            [
                "breve",
                1
            ],
            [
                "date",
                1
            ],
            [
                "sommarono",
                1
            ],
            [
                "sommaronol",
                1
            ]
        ],
        "execution_time": 0.008161067962646484
    }
}